{
"type": "FeatureCollection",
"name": "naujan_brgyLC",
"crs": { "type": "name", "properties": { "name": "urn:ogc:def:crs:OGC:1.3:CRS84" } },
"features": [
{ "type": "Feature", "properties": { "fid": 14686.0, "ENR_CLCODE": "01020", "LCM_CLASS": "Built-up", "AREA_HA": 6500.4561497900004, "SOURCE": "Sentinel-2 from ESA, 2022", "REMARKS": "None" }, "geometry": { "type": "MultiPolygon", "coordinates": [ [ [ [ 121.300375373368354, 13.335218939640452 ], [ 121.300340537808424, 13.335371207738017 ], [ 121.300317438018624, 13.335431009446918 ], [ 121.300288180545536, 13.335481485929947 ], [ 121.300253043323067, 13.335520256423244 ], [ 121.300207414422246, 13.335545277836493 ], [ 121.300178538659793, 13.335548214492434 ], [ 121.300144073710086, 13.335539344071805 ], [ 121.300020393795933, 13.33545940909389 ], [ 121.299963355520532, 13.335439818486176 ], [ 121.299926337681427, 13.335439331527651 ], [ 121.299885162944008, 13.335453238008455 ], [ 121.299862184685352, 13.335474156390809 ], [ 121.299847637103738, 13.335506036870465 ], [ 121.299843071382895, 13.335534088830048 ], [ 121.299845633183821, 13.335585697841944 ], [ 121.29985408994321, 13.335624758185594 ], [ 121.29988059267545, 13.335696211328374 ], [ 121.299977109450751, 13.335888802289858 ], [ 121.299989061055243, 13.335944926141906 ], [ 121.299984659487421, 13.335965111822302 ], [ 121.299975124395431, 13.335969329310389 ], [ 121.299666291835777, 13.336429944038107 ], [ 121.29954338539271, 13.336603230099954 ], [ 121.299435295783439, 13.336737048467347 ], [ 121.299392500372363, 13.336778881995226 ], [ 121.299371308724631, 13.336788268875921 ], [ 121.299369998254903, 13.336801110531681 ], [ 121.29935601129678, 13.336820568177727 ], [ 121.299331040515952, 13.336842858718876 ], [ 121.299296098660548, 13.336863227326074 ], [ 121.299221559518784, 13.336883275857431 ], [ 121.299067189062256, 13.336894121943944 ], [ 121.29902333287157, 13.336901945140944 ], [ 121.298995684310313, 13.3369189796115 ], [ 121.298979911291866, 13.336957214179581 ], [ 121.298987618883118, 13.337016833693813 ], [ 121.299015609060461, 13.337079138804652 ], [ 121.299065917796455, 13.337155730982353 ], [ 121.299226235500541, 13.337373516579946 ], [ 121.299252984280585, 13.337425178243347 ], [ 121.299274995742607, 13.337491328846568 ], [ 121.299289123343613, 13.337567745953333 ], [ 121.299295559888463, 13.337637757867039 ], [ 121.299298182702501, 13.337725464683858 ], [ 121.299293814484344, 13.337852568883825 ], [ 121.299278500819611, 13.337961136665378 ], [ 121.299253603793588, 13.338037025131737 ], [ 121.299236103642357, 13.338065938999824 ], [ 121.299214110574283, 13.33808532370854 ], [ 121.29917893846914, 13.338091402169567 ], [ 121.299129059455836, 13.338075536537314 ], [ 121.299072502398943, 13.338042169243458 ], [ 121.298980487339449, 13.337962172228288 ], [ 121.298862370498739, 13.337824494384364 ], [ 121.298860824701222, 13.337834959047411 ], [ 121.298847358663267, 13.337882596850665 ], [ 121.298844882411331, 13.337891356850957 ], [ 121.298825344092677, 13.337948123608962 ], [ 121.298809611875228, 13.338005098595925 ], [ 121.298804550728022, 13.338051475172477 ], [ 121.298809628926094, 13.338096455786527 ], [ 121.298819069863498, 13.338123514719733 ], [ 121.298832842592418, 13.338149665518065 ], [ 121.298859257350287, 13.338187120477096 ], [ 121.298952690938066, 13.338298676167707 ], [ 121.298975725017897, 13.338328452464717 ], [ 121.299093872111513, 13.33848117559298 ], [ 121.299100417342345, 13.33848933745003 ], [ 121.299175171912651, 13.338582554923601 ], [ 121.299288173202626, 13.338714524549443 ], [ 121.299539680044958, 13.338995156633825 ], [ 121.299647160304929, 13.339122485480598 ], [ 121.299883694633053, 13.339244823631139 ], [ 121.300030197554477, 13.3393205956286 ], [ 121.300127717364319, 13.339345164533151 ], [ 121.300310544166692, 13.339310429266414 ], [ 121.300463771558526, 13.339281318291347 ], [ 121.300491762722046, 13.339235369002695 ], [ 121.300506454696091, 13.339215819333841 ], [ 121.300531563149363, 13.339187618235776 ], [ 121.300562210874133, 13.339159806939962 ], [ 121.300611897255251, 13.339125455872056 ], [ 121.300664299765671, 13.339099840113754 ], [ 121.300697133013998, 13.338950701887343 ], [ 121.300695713827039, 13.338880289877489 ], [ 121.300670235819794, 13.338809011789882 ], [ 121.300576563303665, 13.338656135866064 ], [ 121.300544101406089, 13.338580801136594 ], [ 121.300530960621629, 13.338493926457161 ], [ 121.300534708482616, 13.338456416186174 ], [ 121.300544159430729, 13.338428040974765 ], [ 121.300558914014147, 13.338406269975586 ], [ 121.3005799470738, 13.338389642749846 ], [ 121.300622580317011, 13.33837710908276 ], [ 121.300650979879777, 13.338378546708739 ], [ 121.300678130736244, 13.338386401622614 ], [ 121.300771136123402, 13.338431414591543 ], [ 121.300807574376776, 13.338432087392306 ], [ 121.300832503975116, 13.338423694523319 ], [ 121.300872779755721, 13.338396693680384 ], [ 121.300916563632271, 13.338355153997796 ], [ 121.301086254265527, 13.338156327483603 ], [ 121.301068393452709, 13.338140909985105 ], [ 121.301004763955021, 13.33810408062913 ], [ 121.30072960412447, 13.33796779430055 ], [ 121.300546120006231, 13.337893300482014 ], [ 121.300224550592674, 13.337787144884851 ], [ 121.300164706525308, 13.337758761390887 ], [ 121.300100854973067, 13.3377205971129 ], [ 121.300008055182076, 13.337652542669051 ], [ 121.299924193955249, 13.337573618652115 ], [ 121.299619707473383, 13.337197755200132 ], [ 121.29957622736535, 13.337124429633723 ], [ 121.299558292856233, 13.337063940402082 ], [ 121.299558500221096, 13.337004979798628 ], [ 121.299582560038345, 13.336917099262102 ], [ 121.299630976218964, 13.336818177337051 ], [ 121.299702010416823, 13.336702987805312 ], [ 121.299887935752722, 13.336444523897848 ], [ 121.299885247617311, 13.336362270639016 ], [ 121.299891937714804, 13.336332316756865 ], [ 121.299905151323301, 13.336305727661657 ], [ 121.29992449373286, 13.336284819151141 ], [ 121.299949456223359, 13.336269214495356 ], [ 121.300026073794257, 13.336246804313392 ], [ 121.3000894304393, 13.336152025916162 ], [ 121.300188701344837, 13.33595894898559 ], [ 121.300215824490706, 13.335919302931041 ], [ 121.300237978904633, 13.335913577746499 ], [ 121.300355247952069, 13.335971908295178 ], [ 121.300364633980266, 13.335922653870879 ], [ 121.300437349274986, 13.335692279229201 ], [ 121.300506505609803, 13.335412789855834 ], [ 121.300536205789996, 13.335319830128874 ], [ 121.300375373368354, 13.335218939640452 ] ] ], [ [ [ 121.282746540482421, 13.329442723632386 ], [ 121.281886869324055, 13.329920679419129 ], [ 121.28186802238362, 13.329932801059826 ], [ 121.281926093450522, 13.329912069476576 ], [ 121.282077812448023, 13.329858306648681 ], [ 121.28224302307801, 13.329776290861274 ], [ 121.282738789372218, 13.329454557722233 ], [ 121.282749340071163, 13.329447986149411 ], [ 121.282746540482421, 13.329442723632386 ] ] ], [ [ [ 121.281195482166908, 13.330127119565663 ], [ 121.281046421513693, 13.330210033412085 ], [ 121.280856868955922, 13.3303000627314 ], [ 121.28072907451363, 13.330344902766115 ], [ 121.280636768128957, 13.330357603006451 ], [ 121.280493354492464, 13.330339370031451 ], [ 121.280452248647649, 13.330353736582062 ], [ 121.280422007270289, 13.330384137690649 ], [ 121.280345832418035, 13.330510590788499 ], [ 121.280290856104173, 13.330577658146757 ], [ 121.279924677821867, 13.330924312275002 ], [ 121.279623820937033, 13.331230972271966 ], [ 121.279447042017608, 13.331402682742203 ], [ 121.279264963034379, 13.33155930203727 ], [ 121.279221528517695, 13.331584790920669 ], [ 121.279123290840744, 13.331626001683437 ], [ 121.279063163651514, 13.331680706585216 ], [ 121.279033738352823, 13.331694543243669 ], [ 121.278984852084989, 13.331685400996863 ], [ 121.278921081301405, 13.331648845886434 ], [ 121.278801076125617, 13.331550160370975 ], [ 121.278661173638937, 13.331449653486263 ], [ 121.278630236485142, 13.331419847132903 ], [ 121.278600035801546, 13.33137862626416 ], [ 121.278573876893219, 13.3313169014635 ], [ 121.278557461308907, 13.331191282300104 ], [ 121.278540637764465, 13.331141898428596 ], [ 121.278404322359691, 13.330944005497081 ], [ 121.278246506889147, 13.330639839534951 ], [ 121.278121431121278, 13.330453552917243 ], [ 121.278041408050541, 13.330310968316331 ], [ 121.27802936563495, 13.330281360095995 ], [ 121.277502639657854, 13.330087958385469 ], [ 121.277501886349171, 13.330090057639921 ], [ 121.277456393106888, 13.330173904286616 ], [ 121.277364373739275, 13.330265529623857 ], [ 121.277342379999965, 13.330304503758249 ], [ 121.277345456848693, 13.330344674759822 ], [ 121.27738304325419, 13.330417027575088 ], [ 121.277393981583231, 13.330455743625315 ], [ 121.277392000134384, 13.330490881716424 ], [ 121.277368429268748, 13.330566282005162 ], [ 121.277369985368423, 13.330585245016717 ], [ 121.277381126894483, 13.3306069398218 ], [ 121.27742042191143, 13.330633984118288 ], [ 121.277479640573929, 13.330647208483065 ], [ 121.277742468620175, 13.330622334596665 ], [ 121.277831979552104, 13.330623884012242 ], [ 121.277897206885001, 13.330632327990838 ], [ 121.277978804912351, 13.330657239136217 ], [ 121.278032394044757, 13.330686842039382 ], [ 121.278071076761535, 13.330725893636458 ], [ 121.278076218618466, 13.330741508744433 ], [ 121.278072984694489, 13.330750813762521 ], [ 121.278190607138768, 13.330910752329871 ], [ 121.278338985754075, 13.331145836985902 ], [ 121.278437245838617, 13.331330799185471 ], [ 121.278496248430727, 13.331480950484664 ], [ 121.278529051544908, 13.331617689608434 ], [ 121.278539976806016, 13.331749052523028 ], [ 121.278531010384214, 13.332061022815342 ], [ 121.278519314940766, 13.332128406369064 ], [ 121.278507465944145, 13.332163629979862 ], [ 121.278454680181426, 13.332258328693881 ], [ 121.278344400412863, 13.332392771952868 ], [ 121.278286813991087, 13.332445001064023 ], [ 121.278147377553324, 13.332546750322736 ], [ 121.278094833311371, 13.332600564801616 ], [ 121.278059344090082, 13.332655099334621 ], [ 121.277987940373734, 13.332800606010197 ], [ 121.277941441266279, 13.332865142726535 ], [ 121.277900732976818, 13.332901537072903 ], [ 121.277773482685134, 13.332991614305193 ], [ 121.277732984118884, 13.333030440562348 ], [ 121.277715991457484, 13.333058585160193 ], [ 121.277707887677977, 13.333083587050449 ], [ 121.277701036665817, 13.33316190065362 ], [ 121.277693190073563, 13.333196293724212 ], [ 121.277677491647793, 13.333222985581694 ], [ 121.27765937427958, 13.333239382103059 ], [ 121.277625040340823, 13.333254351988792 ], [ 121.277582888107275, 13.333256515811234 ], [ 121.27731871388653, 13.333199162883634 ], [ 121.277268481525795, 13.333192635038678 ], [ 121.27719862520479, 13.333191762620078 ], [ 121.277134634130675, 13.333204072497015 ], [ 121.277090075463249, 13.333226365326299 ], [ 121.277072515302081, 13.333242150065395 ], [ 121.277059987541762, 13.333262333030151 ], [ 121.277057461256007, 13.333277120318671 ], [ 121.277064217227547, 13.333291987202216 ], [ 121.277095244956712, 13.333298162626214 ], [ 121.277142488030606, 13.333327085243265 ], [ 121.277177470170358, 13.333364634828961 ], [ 121.277193737058795, 13.333399859427908 ], [ 121.277201404269178, 13.333441555839167 ], [ 121.277201241830255, 13.333483074104343 ], [ 121.277188119053463, 13.333551086840414 ], [ 121.277156145540573, 13.333633348872027 ], [ 121.277105518010416, 13.333719331419625 ], [ 121.276993308247029, 13.33384526254151 ], [ 121.276862065302709, 13.334003797459088 ], [ 121.276804614396468, 13.334059972473133 ], [ 121.276660516837964, 13.334174584460179 ], [ 121.276614565810235, 13.334202355083894 ], [ 121.276580386734082, 13.334214084575931 ], [ 121.276555904073916, 13.334216080457825 ], [ 121.276518457172145, 13.334207881667428 ], [ 121.276479868049336, 13.334189110621153 ], [ 121.276287399083955, 13.334059297119275 ], [ 121.276176868732662, 13.334001868992015 ], [ 121.276104304686882, 13.333984961154407 ], [ 121.276075472077281, 13.33398796132728 ], [ 121.276057055299503, 13.333997383203533 ], [ 121.276045236071738, 13.334012800304526 ], [ 121.276041255058303, 13.334044957289379 ], [ 121.276050238464492, 13.334085982986792 ], [ 121.276068728659979, 13.334133412435047 ], [ 121.276195237321701, 13.33437201147323 ], [ 121.276245059885653, 13.334480481748061 ], [ 121.276267047241276, 13.334570347437014 ], [ 121.276266563117105, 13.334609053346584 ], [ 121.27625940248231, 13.334645462137644 ], [ 121.276195039835258, 13.334777984135849 ], [ 121.276144136345351, 13.334913795886903 ], [ 121.276117191393823, 13.334969410656873 ], [ 121.276051122873071, 13.335059139800233 ], [ 121.275831402825972, 13.335311248867296 ], [ 121.275798727430114, 13.335370904537074 ], [ 121.275736830991235, 13.335526838107553 ], [ 121.275708212554619, 13.335574137518114 ], [ 121.275674234050314, 13.335598368771921 ], [ 121.275632372065175, 13.335604955941939 ], [ 121.275574934397952, 13.335595150780749 ], [ 121.275463662041176, 13.335559806029757 ], [ 121.275498497456354, 13.33560823565062 ], [ 121.275599062890649, 13.335721966929052 ], [ 121.275747048812477, 13.335857902917901 ], [ 121.275760230629317, 13.335880915047747 ], [ 121.276428975207992, 13.336315476197717 ], [ 121.276442302091439, 13.336520267945447 ], [ 121.276501957107214, 13.336550034578194 ], [ 121.276613193227661, 13.336589004122379 ], [ 121.276670618295171, 13.336600232591302 ], [ 121.27672948317354, 13.33660356832276 ], [ 121.276810494237324, 13.336589937657473 ], [ 121.276897774521998, 13.336559059582276 ], [ 121.276960250761221, 13.336529646410403 ], [ 121.277097454286746, 13.336446091419417 ], [ 121.277165793908225, 13.336393412761687 ], [ 121.277224055184945, 13.336340046165271 ], [ 121.277302022754185, 13.336247431389102 ], [ 121.277324740328467, 13.336205282453236 ], [ 121.277267339631635, 13.33610099163054 ], [ 121.277219971952888, 13.336027369844452 ], [ 121.277163979778621, 13.33595565422522 ], [ 121.277119411362435, 13.335913992557735 ], [ 121.277085739203741, 13.335896737469183 ], [ 121.277067183636646, 13.335893087564505 ], [ 121.276922742349583, 13.335904870039171 ], [ 121.276883591676864, 13.335902060281128 ], [ 121.276847205941436, 13.335886605235592 ], [ 121.276819940597576, 13.335859877871917 ], [ 121.276806771382141, 13.335828408277253 ], [ 121.276802364378938, 13.335773609888301 ], [ 121.276808903174242, 13.335734563856612 ], [ 121.276842984267091, 13.335633130721979 ], [ 121.276851305511698, 13.335580971726042 ], [ 121.276850529458699, 13.335495466466128 ], [ 121.276841099980345, 13.335416449803196 ], [ 121.276810206943651, 13.335426591031148 ], [ 121.276607499408357, 13.335554228117863 ], [ 121.276543325823255, 13.335587290324744 ], [ 121.276455001733424, 13.33561261955194 ], [ 121.276395583419813, 13.33560796848872 ], [ 121.276345285665698, 13.335583205251783 ], [ 121.276325188686542, 13.335564513387265 ], [ 121.276303395556752, 13.335530987350058 ], [ 121.27629002893238, 13.335493548124717 ], [ 121.276283707518431, 13.335455758384304 ], [ 121.276289789963343, 13.335393045895639 ], [ 121.276316439863109, 13.335332462320338 ], [ 121.276351126639042, 13.335286130714117 ], [ 121.27643399272992, 13.335196225095041 ], [ 121.276463262880753, 13.335149280730375 ], [ 121.276478898777967, 13.335103271908935 ], [ 121.276503053364777, 13.334990595597581 ], [ 121.276528538738987, 13.33493643418368 ], [ 121.27656619429392, 13.334895100420262 ], [ 121.276667271564193, 13.334818801140299 ], [ 121.276749308458832, 13.334723582188118 ], [ 121.276780689261258, 13.334694044480379 ], [ 121.276811107140873, 13.33467426291889 ], [ 121.276841633885283, 13.33466253017275 ], [ 121.27689967003991, 13.334659942506054 ], [ 121.27697053597231, 13.334683209952328 ], [ 121.277091100804569, 13.334756890985284 ], [ 121.277134004777935, 13.334776113500293 ], [ 121.277178264027839, 13.334781806153591 ], [ 121.277198589084989, 13.334775059120759 ], [ 121.277213621730979, 13.334761793408399 ], [ 121.277225178489246, 13.334739802403881 ], [ 121.277233318258169, 13.334700028805939 ], [ 121.277245366591245, 13.334506313564839 ], [ 121.27725520225404, 13.33444028771795 ], [ 121.277268471364081, 13.334392584186112 ], [ 121.277291343766095, 13.334341487045407 ], [ 121.277358192431095, 13.334230230774738 ], [ 121.277402744723773, 13.334102716289696 ], [ 121.27744182603351, 13.334044518598128 ], [ 121.27747607323154, 13.334011785260833 ], [ 121.277660499429189, 13.333867927328042 ], [ 121.277709266896139, 13.333837107053659 ], [ 121.277789176031177, 13.333797490245585 ], [ 121.277857592155101, 13.333772470310125 ], [ 121.277995811093902, 13.333738347992034 ], [ 121.278257523607479, 13.333703768697104 ], [ 121.278285930946581, 13.333696705173136 ], [ 121.278293872725897, 13.333690071562163 ], [ 121.278270619835723, 13.333581287417431 ], [ 121.278266980101208, 13.333481224680861 ], [ 121.278275265496632, 13.333386139521721 ], [ 121.278310085089586, 13.333212619111135 ], [ 121.278340302050353, 13.333111733261052 ], [ 121.278382279771819, 13.333014271000884 ], [ 121.278434611470985, 13.332935956448578 ], [ 121.278501718625506, 13.332863905200858 ], [ 121.278557444424408, 13.332821918708326 ], [ 121.278605078049608, 13.332796689986473 ], [ 121.278683966106158, 13.332770413369616 ], [ 121.278725952273248, 13.332762124481816 ], [ 121.278795921023274, 13.332755090150751 ], [ 121.278890199967606, 13.332756151146505 ], [ 121.279009300328894, 13.332769094539408 ], [ 121.279219948201543, 13.332801323013181 ], [ 121.279276726041317, 13.332801959328499 ], [ 121.279332793540988, 13.332787731115605 ], [ 121.279369019253338, 13.332762015967138 ], [ 121.279391175579562, 13.332731463242778 ], [ 121.279405893702872, 13.332694614981472 ], [ 121.279414496648229, 13.332646746613607 ], [ 121.279416622868965, 13.332566511613187 ], [ 121.279407798055786, 13.332485283672606 ], [ 121.27937834818367, 13.332385245719189 ], [ 121.279297737194085, 13.332209085711593 ], [ 121.279273742678257, 13.332145388988536 ], [ 121.279254963707061, 13.332057719116525 ], [ 121.279250190601275, 13.331977585350169 ], [ 121.279261320138247, 13.331890697720715 ], [ 121.279289020325194, 13.331817617564825 ], [ 121.279343026447876, 13.331728297754537 ], [ 121.279410927814126, 13.331641807705115 ], [ 121.279638992707945, 13.331381693466144 ], [ 121.279914998145415, 13.331055204988569 ], [ 121.279978835891683, 13.330992907262956 ], [ 121.280032354894288, 13.330951455793585 ], [ 121.280101848148007, 13.330912389938883 ], [ 121.280166516724222, 13.330892183076678 ], [ 121.28022507016145, 13.330888639955846 ], [ 121.280332488838027, 13.330896539924558 ], [ 121.280406406627677, 13.330884044548492 ], [ 121.280464318969962, 13.330861462328023 ], [ 121.280623819107035, 13.330778150675766 ], [ 121.280696250587198, 13.330756843167432 ], [ 121.28081622344456, 13.33073622076587 ], [ 121.280854957466374, 13.330635592167715 ], [ 121.280891206813578, 13.330568762384784 ], [ 121.280935529566008, 13.33051196992367 ], [ 121.280984864349563, 13.330472852471617 ], [ 121.281060639867334, 13.330444510152848 ], [ 121.2811117700859, 13.330437361360413 ], [ 121.281152424850461, 13.330440645196816 ], [ 121.281231047661677, 13.330458897028093 ], [ 121.281257802815844, 13.330458925421036 ], [ 121.281290792658453, 13.33044832328636 ], [ 121.281324492118728, 13.330424216670981 ], [ 121.281353470619365, 13.330387585483427 ], [ 121.281384298525126, 13.330323156470929 ], [ 121.281398877522889, 13.330279310198831 ], [ 121.281414994109269, 13.33019710492278 ], [ 121.281420543696285, 13.330182060302642 ], [ 121.281195482166908, 13.330127119565663 ] ] ], [ [ [ 121.275482315552509, 13.337585508189813 ], [ 121.275347646996536, 13.338003656155365 ], [ 121.27543900561696, 13.338042615525611 ], [ 121.275529873636259, 13.338072490911562 ], [ 121.275582646561986, 13.338078187827261 ], [ 121.275618527489868, 13.338073572785699 ], [ 121.275642918978861, 13.338063049295769 ], [ 121.275662139782966, 13.338046539398871 ], [ 121.27567672171881, 13.338021560178309 ], [ 121.275685400138514, 13.337990974596766 ], [ 121.275697255435759, 13.337854151595547 ], [ 121.275716716986082, 13.337757052357054 ], [ 121.275732948574102, 13.337709752446314 ], [ 121.275815041800584, 13.337528803958119 ], [ 121.275828123803549, 13.337491315150368 ], [ 121.275482315552509, 13.337585508189813 ] ] ] ] } },
{ "type": "Feature", "properties": { "fid": 13093.0, "ENR_CLCODE": "01019", "LCM_CLASS": "Fishpond", "AREA_HA": 54.4175723237, "SOURCE": "Sentinel-2 from ESA, 2022", "REMARKS": "None" }, "geometry": { "type": "MultiPolygon", "coordinates": [ [ [ [ 121.27819122974374, 13.352932507400951 ], [ 121.278126120125663, 13.353649609906602 ], [ 121.278166696618584, 13.353636837873999 ], [ 121.278392853940218, 13.35357825269684 ], [ 121.278479846369393, 13.353548360756534 ], [ 121.27871578394597, 13.353436199058846 ], [ 121.27885248732882, 13.353385121458357 ], [ 121.279001532227255, 13.353347049746619 ], [ 121.279286967245426, 13.353297486634842 ], [ 121.279418272173885, 13.353262496948311 ], [ 121.279978013319806, 13.353084424329557 ], [ 121.280582895046578, 13.352861958017641 ], [ 121.280761649734671, 13.352772027396234 ], [ 121.281052045371482, 13.352588481494944 ], [ 121.281151094293023, 13.352533192361774 ], [ 121.281279231580541, 13.352481566859307 ], [ 121.281590807674391, 13.352379106406067 ], [ 121.281720758971261, 13.352317048766238 ], [ 121.281831081522199, 13.352241997030076 ], [ 121.282023417516243, 13.352075962325008 ], [ 121.282113870671779, 13.352005660536081 ], [ 121.282181634177249, 13.351962769597256 ], [ 121.282389356475164, 13.351848372781868 ], [ 121.282502572657322, 13.351774861626406 ], [ 121.282562192252513, 13.351729146550282 ], [ 121.282593418915909, 13.351696225888164 ], [ 121.282605101951347, 13.351670178073022 ], [ 121.282596298056745, 13.351648130502911 ], [ 121.282573379356748, 13.351638141210076 ], [ 121.28254985866019, 13.35163519079776 ], [ 121.282478160380379, 13.351640358118074 ], [ 121.282331839097949, 13.351670887905563 ], [ 121.282183272982522, 13.351711921592056 ], [ 121.281678316980347, 13.35188092832875 ], [ 121.281002444192552, 13.352145994221917 ], [ 121.280525211820574, 13.352302025214268 ], [ 121.280298269174153, 13.352371045966141 ], [ 121.280148080270038, 13.352407574152656 ], [ 121.280060599584218, 13.352417809611026 ], [ 121.280026101474263, 13.352414592478903 ], [ 121.279998823699444, 13.352404772986176 ], [ 121.27998021416974, 13.352389189860428 ], [ 121.279970365943115, 13.352368905788063 ], [ 121.279970676180426, 13.352342160516226 ], [ 121.279985709361355, 13.352309244583777 ], [ 121.280018798026475, 13.352270911946055 ], [ 121.280053977759522, 13.352240847724122 ], [ 121.280125587711282, 13.35219049322604 ], [ 121.280235611477494, 13.352123106843043 ], [ 121.28051182070827, 13.351971727605795 ], [ 121.28056990873057, 13.351944912524248 ], [ 121.280627935343063, 13.351925824215703 ], [ 121.280813867058967, 13.351908765605998 ], [ 121.280989149468411, 13.351865543991183 ], [ 121.28115654106233, 13.351805072293971 ], [ 121.281529082910367, 13.35165194760595 ], [ 121.281787902033741, 13.351527417195811 ], [ 121.281968692065448, 13.35143288333405 ], [ 121.282500754360328, 13.351134822829351 ], [ 121.282694742013405, 13.351018738608843 ], [ 121.282755617788595, 13.350978211207021 ], [ 121.282819525424003, 13.350924489796981 ], [ 121.282851316580008, 13.350882119314591 ], [ 121.282864031969112, 13.350848472410064 ], [ 121.282863558005943, 13.350787295923601 ], [ 121.282849696148702, 13.350740075397793 ], [ 121.282797965496741, 13.350613674449807 ], [ 121.282794886093399, 13.350589749645875 ], [ 121.282803216288585, 13.350578275640125 ], [ 121.282829003654186, 13.3505808844182 ], [ 121.282875303261847, 13.350603477374035 ], [ 121.283070524646192, 13.350734165032099 ], [ 121.283192637997701, 13.350800930161819 ], [ 121.283402641814178, 13.350891603389272 ], [ 121.283474469502963, 13.350915253965303 ], [ 121.28353627003176, 13.35092909885544 ], [ 121.28365708483841, 13.350938763561722 ], [ 121.283790744630153, 13.350926292962878 ], [ 121.283918035156944, 13.35089846190998 ], [ 121.284285692638633, 13.350792227807785 ], [ 121.284418036294781, 13.350770350331716 ], [ 121.284489777667602, 13.350766101960343 ], [ 121.284611554708732, 13.350774153911248 ], [ 121.284727120361254, 13.350802498931712 ], [ 121.28484579422495, 13.350854905385283 ], [ 121.284899555788641, 13.350890338560076 ], [ 121.284933555862011, 13.350919908603149 ], [ 121.284970929041876, 13.350972501566861 ], [ 121.284978606828133, 13.351002900451547 ], [ 121.284975774149117, 13.351034360427306 ], [ 121.284962554758451, 13.35106452954957 ], [ 121.284938089462685, 13.351095330842288 ], [ 121.284877927137558, 13.351142548713701 ], [ 121.284737714972223, 13.351210871815447 ], [ 121.283980462072236, 13.351494398598891 ], [ 121.283767439568152, 13.35158795541007 ], [ 121.283623988697542, 13.351665769965999 ], [ 121.283507605980688, 13.351741194408918 ], [ 121.283376403821649, 13.351839768273196 ], [ 121.283253572508727, 13.35194310731104 ], [ 121.283200792168131, 13.351995715050528 ], [ 121.283148033918849, 13.352064711059176 ], [ 121.283108880686044, 13.352141052347058 ], [ 121.283097026603627, 13.352180793612597 ], [ 121.283091984100707, 13.352223256711355 ], [ 121.283093698211317, 13.352245760370106 ], [ 121.28312090493435, 13.352263788037734 ], [ 121.283263198251035, 13.352470022707063 ], [ 121.283297106808092, 13.352486214112403 ], [ 121.283353837455962, 13.35251561820998 ], [ 121.283452515313158, 13.352572226960516 ], [ 121.283515230918184, 13.352611837627943 ], [ 121.283576915821257, 13.352653606045191 ], [ 121.2836341859134, 13.352694935854343 ], [ 121.283690225426469, 13.352737841769107 ], [ 121.2837418919665, 13.352779746251203 ], [ 121.283792246518601, 13.352822991280505 ], [ 121.283826471165284, 13.35285422794764 ], [ 121.283840823755682, 13.352867328741558 ], [ 121.28385274706892, 13.35287895415216 ], [ 121.283887727654005, 13.352913065756113 ], [ 121.283932195067067, 13.352959775927138 ], [ 121.283974650960417, 13.353008321731425 ], [ 121.284014370903392, 13.353058414424472 ], [ 121.284050360415648, 13.353109185849229 ], [ 121.284082540624695, 13.353160693318348 ], [ 121.284110001780832, 13.353211185262694 ], [ 121.284135744319826, 13.353266594337034 ], [ 121.284159091972981, 13.353327389570767 ], [ 121.284179115543623, 13.353393259133192 ], [ 121.28419500883885, 13.353463468113638 ], [ 121.2842062268262, 13.353537032101114 ], [ 121.284212510761364, 13.353612818589019 ], [ 121.284213871881235, 13.353689633636163 ], [ 121.284210548539775, 13.353766278519092 ], [ 121.284202962536341, 13.353841590109496 ], [ 121.284191694924075, 13.35391446782597 ], [ 121.284177447793027, 13.353983925798785 ], [ 121.28416098718759, 13.354049201850412 ], [ 121.284141278976577, 13.354115404870472 ], [ 121.284118499753575, 13.354181714438022 ], [ 121.284093034751166, 13.354247047620667 ], [ 121.284063524877041, 13.354314175485529 ], [ 121.284031178603456, 13.354379567587785 ], [ 121.283995975456364, 13.354442986971931 ], [ 121.283959397261299, 13.354501928239586 ], [ 121.283922122304674, 13.354556029033349 ], [ 121.283870930631693, 13.354622479645878 ], [ 121.283816291496578, 13.354685627528619 ], [ 121.283758078139954, 13.3547462943417 ], [ 121.283711351304149, 13.354791308298473 ], [ 121.283652776229047, 13.354844406292733 ], [ 121.283592774827994, 13.354896218292344 ], [ 121.283584670613223, 13.354902887046151 ], [ 121.283307756512343, 13.355130755845394 ], [ 121.28315770775265, 13.355256397695644 ], [ 121.282923114671149, 13.35545943186351 ], [ 121.282713886320622, 13.35564051259921 ], [ 121.282591527729195, 13.355744284498735 ], [ 121.281377119270559, 13.356640861832727 ], [ 121.281212465380818, 13.356762422087822 ], [ 121.28097078800937, 13.357080486708826 ], [ 121.281012042406786, 13.357174003036313 ], [ 121.281152554012891, 13.357282558337472 ], [ 121.28127733549249, 13.357378960960073 ], [ 121.281487826487606, 13.357541580649613 ], [ 121.281758373247115, 13.357345082382544 ], [ 121.282000583263809, 13.35716916349508 ], [ 121.2820601438045, 13.357144443472754 ], [ 121.282137436102886, 13.357108338850896 ], [ 121.282214464028058, 13.357069164656878 ], [ 121.282635054343544, 13.356840969114231 ], [ 121.282753357715308, 13.356776782788328 ], [ 121.282887608027607, 13.356702558121535 ], [ 121.283011635360722, 13.356631632494333 ], [ 121.283200954970411, 13.356520196873239 ], [ 121.283038753931947, 13.356296136699592 ], [ 121.282899439312814, 13.356066174548413 ], [ 121.282864713647427, 13.355998608551118 ], [ 121.282845396089115, 13.355948132162895 ], [ 121.282841797533138, 13.35591100185238 ], [ 121.282854265548309, 13.355891697774455 ], [ 121.282869369938496, 13.355888642501125 ], [ 121.282891918427339, 13.355894534744383 ], [ 121.282944739980323, 13.35592906537325 ], [ 121.283044221967032, 13.3560231282683 ], [ 121.28324721422176, 13.35624341861077 ], [ 121.283324760314116, 13.356298517031105 ], [ 121.283372597923815, 13.356314358610438 ], [ 121.283424411935385, 13.356311272122081 ], [ 121.283555362265332, 13.356253087315963 ], [ 121.283712764806054, 13.356218104148903 ], [ 121.284033279526312, 13.35611532326301 ], [ 121.284161024322543, 13.356088130920197 ], [ 121.284262254026288, 13.356083388378847 ], [ 121.284333597663007, 13.356096904975017 ], [ 121.284369202187392, 13.356115097264507 ], [ 121.284389423974929, 13.356133812174283 ], [ 121.284401788742656, 13.356155448272949 ], [ 121.284400822103677, 13.356174719518238 ], [ 121.284432002386922, 13.356168686801576 ], [ 121.284484031860458, 13.356148113404267 ], [ 121.284684688370007, 13.356053822436435 ], [ 121.284734087295263, 13.356041394877451 ], [ 121.284870330233232, 13.355927018043888 ], [ 121.28490683917164, 13.355890077378636 ], [ 121.284931976617685, 13.355853872847895 ], [ 121.284950969150344, 13.355791219835149 ], [ 121.284952488428118, 13.355718113981121 ], [ 121.284937827191655, 13.355648035420712 ], [ 121.284921491389881, 13.355608672671874 ], [ 121.284862336810264, 13.355513539788372 ], [ 121.284842978518157, 13.355470959475266 ], [ 121.284838874277369, 13.355429075859732 ], [ 121.284851232200751, 13.355386489826969 ], [ 121.284868552256881, 13.355358026230368 ], [ 121.284905477418349, 13.35531861357768 ], [ 121.285113371739826, 13.355164377645725 ], [ 121.285304352427161, 13.354964225380273 ], [ 121.285312103359459, 13.354954780173564 ], [ 121.285353822523149, 13.354908016287467 ], [ 121.285397503691115, 13.35486223468636 ], [ 121.285490076407399, 13.354772435088858 ], [ 121.28553817220488, 13.354728421622902 ], [ 121.285646846049119, 13.354632965607145 ], [ 121.285907917865245, 13.354409161237413 ], [ 121.285976662981213, 13.354350229474234 ], [ 121.286238555034956, 13.354118452665316 ], [ 121.286488270712979, 13.353900893899334 ], [ 121.286575288861982, 13.353823266516233 ], [ 121.286669718713753, 13.353736366883886 ], [ 121.286685056069885, 13.353721906945335 ], [ 121.286956663640154, 13.353465854778319 ], [ 121.287057075523592, 13.353376002870252 ], [ 121.287230255844349, 13.353225625410596 ], [ 121.287290677988906, 13.353173159050005 ], [ 121.287351337122587, 13.353117335480425 ], [ 121.287396234583412, 13.353073459846502 ], [ 121.287439231161869, 13.353028439642708 ], [ 121.287472520970326, 13.35299076800738 ], [ 121.287503981825182, 13.352952093299988 ], [ 121.287548276256175, 13.352890256243997 ], [ 121.287576289012165, 13.352844323492798 ], [ 121.287600351618934, 13.352797896613014 ], [ 121.287613711900875, 13.352767749075751 ], [ 121.287631795274933, 13.352718496753628 ], [ 121.287645467312629, 13.352668960489398 ], [ 121.287652981920758, 13.352631336171488 ], [ 121.287658125478856, 13.352594177520551 ], [ 121.287661237079178, 13.352556006291039 ], [ 121.287662387103708, 13.352515487032967 ], [ 121.287661358137044, 13.352468647545233 ], [ 121.287653156719614, 13.352368487650068 ], [ 121.287649227876798, 13.352332267088645 ], [ 121.287447085525514, 13.352136816268883 ], [ 121.28715557623957, 13.351880174385224 ], [ 121.286900607422524, 13.351665355060975 ], [ 121.286743136746509, 13.351545720550837 ], [ 121.286696150349371, 13.35149997985426 ], [ 121.28663729242534, 13.351418747392243 ], [ 121.286558392687269, 13.35129355710019 ], [ 121.286519467573314, 13.351222826569428 ], [ 121.28649102173722, 13.351157785712283 ], [ 121.286480147842013, 13.351111776005505 ], [ 121.286481795414048, 13.351076881349574 ], [ 121.286497094895282, 13.351040121641757 ], [ 121.286519162110878, 13.351014619573926 ], [ 121.286569054377182, 13.350983736841499 ], [ 121.286599866167194, 13.35097333012974 ], [ 121.286801284560141, 13.350944721232477 ], [ 121.286846922854409, 13.350930302558185 ], [ 121.286886574788099, 13.350910034011134 ], [ 121.286923031504188, 13.350882652854981 ], [ 121.286969382127552, 13.35083399929316 ], [ 121.287117258197284, 13.350628668658219 ], [ 121.287155248476012, 13.350592241042428 ], [ 121.287178571073611, 13.350577675282281 ], [ 121.287208679062587, 13.350566924754833 ], [ 121.287267544582704, 13.350562103675239 ], [ 121.287388287627806, 13.350572281317509 ], [ 121.287446204093314, 13.350571648638812 ], [ 121.287509534842698, 13.350562753319362 ], [ 121.287562212221104, 13.350546944225243 ], [ 121.287636889397774, 13.350510568541541 ], [ 121.287835936255959, 13.350393250761922 ], [ 121.287903986192489, 13.350342572269179 ], [ 121.288002275964544, 13.350257549245626 ], [ 121.288054353714912, 13.35022237313999 ], [ 121.288130428110065, 13.350193586675452 ], [ 121.288181836094211, 13.350186129675341 ], [ 121.288231983861422, 13.350186134646856 ], [ 121.288283706956634, 13.350193237589437 ], [ 121.288331175331393, 13.350206238365317 ], [ 121.28843890433761, 13.350254798855568 ], [ 121.288555034628757, 13.350329161406833 ], [ 121.28865244792668, 13.350413635132362 ], [ 121.288688776891519, 13.350465717991991 ], [ 121.288715482785648, 13.350540871174733 ], [ 121.288730212621843, 13.350652143344659 ], [ 121.288736118722227, 13.350910425326925 ], [ 121.288753463137283, 13.350990727651439 ], [ 121.288778954337374, 13.351046567607355 ], [ 121.288805540856785, 13.351084461302051 ], [ 121.288838985147066, 13.351118688395529 ], [ 121.288910163889156, 13.351166586801121 ], [ 121.288975856088328, 13.351193306308266 ], [ 121.28902959396801, 13.351205710467749 ], [ 121.289076582779316, 13.351209549803265 ], [ 121.289121058140111, 13.351204627983034 ], [ 121.289164754113301, 13.351184611558569 ], [ 121.289211765212983, 13.351137802314206 ], [ 121.289442642355837, 13.350796499834781 ], [ 121.289514262958036, 13.350680781363989 ], [ 121.289641855139521, 13.350431409262733 ], [ 121.289685541200853, 13.350361469752327 ], [ 121.289730861396336, 13.350317205077074 ], [ 121.289750154135547, 13.350311834891917 ], [ 121.289763866524282, 13.350322949733393 ], [ 121.289795376519606, 13.350294062161213 ], [ 121.289862418215179, 13.350422210948713 ], [ 121.289906150319268, 13.35050580418287 ], [ 121.289950869742412, 13.350591284169168 ], [ 121.289950131829556, 13.350696036656371 ], [ 121.289949061304029, 13.350848219619291 ], [ 121.289948513366241, 13.350926102949469 ], [ 121.289922491229916, 13.3511531366909 ], [ 121.289889767692372, 13.351233395092322 ], [ 121.289865523065302, 13.351292854927879 ], [ 121.289810654362512, 13.351427423531954 ], [ 121.289797358342383, 13.351448403644186 ], [ 121.289829934989129, 13.351427172825323 ], [ 121.289868272369674, 13.351416949601719 ], [ 121.289911698917592, 13.351417410349685 ], [ 121.289932793216749, 13.351422933240825 ], [ 121.28996470467446, 13.351440159647991 ], [ 121.289982835678245, 13.351456540599175 ], [ 121.2900345244947, 13.351542824383268 ], [ 121.290054851412521, 13.351565230997174 ], [ 121.290080130746844, 13.351577193446786 ], [ 121.290107573705384, 13.351575725397515 ], [ 121.290147116937405, 13.351552799994836 ], [ 121.290260104989244, 13.351460862528739 ], [ 121.290328407588788, 13.351426920353987 ], [ 121.29037858816973, 13.351422327130599 ], [ 121.290480082154488, 13.351434399378045 ], [ 121.29053443510908, 13.351433857558408 ], [ 121.290612575204037, 13.351418967907925 ], [ 121.290671459966745, 13.351398136715856 ], [ 121.290750582024131, 13.351352191041975 ], [ 121.290860490246658, 13.35126405308684 ], [ 121.290922344564819, 13.351221145775151 ], [ 121.290998253211711, 13.350992979228812 ], [ 121.291042574283992, 13.350903813772311 ], [ 121.291134510587952, 13.350718856220663 ], [ 121.291086170700524, 13.350646779863702 ], [ 121.29097559644552, 13.350741701565658 ], [ 121.290887821798293, 13.350857233336468 ], [ 121.290840012191836, 13.350920161786485 ], [ 121.290668382554117, 13.351014669601204 ], [ 121.290436286531218, 13.351025062147675 ], [ 121.290241328080555, 13.350963954678523 ], [ 121.290120226782534, 13.350819637023227 ], [ 121.290121139462244, 13.350690025489046 ], [ 121.290121573937739, 13.350628311735345 ], [ 121.290134879367983, 13.350472943275264 ], [ 121.290045187312316, 13.350413510975715 ], [ 121.289989018168271, 13.350376291804121 ], [ 121.290027692111082, 13.350123645675289 ], [ 121.290079011624954, 13.3500921400423 ], [ 121.29014629319046, 13.35005397798186 ], [ 121.290223997127299, 13.350013627756953 ], [ 121.290304217321008, 13.349976028786999 ], [ 121.290385854629321, 13.349941928357575 ], [ 121.290428254120727, 13.349925850118728 ], [ 121.290496320365449, 13.349902294498255 ], [ 121.290570567212001, 13.34987957886511 ], [ 121.290650558002, 13.349858230830559 ], [ 121.290822018259547, 13.349892721300684 ], [ 121.290859317160084, 13.349900224924401 ], [ 121.290864455303492, 13.349895752103198 ], [ 121.290894461517652, 13.349892583043294 ], [ 121.29113031981791, 13.349898274622854 ], [ 121.291267637529927, 13.349889694241908 ], [ 121.29137782133256, 13.349866954246096 ], [ 121.291483906593427, 13.349824875101929 ], [ 121.291539773143953, 13.349792438214829 ], [ 121.291602497370718, 13.34974535703885 ], [ 121.291729702033251, 13.349630072966619 ], [ 121.291867801092508, 13.349478290799038 ], [ 121.291996341506788, 13.34932335526606 ], [ 121.292107335375547, 13.349166111661967 ], [ 121.292199272314321, 13.348996788813441 ], [ 121.292248730182649, 13.348870525617151 ], [ 121.292310067883989, 13.34865512466774 ], [ 121.292408032586422, 13.348447042644324 ], [ 121.292496158862178, 13.348233076614051 ], [ 121.292525252219818, 13.348127082339534 ], [ 121.292543148483531, 13.348003310732267 ], [ 121.292545330650796, 13.347872537085047 ], [ 121.292532125605987, 13.347784312390623 ], [ 121.292510726975763, 13.347735363583844 ], [ 121.292492968216465, 13.347716340594427 ], [ 121.29247518409386, 13.347706141991919 ], [ 121.292436311708386, 13.347699275164672 ], [ 121.292370330044648, 13.347710611525823 ], [ 121.292280055545078, 13.347747846750146 ], [ 121.29197511711024, 13.347903012885983 ], [ 121.291822995314448, 13.347972227793001 ], [ 121.291627048111621, 13.348048121055543 ], [ 121.291574093415178, 13.348063958136862 ], [ 121.291555033011903, 13.348064169823928 ], [ 121.29151475268813, 13.348081904995682 ], [ 121.291430741294263, 13.348113619838216 ], [ 121.291387199698377, 13.348127826760537 ], [ 121.291322293565685, 13.348146311648236 ], [ 121.291252452209008, 13.348162763714498 ], [ 121.29119459409948, 13.348173497651294 ], [ 121.291178263651815, 13.348176527107915 ], [ 121.291100551508222, 13.348187047903787 ], [ 121.291057214208806, 13.348190756711587 ], [ 121.290997533065124, 13.348218596782642 ], [ 121.290874659131063, 13.348253793828235 ], [ 121.290752807254123, 13.34828869674358 ], [ 121.290581769256733, 13.348299501587144 ], [ 121.290410898443753, 13.348286389958464 ], [ 121.290227901286798, 13.348261238646355 ], [ 121.290082126718673, 13.348152628753587 ], [ 121.289887676910297, 13.348019774080008 ], [ 121.289864551799269, 13.347988182300883 ], [ 121.28977458392626, 13.347865269780428 ], [ 121.289757830500577, 13.347860496726469 ], [ 121.28971262511385, 13.347850212384143 ], [ 121.28966822328465, 13.347842472471251 ], [ 121.289623416021001, 13.347837111517183 ], [ 121.289593001373319, 13.347834895099487 ], [ 121.28952663605898, 13.347834029380056 ], [ 121.289478102939398, 13.347836805145658 ], [ 121.289423811372643, 13.347843273060715 ], [ 121.289369462602863, 13.347853261174984 ], [ 121.289315285161237, 13.347866694208308 ], [ 121.289260359506912, 13.347883854261772 ], [ 121.28920726925945, 13.347903839612059 ], [ 121.289156742924334, 13.347925970062029 ], [ 121.28911557616776, 13.347946600266759 ], [ 121.28910058758261, 13.347954110164544 ], [ 121.289045647400101, 13.347985196092248 ], [ 121.289015714712477, 13.348003974497079 ], [ 121.28882481921643, 13.348079822013387 ], [ 121.288665648680919, 13.348143064899478 ], [ 121.288506063065086, 13.348261570558648 ], [ 121.288347488950635, 13.348435132628868 ], [ 121.28832146597972, 13.348463615265828 ], [ 121.288161627040594, 13.348617993780394 ], [ 121.287964818480816, 13.348819956199206 ], [ 121.287621645150139, 13.348997012021655 ], [ 121.287611105328253, 13.349001058536032 ], [ 121.287315525633659, 13.349114525709901 ], [ 121.287208575096415, 13.349201469183138 ], [ 121.287166398340119, 13.349235756053874 ], [ 121.287128903247819, 13.349241136226775 ], [ 121.287092556718051, 13.349246351552566 ], [ 121.286960005053189, 13.349313239424147 ], [ 121.286749898067939, 13.349419263464608 ], [ 121.286624117183493, 13.349394919278316 ], [ 121.286545022033451, 13.34937961092141 ], [ 121.286479930886486, 13.349345300589064 ], [ 121.286471276402366, 13.349347984160181 ], [ 121.286252321487311, 13.349226919538388 ], [ 121.286143433520621, 13.349082683298997 ], [ 121.286022588984082, 13.348902490086914 ], [ 121.285938883847635, 13.348650798675008 ], [ 121.285879514936084, 13.348411230870525 ], [ 121.285874650595375, 13.3483839631617 ], [ 121.28582447492532, 13.348102687040868 ], [ 121.285799650631887, 13.34806906143611 ], [ 121.285760851027007, 13.348021219631802 ], [ 121.285720503957037, 13.347976429636629 ], [ 121.285678664399555, 13.347934618609544 ], [ 121.285635552946886, 13.347895789856443 ], [ 121.285599712569152, 13.347866344823398 ], [ 121.285562619544365, 13.347838207315776 ], [ 121.285507526257945, 13.347800070839224 ], [ 121.285428484125106, 13.347751062488596 ], [ 121.285370763817866, 13.347718653162083 ], [ 121.285312709677427, 13.347691540069418 ], [ 121.285252929536995, 13.347672740824656 ], [ 121.285178233485638, 13.347664212148077 ], [ 121.285100152587233, 13.347668042622471 ], [ 121.285019602324709, 13.34768087514861 ], [ 121.284937275523561, 13.347700161890751 ], [ 121.284853696194403, 13.347723991098364 ], [ 121.284789515042931, 13.347744481277026 ], [ 121.284769250030564, 13.347750951731895 ], [ 121.284598801557564, 13.347810440136785 ], [ 121.283832442779897, 13.348093782896186 ], [ 121.283074288776632, 13.348366572003034 ], [ 121.282893836604714, 13.348434057247969 ], [ 121.282824151894346, 13.348460117060235 ], [ 121.282742053223188, 13.348493117257208 ], [ 121.282661103995792, 13.348527775722756 ], [ 121.282598336999513, 13.348557059673144 ], [ 121.282581778377036, 13.348564784437405 ], [ 121.282504702163848, 13.348605060575206 ], [ 121.282444724036154, 13.348641326007185 ], [ 121.282303854586374, 13.348822628471774 ], [ 121.282187651783289, 13.348972183026618 ], [ 121.281889262936687, 13.349269967592265 ], [ 121.281818699702512, 13.349340387720455 ], [ 121.281674461035394, 13.349515970569186 ], [ 121.281535393699826, 13.349685257810993 ], [ 121.281289057694423, 13.349982544612526 ], [ 121.281228551804688, 13.350018443644048 ], [ 121.281150984560043, 13.350064463668861 ], [ 121.281084369360613, 13.350156122527554 ], [ 121.281047685889604, 13.350209112472793 ], [ 121.280977302000238, 13.350317084920476 ], [ 121.280909312453588, 13.350432601110652 ], [ 121.280847101705064, 13.350551836324863 ], [ 121.280793457296767, 13.350668844007005 ], [ 121.280784661731076, 13.350721228561309 ], [ 121.280667399709984, 13.351419679637642 ], [ 121.280648363880402, 13.351521189448562 ], [ 121.280543425020269, 13.351681904830427 ], [ 121.280475797354583, 13.351747213175102 ], [ 121.280328669173954, 13.351829917725986 ], [ 121.280078701483461, 13.351896448445597 ], [ 121.279757759823667, 13.352089108356022 ], [ 121.279485652343226, 13.352230751957752 ], [ 121.279257759170235, 13.352336821304213 ], [ 121.278912637502714, 13.352442095915324 ], [ 121.278232261439527, 13.352693190338053 ], [ 121.27819122974374, 13.352932507400951 ] ] ] ] } },
{ "type": "Feature", "properties": { "fid": 13089.0, "ENR_CLCODE": "01019", "LCM_CLASS": "Fishpond", "AREA_HA": 56.8946794254, "SOURCE": "Sentinel-2 from ESA, 2022", "REMARKS": "None" }, "geometry": { "type": "MultiPolygon", "coordinates": [ [ [ [ 121.289237142259594, 13.347559356116882 ], [ 121.289483584967371, 13.347476135897816 ], [ 121.289568682782786, 13.347478102089985 ], [ 121.289653705677793, 13.347483354241392 ], [ 121.289737526814321, 13.347491597281049 ], [ 121.289820801944359, 13.347502649456896 ], [ 121.289901348773498, 13.347515876822218 ], [ 121.289978822458821, 13.347530702176829 ], [ 121.290202167868074, 13.347614878143716 ], [ 121.290591137548773, 13.347761473507164 ], [ 121.29162972533851, 13.347328410456818 ], [ 121.292101259221695, 13.346851816467478 ], [ 121.292204043855165, 13.34679026395944 ], [ 121.292290477486532, 13.346743160398294 ], [ 121.292386432761546, 13.346695386393536 ], [ 121.292645772256961, 13.346577732858321 ], [ 121.292704755666179, 13.346550973164076 ], [ 121.292818241367343, 13.346526296890955 ], [ 121.293130533603545, 13.346458388999665 ], [ 121.293278139569679, 13.346306316619939 ], [ 121.29334719368984, 13.34621111361604 ], [ 121.293367469227348, 13.346106017627504 ], [ 121.293320238240042, 13.34587609770022 ], [ 121.29317405641072, 13.345705190626564 ], [ 121.293137092135026, 13.345661973824788 ], [ 121.293089083850703, 13.345591854299304 ], [ 121.293039087326875, 13.345529579634713 ], [ 121.293034513996204, 13.34552388228404 ], [ 121.29302294809186, 13.345510898468419 ], [ 121.292975381300593, 13.345457496430281 ], [ 121.292913152817391, 13.345392263759919 ], [ 121.292848887758211, 13.34532785971367 ], [ 121.292717025496103, 13.345200614439973 ], [ 121.292250197299097, 13.344760096942947 ], [ 121.291986260757199, 13.344507592040825 ], [ 121.29172399289277, 13.344252975008464 ], [ 121.291331659138947, 13.34386733141071 ], [ 121.291200442320985, 13.343740933201911 ], [ 121.291134535716012, 13.343679708386416 ], [ 121.291068304067252, 13.343620858554029 ], [ 121.291001614249765, 13.343565588575402 ], [ 121.290928390120314, 13.343479076999511 ], [ 121.29074005580182, 13.343256565739056 ], [ 121.290533460055187, 13.343427731046805 ], [ 121.290422453190601, 13.343519701527104 ], [ 121.290371368870282, 13.3435539332869 ], [ 121.290320691156751, 13.343590972520277 ], [ 121.290269515243992, 13.343630847444615 ], [ 121.290181448350623, 13.343703729667965 ], [ 121.290167870952999, 13.343714965968799 ], [ 121.29009982573163, 13.343773420542391 ], [ 121.289965396647005, 13.343892690056984 ], [ 121.289899857591777, 13.34395321515588 ], [ 121.289836289219338, 13.344014398053051 ], [ 121.289775639705411, 13.344076473856813 ], [ 121.289719198607543, 13.344139830033621 ], [ 121.289668693623554, 13.344205029661039 ], [ 121.289626418662095, 13.344272844835501 ], [ 121.28959537663151, 13.344344297410776 ], [ 121.289578498721909, 13.344416713706579 ], [ 121.289571963614762, 13.344492549871795 ], [ 121.289573071848224, 13.344570950621021 ], [ 121.289579701282946, 13.344651264337735 ], [ 121.289590188338622, 13.344732998883698 ], [ 121.289660316232741, 13.3451505446768 ], [ 121.289680440340007, 13.345303685732482 ], [ 121.289687064511284, 13.345375868136905 ], [ 121.289690023280215, 13.345431841782473 ], [ 121.289690839975876, 13.345447281918689 ], [ 121.289691026862627, 13.345511336416269 ], [ 121.289687426515485, 13.345572629208121 ], [ 121.289679540515792, 13.34563089298342 ], [ 121.289666893520035, 13.345686121807846 ], [ 121.289649684028404, 13.345736612314322 ], [ 121.289628715889165, 13.345781210276654 ], [ 121.289605005956119, 13.345819707464081 ], [ 121.289578871181433, 13.345853231351015 ], [ 121.289550851869834, 13.345882261038577 ], [ 121.289516569989402, 13.345910959028036 ], [ 121.289474630492904, 13.345938712069778 ], [ 121.289424633982506, 13.345964042325354 ], [ 121.289367148708237, 13.345985304067508 ], [ 121.289303658913155, 13.346001070190349 ], [ 121.289236381705408, 13.346010313552279 ], [ 121.28916801130103, 13.346012416089616 ], [ 121.28910146852094, 13.346007087577542 ], [ 121.289039672382998, 13.345994292675265 ], [ 121.288986768270689, 13.345974966085096 ], [ 121.28894054041811, 13.345947727029859 ], [ 121.288919460277882, 13.345929699979543 ], [ 121.288881641194521, 13.345880337713449 ], [ 121.2888533888148, 13.345821324552556 ], [ 121.28883087001357, 13.345756127083428 ], [ 121.288810178951067, 13.345687399716711 ], [ 121.288789481590285, 13.345618650613563 ], [ 121.288764113481903, 13.345551468791257 ], [ 121.288731101954781, 13.345488648759716 ], [ 121.288687415133992, 13.345431437189006 ], [ 121.288635988408927, 13.345379571069261 ], [ 121.28858044962297, 13.345331460678276 ], [ 121.288470983854793, 13.345241104302302 ], [ 121.288424438452097, 13.345196410072482 ], [ 121.288389047424971, 13.345150415797207 ], [ 121.288370065956997, 13.345101795889317 ], [ 121.288371803140905, 13.345048302716002 ], [ 121.288390755936973, 13.344991367755076 ], [ 121.288421586503517, 13.344931602874848 ], [ 121.28845989656223, 13.344869376847413 ], [ 121.288544310832862, 13.344737903893051 ], [ 121.288583790916178, 13.344668290257559 ], [ 121.288617004761917, 13.344595473260263 ], [ 121.288633540397797, 13.344546564568331 ], [ 121.288645752733075, 13.344496299664355 ], [ 121.288655993996599, 13.344419715875587 ], [ 121.288659047827252, 13.344341624486386 ], [ 121.288657538045044, 13.344262874857751 ], [ 121.288654624538509, 13.344200271597273 ], [ 121.288650271889836, 13.344106747809628 ], [ 121.288649177794085, 13.344031216991597 ], [ 121.288653166681783, 13.343958867037291 ], [ 121.288665254205554, 13.343891133866933 ], [ 121.288689053449119, 13.343829815385645 ], [ 121.28870456286684, 13.343804877755895 ], [ 121.288732237462156, 13.343771443021875 ], [ 121.288768453608398, 13.343738339174122 ], [ 121.288812818574087, 13.343706409574041 ], [ 121.288864747339431, 13.343675886162126 ], [ 121.288920624736292, 13.343648006233554 ], [ 121.288979441371936, 13.343622185364879 ], [ 121.289099831420799, 13.343576081342821 ], [ 121.289218692102111, 13.343536217198206 ], [ 121.289340709981275, 13.343500873893101 ], [ 121.289401072194252, 13.343486220849272 ], [ 121.28947966789444, 13.343471149954528 ], [ 121.289530055306884, 13.343464613874325 ], [ 121.289579153608599, 13.34346128413689 ], [ 121.289640701445521, 13.34346263407488 ], [ 121.289668484407514, 13.343465822335032 ], [ 121.289727201950924, 13.343478821218376 ], [ 121.289733250565774, 13.343480160177025 ], [ 121.289794241633373, 13.343498382592422 ], [ 121.289853210295064, 13.343513467490336 ], [ 121.289911763283655, 13.343518145933881 ], [ 121.289972714529341, 13.343506217411713 ], [ 121.290034676547364, 13.343479786687846 ], [ 121.290097507175076, 13.343442641849814 ], [ 121.290161116222677, 13.343397747905795 ], [ 121.290225467130341, 13.343347404070226 ], [ 121.290336281481373, 13.343253674329338 ], [ 121.290491681262239, 13.343122232179203 ], [ 121.290689742609175, 13.342962755863528 ], [ 121.290886265414443, 13.342811186909179 ], [ 121.291140654399371, 13.342621765626811 ], [ 121.291156936063203, 13.342609642789759 ], [ 121.291277428992785, 13.342517085335277 ], [ 121.291376562596341, 13.342435058006979 ], [ 121.29142629093613, 13.342390575884052 ], [ 121.291504042315808, 13.342314085516428 ], [ 121.291560257225242, 13.342250868305916 ], [ 121.291598037886871, 13.342202523439679 ], [ 121.291631498376987, 13.342153557283389 ], [ 121.29166005524894, 13.342104372634848 ], [ 121.291686276887404, 13.342048109273584 ], [ 121.291705113246991, 13.34199261031493 ], [ 121.291623208471108, 13.341841024265989 ], [ 121.291502729019641, 13.341519080835365 ], [ 121.291455283488091, 13.341483429796702 ], [ 121.291405495495553, 13.341449574264693 ], [ 121.291353283649144, 13.341417275967094 ], [ 121.291299322061647, 13.341386887458961 ], [ 121.29124188105024, 13.341357606136119 ], [ 121.291204613461304, 13.341340747789596 ], [ 121.291196866062705, 13.341337242525487 ], [ 121.291172045858545, 13.341326013735316 ], [ 121.291100466763325, 13.341297988865712 ], [ 121.291057961695429, 13.341283362868142 ], [ 121.290996350919158, 13.341264722634932 ], [ 121.290979788690734, 13.341260512311308 ], [ 121.290979648628849, 13.341260477919475 ], [ 121.29092993889806, 13.341247843170862 ], [ 121.290859249021807, 13.341233245034173 ], [ 121.290785262815348, 13.341221275629664 ], [ 121.290709217858904, 13.341211968643751 ], [ 121.290632527697198, 13.341205013674708 ], [ 121.290616068751973, 13.341203955848712 ], [ 121.290360840630925, 13.341282237531011 ], [ 121.289929930926235, 13.341389857172389 ], [ 121.289827077861219, 13.341408863014264 ], [ 121.289749819272203, 13.341417296045483 ], [ 121.289668528655085, 13.341417646378003 ], [ 121.2896228997609, 13.341410115203196 ], [ 121.289586421256331, 13.341395253218629 ], [ 121.289560100494612, 13.341370145020491 ], [ 121.289551903488103, 13.341350590132942 ], [ 121.289551275161202, 13.341316070426775 ], [ 121.289591543373803, 13.341192663099639 ], [ 121.289595995888803, 13.341154828958059 ], [ 121.289593227592377, 13.341122051886574 ], [ 121.289579833259268, 13.341074619656039 ], [ 121.289543622936691, 13.340974666695557 ], [ 121.289534906031975, 13.340899503577285 ], [ 121.289541095877311, 13.34085420433834 ], [ 121.289561609263828, 13.340801912149482 ], [ 121.289612250386583, 13.340738103535806 ], [ 121.289653931028596, 13.340704650561657 ], [ 121.289701815267989, 13.340675411910382 ], [ 121.289929294002192, 13.340571392042927 ], [ 121.289982338820991, 13.340539824654401 ], [ 121.29003049393809, 13.340502808095685 ], [ 121.29007108780192, 13.340461028392177 ], [ 121.290104277109307, 13.340413863837645 ], [ 121.290132034123531, 13.340353909673832 ], [ 121.290149563328384, 13.340289041441348 ], [ 121.290156782222297, 13.340235512106807 ], [ 121.290159068368553, 13.340139508700799 ], [ 121.290147754105448, 13.339928930773212 ], [ 121.29015305165801, 13.339804511780954 ], [ 121.290174429991396, 13.339727089445747 ], [ 121.290213291964832, 13.339669509037996 ], [ 121.290246998187897, 13.339638656608344 ], [ 121.290289200518899, 13.339611674272163 ], [ 121.290336621734852, 13.339590185790213 ], [ 121.290418390249926, 13.339565739227783 ], [ 121.290629986352172, 13.339518216340412 ], [ 121.29069898543986, 13.339493494301408 ], [ 121.290718166543797, 13.3394811913445 ], [ 121.290735218155106, 13.339451766274554 ], [ 121.290744864602985, 13.33941613023204 ], [ 121.29074814177892, 13.339368630150174 ], [ 121.290739619250729, 13.33932314084092 ], [ 121.290721730136596, 13.339288688631207 ], [ 121.290702120365864, 13.339267583177643 ], [ 121.290658291563574, 13.339240472871708 ], [ 121.290624600585303, 13.339228269262211 ], [ 121.290589088913521, 13.339220180424748 ], [ 121.290444515757869, 13.339205485051245 ], [ 121.290213850305946, 13.339192811478268 ], [ 121.289934582822042, 13.339210560179126 ], [ 121.289878336707915, 13.339220243825796 ], [ 121.289836689759156, 13.339237082028999 ], [ 121.289790666917483, 13.33926825047714 ], [ 121.289757940081756, 13.339299883200287 ], [ 121.289714264786312, 13.339358711717386 ], [ 121.289685352026552, 13.33941358997086 ], [ 121.289644130379386, 13.339537965287201 ], [ 121.289636581573859, 13.339579520510753 ], [ 121.289621268778944, 13.33971803264865 ], [ 121.289611743059297, 13.339789985421776 ], [ 121.289598694649044, 13.339861199357665 ], [ 121.289580564048052, 13.339930694932157 ], [ 121.289555787641888, 13.339998074689236 ], [ 121.28952485500632, 13.340062111767113 ], [ 121.289488278883624, 13.340122089247707 ], [ 121.289446238105796, 13.340176995997886 ], [ 121.289400883899532, 13.340223494113285 ], [ 121.289384128990093, 13.340236505767191 ], [ 121.289360080406638, 13.340436500933802 ], [ 121.289341058651218, 13.340520401850993 ], [ 121.289315282889703, 13.340592810293108 ], [ 121.289284069624557, 13.340649776199426 ], [ 121.28925105851944, 13.34068802689333 ], [ 121.289220571243533, 13.340708879690645 ], [ 121.289176151227096, 13.340717739414046 ], [ 121.289138372548763, 13.340702968897054 ], [ 121.289117320778814, 13.340685031582765 ], [ 121.289058195729837, 13.340612781649229 ], [ 121.288986918033288, 13.340493751435538 ], [ 121.288886647462135, 13.340287739843834 ], [ 121.28883128624139, 13.340210082184814 ], [ 121.288809236925005, 13.340190156791438 ], [ 121.28875883863661, 13.340160466254162 ], [ 121.288726237060857, 13.340149932003809 ], [ 121.288678237161776, 13.340142787743556 ], [ 121.288632338218093, 13.340142550682307 ], [ 121.288578454060811, 13.340148172634741 ], [ 121.288468945831525, 13.340173247577832 ], [ 121.288167270671153, 13.340280204001809 ], [ 121.288056194966998, 13.340327863228135 ], [ 121.287898976972301, 13.340417377074278 ], [ 121.287825646109169, 13.34044293029754 ], [ 121.287783586472827, 13.340451383676836 ], [ 121.287691937372756, 13.340457919778485 ], [ 121.287538443119985, 13.340448363069111 ], [ 121.287439159487704, 13.340448110694943 ], [ 121.28737413392291, 13.340455572103311 ], [ 121.287272916195818, 13.340481712377965 ], [ 121.287170037858218, 13.34052663834799 ], [ 121.287088078674429, 13.340577298511914 ], [ 121.286993975367551, 13.340654099480282 ], [ 121.286920680763785, 13.340726545752448 ], [ 121.28677529655198, 13.340901615061075 ], [ 121.286730935402801, 13.340966434598798 ], [ 121.286696452783204, 13.341030077446353 ], [ 121.286666606227314, 13.341102776956353 ], [ 121.286651389379202, 13.341159146017493 ], [ 121.28664207895271, 13.341235884240822 ], [ 121.28664442412925, 13.341301122030082 ], [ 121.286654368303161, 13.341352351614217 ], [ 121.286669766942111, 13.341397044334999 ], [ 121.286725295203908, 13.341491061890741 ], [ 121.286860812398302, 13.341657125277878 ], [ 121.287071887369834, 13.341887647018051 ], [ 121.287117010478596, 13.341952157369288 ], [ 121.287132173861579, 13.341995935562762 ], [ 121.287132898292683, 13.342034824318999 ], [ 121.287112305824351, 13.342091939684215 ], [ 121.287083411838964, 13.342134249258377 ], [ 121.287003762557219, 13.342215412736019 ], [ 121.286743141296839, 13.342432644691639 ], [ 121.286391397558518, 13.34269123090934 ], [ 121.286085274412969, 13.342930931667889 ], [ 121.286030975154063, 13.342981649949097 ], [ 121.285959603115828, 13.343061401341608 ], [ 121.285842437112265, 13.343231959536839 ], [ 121.285801938592272, 13.34328200590944 ], [ 121.285685734221119, 13.343400702558979 ], [ 121.285605496894121, 13.343468850210296 ], [ 121.285514489227694, 13.343531393848849 ], [ 121.285442607336037, 13.343571278889479 ], [ 121.285204574025471, 13.343665984842579 ], [ 121.285079401860614, 13.343725384773476 ], [ 121.284692069245907, 13.343936477189256 ], [ 121.284481273247096, 13.344059553948032 ], [ 121.284301757066302, 13.344178712464039 ], [ 121.284179349941397, 13.344272871109784 ], [ 121.284082811674011, 13.344367157681075 ], [ 121.284045455702454, 13.3444139422018 ], [ 121.284020866041487, 13.344454304726066 ], [ 121.283997517630581, 13.344519955248597 ], [ 121.283994126645823, 13.344591880596733 ], [ 121.28400938617375, 13.344670712732981 ], [ 121.284049775338815, 13.344782470354968 ], [ 121.284086469665937, 13.3448572379985 ], [ 121.284148509614752, 13.344958691333508 ], [ 121.284303102493809, 13.345179713001658 ], [ 121.284400253460959, 13.345328806009636 ], [ 121.284470525268176, 13.345447358718378 ], [ 121.284498565381952, 13.345512712385023 ], [ 121.284427547153868, 13.345564122798962 ], [ 121.284405952879041, 13.345530660067981 ], [ 121.284368791934057, 13.345492642626406 ], [ 121.284317610091236, 13.345451816417658 ], [ 121.284256053028244, 13.345415665899433 ], [ 121.284207696547512, 13.345396604295948 ], [ 121.284159546116726, 13.345386235742168 ], [ 121.284120223060214, 13.345386403111156 ], [ 121.284087197935165, 13.345400912594769 ], [ 121.284075095884475, 13.345419479036083 ], [ 121.284075478443128, 13.345437252712944 ], [ 121.284088098985961, 13.345457511205005 ], [ 121.28412972421485, 13.345499641840529 ], [ 121.284133695733658, 13.345511550276758 ], [ 121.284130492967009, 13.345528430046327 ], [ 121.284100718225616, 13.345552793074525 ], [ 121.283996742358198, 13.345600201040712 ], [ 121.283924004620687, 13.345651050048584 ], [ 121.283656198524767, 13.345934592522479 ], [ 121.28363802882987, 13.345968154513987 ], [ 121.283631882269475, 13.346000137871124 ], [ 121.28363906263472, 13.346040373865158 ], [ 121.283673160973805, 13.346145763439035 ], [ 121.283672220778314, 13.346180706244359 ], [ 121.283660941965707, 13.346216847763547 ], [ 121.283620870510461, 13.34627811997918 ], [ 121.283576424837207, 13.346322963440707 ], [ 121.283513716969935, 13.346370030922607 ], [ 121.283459087275844, 13.346398050867363 ], [ 121.283294190278497, 13.345666951264091 ], [ 121.283230464493428, 13.345408816877296 ], [ 121.283201561580185, 13.345315377487781 ], [ 121.283171764235078, 13.345243922363672 ], [ 121.283141787898288, 13.34519977567072 ], [ 121.283125987934355, 13.345188818970199 ], [ 121.283111744198706, 13.345187107738422 ], [ 121.283098547861613, 13.345192591238721 ], [ 121.283087812914715, 13.345204640052959 ], [ 121.283078715504018, 13.345231516311612 ], [ 121.283076627952667, 13.345309503724611 ], [ 121.283087479671295, 13.345405877203145 ], [ 121.283136466956492, 13.345673981388192 ], [ 121.283292451465115, 13.346433270985079 ], [ 121.283273227494419, 13.346409470439228 ], [ 121.283205022378169, 13.346275635242987 ], [ 121.283159895327856, 13.3462257940892 ], [ 121.283106931537148, 13.346203640401448 ], [ 121.283064681308062, 13.346200295104497 ], [ 121.283021994577126, 13.346204998539449 ], [ 121.282944256933405, 13.34622816911663 ], [ 121.282701029302842, 13.346323718217164 ], [ 121.282454417352866, 13.346457646905343 ], [ 121.282167779546882, 13.346572102733868 ], [ 121.282122944188941, 13.346600025448296 ], [ 121.282092549442496, 13.346632490820607 ], [ 121.28219823276892, 13.346844700498584 ], [ 121.282236535449769, 13.346915075648081 ], [ 121.282260315079654, 13.346953645842664 ], [ 121.282276811524611, 13.346980403440812 ], [ 121.282320114767614, 13.347038397018604 ], [ 121.28236773585553, 13.347086165539865 ], [ 121.28242128301153, 13.347120036664888 ], [ 121.282476080609996, 13.347136273582635 ], [ 121.282536069851943, 13.347141552917808 ], [ 121.28260021702414, 13.347139495778572 ], [ 121.282635345684952, 13.347136235092599 ], [ 121.282667726388567, 13.347133228667337 ], [ 121.282810037540926, 13.347115215026022 ], [ 121.282882580642323, 13.347103326577122 ], [ 121.282954665693595, 13.347088735118156 ], [ 121.283009583905496, 13.347074588120108 ], [ 121.28302522910829, 13.347070558461478 ], [ 121.283093106760461, 13.347047643478044 ], [ 121.283164322585733, 13.347014925176042 ], [ 121.283228603765977, 13.346974079936947 ], [ 121.28327900521947, 13.346930810957328 ], [ 121.283368802843441, 13.346836643505997 ], [ 121.28341322544361, 13.346792469711408 ], [ 121.283442592927585, 13.346767513791001 ], [ 121.2834717288858, 13.346746176307123 ], [ 121.283500162388265, 13.346728480268538 ], [ 121.283531349261835, 13.346712627879265 ], [ 121.283562203655578, 13.3467008325226 ], [ 121.283591699274908, 13.346693721736967 ], [ 121.283618313895502, 13.346691826588524 ], [ 121.283640480123253, 13.346695279228289 ], [ 121.283656882039026, 13.346703765196603 ], [ 121.283666646515428, 13.346716619630943 ], [ 121.283668733911327, 13.346746499641112 ], [ 121.283658082253439, 13.346785443816303 ], [ 121.283619728895374, 13.346882964020732 ], [ 121.283601816010545, 13.34693899353751 ], [ 121.283591285761275, 13.346998812602349 ], [ 121.28359260027257, 13.347067109235473 ], [ 121.283605621689176, 13.347137294161387 ], [ 121.283627947104762, 13.347207436627485 ], [ 121.283657901184, 13.347275579194331 ], [ 121.283694463455632, 13.347339577255642 ], [ 121.283737226186915, 13.347396921592329 ], [ 121.283786369872089, 13.347444550199578 ], [ 121.283842666495403, 13.347478648552235 ], [ 121.283897128257522, 13.34749476177832 ], [ 121.283956647019764, 13.347501453960978 ], [ 121.28402034436975, 13.347502187287112 ], [ 121.284307630679663, 13.347490686002121 ], [ 121.284483993990051, 13.347477935764177 ], [ 121.284572169370051, 13.347469191048582 ], [ 121.284659235290633, 13.347458481870047 ], [ 121.284744218582574, 13.347445191497997 ], [ 121.284825918464207, 13.347428388011284 ], [ 121.284902798033286, 13.347406765712631 ], [ 121.284962653422767, 13.347383557965214 ], [ 121.285016236396658, 13.347355154576412 ], [ 121.285061766463826, 13.347320756172786 ], [ 121.285097015994339, 13.347279225004881 ], [ 121.285120862707643, 13.347228061466378 ], [ 121.285134364834533, 13.347169946415136 ], [ 121.285140483289737, 13.347106748402123 ], [ 121.285141736045503, 13.347040056380765 ], [ 121.285134474941046, 13.346787194152364 ], [ 121.2851345928553, 13.346712610820346 ], [ 121.285139670789846, 13.346645532628367 ], [ 121.285145935113789, 13.346611887789855 ], [ 121.285154510330926, 13.346584822595881 ], [ 121.28516448788065, 13.34656502414323 ], [ 121.285174503041432, 13.34655190015738 ], [ 121.28518352934654, 13.34654375883949 ], [ 121.285196674036257, 13.346536191451486 ], [ 121.28521480653113, 13.346531558495442 ], [ 121.285239351079412, 13.346532733125322 ], [ 121.285269914908469, 13.346542906963972 ], [ 121.285305708443516, 13.346564343369803 ], [ 121.28534557500322, 13.346598094725989 ], [ 121.28538805745363, 13.346643714557723 ], [ 121.285423194581, 13.346688612889963 ], [ 121.285431857653677, 13.34669968276409 ], [ 121.285476030722563, 13.346763997168377 ], [ 121.285510900643317, 13.346820033031154 ], [ 121.285564576100086, 13.347030462825131 ], [ 121.285571563520662, 13.347057854330849 ], [ 121.285691058514246, 13.347429371634234 ], [ 121.285824197765635, 13.347597688372067 ], [ 121.285944873074456, 13.347801797893661 ], [ 121.285981545028093, 13.347832698346858 ], [ 121.286074533022173, 13.347911047969033 ], [ 121.286078904631282, 13.34791966086572 ], [ 121.286138596153862, 13.348040625239527 ], [ 121.286211322928267, 13.348192286983419 ], [ 121.286306315133572, 13.348390379274315 ], [ 121.286364152132577, 13.348498871099586 ], [ 121.286397696235113, 13.34855526485252 ], [ 121.286432878197914, 13.348608750210547 ], [ 121.286469938616747, 13.348740944222618 ], [ 121.286509455155311, 13.348881902619841 ], [ 121.286625399324009, 13.349064454011097 ], [ 121.286860120951289, 13.349027774398191 ], [ 121.286996054136978, 13.348918989588835 ], [ 121.287106860603231, 13.348830312533766 ], [ 121.287144528472254, 13.348815515146915 ], [ 121.287220263261972, 13.348780925536113 ], [ 121.287277985970206, 13.348750756493093 ], [ 121.287335059342922, 13.348718166063561 ], [ 121.287420916875973, 13.34866398400454 ], [ 121.287449107365276, 13.34864619276847 ], [ 121.287505188440406, 13.348607987010119 ], [ 121.287619360222379, 13.348525167957213 ], [ 121.287709320082314, 13.348455299749135 ], [ 121.287778521833872, 13.348398829774688 ], [ 121.287930067028171, 13.348267782112108 ], [ 121.288063903061442, 13.348146469129359 ], [ 121.288165461290262, 13.348054411540243 ], [ 121.288274028574079, 13.347958807645103 ], [ 121.288377353856788, 13.347873342158833 ], [ 121.288431596603246, 13.347831375309813 ], [ 121.288672957149203, 13.347749872275145 ], [ 121.289237142259594, 13.347559356116882 ] ] ] ] } },
{ "type": "Feature", "properties": { "fid": 13179.0, "ENR_CLCODE": "01014", "LCM_CLASS": "Grassland", "AREA_HA": 2.4064623653899999, "SOURCE": "Sentinel-2 from ESA, 2022", "REMARKS": "None" }, "geometry": { "type": "MultiPolygon", "coordinates": [ [ [ [ 121.294228781526087, 13.347994010126634 ], [ 121.294155065517984, 13.347991438200744 ], [ 121.29408591272086, 13.348002683968533 ], [ 121.2939942039377, 13.348036761914027 ], [ 121.293912661740237, 13.348083439042899 ], [ 121.293817600943811, 13.34815759752612 ], [ 121.293817894292019, 13.348161943549604 ], [ 121.293817486754449, 13.348172870490925 ], [ 121.293816167077807, 13.348188919869415 ], [ 121.293813659816649, 13.348208573114174 ], [ 121.293809666634189, 13.348230285287071 ], [ 121.293797257872725, 13.348282200584437 ], [ 121.293787416723831, 13.348327760903231 ], [ 121.293782618328493, 13.348346764128976 ], [ 121.29377719265382, 13.348363221406098 ], [ 121.293769101559803, 13.348382493410709 ], [ 121.293757666165817, 13.348412097626552 ], [ 121.293751629467735, 13.348426583026946 ], [ 121.293744668769136, 13.348440151068285 ], [ 121.293738201697678, 13.348449824924582 ], [ 121.29373004041463, 13.34846203445097 ], [ 121.293723247819514, 13.348473493976385 ], [ 121.29371718454054, 13.348487952079349 ], [ 121.293712516414359, 13.348503797128915 ], [ 121.293708764966652, 13.348520550448917 ], [ 121.293702771767698, 13.348552161020262 ], [ 121.293698961683845, 13.348572253773691 ], [ 121.293694910483609, 13.34858870949755 ], [ 121.293689784942956, 13.348604099513198 ], [ 121.293676757275819, 13.348632122916271 ], [ 121.293667522156071, 13.348650260041136 ], [ 121.293662352771847, 13.348658779380353 ], [ 121.293659096864104, 13.348663123089942 ], [ 121.293646706894748, 13.348679652568237 ], [ 121.293639322115482, 13.348690525083091 ], [ 121.293632777986872, 13.348703531013275 ], [ 121.293627397107656, 13.348717691833009 ], [ 121.293619260421352, 13.348744077043266 ], [ 121.293613582793213, 13.348762486794719 ], [ 121.29360818998812, 13.348776636686486 ], [ 121.293601513848614, 13.348789512467818 ], [ 121.293593778909539, 13.348800035522848 ], [ 121.293555929604807, 13.348841637196875 ], [ 121.293543664951628, 13.348853093143356 ], [ 121.293529912177178, 13.348863647798794 ], [ 121.293482998370024, 13.348895926102321 ], [ 121.293461547197751, 13.348909990859982 ], [ 121.293456913217113, 13.348912749784041 ], [ 121.293453705374006, 13.348914205020561 ], [ 121.293452277817664, 13.348914401447633 ], [ 121.293427735824281, 13.348950229661099 ], [ 121.293396540671608, 13.349012680883501 ], [ 121.293380503895932, 13.349059904876128 ], [ 121.293375242391676, 13.349094952407489 ], [ 121.293376309306268, 13.349127814692089 ], [ 121.293386252484254, 13.349173781795855 ], [ 121.293408087528761, 13.349229078735036 ], [ 121.293437997620842, 13.349284003670956 ], [ 121.293506858674149, 13.349372514476414 ], [ 121.293615648878855, 13.349482100838316 ], [ 121.293756198319571, 13.349646352514188 ], [ 121.293834831075031, 13.349726407583944 ], [ 121.293891164375069, 13.349773410642401 ], [ 121.293951454493211, 13.349814726132825 ], [ 121.293998589269904, 13.349840915720087 ], [ 121.294067063902418, 13.34986935655907 ], [ 121.294139991913909, 13.349887013496188 ], [ 121.29421009720545, 13.349891701458914 ], [ 121.29424808494629, 13.349888858036802 ], [ 121.294354291820099, 13.34986233962832 ], [ 121.294450195913385, 13.349818561550185 ], [ 121.294558326385712, 13.349747152270831 ], [ 121.294739835843387, 13.349592377132216 ], [ 121.294826201975482, 13.349494452637471 ], [ 121.294873516238752, 13.349414271211865 ], [ 121.294915383533223, 13.349297133123345 ], [ 121.294934001272608, 13.349182958067152 ], [ 121.294938820570664, 13.348954478328082 ], [ 121.29493445440086, 13.348895415587915 ], [ 121.294921435267, 13.348834117822415 ], [ 121.294896235457671, 13.348771193902216 ], [ 121.294850775358071, 13.348700990587899 ], [ 121.294684110776444, 13.348527537726758 ], [ 121.294635300234788, 13.348464760601018 ], [ 121.294588098963786, 13.348375754748496 ], [ 121.294513432205193, 13.348191179610446 ], [ 121.294470756209876, 13.348123612703708 ], [ 121.294436530876382, 13.348086709158565 ], [ 121.294392301716883, 13.348053261296119 ], [ 121.294341194259459, 13.348026285696539 ], [ 121.294305154791701, 13.34801220365345 ], [ 121.294228781526087, 13.347994010126634 ] ] ] ] } },
{ "type": "Feature", "properties": { "fid": 13457.0, "ENR_CLCODE": "01017", "LCM_CLASS": "Perennial Crop", "AREA_HA": 10.8941637679, "SOURCE": "Sentinel-2 from ESA, 2022", "REMARKS": "None" }, "geometry": { "type": "MultiPolygon", "coordinates": [ [ [ [ 121.294233332900376, 13.350289113160448 ], [ 121.294880735363904, 13.34964909347649 ], [ 121.294999039502301, 13.349514108839264 ], [ 121.295048323427366, 13.34944364111549 ], [ 121.295079245559293, 13.34938726729327 ], [ 121.295132221184019, 13.349251537326364 ], [ 121.295160239959571, 13.349140579409402 ], [ 121.295216188682801, 13.348853850315363 ], [ 121.295226670490663, 13.34875756674978 ], [ 121.29520891184886, 13.348707968407517 ], [ 121.295166738181223, 13.348641254629211 ], [ 121.294952457260109, 13.34835630665131 ], [ 121.294813468706707, 13.34813558910813 ], [ 121.29473745102139, 13.348050706337332 ], [ 121.294443121793492, 13.347822239950895 ], [ 121.294218249113456, 13.347633374514919 ], [ 121.294162849059745, 13.347592968060026 ], [ 121.294101904623943, 13.347558242041751 ], [ 121.294035568257456, 13.347532841021147 ], [ 121.293962437341264, 13.347518399663562 ], [ 121.293919034840769, 13.347519196242922 ], [ 121.293911167718193, 13.347523209592024 ], [ 121.293903971675007, 13.347525390797889 ], [ 121.293895803967857, 13.347526607321555 ], [ 121.293886852337081, 13.347526808911452 ], [ 121.293862734662596, 13.347524756709641 ], [ 121.293847361748973, 13.347522647946683 ], [ 121.29381318541013, 13.347516384338473 ], [ 121.293808719764158, 13.347515566860297 ], [ 121.293791833705001, 13.347513488535572 ], [ 121.293775917298746, 13.34751292172497 ], [ 121.293760353324146, 13.347513951738378 ], [ 121.29374529432323, 13.347516676322437 ], [ 121.293726248608124, 13.34752266134883 ], [ 121.293711950438208, 13.347527842394548 ], [ 121.293697889468987, 13.347533682163226 ], [ 121.293684662341079, 13.347540657418493 ], [ 121.293672904003671, 13.347549310262457 ], [ 121.293664069098739, 13.347558743943583 ], [ 121.293656425224043, 13.347569450205544 ], [ 121.293644642521841, 13.347589931939186 ], [ 121.293640251033523, 13.347599408326223 ], [ 121.293634358184576, 13.347617320398019 ], [ 121.293630180099129, 13.347636979513833 ], [ 121.293627251195346, 13.347657911604166 ], [ 121.29362649995052, 13.347666004369174 ], [ 121.293625220455212, 13.347679759070759 ], [ 121.293622887660149, 13.347725190295703 ], [ 121.293621660520699, 13.347798129496931 ], [ 121.293621893331178, 13.347847697047666 ], [ 121.293622440996785, 13.347872128063759 ], [ 121.293623210551786, 13.347890490133747 ], [ 121.293623445972983, 13.347896112041498 ], [ 121.29362512030697, 13.347919424445552 ], [ 121.293627775448826, 13.347941751025051 ], [ 121.293631849172897, 13.347962666302644 ], [ 121.293637951170055, 13.347981582361712 ], [ 121.29364691047337, 13.347997699453845 ], [ 121.293657708125693, 13.348009036616689 ], [ 121.293670574831211, 13.348018351335408 ], [ 121.293684110008286, 13.348026073421751 ], [ 121.293699127242732, 13.348034639810972 ], [ 121.293714387010667, 13.348044810416097 ], [ 121.293726950677808, 13.3480552104485 ], [ 121.293776984230519, 13.34810146314731 ], [ 121.293787948066438, 13.348112797814133 ], [ 121.293797161736464, 13.348124001332135 ], [ 121.293804733345013, 13.348134404658669 ], [ 121.293814335202939, 13.348148679468682 ], [ 121.293816742226923, 13.348152921378936 ], [ 121.293817842313743, 13.348155964042496 ], [ 121.293817600943811, 13.34815759752612 ], [ 121.293912661740237, 13.348083439042899 ], [ 121.2939942039377, 13.348036761914027 ], [ 121.29408591272086, 13.348002683968533 ], [ 121.294155065517984, 13.347991438200744 ], [ 121.294228781526087, 13.347994010126634 ], [ 121.294305154791701, 13.34801220365345 ], [ 121.294341194259459, 13.348026285696539 ], [ 121.294392301716883, 13.348053261296119 ], [ 121.294436530876382, 13.348086709158565 ], [ 121.294470756209876, 13.348123612703708 ], [ 121.294513432205193, 13.348191179610446 ], [ 121.294588098963786, 13.348375754748496 ], [ 121.294635300234788, 13.348464760601018 ], [ 121.294684110776444, 13.348527537726758 ], [ 121.294850775358071, 13.348700990587899 ], [ 121.294896235457671, 13.348771193902216 ], [ 121.294921435267, 13.348834117822415 ], [ 121.29493445440086, 13.348895415587915 ], [ 121.294938820570664, 13.348954478328082 ], [ 121.294934001272608, 13.349182958067152 ], [ 121.294915383533223, 13.349297133123345 ], [ 121.294873516238752, 13.349414271211865 ], [ 121.294826201975482, 13.349494452637471 ], [ 121.294739835843387, 13.349592377132216 ], [ 121.294558326385712, 13.349747152270831 ], [ 121.294450195913385, 13.349818561550185 ], [ 121.294354291820099, 13.34986233962832 ], [ 121.29424808494629, 13.349888858036802 ], [ 121.29421009720545, 13.349891701458914 ], [ 121.294139991913909, 13.349887013496188 ], [ 121.294067063902418, 13.34986935655907 ], [ 121.293998589269904, 13.349840915720087 ], [ 121.293951454493211, 13.349814726132825 ], [ 121.293891164375069, 13.349773410642401 ], [ 121.293834831075031, 13.349726407583944 ], [ 121.293756198319571, 13.349646352514188 ], [ 121.293615648878855, 13.349482100838316 ], [ 121.293506858674149, 13.349372514476414 ], [ 121.293437997620842, 13.349284003670956 ], [ 121.293408087528761, 13.349229078735036 ], [ 121.293386252484254, 13.349173781795855 ], [ 121.293376309306268, 13.349127814692089 ], [ 121.293375242391676, 13.349094952407489 ], [ 121.293380503895932, 13.349059904876128 ], [ 121.293396540671608, 13.349012680883501 ], [ 121.293427735824281, 13.348950229661099 ], [ 121.293452277817664, 13.348914401447633 ], [ 121.293446563847382, 13.348914802078381 ], [ 121.293433686805443, 13.348912965962612 ], [ 121.293415904890864, 13.348908323566734 ], [ 121.293395258773998, 13.348900521720502 ], [ 121.293372464713428, 13.348890484512978 ], [ 121.293324440974928, 13.348866297239024 ], [ 121.293301247012622, 13.348853411911952 ], [ 121.293281525869588, 13.34883932622731 ], [ 121.29326714349574, 13.348823853956748 ], [ 121.293244329802846, 13.348792006931347 ], [ 121.293219500285161, 13.348762095027279 ], [ 121.293208562880935, 13.348745706932396 ], [ 121.293198151549262, 13.348728808089838 ], [ 121.293186968831833, 13.348712649727414 ], [ 121.293161175844972, 13.348683622524357 ], [ 121.293136608082762, 13.348653377950455 ], [ 121.293109744989664, 13.348625303421665 ], [ 121.293081326461149, 13.348598673610061 ], [ 121.293068636989744, 13.348583864481489 ], [ 121.293019427375953, 13.34852302411244 ], [ 121.292996598696007, 13.348490954615507 ], [ 121.292964726406126, 13.348450011112769 ], [ 121.29294859745157, 13.348368112765737 ], [ 121.292958045518276, 13.348343219720489 ], [ 121.293153311637141, 13.347828791676452 ], [ 121.293217691585212, 13.347659180630981 ], [ 121.293230220854795, 13.347581691856186 ], [ 121.29324019616692, 13.347504825747691 ], [ 121.29324691061008, 13.347425549531893 ], [ 121.293248862928948, 13.347345741255127 ], [ 121.293244811105453, 13.347267692885971 ], [ 121.293234042657886, 13.347193871711852 ], [ 121.293216615695442, 13.347126639959477 ], [ 121.293193438194152, 13.347067877509991 ], [ 121.293166100007412, 13.347018587575825 ], [ 121.293136357019748, 13.346978613009268 ], [ 121.29310514369196, 13.346946471443882 ], [ 121.293070934438532, 13.34691937765173 ], [ 121.293031247933939, 13.346895904794128 ], [ 121.292985334202243, 13.346877030309871 ], [ 121.292933852828767, 13.346864382927125 ], [ 121.292878498665019, 13.346859259424354 ], [ 121.292821579887629, 13.346862114701155 ], [ 121.292765482468795, 13.346872451497983 ], [ 121.292712029619537, 13.346889073667212 ], [ 121.292677987886307, 13.346903125487572 ], [ 121.292644647450061, 13.346919565574835 ], [ 121.292595453106927, 13.346948823824617 ], [ 121.292547693786162, 13.346983233032612 ], [ 121.292516920991091, 13.347008746430054 ], [ 121.292472300185835, 13.347050731472837 ], [ 121.292429582213487, 13.347096847451862 ], [ 121.29238900094289, 13.347146393637713 ], [ 121.29234997748685, 13.347199517060785 ], [ 121.292310893979959, 13.347258006391847 ], [ 121.292309904229413, 13.34725960497966 ], [ 121.292271302006014, 13.347321963445099 ], [ 121.292151395876644, 13.34752563335187 ], [ 121.292111477666964, 13.347588847884893 ], [ 121.292072028614896, 13.34764640459907 ], [ 121.292033180984788, 13.347698005206937 ], [ 121.29200165863503, 13.34773631145328 ], [ 121.291968481051697, 13.347773460371455 ], [ 121.291934743440692, 13.347807430170397 ], [ 121.291914833137753, 13.34782747805412 ], [ 121.291857587732721, 13.34787812701815 ], [ 121.291790763157096, 13.347929735199967 ], [ 121.291755590391787, 13.347954122285035 ], [ 121.291699520383816, 13.347989556059405 ], [ 121.291639499191007, 13.34802334331531 ], [ 121.291577588564536, 13.348054236198749 ], [ 121.291555033011903, 13.348064169823928 ], [ 121.291574093415178, 13.348063958136862 ], [ 121.291627048111621, 13.348048121055543 ], [ 121.291822995314448, 13.347972227793001 ], [ 121.29197511711024, 13.347903012885983 ], [ 121.292280055545078, 13.347747846750146 ], [ 121.292370330044648, 13.347710611525823 ], [ 121.292436311708386, 13.347699275164672 ], [ 121.29247518409386, 13.347706141991919 ], [ 121.292492968216465, 13.347716340594427 ], [ 121.292510726975763, 13.347735363583844 ], [ 121.292532125605987, 13.347784312390623 ], [ 121.292545330650796, 13.347872537085047 ], [ 121.292543148483531, 13.348003310732267 ], [ 121.292525252219818, 13.348127082339534 ], [ 121.292496158862178, 13.348233076614051 ], [ 121.292408032586422, 13.348447042644324 ], [ 121.292310067883989, 13.34865512466774 ], [ 121.292248730182649, 13.348870525617151 ], [ 121.292199272314321, 13.348996788813441 ], [ 121.292107335375547, 13.349166111661967 ], [ 121.291996341506788, 13.34932335526606 ], [ 121.291867801092508, 13.349478290799038 ], [ 121.291729702033251, 13.349630072966619 ], [ 121.291602497370718, 13.34974535703885 ], [ 121.291539773143953, 13.349792438214829 ], [ 121.291483906593427, 13.349824875101929 ], [ 121.29137782133256, 13.349866954246096 ], [ 121.291267637529927, 13.349889694241908 ], [ 121.29113031981791, 13.349898274622854 ], [ 121.290894461517652, 13.349892583043294 ], [ 121.290864455303492, 13.349895752103198 ], [ 121.290859317160084, 13.349900224924401 ], [ 121.291377298828422, 13.350004419589647 ], [ 121.291554483607811, 13.350040061938474 ], [ 121.291772838031264, 13.350166056163932 ], [ 121.291757401975772, 13.350190904069184 ], [ 121.29172990851265, 13.35023156228986 ], [ 121.291691775622539, 13.35028396212912 ], [ 121.2916096063136, 13.350388281612682 ], [ 121.29152362960383, 13.350493193524638 ], [ 121.291438042010824, 13.35059763259444 ], [ 121.291397317508455, 13.350650214576582 ], [ 121.291334382748857, 13.350737244708808 ], [ 121.291289002585728, 13.350806091131219 ], [ 121.291246721716149, 13.350876435473459 ], [ 121.291214481063122, 13.35093518871337 ], [ 121.291184036265861, 13.350995706731332 ], [ 121.291157544617803, 13.351053153035187 ], [ 121.291131584727992, 13.351114508590058 ], [ 121.291106521151605, 13.351179129593806 ], [ 121.291085140155161, 13.351241216667852 ], [ 121.291060579373479, 13.351312536991141 ], [ 121.291019856201885, 13.351446148757439 ], [ 121.290911752728974, 13.351560912759812 ], [ 121.290761107485565, 13.351720838957073 ], [ 121.290686409718646, 13.351923627290994 ], [ 121.290686072017252, 13.351971664247825 ], [ 121.290685231920392, 13.352091037181307 ], [ 121.290476209099424, 13.352292917738396 ], [ 121.290242742718149, 13.352484547823137 ], [ 121.290230554452918, 13.352494551555498 ], [ 121.290229943759101, 13.352495017431288 ], [ 121.289997277796317, 13.352672352438878 ], [ 121.28983015289387, 13.352734005206525 ], [ 121.289678943088035, 13.352789786641186 ], [ 121.289360524443651, 13.352919178119596 ], [ 121.289078444638875, 13.353090662434232 ], [ 121.28886244934364, 13.353221970976316 ], [ 121.288814311755786, 13.353237836393566 ], [ 121.288778411171407, 13.353251563106097 ], [ 121.28875162775509, 13.353263246550046 ], [ 121.288761000121525, 13.353273665851816 ], [ 121.288791180135874, 13.353286563763 ], [ 121.288860599256694, 13.353302219897749 ], [ 121.28895448895247, 13.353308869506176 ], [ 121.289041614209978, 13.353304293145671 ], [ 121.289114648318559, 13.353293453110405 ], [ 121.289243845094163, 13.353260927710396 ], [ 121.289338264888926, 13.353226444463273 ], [ 121.289440127225078, 13.353178709311893 ], [ 121.289580396172639, 13.353096644153256 ], [ 121.289929764448971, 13.352875531711462 ], [ 121.290228320941125, 13.352705469574154 ], [ 121.290422453472033, 13.352604697237709 ], [ 121.2908994738697, 13.352382293684856 ], [ 121.291077533937298, 13.35228686043736 ], [ 121.29122904657811, 13.352192325512267 ], [ 121.291451181021927, 13.352036221349133 ], [ 121.291617074305975, 13.351927577333427 ], [ 121.292117450671867, 13.351610914875792 ], [ 121.292405571123936, 13.35144651695148 ], [ 121.292649290303757, 13.351285645118192 ], [ 121.292973720832862, 13.351110802076056 ], [ 121.293409412774196, 13.350915649208195 ], [ 121.293534227649971, 13.350846913129484 ], [ 121.29361503340067, 13.350794210531015 ], [ 121.293863920340314, 13.350604710334878 ], [ 121.294090182267638, 13.350416986615508 ], [ 121.294233332900376, 13.350289113160448 ] ] ] ] } },
{ "type": "Feature", "properties": { "fid": 14172.0, "ENR_CLCODE": "01007", "LCM_CLASS": "Mangrove Forest", "AREA_HA": 379.77043043700002, "SOURCE": "Sentinel-2 from ESA, 2022", "REMARKS": "None" }, "geometry": { "type": "MultiPolygon", "coordinates": [ [ [ [ 121.29675763365006, 13.348057514760479 ], [ 121.296799999664472, 13.347924374671985 ], [ 121.296799163580076, 13.347923606341546 ], [ 121.296804468366517, 13.347906501662319 ], [ 121.29692253582003, 13.347771003526075 ], [ 121.297176664848948, 13.347633357703664 ], [ 121.297473147386057, 13.347527478655964 ], [ 121.297566388156298, 13.347565285671656 ], [ 121.297580418860264, 13.347555320861128 ], [ 121.297597134548354, 13.347543448206881 ], [ 121.297724878862766, 13.347456929369669 ], [ 121.29778523680406, 13.347418983172521 ], [ 121.297854260941406, 13.347378501291271 ], [ 121.297924465790572, 13.347340758879943 ], [ 121.298002931956688, 13.347302791071566 ], [ 121.298082723729991, 13.347268747787474 ], [ 121.298163861083907, 13.34723867706718 ], [ 121.298223388640565, 13.347219291755232 ], [ 121.298344869164069, 13.347185437380157 ], [ 121.298560933043717, 13.347134568932258 ], [ 121.298626551060565, 13.347119120316567 ], [ 121.298704353391884, 13.347099262462514 ], [ 121.298781435912531, 13.347077406672836 ], [ 121.298862363503119, 13.347051418933061 ], [ 121.298942002066468, 13.347022204659448 ], [ 121.299020151946905, 13.346989539248229 ], [ 121.299085133374334, 13.346959068236133 ], [ 121.299148895740018, 13.346926053601848 ], [ 121.299211429316273, 13.346890565783225 ], [ 121.299279886084577, 13.34684814895355 ], [ 121.299347004936706, 13.346803024096099 ], [ 121.299412911013661, 13.346755510221309 ], [ 121.299472333695135, 13.346710177982883 ], [ 121.299588854529631, 13.346615462865525 ], [ 121.299648788112279, 13.346564280487756 ], [ 121.299675265207341, 13.346540853166829 ], [ 121.299761092587005, 13.346464909892543 ], [ 121.299769585124068, 13.346457396214237 ], [ 121.300151392879997, 13.346109628092186 ], [ 121.300182748557503, 13.346082493313039 ], [ 121.300208273070126, 13.346020420391685 ], [ 121.300224640437492, 13.345995160516182 ], [ 121.300269996628515, 13.345925166699056 ], [ 121.300393277422273, 13.345758575733601 ], [ 121.300528266725863, 13.345663813652321 ], [ 121.300616916408728, 13.345629776699855 ], [ 121.300711933101468, 13.345593294207154 ], [ 121.300846756080261, 13.345522448419384 ], [ 121.300970119331396, 13.345343898398182 ], [ 121.301004741457746, 13.345288258081192 ], [ 121.301081271574745, 13.345165267886076 ], [ 121.301204133450085, 13.345058466268419 ], [ 121.30137558748379, 13.34498786495004 ], [ 121.301522202883206, 13.344976889002233 ], [ 121.301522863917484, 13.344976741599583 ], [ 121.30173012316348, 13.344930448693185 ], [ 121.301745603660265, 13.344925510123311 ], [ 121.301913704787268, 13.34487188696249 ], [ 121.30201147509004, 13.344860583819631 ], [ 121.302145795720932, 13.344861483125541 ], [ 121.302176883847338, 13.344874264399737 ], [ 121.302235225659587, 13.344898247365196 ], [ 121.302361898508764, 13.344879300082134 ], [ 121.302446093416904, 13.344863351678391 ], [ 121.302540107127925, 13.344839896571232 ], [ 121.302587876273762, 13.344824508436893 ], [ 121.302634374801983, 13.344806422695903 ], [ 121.302662701064733, 13.344793552135252 ], [ 121.302721074338024, 13.344762395667912 ], [ 121.302721853058259, 13.344761920040391 ], [ 121.302749676506565, 13.344744931614201 ], [ 121.302798359169387, 13.344711952798294 ], [ 121.302871676316798, 13.344654705905587 ], [ 121.302913403583133, 13.34461883034259 ], [ 121.303019100795609, 13.344521504278548 ], [ 121.303088724446141, 13.344454673009402 ], [ 121.303215640380671, 13.344330868383226 ], [ 121.3032551166839, 13.344238184862446 ], [ 121.303261498669983, 13.344223199821862 ], [ 121.303335516118011, 13.344116069476694 ], [ 121.30339740473552, 13.343996899188589 ], [ 121.303508221999579, 13.343866098545218 ], [ 121.303606995136192, 13.343711300135588 ], [ 121.303791074774651, 13.343580989102914 ], [ 121.30386369613133, 13.343568799355721 ], [ 121.303985183321586, 13.343548407158183 ], [ 121.304026604867303, 13.343499469108716 ], [ 121.304066038945848, 13.343449620138093 ], [ 121.304091725530157, 13.343414415682172 ], [ 121.304103202475162, 13.34339868570331 ], [ 121.30414790504642, 13.343330449176614 ], [ 121.304188217825285, 13.343259790561886 ], [ 121.304223930331958, 13.343186712966562 ], [ 121.304250047230497, 13.343124211398099 ], [ 121.304272964297112, 13.343060194205528 ], [ 121.304291731891283, 13.342998585092921 ], [ 121.304307941050737, 13.342935743968079 ], [ 121.304324053477373, 13.342859964911339 ], [ 121.304337088703321, 13.342782953972943 ], [ 121.304347282730902, 13.342705018251852 ], [ 121.304354819178073, 13.3426264319551 ], [ 121.304360065254244, 13.34254247747233 ], [ 121.304362546393421, 13.342458308269057 ], [ 121.304362262810542, 13.342374157548941 ], [ 121.304359127937332, 13.342290260644253 ], [ 121.3043529953231, 13.342206836214826 ], [ 121.304343625789414, 13.34212376786072 ], [ 121.304330846651865, 13.342041593136136 ], [ 121.304314485577848, 13.341960535949987 ], [ 121.304294409388191, 13.341880765337256 ], [ 121.304270544035731, 13.341802310628093 ], [ 121.3042458297802, 13.341732638670683 ], [ 121.304218167430122, 13.341663602219427 ], [ 121.304187845831834, 13.341595080286208 ], [ 121.30412120759317, 13.341459981963093 ], [ 121.304078836484564, 13.341381300761427 ], [ 121.304047939305278, 13.341323926157335 ], [ 121.304046194346455, 13.341320685761595 ], [ 121.303968597196388, 13.341182490286588 ], [ 121.303886706411689, 13.341039368704779 ], [ 121.303796806786934, 13.340886696185365 ], [ 121.303750177889924, 13.340811687736487 ], [ 121.303702040304344, 13.340738848404692 ], [ 121.303651669312586, 13.340668458041675 ], [ 121.303606360469786, 13.340610438792707 ], [ 121.303558793345971, 13.340554729146952 ], [ 121.30351736004296, 13.340510598787107 ], [ 121.303508872184878, 13.340501558045847 ], [ 121.303456582670734, 13.340451124246043 ], [ 121.303401951645171, 13.34040354904683 ], [ 121.303344994009336, 13.340358813565263 ], [ 121.303282095014779, 13.340314291222576 ], [ 121.30321649896571, 13.340272256299771 ], [ 121.303148474421477, 13.340232321026619 ], [ 121.303075813861867, 13.340192711604512 ], [ 121.302923947815486, 13.34011646315088 ], [ 121.302766140224577, 13.340042441603908 ], [ 121.302491669008802, 13.339917268388755 ], [ 121.302293029258934, 13.339826678593777 ], [ 121.302132279289182, 13.339749380215299 ], [ 121.301969781133806, 13.339665243866328 ], [ 121.301890047859999, 13.339620727294413 ], [ 121.301811823087036, 13.339574340773707 ], [ 121.301735179200321, 13.339525897689056 ], [ 121.301660122579051, 13.339475409835391 ], [ 121.301588274130182, 13.339424452740232 ], [ 121.301498609186069, 13.339358459884357 ], [ 121.301377147748511, 13.339269065755026 ], [ 121.301306388613725, 13.339220083674128 ], [ 121.301236166735222, 13.339175835207028 ], [ 121.301166056636404, 13.339137496152567 ], [ 121.301096343903239, 13.339106329347787 ], [ 121.301027154579074, 13.339083050611315 ], [ 121.30098480130394, 13.3390727767563 ], [ 121.300940709277654, 13.339065356497542 ], [ 121.300910688625422, 13.339062226763197 ], [ 121.300846318477056, 13.339060793800334 ], [ 121.300792417707072, 13.339065263139513 ], [ 121.300735539646951, 13.339075975423109 ], [ 121.300670242469749, 13.339096935271476 ], [ 121.300664299765671, 13.339099840113754 ], [ 121.300611897255251, 13.339125455872056 ], [ 121.300562210874133, 13.339159806939962 ], [ 121.300531563149363, 13.339187618235776 ], [ 121.300506454696091, 13.339215819333841 ], [ 121.300491762722046, 13.339235369002695 ], [ 121.300463771558526, 13.339281318291347 ], [ 121.300310544166692, 13.339310429266414 ], [ 121.300127717364319, 13.339345164533151 ], [ 121.300030197554477, 13.3393205956286 ], [ 121.299883694633053, 13.339244823631139 ], [ 121.299647160304929, 13.339122485480598 ], [ 121.299539680044958, 13.338995156633825 ], [ 121.299288173202626, 13.338714524549443 ], [ 121.299175171912651, 13.338582554923601 ], [ 121.299100417342345, 13.33848933745003 ], [ 121.299093872111513, 13.33848117559298 ], [ 121.298975725017897, 13.338328452464717 ], [ 121.298952690938066, 13.338298676167707 ], [ 121.298859257350287, 13.338187120477096 ], [ 121.298832842592418, 13.338149665518065 ], [ 121.298819069863498, 13.338123514719733 ], [ 121.298809628926094, 13.338096455786527 ], [ 121.298804550728022, 13.338051475172477 ], [ 121.298809611875228, 13.338005098595925 ], [ 121.298825344092677, 13.337948123608962 ], [ 121.298844882411331, 13.337891356850957 ], [ 121.298847358663267, 13.337882596850665 ], [ 121.298860824701222, 13.337834959047411 ], [ 121.298862370498739, 13.337824494384364 ], [ 121.29886544466612, 13.337803680637546 ], [ 121.298865685866517, 13.337773165426031 ], [ 121.29886359755136, 13.337756800143659 ], [ 121.298857991302427, 13.337735734475256 ], [ 121.298851509231156, 13.337720689985053 ], [ 121.298836231430656, 13.337697371754114 ], [ 121.298819674158253, 13.337680114463101 ], [ 121.298793383366828, 13.337660491204703 ], [ 121.298755119316169, 13.33764079629981 ], [ 121.298704178374138, 13.337623432941028 ], [ 121.298641144332024, 13.3376100483109 ], [ 121.298569453499667, 13.337601589325248 ], [ 121.298490695498117, 13.337597773832366 ], [ 121.298408155773899, 13.337598030119199 ], [ 121.298324508460269, 13.337601428938818 ], [ 121.298281955947147, 13.337604588616369 ], [ 121.298171057672846, 13.337612824757331 ], [ 121.297849165128682, 13.337641620753388 ], [ 121.297515808866564, 13.337663250793927 ], [ 121.297471817620064, 13.33766610506177 ], [ 121.297366922606017, 13.337674110164153 ], [ 121.297250721174194, 13.337684742472103 ], [ 121.297103617215825, 13.337700339192544 ], [ 121.29706713109907, 13.337704659488802 ], [ 121.296784632725775, 13.337738110876771 ], [ 121.296527127968943, 13.337772696833708 ], [ 121.296362049612938, 13.337799291362646 ], [ 121.296290241509467, 13.337812756362728 ], [ 121.296211776843606, 13.337827468062731 ], [ 121.296122307758807, 13.337845830357161 ], [ 121.295943834004106, 13.337884762544411 ], [ 121.29577018894139, 13.337924573227127 ], [ 121.295532622190692, 13.33798269778794 ], [ 121.295295505821684, 13.338046717545437 ], [ 121.295123620459464, 13.338097067127014 ], [ 121.294962915074734, 13.338148059727841 ], [ 121.294820423151691, 13.338197487697814 ], [ 121.294570387291913, 13.338291014283403 ], [ 121.294519305700149, 13.338309374982018 ], [ 121.294447401876099, 13.338335219218218 ], [ 121.294323273816119, 13.338374558920819 ], [ 121.294257340154829, 13.338392554377775 ], [ 121.294187164828287, 13.33840927560998 ], [ 121.294114971319743, 13.338423825624641 ], [ 121.29403980166741, 13.338436181676853 ], [ 121.293961642519292, 13.338446143012749 ], [ 121.293882884059087, 13.338453389540247 ], [ 121.293802252135407, 13.338458101558343 ], [ 121.293720859110962, 13.338460266698553 ], [ 121.293639212850067, 13.338459989627596 ], [ 121.293560173138474, 13.338457506607229 ], [ 121.293481093673762, 13.338452938045071 ], [ 121.293405448756459, 13.338446684345501 ], [ 121.293259040839644, 13.338429609142024 ], [ 121.293122421117701, 13.338408321074585 ], [ 121.293064021914802, 13.338397693407543 ], [ 121.293033037127955, 13.338392054304583 ], [ 121.292979310303252, 13.338381047850445 ], [ 121.29285507959105, 13.338355599705595 ], [ 121.29268438789741, 13.338316329734663 ], [ 121.29260275559885, 13.338295632909995 ], [ 121.292521916137432, 13.338273245746878 ], [ 121.292441767469924, 13.338248455299825 ], [ 121.292364139163027, 13.338221118478067 ], [ 121.292291571550237, 13.338191743273867 ], [ 121.292224960446987, 13.338160787690617 ], [ 121.292165076553715, 13.338129173479201 ], [ 121.292111953599445, 13.338097876157054 ], [ 121.292064343926185, 13.338067245223225 ], [ 121.292000562476957, 13.338022227211336 ], [ 121.291881819720032, 13.337938417984439 ], [ 121.291837176207565, 13.337909829962507 ], [ 121.291798558288562, 13.337888182910431 ], [ 121.291766005791629, 13.337872671744455 ], [ 121.291739868831584, 13.337862209662354 ], [ 121.291706392804983, 13.337851477371528 ], [ 121.291663696209397, 13.337841961671471 ], [ 121.291614998421721, 13.337835915113979 ], [ 121.29153704045514, 13.337832698531203 ], [ 121.291397478779444, 13.337829572089117 ], [ 121.291222525054167, 13.337820004517274 ], [ 121.291119829367091, 13.33781654806007 ], [ 121.291061815008476, 13.337816822425312 ], [ 121.291000655212017, 13.337819408393607 ], [ 121.29093770925968, 13.337824880087837 ], [ 121.290874392957008, 13.337833519158387 ], [ 121.29081203418859, 13.337845247822285 ], [ 121.290751743475198, 13.337859659622536 ], [ 121.290652533107419, 13.337889684508902 ], [ 121.290579856285106, 13.337916088208434 ], [ 121.290507242376208, 13.337945344949144 ], [ 121.290438270294842, 13.337974932742519 ], [ 121.290280186985214, 13.338042749435193 ], [ 121.290219620722894, 13.338066498999694 ], [ 121.290160520824131, 13.338087160891471 ], [ 121.290122403960254, 13.338098751662308 ], [ 121.290084982150901, 13.3381085122634 ], [ 121.290035464150179, 13.338118489207764 ], [ 121.289986985303884, 13.338124311729016 ], [ 121.289941296937911, 13.338125283051008 ], [ 121.289900353382706, 13.338121238349979 ], [ 121.289865761394708, 13.338112738069986 ], [ 121.289838358772329, 13.338101004507951 ], [ 121.289818005280864, 13.338087595904684 ], [ 121.289803705200143, 13.338073914661406 ], [ 121.289793963467901, 13.338060706292664 ], [ 121.289787754871554, 13.338048844230437 ], [ 121.289783278471219, 13.338036249107457 ], [ 121.2897804834016, 13.338022542758502 ], [ 121.28977955332968, 13.338007597173331 ], [ 121.289780726765841, 13.337991360638901 ], [ 121.289785706235605, 13.337968676317683 ], [ 121.289795828603317, 13.337942245915961 ], [ 121.289812342964083, 13.337912169185914 ], [ 121.289836164190874, 13.337878818393536 ], [ 121.289868713145268, 13.337841628294886 ], [ 121.28991065551908, 13.337800703725483 ], [ 121.289961569844451, 13.337756384394625 ], [ 121.290048998435879, 13.337685331623161 ], [ 121.290161710247673, 13.337593733175011 ], [ 121.290226980857298, 13.337534866383278 ], [ 121.290286652373496, 13.337473630553728 ], [ 121.290301593765221, 13.337456268681937 ], [ 121.290020860952296, 13.337507690170938 ], [ 121.289613698710269, 13.337309879538537 ], [ 121.289161047039997, 13.336910811280731 ], [ 121.288803680481777, 13.337006100311383 ], [ 121.288192191329969, 13.33697432026757 ], [ 121.28772365690115, 13.336571280915713 ], [ 121.285719519425371, 13.333486831076529 ], [ 121.285702811428976, 13.333485467939292 ], [ 121.285630153992898, 13.333477070322038 ], [ 121.285542865883414, 13.333465385389985 ], [ 121.285413440997743, 13.333448059792312 ], [ 121.285337367434167, 13.33344123243325 ], [ 121.285262999352213, 13.333439528049043 ], [ 121.285207222409113, 13.333443230321667 ], [ 121.285157157304781, 13.333451602826075 ], [ 121.285122021534448, 13.333461102596626 ], [ 121.285078294160741, 13.333478043475765 ], [ 121.285053029096318, 13.333490819022776 ], [ 121.285022250041166, 13.333509697149168 ], [ 121.284986625388555, 13.333536484719501 ], [ 121.28494608563382, 13.333573826902891 ], [ 121.284905917566334, 13.333618116078453 ], [ 121.284865313717845, 13.333669717350853 ], [ 121.284826388084525, 13.33372442217075 ], [ 121.2847987638565, 13.333765719725973 ], [ 121.284787954278272, 13.333781881719919 ], [ 121.284689980169219, 13.333934662682134 ], [ 121.284582101008041, 13.33410971287544 ], [ 121.284540389252058, 13.334183741641148 ], [ 121.284517167573767, 13.334230147031505 ], [ 121.284493259599799, 13.334277922550729 ], [ 121.284468275835891, 13.334335924434527 ], [ 121.284445429825411, 13.334397700054637 ], [ 121.284425287674352, 13.334464511452055 ], [ 121.284409100562513, 13.334535900728065 ], [ 121.284398043848114, 13.334610777660385 ], [ 121.284392958166421, 13.334687744243084 ], [ 121.284394233903143, 13.33476524575226 ], [ 121.28440179002331, 13.334841692625305 ], [ 121.284415079756144, 13.334915569868128 ], [ 121.284433160748193, 13.334985566786171 ], [ 121.284454850459198, 13.335050791354835 ], [ 121.284479378502667, 13.335111846647667 ], [ 121.28450717743317, 13.335171387572714 ], [ 121.284545441995292, 13.335242874708925 ], [ 121.284587864204838, 13.335313018003628 ], [ 121.284647781985853, 13.335401998500139 ], [ 121.284755465313737, 13.335548384993672 ], [ 121.284845019578697, 13.335670127076092 ], [ 121.284881861184545, 13.335724255529058 ], [ 121.284916000627348, 13.335778578938863 ], [ 121.284946061242749, 13.33583185326188 ], [ 121.284971202233478, 13.335883153547032 ], [ 121.284991701918784, 13.33593358350992 ], [ 121.285002429079668, 13.335966081093932 ], [ 121.28501647126788, 13.336025757227578 ], [ 121.285022251923664, 13.336082358304029 ], [ 121.285022221916591, 13.336107445163153 ], [ 121.2850200311767, 13.336136558573354 ], [ 121.28501555194363, 13.336164930627662 ], [ 121.285008878989174, 13.336192473389772 ], [ 121.285000108964311, 13.336219224574789 ], [ 121.284989111462124, 13.336245741891695 ], [ 121.28497392103948, 13.3362755859135 ], [ 121.284953768845341, 13.336308360038689 ], [ 121.284927799788463, 13.336343984339736 ], [ 121.28489562817991, 13.336382047642845 ], [ 121.284859172963337, 13.336420341254781 ], [ 121.284808901383741, 13.336468194392857 ], [ 121.284803237271035, 13.336473587302647 ], [ 121.284638475614713, 13.336621664360608 ], [ 121.284562068785007, 13.336697436838975 ], [ 121.284527298091632, 13.336735849397021 ], [ 121.284495131185309, 13.336774665595067 ], [ 121.284457432731998, 13.336825694422782 ], [ 121.28442212911051, 13.336881343855342 ], [ 121.284390626460777, 13.336941303476582 ], [ 121.284364788830786, 13.337003818878573 ], [ 121.284346316746266, 13.337065593436058 ], [ 121.284335558680993, 13.337125256533028 ], [ 121.284332643277608, 13.337177941678053 ], [ 121.284335939639817, 13.337221940312201 ], [ 121.284343221133241, 13.337256769097669 ], [ 121.284352860889101, 13.33728457904845 ], [ 121.284364227898692, 13.337307665334627 ], [ 121.284376614965353, 13.337326700152866 ], [ 121.284389749611492, 13.337342620777699 ], [ 121.284414064285613, 13.337364770049424 ], [ 121.284434327473718, 13.337378360112188 ], [ 121.28446415156084, 13.337392464365154 ], [ 121.284470131292849, 13.337395290739963 ], [ 121.2844887898558, 13.337401510544401 ], [ 121.284538551864927, 13.337412062452518 ], [ 121.284592930141741, 13.337416602406821 ], [ 121.284650417021197, 13.337416220176644 ], [ 121.284710288519634, 13.337412002722061 ], [ 121.284777063539053, 13.337404122649454 ], [ 121.284786441755031, 13.33740267146695 ], [ 121.284787628239101, 13.337402487905946 ], [ 121.284845340885724, 13.337393560120178 ], [ 121.284923231072014, 13.337379176209057 ], [ 121.284958412988843, 13.337371715086666 ], [ 121.284958446267922, 13.337371708081713 ], [ 121.285001827864249, 13.337362508460316 ], [ 121.285080655822384, 13.337343697359819 ], [ 121.285159304793737, 13.337322657868611 ], [ 121.285238251197271, 13.337298849993216 ], [ 121.285313280943058, 13.337273243895456 ], [ 121.285384084045759, 13.33724594774641 ], [ 121.285449867714476, 13.337217468663244 ], [ 121.285510343762454, 13.3371883560571 ], [ 121.285590857957018, 13.337144920203436 ], [ 121.285687475248565, 13.337085612234853 ], [ 121.285780929927498, 13.337021383744753 ], [ 121.2858541477529, 13.336967338275798 ], [ 121.286069858830061, 13.336803103272739 ], [ 121.286105953391143, 13.33677740705361 ], [ 121.286122757990753, 13.336765444439621 ], [ 121.286175958004478, 13.336730138616797 ], [ 121.286245262369064, 13.336689338963751 ], [ 121.286279111820576, 13.336672023580523 ], [ 121.286328611903372, 13.336650330288085 ], [ 121.286375135166637, 13.336634377182881 ], [ 121.286419819741056, 13.33662363960836 ], [ 121.286460389286347, 13.336618266622548 ], [ 121.286491423140362, 13.336617297678918 ], [ 121.286521389722779, 13.336619231969356 ], [ 121.286549880832823, 13.336623970009466 ], [ 121.286576511559886, 13.336631251583057 ], [ 121.286601149450149, 13.336640750396574 ], [ 121.286629880522057, 13.336655666797446 ], [ 121.286657501482054, 13.336674584352835 ], [ 121.286683693591172, 13.336697544286359 ], [ 121.286708191270876, 13.336724510449081 ], [ 121.28672711033596, 13.336749879569059 ], [ 121.28674544486374, 13.336779198275792 ], [ 121.286762768222616, 13.336812232282208 ], [ 121.286778673123479, 13.336848231319339 ], [ 121.286792921948177, 13.336886077487977 ], [ 121.286816732046333, 13.336963126370843 ], [ 121.286852744590803, 13.337108549509786 ], [ 121.286891926757406, 13.337266774962689 ], [ 121.28691452757937, 13.337347888502809 ], [ 121.286947108003801, 13.337451877262748 ], [ 121.286965285517908, 13.337504570037654 ], [ 121.287004181500336, 13.337607896622412 ], [ 121.287063033662207, 13.337747884241175 ], [ 121.287097925567906, 13.337825117669544 ], [ 121.287133867232882, 13.337901664944356 ], [ 121.287202358598961, 13.338040646849803 ], [ 121.287272113811412, 13.338170999876901 ], [ 121.287309106721708, 13.3382334845308 ], [ 121.287346980905667, 13.338291568762825 ], [ 121.287384861445801, 13.338343277090676 ], [ 121.287422552825291, 13.338388324370611 ], [ 121.287461032334249, 13.338427914868083 ], [ 121.287492674252832, 13.338455847783107 ], [ 121.287524750027458, 13.338480124746464 ], [ 121.287556225091208, 13.338500200029859 ], [ 121.287586458105878, 13.338516178652108 ], [ 121.287615303321559, 13.338528569411086 ], [ 121.287645595824344, 13.338538749159596 ], [ 121.287676033884367, 13.33854622910934 ], [ 121.287706373010039, 13.338551123298011 ], [ 121.287735879084025, 13.338553603906165 ], [ 121.287763658647222, 13.338554055348748 ], [ 121.287811301311464, 13.338551102829141 ], [ 121.287860314077122, 13.338544192478608 ], [ 121.287923845195195, 13.338532094709262 ], [ 121.287987171114878, 13.338520036206129 ], [ 121.288032337515162, 13.33851378216352 ], [ 121.28805857674827, 13.338511590135301 ], [ 121.288113859985984, 13.338511434443117 ], [ 121.288142012851807, 13.338514049544086 ], [ 121.28818833514886, 13.338522902570219 ], [ 121.288235094313222, 13.338538375831424 ], [ 121.288281534338537, 13.338561649184175 ], [ 121.288303640775538, 13.338576212291024 ], [ 121.288328090025288, 13.338595719216727 ], [ 121.288350468382561, 13.338617647143355 ], [ 121.288372786356078, 13.338644982553333 ], [ 121.288389872131049, 13.338671457248076 ], [ 121.288406720716821, 13.338705499397511 ], [ 121.288421174602661, 13.33874741976962 ], [ 121.288431040167495, 13.338796500276166 ], [ 121.288434735163207, 13.338851194503297 ], [ 121.28843163775673, 13.338909370509029 ], [ 121.288422144516531, 13.338968726095626 ], [ 121.288407387455862, 13.339027382546364 ], [ 121.288395173456991, 13.339065925096142 ], [ 121.288365292575293, 13.339144244974438 ], [ 121.288329801630354, 13.339223704558798 ], [ 121.2883172013169, 13.339249780023492 ], [ 121.288233111509584, 13.339423783654537 ], [ 121.288202725087572, 13.339492910359473 ], [ 121.288177001293221, 13.339560816808005 ], [ 121.288159750133985, 13.339617502136633 ], [ 121.288147187169557, 13.33967457447921 ], [ 121.288140340364748, 13.339731817550412 ], [ 121.288140195676363, 13.339787385090577 ], [ 121.288146904646126, 13.339839166672382 ], [ 121.288159621148722, 13.339885422018714 ], [ 121.28817673025884, 13.33992517935676 ], [ 121.288196394449571, 13.339958400916249 ], [ 121.288217392353516, 13.339986154931061 ], [ 121.288240686356218, 13.340011232770626 ], [ 121.288268364235932, 13.340035876647589 ], [ 121.288301068381713, 13.340060094532181 ], [ 121.288338164193803, 13.340083168960847 ], [ 121.288364900785709, 13.340097732741656 ], [ 121.288415615413768, 13.340121968792308 ], [ 121.28860054674, 13.34004681797132 ], [ 121.288603602690259, 13.340045942948308 ], [ 121.288722905079069, 13.340011768122437 ], [ 121.288869516164141, 13.340000801002947 ], [ 121.288954485974728, 13.340073123106979 ], [ 121.288945349450842, 13.340164547070692 ], [ 121.288941349344441, 13.340204576162035 ], [ 121.288997867958173, 13.340325345725816 ], [ 121.289050905733731, 13.340332648813254 ], [ 121.289067478710137, 13.340332972654622 ], [ 121.289104671693565, 13.340333699285766 ], [ 121.289119904576566, 13.340333997770804 ], [ 121.289187413854648, 13.340326693742623 ], [ 121.289196304518896, 13.340324499731134 ], [ 121.289206949261384, 13.340321874707971 ], [ 121.28924478656235, 13.340312541919205 ], [ 121.289293335532406, 13.340293595774162 ], [ 121.289299374183742, 13.340291239617525 ], [ 121.289350310092004, 13.340262769215407 ], [ 121.289384128990093, 13.340236505767191 ], [ 121.289400883899532, 13.340223494113285 ], [ 121.289446238105796, 13.340176995997886 ], [ 121.289488278883624, 13.340122089247707 ], [ 121.28952485500632, 13.340062111767113 ], [ 121.289555787641888, 13.339998074689236 ], [ 121.289580564048052, 13.339930694932157 ], [ 121.289598694649044, 13.339861199357665 ], [ 121.289611743059297, 13.339789985421776 ], [ 121.289621268778944, 13.33971803264865 ], [ 121.289636581573859, 13.339579520510753 ], [ 121.289636674275883, 13.33957868053308 ], [ 121.289647721698486, 13.339511092946653 ], [ 121.289664605355512, 13.33944601610157 ], [ 121.289689226947061, 13.339385116975926 ], [ 121.289721458950183, 13.339328023209514 ], [ 121.289760654658792, 13.339275337823196 ], [ 121.289806519925023, 13.339227931966166 ], [ 121.289856217862507, 13.339188469124196 ], [ 121.28991085256456, 13.339154449419159 ], [ 121.289969504634101, 13.339125748212126 ], [ 121.290031447353783, 13.339102535930245 ], [ 121.290100547440375, 13.339084019849667 ], [ 121.290171723942692, 13.339071315282782 ], [ 121.290244041594491, 13.33906380035342 ], [ 121.290316617904793, 13.339061222325828 ], [ 121.290388552169574, 13.339063685373482 ], [ 121.290457438672448, 13.339071225630734 ], [ 121.290523813279435, 13.33908364245295 ], [ 121.290586519921746, 13.339100863838851 ], [ 121.290644142694305, 13.33912314413617 ], [ 121.290705375995657, 13.339157775952291 ], [ 121.290753131003981, 13.339199981377936 ], [ 121.290783033002683, 13.339249552735973 ], [ 121.290791282722651, 13.339300997655307 ], [ 121.290782891135166, 13.339356182225332 ], [ 121.29076484858706, 13.339403458501563 ], [ 121.29073871093199, 13.339451119247338 ], [ 121.290718166543797, 13.3394811913445 ], [ 121.290706187989386, 13.339498725002327 ], [ 121.290664287855989, 13.33955141483753 ], [ 121.290628069404775, 13.339593079676025 ], [ 121.290571829769874, 13.339657775310108 ], [ 121.290525720418515, 13.339712954813784 ], [ 121.290482529443892, 13.339770658715134 ], [ 121.290442696237321, 13.339834021023117 ], [ 121.290408360338418, 13.339900441311977 ], [ 121.290379731203117, 13.339969277442133 ], [ 121.290356648673409, 13.340040073680832 ], [ 121.290342062931416, 13.340092690833032 ], [ 121.290300159277649, 13.340243859813715 ], [ 121.290277734585729, 13.340308548474948 ], [ 121.290247760228283, 13.340377679169597 ], [ 121.290213601974102, 13.340445326275649 ], [ 121.290150540264605, 13.340561295009902 ], [ 121.290138768847868, 13.34058294267377 ], [ 121.290102957505255, 13.340653832517368 ], [ 121.290073001705991, 13.340725156111136 ], [ 121.290056898618758, 13.340776296864671 ], [ 121.290045440476831, 13.340827287404077 ], [ 121.290038719298636, 13.340877515524904 ], [ 121.290037410845102, 13.340939642799167 ], [ 121.290044830326934, 13.340997787966037 ], [ 121.290062045476546, 13.341050026673177 ], [ 121.290090767259088, 13.341094062007508 ], [ 121.290119300616311, 13.341119301742847 ], [ 121.290154922985678, 13.341140108978381 ], [ 121.290196243489703, 13.341156459827225 ], [ 121.290226428862212, 13.341165144479696 ], [ 121.290295427945367, 13.341178651200309 ], [ 121.290355627627122, 13.341186003455768 ], [ 121.290386510561206, 13.341188586219442 ], [ 121.290418551251847, 13.341191265401132 ], [ 121.290616068751973, 13.341203955848712 ], [ 121.290632527697198, 13.341205013674708 ], [ 121.290709217858904, 13.341211968643751 ], [ 121.290785262815348, 13.341221275629664 ], [ 121.290859249021807, 13.341233245034173 ], [ 121.29092993889806, 13.341247843170862 ], [ 121.290979648628849, 13.341260477919475 ], [ 121.290979788690734, 13.341260512311308 ], [ 121.290996350919158, 13.341264722634932 ], [ 121.291057961695429, 13.341283362868142 ], [ 121.291100466763325, 13.341297988865712 ], [ 121.291172045858545, 13.341326013735316 ], [ 121.291196866062705, 13.341337242525487 ], [ 121.291204613461304, 13.341340747789596 ], [ 121.29124188105024, 13.341357606136119 ], [ 121.291299322061647, 13.341386887458961 ], [ 121.291353283649144, 13.341417275967094 ], [ 121.291405495495553, 13.341449574264693 ], [ 121.291455283488091, 13.341483429796702 ], [ 121.291502729019641, 13.341519080835365 ], [ 121.291536858115535, 13.341547335684055 ], [ 121.291569124092732, 13.341576692399306 ], [ 121.291621355904766, 13.341632324401928 ], [ 121.29165613557241, 13.341678916996576 ], [ 121.291683577397166, 13.341726881722094 ], [ 121.291694293806202, 13.341750987465019 ], [ 121.291704342659386, 13.341779173313689 ], [ 121.291712681231829, 13.341811261377726 ], [ 121.291718243717852, 13.341846551169134 ], [ 121.291720239144169, 13.34188411447499 ], [ 121.291718279718495, 13.341922920057394 ], [ 121.29171236541508, 13.34196205590303 ], [ 121.291705113246991, 13.34199261031493 ], [ 121.291686276887404, 13.342048109273584 ], [ 121.29166005524894, 13.342104372634848 ], [ 121.291631498376987, 13.342153557283389 ], [ 121.291598037886871, 13.342202523439679 ], [ 121.291560257225242, 13.342250868305916 ], [ 121.291504042315808, 13.342314085516428 ], [ 121.29142629093613, 13.342390575884052 ], [ 121.291376562596341, 13.342435058006979 ], [ 121.291277428992785, 13.342517085335277 ], [ 121.291156936063203, 13.342609642789759 ], [ 121.291140654399371, 13.342621765626811 ], [ 121.290886265414443, 13.342811186909179 ], [ 121.290689742609175, 13.342962755863528 ], [ 121.290491681262239, 13.343122232179203 ], [ 121.290336281481373, 13.343253674329338 ], [ 121.290225467130341, 13.343347404070226 ], [ 121.290161116222677, 13.343397747905795 ], [ 121.290097507175076, 13.343442641849814 ], [ 121.290034676547364, 13.343479786687846 ], [ 121.289972714529341, 13.343506217411713 ], [ 121.289911763283655, 13.343518145933881 ], [ 121.289853210295064, 13.343513467490336 ], [ 121.289794241633373, 13.343498382592422 ], [ 121.289733250565774, 13.343480160177025 ], [ 121.289727201950924, 13.343478821218376 ], [ 121.289668484407514, 13.343465822335032 ], [ 121.289640701445521, 13.34346263407488 ], [ 121.289579153608599, 13.34346128413689 ], [ 121.289530055306884, 13.343464613874325 ], [ 121.28947966789444, 13.343471149954528 ], [ 121.289401072194252, 13.343486220849272 ], [ 121.289340709981275, 13.343500873893101 ], [ 121.289218692102111, 13.343536217198206 ], [ 121.289099831420799, 13.343576081342821 ], [ 121.288979441371936, 13.343622185364879 ], [ 121.288920624736292, 13.343648006233554 ], [ 121.288864747339431, 13.343675886162126 ], [ 121.288812818574087, 13.343706409574041 ], [ 121.288768453608398, 13.343738339174122 ], [ 121.288732237462156, 13.343771443021875 ], [ 121.28870456286684, 13.343804877755895 ], [ 121.288689053449119, 13.343829815385645 ], [ 121.288665254205554, 13.343891133866933 ], [ 121.288653166681783, 13.343958867037291 ], [ 121.288649177794085, 13.344031216991597 ], [ 121.288650271889836, 13.344106747809628 ], [ 121.288654624538509, 13.344200271597273 ], [ 121.288657538045044, 13.344262874857751 ], [ 121.288659047827252, 13.344341624486386 ], [ 121.288655993996599, 13.344419715875587 ], [ 121.288645752733075, 13.344496299664355 ], [ 121.288633540397797, 13.344546564568331 ], [ 121.288617004761917, 13.344595473260263 ], [ 121.288583790916178, 13.344668290257559 ], [ 121.288544310832862, 13.344737903893051 ], [ 121.28845989656223, 13.344869376847413 ], [ 121.288421586503517, 13.344931602874848 ], [ 121.288390755936973, 13.344991367755076 ], [ 121.288371803140905, 13.345048302716002 ], [ 121.288370065956997, 13.345101795889317 ], [ 121.288389047424971, 13.345150415797207 ], [ 121.288424438452097, 13.345196410072482 ], [ 121.288470983854793, 13.345241104302302 ], [ 121.28858044962297, 13.345331460678276 ], [ 121.288635988408927, 13.345379571069261 ], [ 121.288687415133992, 13.345431437189006 ], [ 121.288731101954781, 13.345488648759716 ], [ 121.288764113481903, 13.345551468791257 ], [ 121.288789481590285, 13.345618650613563 ], [ 121.288810178951067, 13.345687399716711 ], [ 121.28883087001357, 13.345756127083428 ], [ 121.2888533888148, 13.345821324552556 ], [ 121.288881641194521, 13.345880337713449 ], [ 121.288919460277882, 13.345929699979543 ], [ 121.28894054041811, 13.345947727029859 ], [ 121.288986768270689, 13.345974966085096 ], [ 121.289039672382998, 13.345994292675265 ], [ 121.28910146852094, 13.346007087577542 ], [ 121.28916801130103, 13.346012416089616 ], [ 121.289236381705408, 13.346010313552279 ], [ 121.289303658913155, 13.346001070190349 ], [ 121.289367148708237, 13.345985304067508 ], [ 121.289424633982506, 13.345964042325354 ], [ 121.289474630492904, 13.345938712069778 ], [ 121.289516569989402, 13.345910959028036 ], [ 121.289550851869834, 13.345882261038577 ], [ 121.289578871181433, 13.345853231351015 ], [ 121.289605005956119, 13.345819707464081 ], [ 121.289628715889165, 13.345781210276654 ], [ 121.289649684028404, 13.345736612314322 ], [ 121.289666893520035, 13.345686121807846 ], [ 121.289679540515792, 13.34563089298342 ], [ 121.289687426515485, 13.345572629208121 ], [ 121.289691026862627, 13.345511336416269 ], [ 121.289690839975876, 13.345447281918689 ], [ 121.289690023280215, 13.345431841782473 ], [ 121.289687064511284, 13.345375868136905 ], [ 121.289680440340007, 13.345303685732482 ], [ 121.289660316232741, 13.3451505446768 ], [ 121.289590188338622, 13.344732998883698 ], [ 121.289579701282946, 13.344651264337735 ], [ 121.289573071848224, 13.344570950621021 ], [ 121.289571963614762, 13.344492549871795 ], [ 121.289578498721909, 13.344416713706579 ], [ 121.28959537663151, 13.344344297410776 ], [ 121.289626418662095, 13.344272844835501 ], [ 121.289668693623554, 13.344205029661039 ], [ 121.289719198607543, 13.344139830033621 ], [ 121.289775639705411, 13.344076473856813 ], [ 121.289836289219338, 13.344014398053051 ], [ 121.289899857591777, 13.34395321515588 ], [ 121.289965396647005, 13.343892690056984 ], [ 121.29009982573163, 13.343773420542391 ], [ 121.290167870952999, 13.343714965968799 ], [ 121.290181448350623, 13.343703729667965 ], [ 121.290269515243992, 13.343630847444615 ], [ 121.290320691156751, 13.343590972520277 ], [ 121.290371368870282, 13.3435539332869 ], [ 121.290422453190601, 13.343519701527104 ], [ 121.290533460055187, 13.343427731046805 ], [ 121.29074005580182, 13.343256565739056 ], [ 121.290928390120314, 13.343479076999511 ], [ 121.291001614249765, 13.343565588575402 ], [ 121.291068304067252, 13.343620858554029 ], [ 121.291134535716012, 13.343679708386416 ], [ 121.291200442320985, 13.343740933201911 ], [ 121.291331659138947, 13.34386733141071 ], [ 121.29172399289277, 13.344252975008464 ], [ 121.291986260757199, 13.344507592040825 ], [ 121.292250197299097, 13.344760096942947 ], [ 121.292717025496103, 13.345200614439973 ], [ 121.292848887758211, 13.34532785971367 ], [ 121.292913152817391, 13.345392263759919 ], [ 121.292975381300593, 13.345457496430281 ], [ 121.29302294809186, 13.345510898468419 ], [ 121.293034513996204, 13.34552388228404 ], [ 121.293039087326875, 13.345529579634713 ], [ 121.293089083850703, 13.345591854299304 ], [ 121.293137092135026, 13.345661973824788 ], [ 121.29317405641072, 13.345705190626564 ], [ 121.293320238240042, 13.34587609770022 ], [ 121.293367469227348, 13.346106017627504 ], [ 121.29334719368984, 13.34621111361604 ], [ 121.293278139569679, 13.346306316619939 ], [ 121.293130533603545, 13.346458388999665 ], [ 121.292818241367343, 13.346526296890955 ], [ 121.292704755666179, 13.346550973164076 ], [ 121.292645772256961, 13.346577732858321 ], [ 121.292386432761546, 13.346695386393536 ], [ 121.292290477486532, 13.346743160398294 ], [ 121.292204043855165, 13.34679026395944 ], [ 121.292101259221695, 13.346851816467478 ], [ 121.29162972533851, 13.347328410456818 ], [ 121.290591137548773, 13.347761473507164 ], [ 121.290202167868074, 13.347614878143716 ], [ 121.289978822458821, 13.347530702176829 ], [ 121.289901348773498, 13.347515876822218 ], [ 121.289820801944359, 13.347502649456896 ], [ 121.289737526814321, 13.347491597281049 ], [ 121.289653705677793, 13.347483354241392 ], [ 121.289568682782786, 13.347478102089985 ], [ 121.289483584967371, 13.347476135897816 ], [ 121.289237142259594, 13.347559356116882 ], [ 121.288672957149203, 13.347749872275145 ], [ 121.288431596603246, 13.347831375309813 ], [ 121.288377353856788, 13.347873342158833 ], [ 121.288274028574079, 13.347958807645103 ], [ 121.288165461290262, 13.348054411540243 ], [ 121.288063903061442, 13.348146469129359 ], [ 121.287930067028171, 13.348267782112108 ], [ 121.287778521833872, 13.348398829774688 ], [ 121.287709320082314, 13.348455299749135 ], [ 121.287619360222379, 13.348525167957213 ], [ 121.287505188440406, 13.348607987010119 ], [ 121.287449107365276, 13.34864619276847 ], [ 121.287420916875973, 13.34866398400454 ], [ 121.287335059342922, 13.348718166063561 ], [ 121.287277985970206, 13.348750756493093 ], [ 121.287220263261972, 13.348780925536113 ], [ 121.287144528472254, 13.348815515146915 ], [ 121.287106860603231, 13.348830312533766 ], [ 121.286996054136978, 13.348918989588835 ], [ 121.286860120951289, 13.349027774398191 ], [ 121.286625399324009, 13.349064454011097 ], [ 121.286509455155311, 13.348881902619841 ], [ 121.286469938616747, 13.348740944222618 ], [ 121.286432878197914, 13.348608750210547 ], [ 121.286397696235113, 13.34855526485252 ], [ 121.286364152132577, 13.348498871099586 ], [ 121.286306315133572, 13.348390379274315 ], [ 121.286211322928267, 13.348192286983419 ], [ 121.286138596153862, 13.348040625239527 ], [ 121.286078904631282, 13.34791966086572 ], [ 121.286074533022173, 13.347911047969033 ], [ 121.285981545028093, 13.347832698346858 ], [ 121.285944873074456, 13.347801797893661 ], [ 121.285824197765635, 13.347597688372067 ], [ 121.285691058514246, 13.347429371634234 ], [ 121.285571563520662, 13.347057854330849 ], [ 121.285564576100086, 13.347030462825131 ], [ 121.285510900643317, 13.346820033031154 ], [ 121.285476030722563, 13.346763997168377 ], [ 121.285431857653677, 13.34669968276409 ], [ 121.285423194581, 13.346688612889963 ], [ 121.28538805745363, 13.346643714557723 ], [ 121.28534557500322, 13.346598094725989 ], [ 121.285305708443516, 13.346564343369803 ], [ 121.285269914908469, 13.346542906963972 ], [ 121.285239351079412, 13.346532733125322 ], [ 121.28521480653113, 13.346531558495442 ], [ 121.285196674036257, 13.346536191451486 ], [ 121.28518352934654, 13.34654375883949 ], [ 121.285174503041432, 13.34655190015738 ], [ 121.28516448788065, 13.34656502414323 ], [ 121.285154510330926, 13.346584822595881 ], [ 121.285145935113789, 13.346611887789855 ], [ 121.285139670789846, 13.346645532628367 ], [ 121.2851345928553, 13.346712610820346 ], [ 121.285134474941046, 13.346787194152364 ], [ 121.285141736045503, 13.347040056380765 ], [ 121.285140483289737, 13.347106748402123 ], [ 121.285134364834533, 13.347169946415136 ], [ 121.285120862707643, 13.347228061466378 ], [ 121.285097015994339, 13.347279225004881 ], [ 121.285061766463826, 13.347320756172786 ], [ 121.285016236396658, 13.347355154576412 ], [ 121.284962653422767, 13.347383557965214 ], [ 121.284902798033286, 13.347406765712631 ], [ 121.284825918464207, 13.347428388011284 ], [ 121.284744218582574, 13.347445191497997 ], [ 121.284659235290633, 13.347458481870047 ], [ 121.284572169370051, 13.347469191048582 ], [ 121.284483993990051, 13.347477935764177 ], [ 121.284307630679663, 13.347490686002121 ], [ 121.28402034436975, 13.347502187287112 ], [ 121.283956647019764, 13.347501453960978 ], [ 121.283897128257522, 13.34749476177832 ], [ 121.283842666495403, 13.347478648552235 ], [ 121.283786369872089, 13.347444550199578 ], [ 121.283737226186915, 13.347396921592329 ], [ 121.283694463455632, 13.347339577255642 ], [ 121.283657901184, 13.347275579194331 ], [ 121.283627947104762, 13.347207436627485 ], [ 121.283605621689176, 13.347137294161387 ], [ 121.28359260027257, 13.347067109235473 ], [ 121.283591285761275, 13.346998812602349 ], [ 121.283601816010545, 13.34693899353751 ], [ 121.283619728895374, 13.346882964020732 ], [ 121.283658082253439, 13.346785443816303 ], [ 121.283668733911327, 13.346746499641112 ], [ 121.283666646515428, 13.346716619630943 ], [ 121.283656882039026, 13.346703765196603 ], [ 121.283640480123253, 13.346695279228289 ], [ 121.283618313895502, 13.346691826588524 ], [ 121.283591699274908, 13.346693721736967 ], [ 121.283562203655578, 13.3467008325226 ], [ 121.283531349261835, 13.346712627879265 ], [ 121.283500162388265, 13.346728480268538 ], [ 121.2834717288858, 13.346746176307123 ], [ 121.283442592927585, 13.346767513791001 ], [ 121.28341322544361, 13.346792469711408 ], [ 121.283368802843441, 13.346836643505997 ], [ 121.28327900521947, 13.346930810957328 ], [ 121.283228603765977, 13.346974079936947 ], [ 121.283164322585733, 13.347014925176042 ], [ 121.283093106760461, 13.347047643478044 ], [ 121.28302522910829, 13.347070558461478 ], [ 121.283009583905496, 13.347074588120108 ], [ 121.282954665693595, 13.347088735118156 ], [ 121.282882580642323, 13.347103326577122 ], [ 121.282810037540926, 13.347115215026022 ], [ 121.282667726388567, 13.347133228667337 ], [ 121.282635345684952, 13.347136235092599 ], [ 121.28260021702414, 13.347139495778572 ], [ 121.282536069851943, 13.347141552917808 ], [ 121.282476080609996, 13.347136273582635 ], [ 121.28242128301153, 13.347120036664888 ], [ 121.28236773585553, 13.347086165539865 ], [ 121.282320114767614, 13.347038397018604 ], [ 121.282276811524611, 13.346980403440812 ], [ 121.282260315079654, 13.346953645842664 ], [ 121.282236535449769, 13.346915075648081 ], [ 121.28219823276892, 13.346844700498584 ], [ 121.282092549442496, 13.346632490820607 ], [ 121.282086564633715, 13.346620474652036 ], [ 121.282047707516185, 13.346546164767721 ], [ 121.282006514088323, 13.346474459301394 ], [ 121.281961818473292, 13.34640705321115 ], [ 121.281946577024144, 13.346387768332299 ], [ 121.281922961028599, 13.346357885456932 ], [ 121.281882781895959, 13.346315717333363 ], [ 121.281839832152784, 13.346279596233197 ], [ 121.28179399677586, 13.346250380955194 ], [ 121.281727694615284, 13.346222396566986 ], [ 121.281656248898912, 13.34620483946904 ], [ 121.281581104774546, 13.346195813229301 ], [ 121.281503420264102, 13.346194078385482 ], [ 121.281424141522976, 13.346198983359047 ], [ 121.28134620296116, 13.346209752726624 ], [ 121.281267895963737, 13.346225477304202 ], [ 121.281189553255714, 13.346245317851498 ], [ 121.281111468272513, 13.346268768390258 ], [ 121.281065697370806, 13.346284279782722 ], [ 121.281049431517999, 13.346289791965516 ], [ 121.280790261675591, 13.346383674058508 ], [ 121.280721889887005, 13.346406507321507 ], [ 121.280639348532375, 13.346431733275827 ], [ 121.280555977347703, 13.346454487781051 ], [ 121.280471819497052, 13.346474542450947 ], [ 121.280401143852544, 13.346489038867 ], [ 121.280258801722937, 13.346513148490116 ], [ 121.280107138817456, 13.346533821242947 ], [ 121.279854004216119, 13.346564508517725 ], [ 121.279796046201952, 13.346571535084212 ], [ 121.279724264692774, 13.346582912634652 ], [ 121.279657570118459, 13.346597551672547 ], [ 121.279597889219175, 13.346617228794349 ], [ 121.27954771884589, 13.346644029090083 ], [ 121.279536579209122, 13.346652464898982 ], [ 121.27951293642829, 13.346675844137707 ], [ 121.279495999825272, 13.346700773146193 ], [ 121.279485125557045, 13.346726278584434 ], [ 121.279479463655989, 13.346752724341311 ], [ 121.279478910232825, 13.346780051861112 ], [ 121.279483426077292, 13.346807414852098 ], [ 121.279492668441392, 13.346834075224898 ], [ 121.27950661415592, 13.346860305790628 ], [ 121.279526070831835, 13.34688689661694 ], [ 121.279551406660829, 13.346913344948689 ], [ 121.279582922151391, 13.346939190050728 ], [ 121.27962231889525, 13.346964899978895 ], [ 121.279670695063899, 13.346990126091734 ], [ 121.279727170717905, 13.347013865413507 ], [ 121.279789305296902, 13.347035462261584 ], [ 121.279929642062484, 13.347077023692504 ], [ 121.280029772242827, 13.347106677221841 ], [ 121.280082799753814, 13.347125816657996 ], [ 121.280131963417674, 13.347147144233729 ], [ 121.280175120657873, 13.347170157255279 ], [ 121.280211312573343, 13.347194051973778 ], [ 121.280241439913681, 13.347218722451498 ], [ 121.280267026793581, 13.347244931101036 ], [ 121.280288072421612, 13.34727239952549 ], [ 121.280304635812669, 13.347300746693797 ], [ 121.28031742448232, 13.347331079249901 ], [ 121.280326312796262, 13.34736405978051 ], [ 121.280330712732777, 13.34739917178209 ], [ 121.280330335573851, 13.347435607032338 ], [ 121.280325077884171, 13.347473502214584 ], [ 121.280314136468633, 13.347514821392274 ], [ 121.280297555171913, 13.347557421780898 ], [ 121.280274664641993, 13.347602228901533 ], [ 121.28024587467209, 13.34764795119961 ], [ 121.28021150188502, 13.347694197646344 ], [ 121.280172460382772, 13.347740152850042 ], [ 121.280129142719744, 13.347785911679262 ], [ 121.280081371563526, 13.347832137268995 ], [ 121.280033635604525, 13.347875227553493 ], [ 121.280029926879337, 13.347878574618399 ], [ 121.279976710190908, 13.34792418729273 ], [ 121.279868844203946, 13.348012157930718 ], [ 121.279685232309177, 13.348154491543873 ], [ 121.279553484903317, 13.348250671745948 ], [ 121.27948688943728, 13.348296213849592 ], [ 121.279486502629027, 13.348296478757883 ], [ 121.279431101237336, 13.348332169954713 ], [ 121.279374859299011, 13.348365988908601 ], [ 121.279318135204477, 13.3483972538322 ], [ 121.279260874164095, 13.34842562178409 ], [ 121.279203021919386, 13.34845080496274 ], [ 121.279144208254891, 13.348472682435437 ], [ 121.279081731521259, 13.348491744652806 ], [ 121.27901458004051, 13.348507470407771 ], [ 121.278943432697631, 13.348518892665703 ], [ 121.27886952218779, 13.348525309389888 ], [ 121.278794342883415, 13.348526474978083 ], [ 121.278719477814079, 13.348522656930102 ], [ 121.278646456923198, 13.348514577936779 ], [ 121.278576510870778, 13.348503248791339 ], [ 121.278534592984997, 13.348494676068661 ], [ 121.278509353029122, 13.348489514468694 ], [ 121.27844095211465, 13.348473143187162 ], [ 121.278372846500034, 13.348454969775178 ], [ 121.27816241277165, 13.348391720577395 ], [ 121.277947849300375, 13.34832276852196 ], [ 121.277824939186871, 13.348283270946585 ], [ 121.277761853094802, 13.348260082619078 ], [ 121.277708254490719, 13.348236105790708 ], [ 121.277668665491703, 13.348210438543624 ], [ 121.277654411941597, 13.348194793742493 ], [ 121.277647221389728, 13.348177908238434 ], [ 121.277652769915619, 13.348145510687738 ], [ 121.27767678965327, 13.348109423090103 ], [ 121.277714394583413, 13.348070316200308 ], [ 121.277761673322317, 13.34802862066984 ], [ 121.277903917432496, 13.347912482415493 ], [ 121.277930747541532, 13.347890575830339 ], [ 121.277987901950823, 13.347840617574709 ], [ 121.278043788600456, 13.347787855879281 ], [ 121.278097282438821, 13.347732135735273 ], [ 121.278147192552325, 13.347673088371687 ], [ 121.278191616437311, 13.347612016844392 ], [ 121.278232690910329, 13.347548287662791 ], [ 121.278271592968025, 13.34748279827045 ], [ 121.278360980861294, 13.347326502415736 ], [ 121.278385811339973, 13.34728308443521 ], [ 121.278395798496774, 13.347267185301019 ], [ 121.278092379841411, 13.347121201428267 ], [ 121.278067172291898, 13.34716948880533 ], [ 121.278028984680901, 13.34723329551464 ], [ 121.277987491807252, 13.34729459762495 ], [ 121.277942830681368, 13.347352950460955 ], [ 121.277894898179213, 13.34740766908617 ], [ 121.277846444599149, 13.347455188420598 ], [ 121.277794852951658, 13.347497982574994 ], [ 121.277740007051833, 13.347535126997769 ], [ 121.277681591805333, 13.347565371289488 ], [ 121.277612448153036, 13.347589708738939 ], [ 121.277539531025212, 13.347605998546442 ], [ 121.277463822992985, 13.347616127470545 ], [ 121.277386091078782, 13.347621529767135 ], [ 121.27730692221445, 13.347623263356466 ], [ 121.277226768955444, 13.347622071598462 ], [ 121.277200474342337, 13.347620887848548 ], [ 121.277145977728253, 13.347618435006076 ], [ 121.277074376566063, 13.347613384220603 ], [ 121.276933391605638, 13.347598600314322 ], [ 121.276864401291888, 13.347588632555302 ], [ 121.276924439067571, 13.347691041601612 ], [ 121.277378729594815, 13.348023608354637 ], [ 121.277084455549584, 13.348845254447824 ], [ 121.27763387714522, 13.349319669382616 ], [ 121.277726490853254, 13.349814496198043 ], [ 121.27769848404543, 13.350040753628431 ], [ 121.277701757397324, 13.350045408785036 ], [ 121.277730928053302, 13.350103838961587 ], [ 121.27774610693875, 13.350164553501971 ], [ 121.277744054040241, 13.350233122539009 ], [ 121.277726938318978, 13.350304140362343 ], [ 121.2776995485236, 13.3503768587187 ], [ 121.277665626301768, 13.350450704788363 ], [ 121.277641876344816, 13.350498065921451 ], [ 121.277640683046471, 13.350507706100716 ], [ 121.277572896318688, 13.35113129775233 ], [ 121.277705087334027, 13.351346662154651 ], [ 121.277769576957112, 13.351424977129568 ], [ 121.277776174289102, 13.351433401967208 ], [ 121.277819584744023, 13.351488842656384 ], [ 121.277864596152824, 13.35155266773557 ], [ 121.278048660849095, 13.351723226752997 ], [ 121.27798204886632, 13.351797884068629 ], [ 121.278106543836159, 13.352000708985369 ], [ 121.278360662827154, 13.352276018403073 ], [ 121.278254770174811, 13.352561908024647 ], [ 121.278232261439527, 13.352693190338053 ], [ 121.278912637502714, 13.352442095915324 ], [ 121.279257759170235, 13.352336821304213 ], [ 121.279485652343226, 13.352230751957752 ], [ 121.279757759823667, 13.352089108356022 ], [ 121.280078701483461, 13.351896448445597 ], [ 121.280328669173954, 13.351829917725986 ], [ 121.280475797354583, 13.351747213175102 ], [ 121.280543425020269, 13.351681904830427 ], [ 121.280648363880402, 13.351521189448562 ], [ 121.280667399709984, 13.351419679637642 ], [ 121.280784661731076, 13.350721228561309 ], [ 121.280793457296767, 13.350668844007005 ], [ 121.280847101705064, 13.350551836324863 ], [ 121.280909312453588, 13.350432601110652 ], [ 121.280977302000238, 13.350317084920476 ], [ 121.281047685889604, 13.350209112472793 ], [ 121.281084369360613, 13.350156122527554 ], [ 121.281150984560043, 13.350064463668861 ], [ 121.281228551804688, 13.350018443644048 ], [ 121.281289057694423, 13.349982544612526 ], [ 121.281535393699826, 13.349685257810993 ], [ 121.281674461035394, 13.349515970569186 ], [ 121.281818699702512, 13.349340387720455 ], [ 121.281889262936687, 13.349269967592265 ], [ 121.282187651783289, 13.348972183026618 ], [ 121.282303854586374, 13.348822628471774 ], [ 121.282444724036154, 13.348641326007185 ], [ 121.282504702163848, 13.348605060575206 ], [ 121.282581778377036, 13.348564784437405 ], [ 121.282598336999513, 13.348557059673144 ], [ 121.282661103995792, 13.348527775722756 ], [ 121.282742053223188, 13.348493117257208 ], [ 121.282824151894346, 13.348460117060235 ], [ 121.282893836604714, 13.348434057247969 ], [ 121.283074288776632, 13.348366572003034 ], [ 121.283832442779897, 13.348093782896186 ], [ 121.284598801557564, 13.347810440136785 ], [ 121.284769250030564, 13.347750951731895 ], [ 121.284789515042931, 13.347744481277026 ], [ 121.284853696194403, 13.347723991098364 ], [ 121.284937275523561, 13.347700161890751 ], [ 121.285019602324709, 13.34768087514861 ], [ 121.285100152587233, 13.347668042622471 ], [ 121.285178233485638, 13.347664212148077 ], [ 121.285252929536995, 13.347672740824656 ], [ 121.285312709677427, 13.347691540069418 ], [ 121.285370763817866, 13.347718653162083 ], [ 121.285428484125106, 13.347751062488596 ], [ 121.285507526257945, 13.347800070839224 ], [ 121.285562619544365, 13.347838207315776 ], [ 121.285599712569152, 13.347866344823398 ], [ 121.285635552946886, 13.347895789856443 ], [ 121.285678664399555, 13.347934618609544 ], [ 121.285720503957037, 13.347976429636629 ], [ 121.285760851027007, 13.348021219631802 ], [ 121.285799650631887, 13.34806906143611 ], [ 121.28582447492532, 13.348102687040868 ], [ 121.285874650595375, 13.3483839631617 ], [ 121.285879514936084, 13.348411230870525 ], [ 121.285938883847635, 13.348650798675008 ], [ 121.286022588984082, 13.348902490086914 ], [ 121.286143433520621, 13.349082683298997 ], [ 121.286252321487311, 13.349226919538388 ], [ 121.286471276402366, 13.349347984160181 ], [ 121.286479930886486, 13.349345300589064 ], [ 121.286545022033451, 13.34937961092141 ], [ 121.286624117183493, 13.349394919278316 ], [ 121.286749898067939, 13.349419263464608 ], [ 121.286960005053189, 13.349313239424147 ], [ 121.287092556718051, 13.349246351552566 ], [ 121.287128903247819, 13.349241136226775 ], [ 121.287166398340119, 13.349235756053874 ], [ 121.287208575096415, 13.349201469183138 ], [ 121.287315525633659, 13.349114525709901 ], [ 121.287611105328253, 13.349001058536032 ], [ 121.287621645150139, 13.348997012021655 ], [ 121.287964818480816, 13.348819956199206 ], [ 121.288161627040594, 13.348617993780394 ], [ 121.28832146597972, 13.348463615265828 ], [ 121.288347488950635, 13.348435132628868 ], [ 121.288506063065086, 13.348261570558648 ], [ 121.288665648680919, 13.348143064899478 ], [ 121.28882481921643, 13.348079822013387 ], [ 121.289015714712477, 13.348003974497079 ], [ 121.289045647400101, 13.347985196092248 ], [ 121.28910058758261, 13.347954110164544 ], [ 121.28911557616776, 13.347946600266759 ], [ 121.289156742924334, 13.347925970062029 ], [ 121.28920726925945, 13.347903839612059 ], [ 121.289260359506912, 13.347883854261772 ], [ 121.289315285161237, 13.347866694208308 ], [ 121.289369462602863, 13.347853261174984 ], [ 121.289423811372643, 13.347843273060715 ], [ 121.289478102939398, 13.347836805145658 ], [ 121.28952663605898, 13.347834029380056 ], [ 121.289593001373319, 13.347834895099487 ], [ 121.289623416021001, 13.347837111517183 ], [ 121.28966822328465, 13.347842472471251 ], [ 121.28971262511385, 13.347850212384143 ], [ 121.289757830500577, 13.347860496726469 ], [ 121.28977458392626, 13.347865269780428 ], [ 121.289864551799269, 13.347988182300883 ], [ 121.289887676910297, 13.348019774080008 ], [ 121.290082126718673, 13.348152628753587 ], [ 121.290227901286798, 13.348261238646355 ], [ 121.290410898443753, 13.348286389958464 ], [ 121.290581769256733, 13.348299501587144 ], [ 121.290752807254123, 13.34828869674358 ], [ 121.290874659131063, 13.348253793828235 ], [ 121.290997533065124, 13.348218596782642 ], [ 121.291057214208806, 13.348190756711587 ], [ 121.291100551508222, 13.348187047903787 ], [ 121.291178263651815, 13.348176527107915 ], [ 121.29119459409948, 13.348173497651294 ], [ 121.291252452209008, 13.348162763714498 ], [ 121.291322293565685, 13.348146311648236 ], [ 121.291387199698377, 13.348127826760537 ], [ 121.291430741294263, 13.348113619838216 ], [ 121.29151475268813, 13.348081904995682 ], [ 121.291555033011903, 13.348064169823928 ], [ 121.291577588564536, 13.348054236198749 ], [ 121.291639499191007, 13.34802334331531 ], [ 121.291699520383816, 13.347989556059405 ], [ 121.291755590391787, 13.347954122285035 ], [ 121.291790763157096, 13.347929735199967 ], [ 121.291857587732721, 13.34787812701815 ], [ 121.291914833137753, 13.34782747805412 ], [ 121.291934743440692, 13.347807430170397 ], [ 121.291968481051697, 13.347773460371455 ], [ 121.29200165863503, 13.34773631145328 ], [ 121.292033180984788, 13.347698005206937 ], [ 121.292072028614896, 13.34764640459907 ], [ 121.292111477666964, 13.347588847884893 ], [ 121.292151395876644, 13.34752563335187 ], [ 121.292271302006014, 13.347321963445099 ], [ 121.292309904229413, 13.34725960497966 ], [ 121.292310893979959, 13.347258006391847 ], [ 121.29234997748685, 13.347199517060785 ], [ 121.29238900094289, 13.347146393637713 ], [ 121.292429582213487, 13.347096847451862 ], [ 121.292472300185835, 13.347050731472837 ], [ 121.292516920991091, 13.347008746430054 ], [ 121.292547693786162, 13.346983233032612 ], [ 121.292595453106927, 13.346948823824617 ], [ 121.292644647450061, 13.346919565574835 ], [ 121.292677987886307, 13.346903125487572 ], [ 121.292712029619537, 13.346889073667212 ], [ 121.292765482468795, 13.346872451497983 ], [ 121.292821579887629, 13.346862114701155 ], [ 121.292878498665019, 13.346859259424354 ], [ 121.292933852828767, 13.346864382927125 ], [ 121.292985334202243, 13.346877030309871 ], [ 121.293031247933939, 13.346895904794128 ], [ 121.293070934438532, 13.34691937765173 ], [ 121.29310514369196, 13.346946471443882 ], [ 121.293136357019748, 13.346978613009268 ], [ 121.293166100007412, 13.347018587575825 ], [ 121.293193438194152, 13.347067877509991 ], [ 121.293216615695442, 13.347126639959477 ], [ 121.293234042657886, 13.347193871711852 ], [ 121.293244811105453, 13.347267692885971 ], [ 121.293248862928948, 13.347345741255127 ], [ 121.29324691061008, 13.347425549531893 ], [ 121.29324019616692, 13.347504825747691 ], [ 121.293230220854795, 13.347581691856186 ], [ 121.293217691585212, 13.347659180630981 ], [ 121.293153311637141, 13.347828791676452 ], [ 121.292958045518276, 13.348343219720489 ], [ 121.29294859745157, 13.348368112765737 ], [ 121.292964726406126, 13.348450011112769 ], [ 121.292996598696007, 13.348490954615507 ], [ 121.293019427375953, 13.34852302411244 ], [ 121.293068636989744, 13.348583864481489 ], [ 121.293081326461149, 13.348598673610061 ], [ 121.293109744989664, 13.348625303421665 ], [ 121.293136608082762, 13.348653377950455 ], [ 121.293161175844972, 13.348683622524357 ], [ 121.293186968831833, 13.348712649727414 ], [ 121.293198151549262, 13.348728808089838 ], [ 121.293208562880935, 13.348745706932396 ], [ 121.293219500285161, 13.348762095027279 ], [ 121.293244329802846, 13.348792006931347 ], [ 121.29326714349574, 13.348823853956748 ], [ 121.293281525869588, 13.34883932622731 ], [ 121.293301247012622, 13.348853411911952 ], [ 121.293324440974928, 13.348866297239024 ], [ 121.293372464713428, 13.348890484512978 ], [ 121.293395258773998, 13.348900521720502 ], [ 121.293415904890864, 13.348908323566734 ], [ 121.293433686805443, 13.348912965962612 ], [ 121.293446563847382, 13.348914802078381 ], [ 121.293452277817664, 13.348914401447633 ], [ 121.293453705374006, 13.348914205020561 ], [ 121.293456913217113, 13.348912749784041 ], [ 121.293461547197751, 13.348909990859982 ], [ 121.293482998370024, 13.348895926102321 ], [ 121.293529912177178, 13.348863647798794 ], [ 121.293543664951628, 13.348853093143356 ], [ 121.293555929604807, 13.348841637196875 ], [ 121.293593778909539, 13.348800035522848 ], [ 121.293601513848614, 13.348789512467818 ], [ 121.29360818998812, 13.348776636686486 ], [ 121.293613582793213, 13.348762486794719 ], [ 121.293619260421352, 13.348744077043266 ], [ 121.293627397107656, 13.348717691833009 ], [ 121.293632777986872, 13.348703531013275 ], [ 121.293639322115482, 13.348690525083091 ], [ 121.293646706894748, 13.348679652568237 ], [ 121.293659096864104, 13.348663123089942 ], [ 121.293662352771847, 13.348658779380353 ], [ 121.293667522156071, 13.348650260041136 ], [ 121.293676757275819, 13.348632122916271 ], [ 121.293689784942956, 13.348604099513198 ], [ 121.293694910483609, 13.34858870949755 ], [ 121.293698961683845, 13.348572253773691 ], [ 121.293702771767698, 13.348552161020262 ], [ 121.293708764966652, 13.348520550448917 ], [ 121.293712516414359, 13.348503797128915 ], [ 121.29371718454054, 13.348487952079349 ], [ 121.293723247819514, 13.348473493976385 ], [ 121.29373004041463, 13.34846203445097 ], [ 121.293738201697678, 13.348449824924582 ], [ 121.293744668769136, 13.348440151068285 ], [ 121.293751629467735, 13.348426583026946 ], [ 121.293757666165817, 13.348412097626552 ], [ 121.293769101559803, 13.348382493410709 ], [ 121.29377719265382, 13.348363221406098 ], [ 121.293782618328493, 13.348346764128976 ], [ 121.293787416723831, 13.348327760903231 ], [ 121.293797257872725, 13.348282200584437 ], [ 121.293809666634189, 13.348230285287071 ], [ 121.293813659816649, 13.348208573114174 ], [ 121.293816167077807, 13.348188919869415 ], [ 121.293817486754449, 13.348172870490925 ], [ 121.293817894292019, 13.348161943549604 ], [ 121.293817600943811, 13.34815759752612 ], [ 121.293817842313743, 13.348155964042496 ], [ 121.293816742226923, 13.348152921378936 ], [ 121.293814335202939, 13.348148679468682 ], [ 121.293804733345013, 13.348134404658669 ], [ 121.293797161736464, 13.348124001332135 ], [ 121.293787948066438, 13.348112797814133 ], [ 121.293776984230519, 13.34810146314731 ], [ 121.293726950677808, 13.3480552104485 ], [ 121.293714387010667, 13.348044810416097 ], [ 121.293699127242732, 13.348034639810972 ], [ 121.293684110008286, 13.348026073421751 ], [ 121.293670574831211, 13.348018351335408 ], [ 121.293657708125693, 13.348009036616689 ], [ 121.29364691047337, 13.347997699453845 ], [ 121.293637951170055, 13.347981582361712 ], [ 121.293631849172897, 13.347962666302644 ], [ 121.293627775448826, 13.347941751025051 ], [ 121.29362512030697, 13.347919424445552 ], [ 121.293623445972983, 13.347896112041498 ], [ 121.293623210551786, 13.347890490133747 ], [ 121.293622440996785, 13.347872128063759 ], [ 121.293621893331178, 13.347847697047666 ], [ 121.293621660520699, 13.347798129496931 ], [ 121.293622887660149, 13.347725190295703 ], [ 121.293625220455212, 13.347679759070759 ], [ 121.29362649995052, 13.347666004369174 ], [ 121.293627251195346, 13.347657911604166 ], [ 121.293630180099129, 13.347636979513833 ], [ 121.293634358184576, 13.347617320398019 ], [ 121.293640251033523, 13.347599408326223 ], [ 121.293644642521841, 13.347589931939186 ], [ 121.293656425224043, 13.347569450205544 ], [ 121.293664069098739, 13.347558743943583 ], [ 121.293672904003671, 13.347549310262457 ], [ 121.293684662341079, 13.347540657418493 ], [ 121.293697889468987, 13.347533682163226 ], [ 121.293711950438208, 13.347527842394548 ], [ 121.293726248608124, 13.34752266134883 ], [ 121.29374529432323, 13.347516676322437 ], [ 121.293760353324146, 13.347513951738378 ], [ 121.293775917298746, 13.34751292172497 ], [ 121.293791833705001, 13.347513488535572 ], [ 121.293808719764158, 13.347515566860297 ], [ 121.29381318541013, 13.347516384338473 ], [ 121.293847361748973, 13.347522647946683 ], [ 121.293862734662596, 13.347524756709641 ], [ 121.293886852337081, 13.347526808911452 ], [ 121.293895803967857, 13.347526607321555 ], [ 121.293903971675007, 13.347525390797889 ], [ 121.293911167718193, 13.347523209592024 ], [ 121.293919034840769, 13.347519196242922 ], [ 121.293923872862905, 13.347515118119841 ], [ 121.293681148437827, 13.347198272540494 ], [ 121.293602309371948, 13.347095360643417 ], [ 121.293496110955189, 13.346883740429755 ], [ 121.293414438458825, 13.346720993372831 ], [ 121.293194481170318, 13.346642943397166 ], [ 121.293280461313259, 13.346571771546829 ], [ 121.293415944597996, 13.346506571082438 ], [ 121.293415950368171, 13.346505753111588 ], [ 121.293447478827346, 13.346426352758334 ], [ 121.293451043378965, 13.346417376951059 ], [ 121.293535292079014, 13.346205205428577 ], [ 121.293479703006966, 13.34577433026131 ], [ 121.293448187554617, 13.34566882522236 ], [ 121.293393799357787, 13.345486750700914 ], [ 121.293439673455936, 13.345214407848005 ], [ 121.293532641285452, 13.344959916887221 ], [ 121.293648847216275, 13.344641814373006 ], [ 121.293931988613096, 13.343969267206683 ], [ 121.29403362226202, 13.343711595914026 ], [ 121.294140857276659, 13.343439720899212 ], [ 121.294314753377165, 13.343149602335618 ], [ 121.29452636585475, 13.342796561854845 ], [ 121.294632076864161, 13.342630900078543 ], [ 121.294744389444233, 13.342454893657751 ], [ 121.294763430200192, 13.342425055100025 ], [ 121.294864968900981, 13.342333109788356 ], [ 121.29491880110119, 13.342284363915459 ], [ 121.294923708216388, 13.342267971774021 ], [ 121.294935058572094, 13.342230056603222 ], [ 121.295045961409357, 13.342087301424383 ], [ 121.295156445686359, 13.342004335876748 ], [ 121.295364111225325, 13.341993774795958 ], [ 121.295383981654183, 13.341990021415326 ], [ 121.295547524914383, 13.341959132207579 ], [ 121.295694221597472, 13.341936201678548 ], [ 121.295804620485285, 13.341865193565155 ], [ 121.295792997465171, 13.341781407694279 ], [ 121.295793963468839, 13.341643571667504 ], [ 121.295794086598846, 13.341625954980662 ], [ 121.29579992732485, 13.341610282278193 ], [ 121.295856314698895, 13.341458955841725 ], [ 121.295808561443096, 13.34130317514996 ], [ 121.295638652834697, 13.341235289925661 ], [ 121.295625904325547, 13.341230197250599 ], [ 121.295455707788761, 13.341121427498992 ], [ 121.295346315247755, 13.341048941475236 ], [ 121.295273637761738, 13.340964743251369 ], [ 121.295188918224454, 13.340856547931407 ], [ 121.295152872486199, 13.340772597098537 ], [ 121.295056025834782, 13.340652361511973 ], [ 121.295052629186856, 13.340646567298895 ], [ 121.294971557367248, 13.340508291959917 ], [ 121.294886418739935, 13.340459887163911 ], [ 121.29476464673202, 13.340411233958784 ], [ 121.294581403640009, 13.340421959708417 ], [ 121.294459128928352, 13.340445052896831 ], [ 121.294324392701597, 13.340503938585256 ], [ 121.29414056052785, 13.340598369164704 ], [ 121.294263758642415, 13.340443739053267 ], [ 121.294347438698594, 13.340384997396511 ], [ 121.294398747637899, 13.340348980139625 ], [ 121.294521105643597, 13.340313928312542 ], [ 121.294716726750522, 13.340279368671686 ], [ 121.294838498683148, 13.340328021891224 ], [ 121.294997069806158, 13.340353005172462 ], [ 121.295094167171172, 13.340437367486162 ], [ 121.295178635709888, 13.340581435196212 ], [ 121.295187778387955, 13.340603610357702 ], [ 121.295262685046239, 13.340785294396019 ], [ 121.295420333838521, 13.340941812810152 ], [ 121.295530062289814, 13.340966467760593 ], [ 121.295651497932766, 13.341062951683096 ], [ 121.2957213402901, 13.341083002219149 ], [ 121.295822113687436, 13.341111932497693 ], [ 121.295979930524979, 13.341244536004888 ], [ 121.29601547238164, 13.341400234234918 ], [ 121.296002004437213, 13.341579519149244 ], [ 121.295939777308163, 13.341746519240877 ], [ 121.295865087794851, 13.341949309239276 ], [ 121.29579115231148, 13.342044479344079 ], [ 121.295656331175451, 13.342115322520106 ], [ 121.295448413751743, 13.342161758912944 ], [ 121.295420943778126, 13.342161574289024 ], [ 121.295289672925009, 13.342160691281171 ], [ 121.295167481573898, 13.342171827860362 ], [ 121.295086701045619, 13.342298079276777 ], [ 121.29499484018163, 13.342451027801371 ], [ 121.294923606121955, 13.342569633546335 ], [ 121.294795875350573, 13.342723805720544 ], [ 121.294703028289817, 13.342787812958649 ], [ 121.294613216199792, 13.342849727396143 ], [ 121.294526733118289, 13.342992646430641 ], [ 121.294415577608305, 13.34317127363593 ], [ 121.294328758977827, 13.343362023577958 ], [ 121.29430716356228, 13.343436180080326 ], [ 121.294266194818647, 13.343576854046892 ], [ 121.294154534857242, 13.343827228472671 ], [ 121.294084675356586, 13.343970048138873 ], [ 121.294055421649375, 13.344029853469435 ], [ 121.293956139630481, 13.34425639479878 ], [ 121.293893574829951, 13.3444712241901 ], [ 121.293895829960064, 13.344487971134964 ], [ 121.293907081985068, 13.344571522212128 ], [ 121.293719592881388, 13.345001041248006 ], [ 121.293671855465121, 13.345129148738835 ], [ 121.293644917108566, 13.345201440458297 ], [ 121.293598842683366, 13.345502481065749 ], [ 121.293596222383826, 13.345875564488029 ], [ 121.293638064756905, 13.346177197822676 ], [ 121.293650804177517, 13.346449935293011 ], [ 121.293678094649522, 13.346737120238448 ], [ 121.293726711407018, 13.346855038186707 ], [ 121.293778953888392, 13.346981750078177 ], [ 121.293924478597503, 13.347126230302431 ], [ 121.294226338659087, 13.347359044203875 ], [ 121.294286032124276, 13.347379524738942 ], [ 121.294350246660144, 13.34740841206969 ], [ 121.29441748112373, 13.347444558965966 ], [ 121.294428037275537, 13.347451005385176 ], [ 121.294486474336026, 13.347486692374137 ], [ 121.294556230396694, 13.347533619672392 ], [ 121.294625995881447, 13.347584320711894 ], [ 121.294695228248699, 13.347637977430965 ], [ 121.29481994451254, 13.347742169904141 ], [ 121.294924333685444, 13.3478361421783 ], [ 121.294975306285679, 13.347884351578859 ], [ 121.295053376364876, 13.347961853519418 ], [ 121.295122005682543, 13.348033652341586 ], [ 121.295188785545164, 13.348105529943298 ], [ 121.295340654398402, 13.348268989553979 ], [ 121.295401624117616, 13.348332666729277 ], [ 121.295459254329288, 13.348390291552073 ], [ 121.29550318964435, 13.34843128104033 ], [ 121.295512155715258, 13.348439646460474 ], [ 121.295558788275827, 13.34847867557346 ], [ 121.295600508594603, 13.348507689954491 ], [ 121.295620436726367, 13.348518095369636 ], [ 121.295634059890347, 13.348521859869281 ], [ 121.295640724527956, 13.348518330053615 ], [ 121.295739387303882, 13.348404284388026 ], [ 121.295739417993573, 13.348404252055708 ], [ 121.295814818487045, 13.348328522819218 ], [ 121.295814850086998, 13.348328492300794 ], [ 121.295847435805783, 13.348299165513762 ], [ 121.295847469239064, 13.348299136815474 ], [ 121.295868715304167, 13.348282583875791 ], [ 121.295868750551705, 13.348282559709141 ], [ 121.295892388512286, 13.348267946379348 ], [ 121.295892425586814, 13.348267924936687 ], [ 121.295918721399147, 13.348255891151409 ], [ 121.295946313034449, 13.348246897727064 ], [ 121.295961540335597, 13.34824348087586 ], [ 121.29600840999602, 13.348237197330414 ], [ 121.296072014294737, 13.348233533262304 ], [ 121.296135652010705, 13.348233643100048 ], [ 121.296167439246304, 13.348234976788655 ], [ 121.296204758490674, 13.348239069415397 ], [ 121.296243934082128, 13.348246304707992 ], [ 121.296320559839899, 13.348264602399643 ], [ 121.296330743967118, 13.348251799027548 ], [ 121.296366762205579, 13.348228685112048 ], [ 121.296417774432641, 13.348202644445809 ], [ 121.296480220475445, 13.348174700575267 ], [ 121.296642622300112, 13.348108038714738 ], [ 121.29670357190335, 13.348081809281778 ], [ 121.296703597831282, 13.348081797706403 ], [ 121.296757265753399, 13.348058700999589 ], [ 121.29675763365006, 13.348057514760479 ] ], [ [ 121.296120858707766, 13.347300267066094 ], [ 121.29679553161408, 13.347915438010924 ], [ 121.296794384112843, 13.347919214188792 ], [ 121.296120858707766, 13.347300267066094 ] ], [ [ 121.294060873034155, 13.339842883644415 ], [ 121.294044675693925, 13.339816029779792 ], [ 121.294074293631596, 13.339863104736473 ], [ 121.294060873034155, 13.339842883644415 ] ], [ [ 121.294972566524194, 13.344291621691287 ], [ 121.295003845721496, 13.344244705282829 ], [ 121.29497205678922, 13.344297154246419 ], [ 121.294972566524194, 13.344291621691287 ] ], [ [ 121.292614596500712, 13.339117868215673 ], [ 121.292531895551122, 13.339105607239961 ], [ 121.292455688228088, 13.339100025533565 ], [ 121.292379863997255, 13.339097712108584 ], [ 121.292248040991694, 13.339099601595468 ], [ 121.292121015794251, 13.339107146499694 ], [ 121.292061957038968, 13.339108480569642 ], [ 121.292010031985228, 13.339102174503914 ], [ 121.291974252426428, 13.339088612870301 ], [ 121.291946089233718, 13.339068471011556 ], [ 121.291927370731884, 13.339043352126684 ], [ 121.29192048201061, 13.339014573940259 ], [ 121.291930050554768, 13.338977000291644 ], [ 121.291955542880942, 13.338937557602506 ], [ 121.291993057876383, 13.338897858203772 ], [ 121.292039828143047, 13.338859485038277 ], [ 121.292094011422009, 13.33882411769688 ], [ 121.292155522654227, 13.338792953238016 ], [ 121.292222172699127, 13.338767907531093 ], [ 121.29228066630732, 13.338752465473414 ], [ 121.292341291918362, 13.338741243569284 ], [ 121.292403421792898, 13.338733466563061 ], [ 121.292466552195791, 13.338728576065327 ], [ 121.292530281333256, 13.338726217749283 ], [ 121.292608214815886, 13.33872654057946 ], [ 121.292685980736493, 13.338730466919989 ], [ 121.292763040943385, 13.338738522804826 ], [ 121.292839745663358, 13.33875170035053 ], [ 121.29291447649382, 13.338770435129984 ], [ 121.292986373234825, 13.338795632438536 ], [ 121.293049971414334, 13.338825725063488 ], [ 121.293110440901458, 13.338861255043087 ], [ 121.293167883432972, 13.338901408672962 ], [ 121.293222082613639, 13.338950039535096 ], [ 121.293270236340391, 13.339006323331168 ], [ 121.293309934309278, 13.339068981954307 ], [ 121.293336609467275, 13.339133011390523 ], [ 121.293347568473067, 13.339194727301685 ], [ 121.293343409332962, 13.339243542079998 ], [ 121.293328445442782, 13.339284301655908 ], [ 121.293305552346254, 13.339314091478013 ], [ 121.293278748734735, 13.339331379523967 ], [ 121.293254257346774, 13.339337149707392 ], [ 121.29323787489615, 13.339331932932151 ], [ 121.293234916128085, 13.339324395368052 ], [ 121.293219411973041, 13.339311649797155 ], [ 121.293192560413871, 13.339295287009051 ], [ 121.293143629120536, 13.339272037414812 ], [ 121.293080772324274, 13.339248185671677 ], [ 121.2930072098995, 13.339225002702978 ], [ 121.292768295090326, 13.339155738055727 ], [ 121.292689817989768, 13.339134709149423 ], [ 121.292614596500712, 13.339117868215673 ] ], [ [ 121.301484131452526, 13.344431078576818 ], [ 121.301447522918565, 13.344430863797559 ], [ 121.301437278280076, 13.344420527645186 ], [ 121.301437322078428, 13.344412842232666 ], [ 121.301443332605402, 13.344397401906132 ], [ 121.301466318321118, 13.344365807775171 ], [ 121.301516549506246, 13.34431501056903 ], [ 121.301553936607291, 13.344282025571014 ], [ 121.301595028423534, 13.344248058576369 ], [ 121.301671825359179, 13.344188485373081 ], [ 121.301730854969847, 13.344146006098914 ], [ 121.301809646756951, 13.344089304346014 ], [ 121.301867385859467, 13.344051034767247 ], [ 121.301875452311535, 13.34404844428998 ], [ 121.301888406210537, 13.344038783092147 ], [ 121.301919419465307, 13.34400736766354 ], [ 121.301952104311852, 13.34396465229768 ], [ 121.301979540831084, 13.343917425587009 ], [ 121.301995173166858, 13.343879922046614 ], [ 121.302004496422924, 13.343844768628863 ], [ 121.30200777959908, 13.343813489282319 ], [ 121.302005980656048, 13.343786637301976 ], [ 121.301999541802843, 13.343762231642181 ], [ 121.301988225143489, 13.343740104387669 ], [ 121.30196579027745, 13.343715450992839 ], [ 121.301929821921817, 13.343694661015437 ], [ 121.301878954411421, 13.343682269979301 ], [ 121.301814924253677, 13.343681667367969 ], [ 121.301741922440954, 13.343694000380284 ], [ 121.301663525881054, 13.343714926425603 ], [ 121.301580563876314, 13.343740707200229 ], [ 121.301236910942961, 13.343859551297054 ], [ 121.301149943410252, 13.343887206722577 ], [ 121.30106474062805, 13.343911070462699 ], [ 121.300936395198647, 13.343958084062109 ], [ 121.300581504344464, 13.344088085874658 ], [ 121.300410767839665, 13.343822817328805 ], [ 121.300245185262312, 13.343565553845458 ], [ 121.300197692737157, 13.343489288033503 ], [ 121.30015291561493, 13.343410830516046 ], [ 121.300110758649168, 13.343330468087045 ], [ 121.300076728757901, 13.343259516473823 ], [ 121.300071548680663, 13.343248715449926 ], [ 121.30003607529045, 13.34316644113118 ], [ 121.300005021060443, 13.343083976935034 ], [ 121.299979195186836, 13.343001763984383 ], [ 121.299959357122816, 13.342920228604862 ], [ 121.299946061311957, 13.34283967823621 ], [ 121.299939525654949, 13.342759972437243 ], [ 121.299939496810296, 13.342684717795388 ], [ 121.299945256668877, 13.342608258406575 ], [ 121.299956466702014, 13.342530428386862 ], [ 121.29997252090871, 13.342451425218352 ], [ 121.299992594852299, 13.342371530780486 ], [ 121.300012068858763, 13.342303846447157 ], [ 121.300015995444127, 13.34229019988223 ], [ 121.300041336019945, 13.342209040225923 ], [ 121.300148645044032, 13.341882615762719 ], [ 121.300253732851118, 13.341552247081905 ], [ 121.300281386928319, 13.34147220027203 ], [ 121.300311207899782, 13.341394055353714 ], [ 121.300343011887961, 13.34132138774725 ], [ 121.30037483865857, 13.341212218836789 ], [ 121.300457046768543, 13.340930227135303 ], [ 121.300853224263832, 13.340965732489398 ], [ 121.300853912434761, 13.340965794066648 ], [ 121.30172622683034, 13.341043968233443 ], [ 121.301931702250002, 13.340997510910643 ], [ 121.301924633942775, 13.340713922716777 ], [ 121.301924239433674, 13.340698055120717 ], [ 121.301916440892157, 13.340385137356222 ], [ 121.302180460098967, 13.340348638486924 ], [ 121.302287378909099, 13.340425888463738 ], [ 121.30227320406145, 13.340663594653055 ], [ 121.302265524532643, 13.340792374266405 ], [ 121.302292120805447, 13.340856967435883 ], [ 121.302372177723285, 13.341069516953921 ], [ 121.30240171522442, 13.34114354202795 ], [ 121.302433164209205, 13.341217068358901 ], [ 121.302496248612741, 13.341351234711723 ], [ 121.302602639491838, 13.341565159848713 ], [ 121.302636326090877, 13.341632894672488 ], [ 121.302673536305349, 13.341714148156424 ], [ 121.30270863282054, 13.341796572412745 ], [ 121.302741261593638, 13.341880108116616 ], [ 121.302770829563642, 13.341963634985575 ], [ 121.302797555903766, 13.342048015894303 ], [ 121.30282127371126, 13.342133094253196 ], [ 121.302841810652708, 13.342218698070079 ], [ 121.302859001772276, 13.342304656306169 ], [ 121.302872724465132, 13.342390813573367 ], [ 121.302882972843136, 13.342477087578906 ], [ 121.302889805786748, 13.34256139978879 ], [ 121.302892199510111, 13.342610596136623 ], [ 121.302893917948609, 13.34264591515357 ], [ 121.302896287688512, 13.342813434991374 ], [ 121.302892330071884, 13.343275073619765 ], [ 121.302891657896097, 13.343293130480179 ], [ 121.302888253615023, 13.343384601287621 ], [ 121.302882540427973, 13.343448739429226 ], [ 121.302872680738815, 13.343515386882661 ], [ 121.302857563902407, 13.343583122505427 ], [ 121.302836373515945, 13.343650556057558 ], [ 121.302810875740647, 13.343711718424839 ], [ 121.302779486605871, 13.343770949339072 ], [ 121.302742182576594, 13.343827655692472 ], [ 121.302698948639915, 13.34388160869895 ], [ 121.302649834297767, 13.343932725530937 ], [ 121.302595240079157, 13.343980754888042 ], [ 121.302535810250944, 13.344025438974464 ], [ 121.302472310204394, 13.344066622948445 ], [ 121.302405531059691, 13.34410430037855 ], [ 121.302336191412152, 13.344138671335307 ], [ 121.302262387488142, 13.344171239722938 ], [ 121.30224480149441, 13.344178286481174 ], [ 121.30218324308386, 13.344202955949658 ], [ 121.302103139040597, 13.344232908545433 ], [ 121.30182311388495, 13.344330325630633 ], [ 121.301777103436208, 13.344345426277442 ], [ 121.301671440378229, 13.344380103948584 ], [ 121.301601481292451, 13.344401572118787 ], [ 121.301538192776249, 13.344419163223023 ], [ 121.301484131452526, 13.344431078576818 ] ], [ [ 121.298755197240752, 13.344034766593589 ], [ 121.298666685000669, 13.344173901685174 ], [ 121.298580490940722, 13.344317829372322 ], [ 121.29853935823553, 13.344390768173687 ], [ 121.298499891579894, 13.344464504575189 ], [ 121.298462500508819, 13.344539213980385 ], [ 121.298428855235912, 13.344611824516285 ], [ 121.298375409264537, 13.344734154148925 ], [ 121.298300565272669, 13.344905462653799 ], [ 121.298263716921724, 13.344982783367835 ], [ 121.298184847203615, 13.345135066005295 ], [ 121.298099872288773, 13.345284180001082 ], [ 121.29805487620709, 13.345357245381818 ], [ 121.298007788633711, 13.34542896613171 ], [ 121.29795999428687, 13.345496703220709 ], [ 121.297910169915838, 13.345563018358012 ], [ 121.297858566859659, 13.345628005433667 ], [ 121.297805278554264, 13.345691635248775 ], [ 121.297750247961233, 13.345753749238442 ], [ 121.297693261087502, 13.345814062139384 ], [ 121.297633939855601, 13.345872125786542 ], [ 121.297572612860421, 13.345927024957039 ], [ 121.297509140699603, 13.345979811729274 ], [ 121.297444051320753, 13.346031018433965 ], [ 121.297415476192356, 13.346052573873514 ], [ 121.297377737932976, 13.346081041814971 ], [ 121.297242483344434, 13.346178557994754 ], [ 121.29722953443293, 13.346187470540492 ], [ 121.297104596875911, 13.346273462190933 ], [ 121.29696037945574, 13.346367894223778 ], [ 121.296809208739049, 13.34646056908298 ], [ 121.296732141301447, 13.346504682415059 ], [ 121.296653784593587, 13.346546655668073 ], [ 121.296577717065603, 13.346584176471628 ], [ 121.296500459935501, 13.346619430422502 ], [ 121.296422236459208, 13.346652567263529 ], [ 121.296343218800772, 13.346683520365536 ], [ 121.296263544780999, 13.346711987859036 ], [ 121.296232706900341, 13.346721762063794 ], [ 121.296183340189899, 13.346737410187858 ], [ 121.296109287785256, 13.346757477876741 ], [ 121.296035262109029, 13.346774011554512 ], [ 121.295961671968485, 13.346786504194675 ], [ 121.2958890105118, 13.346794138406402 ], [ 121.295817880399028, 13.34679575135344 ], [ 121.295749043117809, 13.34678977904691 ], [ 121.295673926027916, 13.346772028333303 ], [ 121.295604064425959, 13.346744397545873 ], [ 121.295558188235532, 13.346718590104972 ], [ 121.295540968119866, 13.346708902597268 ], [ 121.295228992517963, 13.346553335153457 ], [ 121.295025808489115, 13.346452014892858 ], [ 121.294978709769197, 13.346202964485633 ], [ 121.295048837279538, 13.34595470169714 ], [ 121.295265628068805, 13.345688291958261 ], [ 121.295589875856464, 13.345422605130731 ], [ 121.295666811899309, 13.345382701510296 ], [ 121.29584480243193, 13.345290385594067 ], [ 121.296070556341704, 13.345138836356288 ], [ 121.296267607265321, 13.344900993127851 ], [ 121.296281374751544, 13.34481410303318 ], [ 121.296308493223293, 13.344642966584296 ], [ 121.29653384398766, 13.344548814988427 ], [ 121.296738169025375, 13.344621827607897 ], [ 121.296806697266746, 13.344646315280604 ], [ 121.297109326438573, 13.344677048679376 ], [ 121.297532266265222, 13.344368540171393 ], [ 121.297583636514304, 13.344301055048234 ], [ 121.297659445549286, 13.344206866031975 ], [ 121.297690318009046, 13.344168507532057 ], [ 121.297800117041405, 13.344037864672096 ], [ 121.298029021799579, 13.343771497549538 ], [ 121.298146263573358, 13.343638566351704 ], [ 121.298258195903188, 13.343516634758378 ], [ 121.298364968568833, 13.343405934279033 ], [ 121.298419408254418, 13.343351610245762 ], [ 121.298530891403175, 13.343245605463657 ], [ 121.298663841198788, 13.343128852672844 ], [ 121.298666319563125, 13.343126762434782 ], [ 121.298934184536535, 13.342900793746093 ], [ 121.299051682150761, 13.342796468861669 ], [ 121.299130329974744, 13.342726636309351 ], [ 121.299203173232002, 13.342668401173365 ], [ 121.299278567753618, 13.342614902367858 ], [ 121.299353635849997, 13.342570150905219 ], [ 121.299425436554387, 13.342537968464583 ], [ 121.299478982350422, 13.34252330495203 ], [ 121.299526296187906, 13.34251972350299 ], [ 121.299565476323281, 13.342527257406289 ], [ 121.299601114268441, 13.342549428391068 ], [ 121.299621315042302, 13.342576434170914 ], [ 121.299625441837094, 13.34259893155799 ], [ 121.299570288376785, 13.342717325422576 ], [ 121.299484479979526, 13.342887841101861 ], [ 121.299431647063699, 13.342986386864045 ], [ 121.29937800551663, 13.343081383042861 ], [ 121.299322583404972, 13.343175185833253 ], [ 121.299256874604268, 13.34328027835409 ], [ 121.2992158865204, 13.343345831772968 ], [ 121.298891946772429, 13.343828206244087 ], [ 121.298755197240752, 13.344034766593589 ] ] ], [ [ [ 121.279419442166741, 13.355471151904858 ], [ 121.279525313967781, 13.35604293855318 ], [ 121.279811200214269, 13.356254717135608 ], [ 121.28022634320449, 13.356538487996458 ], [ 121.280615920800656, 13.35669680977289 ], [ 121.28092298264302, 13.356972120424347 ], [ 121.28097078800937, 13.357080486708826 ], [ 121.281212465380818, 13.356762422087822 ], [ 121.281377119270559, 13.356640861832727 ], [ 121.282591527729195, 13.355744284498735 ], [ 121.282713886320622, 13.35564051259921 ], [ 121.282923114671149, 13.35545943186351 ], [ 121.28315770775265, 13.355256397695644 ], [ 121.283307756512343, 13.355130755845394 ], [ 121.283584670613223, 13.354902887046151 ], [ 121.283592774827994, 13.354896218292344 ], [ 121.283652776229047, 13.354844406292733 ], [ 121.283711351304149, 13.354791308298473 ], [ 121.283758078139954, 13.3547462943417 ], [ 121.283816291496578, 13.354685627528619 ], [ 121.283870930631693, 13.354622479645878 ], [ 121.283922122304674, 13.354556029033349 ], [ 121.283959397261299, 13.354501928239586 ], [ 121.283995975456364, 13.354442986971931 ], [ 121.284031178603456, 13.354379567587785 ], [ 121.284063524877041, 13.354314175485529 ], [ 121.284093034751166, 13.354247047620667 ], [ 121.284118499753575, 13.354181714438022 ], [ 121.284141278976577, 13.354115404870472 ], [ 121.28416098718759, 13.354049201850412 ], [ 121.284177447793027, 13.353983925798785 ], [ 121.284191694924075, 13.35391446782597 ], [ 121.284202962536341, 13.353841590109496 ], [ 121.284210548539775, 13.353766278519092 ], [ 121.284213871881235, 13.353689633636163 ], [ 121.284212510761364, 13.353612818589019 ], [ 121.2842062268262, 13.353537032101114 ], [ 121.28419500883885, 13.353463468113638 ], [ 121.284179115543623, 13.353393259133192 ], [ 121.284159091972981, 13.353327389570767 ], [ 121.284135744319826, 13.353266594337034 ], [ 121.284110001780832, 13.353211185262694 ], [ 121.284082540624695, 13.353160693318348 ], [ 121.284050360415648, 13.353109185849229 ], [ 121.284014370903392, 13.353058414424472 ], [ 121.283974650960417, 13.353008321731425 ], [ 121.283932195067067, 13.352959775927138 ], [ 121.283887727654005, 13.352913065756113 ], [ 121.28385274706892, 13.35287895415216 ], [ 121.283840823755682, 13.352867328741558 ], [ 121.283826471165284, 13.35285422794764 ], [ 121.283792246518601, 13.352822991280505 ], [ 121.2837418919665, 13.352779746251203 ], [ 121.283690225426469, 13.352737841769107 ], [ 121.2836341859134, 13.352694935854343 ], [ 121.283576915821257, 13.352653606045191 ], [ 121.283515230918184, 13.352611837627943 ], [ 121.283452515313158, 13.352572226960516 ], [ 121.283353837455962, 13.35251561820998 ], [ 121.283297106808092, 13.352486214112403 ], [ 121.283263198251035, 13.352470022707063 ], [ 121.28312090493435, 13.352263788037734 ], [ 121.283093698211317, 13.352245760370106 ], [ 121.283033389012289, 13.352205798120883 ], [ 121.282901810943116, 13.352161859006188 ], [ 121.282762348121096, 13.352196786047223 ], [ 121.282571343929845, 13.352267237685968 ], [ 121.281990252064645, 13.352614466483812 ], [ 121.281857260586861, 13.352682153649912 ], [ 121.281793134949183, 13.352716701197497 ], [ 121.281675440640427, 13.352784040532756 ], [ 121.281545232124685, 13.352864458542419 ], [ 121.281384833481084, 13.352969442287797 ], [ 121.281177684732668, 13.353105026078996 ], [ 121.280996269115164, 13.353218388012618 ], [ 121.28061020485562, 13.353449262698241 ], [ 121.279912496492031, 13.353866504811192 ], [ 121.279570790795418, 13.354072478459676 ], [ 121.279565410966242, 13.354075721005495 ], [ 121.279452805582139, 13.354140964348879 ], [ 121.279339591613322, 13.354201047797384 ], [ 121.27928203639155, 13.354228522361117 ], [ 121.279223919412047, 13.35425373249366 ], [ 121.279165215869682, 13.354276402344599 ], [ 121.279105399829604, 13.354296499400887 ], [ 121.279048931079203, 13.354312687442633 ], [ 121.278988492541771, 13.354327121984145 ], [ 121.278978082469507, 13.35432563309287 ], [ 121.279419442166741, 13.355471151904858 ] ] ], [ [ [ 121.281081802443552, 13.357332136387997 ], [ 121.281240617353333, 13.357893335674374 ], [ 121.281395597005513, 13.35818983681447 ], [ 121.281491490492243, 13.358133243531709 ], [ 121.28150346301905, 13.358120303049406 ], [ 121.28151558625828, 13.358107198185007 ], [ 121.281575214326693, 13.35804601112835 ], [ 121.281654696833897, 13.357967544462808 ], [ 121.281730246928447, 13.357896333467142 ], [ 121.281797520862483, 13.357835954091428 ], [ 121.281853905641867, 13.357787917889755 ], [ 121.282009027400264, 13.357663833781581 ], [ 121.282183576607579, 13.357531476812744 ], [ 121.282266607363681, 13.357471434226218 ], [ 121.282360180931121, 13.357406201987542 ], [ 121.282558341428327, 13.357273943199546 ], [ 121.282625752293882, 13.357230618767266 ], [ 121.282765766186444, 13.357140631948967 ], [ 121.282917227018643, 13.357049935723978 ], [ 121.282990004012774, 13.357009314150051 ], [ 121.283125896237237, 13.356938393356083 ], [ 121.28325460708227, 13.356875848586462 ], [ 121.283467953378704, 13.356776013982532 ], [ 121.283472247800916, 13.356773920019972 ], [ 121.283603148105058, 13.356710075725559 ], [ 121.283724769586328, 13.356645398999229 ], [ 121.283782677926709, 13.356611906042401 ], [ 121.283836585359623, 13.35657856028625 ], [ 121.283887544831018, 13.356544497565912 ], [ 121.283934745181952, 13.356509811788634 ], [ 121.283970494085693, 13.356480489384243 ], [ 121.284002202452186, 13.356450916218348 ], [ 121.284027475133968, 13.356423126881751 ], [ 121.284046521842413, 13.356397228557126 ], [ 121.284058866060917, 13.356375069136634 ], [ 121.284065898609882, 13.356356822591684 ], [ 121.284069194347936, 13.356342224862789 ], [ 121.284070126407144, 13.356328349512967 ], [ 121.284067189557135, 13.356309162884058 ], [ 121.284061432120509, 13.356295636098688 ], [ 121.284055399000366, 13.356286615055408 ], [ 121.284046110972028, 13.356276686064749 ], [ 121.284032217329852, 13.356266266562617 ], [ 121.284012636528956, 13.356256348872119 ], [ 121.283986938958208, 13.356248154817116 ], [ 121.283955540933775, 13.356242725779978 ], [ 121.283919555285578, 13.356240644195987 ], [ 121.283889062181899, 13.356241419171406 ], [ 121.283820456020379, 13.356249424233821 ], [ 121.283769953131781, 13.356259620560714 ], [ 121.283714732977614, 13.356274130592118 ], [ 121.283657753328882, 13.356292286610174 ], [ 121.283599725575129, 13.356313744560756 ], [ 121.283542364523015, 13.356337641166729 ], [ 121.283486979337823, 13.356363038985169 ], [ 121.283385916175561, 13.356414513495627 ], [ 121.2832665068632, 13.356481612139564 ], [ 121.283200985560029, 13.356520179004052 ], [ 121.283200954970411, 13.356520196873239 ], [ 121.283011635360722, 13.356631632494333 ], [ 121.282887608027607, 13.356702558121535 ], [ 121.282753357715308, 13.356776782788328 ], [ 121.282635054343544, 13.356840969114231 ], [ 121.282214464028058, 13.357069164656878 ], [ 121.282137436102886, 13.357108338850896 ], [ 121.2820601438045, 13.357144443472754 ], [ 121.282000583263809, 13.35716916349508 ], [ 121.281758373247115, 13.357345082382544 ], [ 121.281487826487606, 13.357541580649613 ], [ 121.28127733549249, 13.357378960960073 ], [ 121.281152554012891, 13.357282558337472 ], [ 121.281012042406786, 13.357174003036313 ], [ 121.281081802443552, 13.357332136387997 ] ] ] ] } },
{ "type": "Feature", "properties": { "fid": 15065.0, "ENR_CLCODE": "01017", "LCM_CLASS": "Perennial Crop", "AREA_HA": 185.05870781300001, "SOURCE": "Sentinel-2 from ESA, 2022", "REMARKS": "None" }, "geometry": { "type": "MultiPolygon", "coordinates": [ [ [ [ 121.285277788726404, 13.332806978077809 ], [ 121.285241388176615, 13.332755889441614 ], [ 121.285138199726674, 13.332952945985962 ], [ 121.285062473783654, 13.333055946335069 ], [ 121.28498644727884, 13.333128519255201 ], [ 121.284929276175362, 13.333170085298072 ], [ 121.284626356099565, 13.333354373634963 ], [ 121.284579181853388, 13.333376959216617 ], [ 121.28453067903213, 13.333392946512028 ], [ 121.284484883342145, 13.333400217135068 ], [ 121.284393515486414, 13.333394931560324 ], [ 121.284195570693853, 13.333340256333861 ], [ 121.284145154216205, 13.333331652376145 ], [ 121.284048337109297, 13.333325160946307 ], [ 121.283952435564643, 13.333329232963228 ], [ 121.283867749823926, 13.333345920618811 ], [ 121.283772731695038, 13.333384235550117 ], [ 121.283709464295356, 13.333420518285671 ], [ 121.283606339141528, 13.333498170733044 ], [ 121.283552368467141, 13.333549159382425 ], [ 121.283479110392577, 13.333631900206376 ], [ 121.283435360069845, 13.333691649049355 ], [ 121.283388612646718, 13.333768978665381 ], [ 121.283359476250951, 13.333831112726335 ], [ 121.283340633310232, 13.333891440309774 ], [ 121.283334738314977, 13.333949720955273 ], [ 121.283339404544307, 13.333993684609027 ], [ 121.283363839446878, 13.334068087761207 ], [ 121.283395308026954, 13.334128660629686 ], [ 121.283444336795469, 13.334204658174146 ], [ 121.283582900512187, 13.334385181889051 ], [ 121.283651217145959, 13.33448433762242 ], [ 121.283722604884986, 13.334606264749297 ], [ 121.283785601249988, 13.334737463726656 ], [ 121.283851261614288, 13.334912021607188 ], [ 121.283955556509113, 13.335226712180843 ], [ 121.283966068884169, 13.335287800610695 ], [ 121.283966115705084, 13.335336156436037 ], [ 121.283957937706205, 13.335380559760491 ], [ 121.283942807390503, 13.335419888483138 ], [ 121.283904174291322, 13.335475831587795 ], [ 121.28387561115477, 13.335500952291813 ], [ 121.283835372764074, 13.335522920466191 ], [ 121.283801540363726, 13.335532495757159 ], [ 121.283766577833276, 13.335535216509291 ], [ 121.283615779424878, 13.335517219460531 ], [ 121.283537804326514, 13.335529991748512 ], [ 121.283468369815367, 13.335557899606178 ], [ 121.283292578425318, 13.335646796426133 ], [ 121.283082394563976, 13.335721263905327 ], [ 121.282994914489919, 13.335773666846164 ], [ 121.282899355053786, 13.335854446184102 ], [ 121.28263871887323, 13.336111747543978 ], [ 121.282568443525307, 13.336173707391184 ], [ 121.28248119266928, 13.336227721480867 ], [ 121.282333878339927, 13.336287289802103 ], [ 121.282295275239818, 13.336316424796859 ], [ 121.282273467075697, 13.336355142125029 ], [ 121.282265080530948, 13.336388687499907 ], [ 121.282253912524737, 13.336585820612099 ], [ 121.282236840592333, 13.336636483216971 ], [ 121.282215862234352, 13.336672202606419 ], [ 121.282156440711134, 13.336733886350087 ], [ 121.282096645266208, 13.3367712524133 ], [ 121.281935448678084, 13.336833333673532 ], [ 121.281871436880536, 13.336863917238853 ], [ 121.281669612289392, 13.337007211503025 ], [ 121.281444615844237, 13.337146170149541 ], [ 121.281380407232035, 13.33719782876371 ], [ 121.281332272881556, 13.337261378774535 ], [ 121.28131801694127, 13.337305662838011 ], [ 121.281318630894305, 13.337340360405014 ], [ 121.281337349144451, 13.337385485374204 ], [ 121.281411917898794, 13.33747973462919 ], [ 121.281454845659383, 13.337558015780818 ], [ 121.281468320000783, 13.33760537377302 ], [ 121.281474216008959, 13.337649376521743 ], [ 121.281474748191769, 13.337695205643705 ], [ 121.281460571133309, 13.337791570556542 ], [ 121.281426106985137, 13.337896846051127 ], [ 121.281400969691916, 13.337952514451599 ], [ 121.281340080592813, 13.338058840215595 ], [ 121.281252998597225, 13.338169022531773 ], [ 121.281204613232944, 13.338213808169298 ], [ 121.28115324172029, 13.338248466349297 ], [ 121.281098721359626, 13.338269522376482 ], [ 121.281056988334939, 13.338274266478273 ], [ 121.281014294035103, 13.338270355765152 ], [ 121.280961621854331, 13.338254848196852 ], [ 121.280909590361048, 13.338229449373328 ], [ 121.280866350496183, 13.338201370766265 ], [ 121.280774294685841, 13.338122210847009 ], [ 121.280506668118747, 13.337834882630457 ], [ 121.280330597712407, 13.337696827937531 ], [ 121.280238029531787, 13.337614743053859 ], [ 121.280137152104828, 13.337504349173186 ], [ 121.280105377181059, 13.337459297893698 ], [ 121.280090598595208, 13.337427959359585 ], [ 121.280085567970346, 13.337388989845465 ], [ 121.280095902022666, 13.337364732493857 ], [ 121.280126431818474, 13.337346887404161 ], [ 121.280167670797056, 13.337342021666529 ], [ 121.28035950446241, 13.337346365349433 ], [ 121.2804186081311, 13.337352126064408 ], [ 121.280512758767884, 13.337375803412115 ], [ 121.280660197028595, 13.337433969361426 ], [ 121.280702739633455, 13.337435822771742 ], [ 121.280742150963007, 13.337423944898418 ], [ 121.280768885360672, 13.337405946435378 ], [ 121.28079869749547, 13.337365804138994 ], [ 121.280809766315528, 13.337323984970352 ], [ 121.280808916785503, 13.337280877070407 ], [ 121.280799160823207, 13.33723933459248 ], [ 121.280775273947413, 13.337185072393881 ], [ 121.280749267444349, 13.337144506618573 ], [ 121.280709140547941, 13.337099100255477 ], [ 121.280653184432353, 13.337055263683657 ], [ 121.280601539933713, 13.337029350447441 ], [ 121.280343039093538, 13.336956281549201 ], [ 121.280125721113805, 13.336867030692318 ], [ 121.280035012161861, 13.336844861735743 ], [ 121.279950980330199, 13.336839213133711 ], [ 121.279854913723156, 13.336848409075508 ], [ 121.279790424327672, 13.336863688969297 ], [ 121.279570435933181, 13.336932319773315 ], [ 121.279469291606503, 13.336947759265199 ], [ 121.279394736581636, 13.336939773464154 ], [ 121.279331821597822, 13.336911059812516 ], [ 121.279275039258607, 13.336858842051553 ], [ 121.279232018260657, 13.336795745954733 ], [ 121.279188335891192, 13.336709473659164 ], [ 121.27906779044541, 13.336436222970386 ], [ 121.278998057099429, 13.336319996812675 ], [ 121.278915314515658, 13.336214298858916 ], [ 121.278793563130691, 13.336092063459862 ], [ 121.278528733289804, 13.335859907915289 ], [ 121.278262255706451, 13.335610967748904 ], [ 121.278091853352848, 13.335429230140985 ], [ 121.277936083578325, 13.335272605098115 ], [ 121.277756158942793, 13.335060222565312 ], [ 121.27769742526857, 13.335013959492873 ], [ 121.277671797729894, 13.335003141601758 ], [ 121.277655189420983, 13.335005255464271 ], [ 121.27760551501639, 13.335001725074017 ], [ 121.27753893856169, 13.33498100523566 ], [ 121.27749464122428, 13.334955097276318 ], [ 121.277455555293812, 13.334915567349032 ], [ 121.27743654728792, 13.334878082453022 ], [ 121.277422969402423, 13.334820104042567 ], [ 121.277423350223444, 13.334781102743225 ], [ 121.277439349355902, 13.334730195519843 ], [ 121.277469077424882, 13.334695270210839 ], [ 121.277504482233937, 13.334679011523823 ], [ 121.277542894480618, 13.334677904168021 ], [ 121.277612951759423, 13.334689646072867 ], [ 121.277638348944166, 13.334686646705466 ], [ 121.27765715424276, 13.334676587421887 ], [ 121.277670402223137, 13.33465935868017 ], [ 121.27767820147217, 13.33463331978945 ], [ 121.27768663324062, 13.334506539592393 ], [ 121.277698282054843, 13.334478735479982 ], [ 121.277713836184361, 13.334463390766953 ], [ 121.277748290756278, 13.334461463687772 ], [ 121.277786520428506, 13.334479144746599 ], [ 121.277840396318069, 13.334523692551958 ], [ 121.27787977975656, 13.334572917578472 ], [ 121.278022439809604, 13.334469745317412 ], [ 121.278118492162463, 13.334413479802167 ], [ 121.278215927541424, 13.334370013472958 ], [ 121.278329566285905, 13.334333472772167 ], [ 121.278377974678648, 13.334310708852216 ], [ 121.278446807241338, 13.334253223593663 ], [ 121.278485294655979, 13.33419907734428 ], [ 121.278494246875539, 13.334171709447814 ], [ 121.278495398866227, 13.334146772219619 ], [ 121.278477039249395, 13.334100121114886 ], [ 121.278441818271617, 13.33406275534122 ], [ 121.27830766385506, 13.333954241944154 ], [ 121.278274424730256, 13.333906479761612 ], [ 121.278270334198737, 13.333880730367845 ], [ 121.278274674603821, 13.333851340710277 ], [ 121.278310410697216, 13.333743149444313 ], [ 121.278309152639366, 13.333711856928176 ], [ 121.27830273127897, 13.333696001704897 ], [ 121.278293872725897, 13.333690071562163 ], [ 121.278285930946581, 13.333696705173136 ], [ 121.278257523607479, 13.333703768697104 ], [ 121.277995811093902, 13.333738347992034 ], [ 121.277857592155101, 13.333772470310125 ], [ 121.277789176031177, 13.333797490245585 ], [ 121.277709266896139, 13.333837107053659 ], [ 121.277660499429189, 13.333867927328042 ], [ 121.27747607323154, 13.334011785260833 ], [ 121.27744182603351, 13.334044518598128 ], [ 121.277402744723773, 13.334102716289696 ], [ 121.277358192431095, 13.334230230774738 ], [ 121.277291343766095, 13.334341487045407 ], [ 121.277268471364081, 13.334392584186112 ], [ 121.27725520225404, 13.33444028771795 ], [ 121.277245366591245, 13.334506313564839 ], [ 121.277233318258169, 13.334700028805939 ], [ 121.277225178489246, 13.334739802403881 ], [ 121.277213621730979, 13.334761793408399 ], [ 121.277198589084989, 13.334775059120759 ], [ 121.277178264027839, 13.334781806153591 ], [ 121.277134004777935, 13.334776113500293 ], [ 121.277091100804569, 13.334756890985284 ], [ 121.27697053597231, 13.334683209952328 ], [ 121.27689967003991, 13.334659942506054 ], [ 121.276841633885283, 13.33466253017275 ], [ 121.276811107140873, 13.33467426291889 ], [ 121.276780689261258, 13.334694044480379 ], [ 121.276749308458832, 13.334723582188118 ], [ 121.276667271564193, 13.334818801140299 ], [ 121.27656619429392, 13.334895100420262 ], [ 121.276528538738987, 13.33493643418368 ], [ 121.276503053364777, 13.334990595597581 ], [ 121.276478898777967, 13.335103271908935 ], [ 121.276463262880753, 13.335149280730375 ], [ 121.27643399272992, 13.335196225095041 ], [ 121.276351126639042, 13.335286130714117 ], [ 121.276316439863109, 13.335332462320338 ], [ 121.276289789963343, 13.335393045895639 ], [ 121.276283707518431, 13.335455758384304 ], [ 121.27629002893238, 13.335493548124717 ], [ 121.276303395556752, 13.335530987350058 ], [ 121.276325188686542, 13.335564513387265 ], [ 121.276345285665698, 13.335583205251783 ], [ 121.276395583419813, 13.33560796848872 ], [ 121.276455001733424, 13.33561261955194 ], [ 121.276543325823255, 13.335587290324744 ], [ 121.276607499408357, 13.335554228117863 ], [ 121.276810206943651, 13.335426591031148 ], [ 121.276841099980345, 13.335416449803196 ], [ 121.276881522067086, 13.335342923588334 ], [ 121.276926223726974, 13.335278934396298 ], [ 121.276981135912493, 13.335225969793804 ], [ 121.277010070317246, 13.335210630566461 ], [ 121.277038315768479, 13.335203645643723 ], [ 121.277064142501175, 13.335204757370624 ], [ 121.277109416949372, 13.335221765315568 ], [ 121.277147190242388, 13.335251964705341 ], [ 121.2771953855964, 13.335314578453875 ], [ 121.277219993332608, 13.335363777791594 ], [ 121.277241950291184, 13.335438772728439 ], [ 121.277264059815096, 13.335643336973716 ], [ 121.277290001279738, 13.33572615047192 ], [ 121.277345294405194, 13.335829436260887 ], [ 121.277469524076309, 13.335991121496669 ], [ 121.277481669721794, 13.336014160899335 ], [ 121.277487218793581, 13.336039748510631 ], [ 121.27747672719687, 13.336088851203726 ], [ 121.277444443750611, 13.336134836915788 ], [ 121.277392792978617, 13.336174111208575 ], [ 121.277324740328467, 13.336205282453236 ], [ 121.277302022754185, 13.336247431389102 ], [ 121.277224055184945, 13.336340046165271 ], [ 121.277165793908225, 13.336393412761687 ], [ 121.277097454286746, 13.336446091419417 ], [ 121.276960250761221, 13.336529646410403 ], [ 121.276897774521998, 13.336559059582276 ], [ 121.276810494237324, 13.336589937657473 ], [ 121.27672948317354, 13.33660356832276 ], [ 121.276670618295171, 13.336600232591302 ], [ 121.276613193227661, 13.336589004122379 ], [ 121.276501957107214, 13.336550034578194 ], [ 121.276442302091439, 13.336520267945447 ], [ 121.276493695556454, 13.337310021689794 ], [ 121.275828123803549, 13.337491315150368 ], [ 121.275815041800584, 13.337528803958119 ], [ 121.275732948574102, 13.337709752446314 ], [ 121.275716716986082, 13.337757052357054 ], [ 121.275697255435759, 13.337854151595547 ], [ 121.275685400138514, 13.337990974596766 ], [ 121.27567672171881, 13.338021560178309 ], [ 121.275662139782966, 13.338046539398871 ], [ 121.275642918978861, 13.338063049295769 ], [ 121.275618527489868, 13.338073572785699 ], [ 121.275582646561986, 13.338078187827261 ], [ 121.275529873636259, 13.338072490911562 ], [ 121.27543900561696, 13.338042615525611 ], [ 121.275347646996536, 13.338003656155365 ], [ 121.275285693049725, 13.338196023509518 ], [ 121.275401252858259, 13.338722537049666 ], [ 121.275465438214326, 13.338686400299364 ], [ 121.275643181456331, 13.338605064747091 ], [ 121.27578640021008, 13.338532656714365 ], [ 121.275879476184002, 13.338496720837522 ], [ 121.27597786553865, 13.33847019254692 ], [ 121.276111339092495, 13.338444389164954 ], [ 121.27617857554273, 13.338441618738619 ], [ 121.276212738967018, 13.338451750305044 ], [ 121.276235925352239, 13.338468138537591 ], [ 121.276253484422, 13.338492499359667 ], [ 121.276263567475908, 13.338526496831571 ], [ 121.276259986569187, 13.338587354458017 ], [ 121.276215079558028, 13.338723353469691 ], [ 121.276209784379674, 13.338785141221702 ], [ 121.276230225261017, 13.338874991063333 ], [ 121.276979432169753, 13.338914662045552 ], [ 121.277298569654462, 13.339033431966788 ], [ 121.278279385950412, 13.338604949224045 ], [ 121.278256647162536, 13.338574865725112 ], [ 121.278244337543427, 13.338532158766705 ], [ 121.278245931452588, 13.338496884266267 ], [ 121.278257162210693, 13.338457155222383 ], [ 121.278277591274033, 13.338413893303814 ], [ 121.278315283065766, 13.338356740893698 ], [ 121.278509840921629, 13.338115539649955 ], [ 121.27860373064523, 13.338021436822757 ], [ 121.278674959781284, 13.33797106789172 ], [ 121.278744867554337, 13.337938809863481 ], [ 121.27881747166613, 13.337927691892803 ], [ 121.278867039699563, 13.337937835026565 ], [ 121.278890052634523, 13.337959817725059 ], [ 121.278888993412636, 13.337993644267526 ], [ 121.278872319222359, 13.338018887840565 ], [ 121.278789642979234, 13.3381036018747 ], [ 121.278768413338582, 13.338139003737517 ], [ 121.278759283874194, 13.338168687039916 ], [ 121.278759147296697, 13.338246316114507 ], [ 121.278790342201162, 13.338343968977354 ], [ 121.278786691641741, 13.338383323747372 ], [ 121.278889753888521, 13.338338298997179 ], [ 121.279295966225263, 13.338670532857007 ], [ 121.2785684534213, 13.339583360382676 ], [ 121.278904577882571, 13.3396327197815 ], [ 121.279459676131566, 13.339307042750084 ], [ 121.279485636128612, 13.339388899801527 ], [ 121.279496413431019, 13.339382287276043 ], [ 121.279607358711772, 13.339303735775513 ], [ 121.279766381278819, 13.339168473833718 ], [ 121.279839147632046, 13.33909002178704 ], [ 121.279948481145269, 13.338952998420606 ], [ 121.280011054654153, 13.338897866385794 ], [ 121.280063555172163, 13.338867258286172 ], [ 121.280157419349692, 13.338828431043602 ], [ 121.280403667081913, 13.338759432845871 ], [ 121.280457613977802, 13.338737005522162 ], [ 121.280520024236807, 13.338697686397467 ], [ 121.280683604270422, 13.338563673232439 ], [ 121.280737793659995, 13.338532436533713 ], [ 121.280790948789345, 13.338512829245788 ], [ 121.280894533384227, 13.338499076267926 ], [ 121.281029763231146, 13.338502139262534 ], [ 121.281185228578906, 13.338522285780295 ], [ 121.281316262979985, 13.338555806815879 ], [ 121.281400215414749, 13.338594707106322 ], [ 121.281487569767407, 13.338654214447088 ], [ 121.281572642568037, 13.338725660866945 ], [ 121.281757846520165, 13.338899942819234 ], [ 121.281836717053096, 13.338958974727257 ], [ 121.281879521863743, 13.338976337520696 ], [ 121.281930410241358, 13.338981411115288 ], [ 121.281971606363911, 13.338973259238461 ], [ 121.282019821903887, 13.338947856783665 ], [ 121.282051287906796, 13.338919326819935 ], [ 121.282079347022602, 13.338882461642058 ], [ 121.282111056958584, 13.338819426130165 ], [ 121.2821295075113, 13.338762090602605 ], [ 121.282146873564614, 13.338648681289047 ], [ 121.282141791975889, 13.338543744895155 ], [ 121.282121994085912, 13.338450026673074 ], [ 121.281995884330442, 13.338019759655264 ], [ 121.281945055496223, 13.33790500319758 ], [ 121.281849951755461, 13.337743611040677 ], [ 121.281824551198625, 13.337678759668261 ], [ 121.28181111131353, 13.337613530525024 ], [ 121.281809549545287, 13.33758114403431 ], [ 121.281814235976427, 13.337535991267137 ], [ 121.281825766035325, 13.337497440871118 ], [ 121.281853699797864, 13.337445570538021 ], [ 121.281906196667094, 13.337381325197471 ], [ 121.28196976687309, 13.33732115845201 ], [ 121.282059229265457, 13.337251486471692 ], [ 121.282189074246659, 13.337164422086943 ], [ 121.28257564445525, 13.336925916334808 ], [ 121.282814931031652, 13.336765945592886 ], [ 121.282944031854427, 13.33669653740437 ], [ 121.283022093360501, 13.336668642305199 ], [ 121.283099410355746, 13.336659435147624 ], [ 121.283154067627208, 13.33666898565526 ], [ 121.283214807146592, 13.336701396727022 ], [ 121.283277191479328, 13.336762714938546 ], [ 121.283407558933405, 13.336926944126498 ], [ 121.283686155159927, 13.337245507035552 ], [ 121.283742192992833, 13.337297311216078 ], [ 121.283793916998064, 13.337336553838719 ], [ 121.283913048956336, 13.337401552289069 ], [ 121.283976801436381, 13.337427341111486 ], [ 121.284066086953473, 13.337454057287895 ], [ 121.284112786241295, 13.337463445061102 ], [ 121.28420780036754, 13.33747203133268 ], [ 121.284273647660513, 13.337468722315018 ], [ 121.284347051705623, 13.337453976379232 ], [ 121.284425677285256, 13.337421529160778 ], [ 121.28446415156084, 13.337392464365154 ], [ 121.284434327473718, 13.337378360112188 ], [ 121.284414064285613, 13.337364770049424 ], [ 121.284389749611492, 13.337342620777699 ], [ 121.284376614965353, 13.337326700152866 ], [ 121.284364227898692, 13.337307665334627 ], [ 121.284352860889101, 13.33728457904845 ], [ 121.284343221133241, 13.337256769097669 ], [ 121.284335939639817, 13.337221940312201 ], [ 121.284332643277608, 13.337177941678053 ], [ 121.284335558680993, 13.337125256533028 ], [ 121.284346316746266, 13.337065593436058 ], [ 121.284364788830786, 13.337003818878573 ], [ 121.284390626460777, 13.336941303476582 ], [ 121.28442212911051, 13.336881343855342 ], [ 121.284457432731998, 13.336825694422782 ], [ 121.284495131185309, 13.336774665595067 ], [ 121.284527298091632, 13.336735849397021 ], [ 121.284562068785007, 13.336697436838975 ], [ 121.284638475614713, 13.336621664360608 ], [ 121.284803237271035, 13.336473587302647 ], [ 121.284808901383741, 13.336468194392857 ], [ 121.284859172963337, 13.336420341254781 ], [ 121.28489562817991, 13.336382047642845 ], [ 121.284927799788463, 13.336343984339736 ], [ 121.284953768845341, 13.336308360038689 ], [ 121.28497392103948, 13.3362755859135 ], [ 121.284989111462124, 13.336245741891695 ], [ 121.285000108964311, 13.336219224574789 ], [ 121.285008878989174, 13.336192473389772 ], [ 121.28501555194363, 13.336164930627662 ], [ 121.2850200311767, 13.336136558573354 ], [ 121.285022221916591, 13.336107445163153 ], [ 121.285022251923664, 13.336082358304029 ], [ 121.28501647126788, 13.336025757227578 ], [ 121.285002429079668, 13.335966081093932 ], [ 121.284991701918784, 13.33593358350992 ], [ 121.284971202233478, 13.335883153547032 ], [ 121.284946061242749, 13.33583185326188 ], [ 121.284916000627348, 13.335778578938863 ], [ 121.284881861184545, 13.335724255529058 ], [ 121.284845019578697, 13.335670127076092 ], [ 121.284755465313737, 13.335548384993672 ], [ 121.284647781985853, 13.335401998500139 ], [ 121.284587864204838, 13.335313018003628 ], [ 121.284545441995292, 13.335242874708925 ], [ 121.28450717743317, 13.335171387572714 ], [ 121.284479378502667, 13.335111846647667 ], [ 121.284454850459198, 13.335050791354835 ], [ 121.284433160748193, 13.334985566786171 ], [ 121.284415079756144, 13.334915569868128 ], [ 121.28440179002331, 13.334841692625305 ], [ 121.284394233903143, 13.33476524575226 ], [ 121.284392958166421, 13.334687744243084 ], [ 121.284398043848114, 13.334610777660385 ], [ 121.284409100562513, 13.334535900728065 ], [ 121.284425287674352, 13.334464511452055 ], [ 121.284445429825411, 13.334397700054637 ], [ 121.284468275835891, 13.334335924434527 ], [ 121.284493259599799, 13.334277922550729 ], [ 121.284517167573767, 13.334230147031505 ], [ 121.284540389252058, 13.334183741641148 ], [ 121.284582101008041, 13.33410971287544 ], [ 121.284689980169219, 13.333934662682134 ], [ 121.284787954278272, 13.333781881719919 ], [ 121.2847987638565, 13.333765719725973 ], [ 121.284826388084525, 13.33372442217075 ], [ 121.284865313717845, 13.333669717350853 ], [ 121.284905917566334, 13.333618116078453 ], [ 121.28494608563382, 13.333573826902891 ], [ 121.284986625388555, 13.333536484719501 ], [ 121.285022250041166, 13.333509697149168 ], [ 121.285053029096318, 13.333490819022776 ], [ 121.285078294160741, 13.333478043475765 ], [ 121.285122021534448, 13.333461102596626 ], [ 121.285157157304781, 13.333451602826075 ], [ 121.285207222409113, 13.333443230321667 ], [ 121.285262999352213, 13.333439528049043 ], [ 121.285337367434167, 13.33344123243325 ], [ 121.285413440997743, 13.333448059792312 ], [ 121.285542865883414, 13.333465385389985 ], [ 121.285630153992898, 13.333477070322038 ], [ 121.285702811428976, 13.333485467939292 ], [ 121.285719519425371, 13.333486831076529 ], [ 121.285277788726404, 13.332806978077809 ] ], [ [ 121.277617673118044, 13.33671635976458 ], [ 121.277673011807792, 13.33662851480398 ], [ 121.277699731224502, 13.336570464188759 ], [ 121.277713854966606, 13.336502413981039 ], [ 121.2777214150872, 13.336341443408321 ], [ 121.277740257941673, 13.336286026268965 ], [ 121.277766204092927, 13.336245711571175 ], [ 121.277800854534831, 13.336213038823912 ], [ 121.277828964660102, 13.336196285656341 ], [ 121.277864154008398, 13.33618322698956 ], [ 121.277905031028112, 13.336175755981385 ], [ 121.277947769795787, 13.336174515401961 ], [ 121.278008914134489, 13.336181798217458 ], [ 121.278124428767654, 13.336216730667315 ], [ 121.278215040569222, 13.336261449412104 ], [ 121.278257169829274, 13.336293094740194 ], [ 121.278292779949538, 13.336338336854791 ], [ 121.278304362411404, 13.336382047569213 ], [ 121.278296567265841, 13.33643346815057 ], [ 121.278269718289735, 13.33649223654265 ], [ 121.278163628703751, 13.336650551275582 ], [ 121.278100452401802, 13.336731167973312 ], [ 121.278031370651703, 13.336801377861947 ], [ 121.277980825783303, 13.336840366955112 ], [ 121.277895811196714, 13.33688686531306 ], [ 121.277850233744573, 13.336902411979919 ], [ 121.277758060422755, 13.336913693594289 ], [ 121.277684307470039, 13.336902617909589 ], [ 121.277632970545639, 13.336876994540896 ], [ 121.277612494173127, 13.336858796394415 ], [ 121.277597252042213, 13.336833762716633 ], [ 121.277591844821259, 13.336805359607567 ], [ 121.277596144617576, 13.336768598628014 ], [ 121.277617673118044, 13.33671635976458 ] ], [ [ 121.276999311267716, 13.337490662880679 ], [ 121.277019893380825, 13.337476493240121 ], [ 121.277063281176538, 13.337471892150747 ], [ 121.277107650044186, 13.337485595733012 ], [ 121.277228734105876, 13.33754019875083 ], [ 121.277272942359645, 13.337565321633967 ], [ 121.277289761408127, 13.337583039304343 ], [ 121.277296130516163, 13.337598973737338 ], [ 121.277295803556328, 13.337615606367729 ], [ 121.27728193309602, 13.337642843007959 ], [ 121.277246652075732, 13.337673679198115 ], [ 121.27719529802232, 13.337697144900638 ], [ 121.277156112930399, 13.337703670106659 ], [ 121.277121783055819, 13.337696570933073 ], [ 121.277088109799138, 13.337672433730042 ], [ 121.276998957204299, 13.337568426894073 ], [ 121.276984284080754, 13.337538281150822 ], [ 121.276987939469677, 13.337507131554119 ], [ 121.276999311267716, 13.337490662880679 ] ], [ [ 121.277840949490141, 13.333866909116514 ], [ 121.27785461139149, 13.333853118799791 ], [ 121.277907176239552, 13.333832151282092 ], [ 121.27795950718928, 13.333826032784021 ], [ 121.278007206090749, 13.333831641168972 ], [ 121.278054877900416, 13.333848848757823 ], [ 121.278103724313581, 13.333878576656295 ], [ 121.278131055769606, 13.333907294654557 ], [ 121.278148601357699, 13.333941720771081 ], [ 121.27815410491506, 13.333986309274803 ], [ 121.27814280814566, 13.334013682863201 ], [ 121.27810762829327, 13.334028569303689 ], [ 121.278045770727218, 13.334027164112397 ], [ 121.277947417200693, 13.333993768748302 ], [ 121.277888048999273, 13.333960310192944 ], [ 121.277845145173359, 13.333916674218285 ], [ 121.277836497988559, 13.333898804441466 ], [ 121.277835134501174, 13.333882216313397 ], [ 121.277840949490141, 13.333866909116514 ] ] ], [ [ [ 121.278899554548573, 13.340338678006145 ], [ 121.27875234284447, 13.340761269094164 ], [ 121.2789637830668, 13.341445171052568 ], [ 121.278862794412476, 13.342126941345274 ], [ 121.278643816866534, 13.342501976331862 ], [ 121.278331051563768, 13.342546907877704 ], [ 121.27782769722549, 13.342355207163864 ], [ 121.277680984863622, 13.342707201429475 ], [ 121.277967874007402, 13.34292095781799 ], [ 121.278033438081536, 13.343839195075436 ], [ 121.278561853307906, 13.343901461378058 ], [ 121.279167948756026, 13.343426761964052 ], [ 121.279711913744549, 13.344391910017572 ], [ 121.279920345177942, 13.34549938669414 ], [ 121.279120710313933, 13.346411721334148 ], [ 121.278839684222248, 13.347120425544903 ], [ 121.27841753878073, 13.347277645188074 ], [ 121.278395798496774, 13.347267185301019 ], [ 121.278385811339973, 13.34728308443521 ], [ 121.278360980861294, 13.347326502415736 ], [ 121.278271592968025, 13.34748279827045 ], [ 121.278232690910329, 13.347548287662791 ], [ 121.278191616437311, 13.347612016844392 ], [ 121.278147192552325, 13.347673088371687 ], [ 121.278097282438821, 13.347732135735273 ], [ 121.278043788600456, 13.347787855879281 ], [ 121.277987901950823, 13.347840617574709 ], [ 121.277930747541532, 13.347890575830339 ], [ 121.277903917432496, 13.347912482415493 ], [ 121.277761673322317, 13.34802862066984 ], [ 121.277714394583413, 13.348070316200308 ], [ 121.27767678965327, 13.348109423090103 ], [ 121.277652769915619, 13.348145510687738 ], [ 121.277647221389728, 13.348177908238434 ], [ 121.277654411941597, 13.348194793742493 ], [ 121.277668665491703, 13.348210438543624 ], [ 121.277708254490719, 13.348236105790708 ], [ 121.277761853094802, 13.348260082619078 ], [ 121.277824939186871, 13.348283270946585 ], [ 121.277947849300375, 13.34832276852196 ], [ 121.27816241277165, 13.348391720577395 ], [ 121.278372846500034, 13.348454969775178 ], [ 121.27844095211465, 13.348473143187162 ], [ 121.278509353029122, 13.348489514468694 ], [ 121.278534592984997, 13.348494676068661 ], [ 121.278576510870778, 13.348503248791339 ], [ 121.278646456923198, 13.348514577936779 ], [ 121.278719477814079, 13.348522656930102 ], [ 121.278794342883415, 13.348526474978083 ], [ 121.27886952218779, 13.348525309389888 ], [ 121.278943432697631, 13.348518892665703 ], [ 121.27901458004051, 13.348507470407771 ], [ 121.279081731521259, 13.348491744652806 ], [ 121.279144208254891, 13.348472682435437 ], [ 121.279203021919386, 13.34845080496274 ], [ 121.279260874164095, 13.34842562178409 ], [ 121.279318135204477, 13.3483972538322 ], [ 121.279374859299011, 13.348365988908601 ], [ 121.279431101237336, 13.348332169954713 ], [ 121.279486502629027, 13.348296478757883 ], [ 121.27948688943728, 13.348296213849592 ], [ 121.279553484903317, 13.348250671745948 ], [ 121.279685232309177, 13.348154491543873 ], [ 121.279868844203946, 13.348012157930718 ], [ 121.279976710190908, 13.34792418729273 ], [ 121.280029926879337, 13.347878574618399 ], [ 121.280033635604525, 13.347875227553493 ], [ 121.28008516450727, 13.34782343623608 ], [ 121.280163714655032, 13.347726848787088 ], [ 121.280220082976726, 13.347633797905351 ], [ 121.280253183713413, 13.347547954066009 ], [ 121.280265500886543, 13.347473862615301 ], [ 121.28026278767274, 13.347411836647208 ], [ 121.280238273210188, 13.347330728655432 ], [ 121.280190357770209, 13.347256776194442 ], [ 121.280139003052952, 13.347205535392026 ], [ 121.280017129882538, 13.347122765839018 ], [ 121.279929642062484, 13.347077023692504 ], [ 121.279789305296902, 13.347035462261584 ], [ 121.279727170717905, 13.347013865413507 ], [ 121.279670695063899, 13.346990126091734 ], [ 121.27962231889525, 13.346964899978895 ], [ 121.279582922151391, 13.346939190050728 ], [ 121.279551406660829, 13.346913344948689 ], [ 121.279526070831835, 13.34688689661694 ], [ 121.27950661415592, 13.346860305790628 ], [ 121.279492668441392, 13.346834075224898 ], [ 121.279483426077292, 13.346807414852098 ], [ 121.279478910232825, 13.346780051861112 ], [ 121.279479463655989, 13.346752724341311 ], [ 121.279485125557045, 13.346726278584434 ], [ 121.279495999825272, 13.346700773146193 ], [ 121.27951293642829, 13.346675844137707 ], [ 121.279536579209122, 13.346652464898982 ], [ 121.27954771884589, 13.346644029090083 ], [ 121.279597889219175, 13.346617228794349 ], [ 121.279657570118459, 13.346597551672547 ], [ 121.279724264692774, 13.346582912634652 ], [ 121.279796046201952, 13.346571535084212 ], [ 121.279854004216119, 13.346564508517725 ], [ 121.280107138817456, 13.346533821242947 ], [ 121.280258801722937, 13.346513148490116 ], [ 121.280401143852544, 13.346489038867 ], [ 121.280471819497052, 13.346474542450947 ], [ 121.280555977347703, 13.346454487781051 ], [ 121.280639348532375, 13.346431733275827 ], [ 121.280721889887005, 13.346406507321507 ], [ 121.280790261675591, 13.346383674058508 ], [ 121.280913727025123, 13.346216255695277 ], [ 121.280981066307689, 13.346138141691284 ], [ 121.2810602138089, 13.346059591091427 ], [ 121.281126712735784, 13.346006980420659 ], [ 121.28117785304272, 13.34597458417681 ], [ 121.281227483646802, 13.345948230876134 ], [ 121.281322386710329, 13.345909209929633 ], [ 121.281426975163825, 13.345881026368129 ], [ 121.281551532624576, 13.345857618339858 ], [ 121.281646328490268, 13.345847066735299 ], [ 121.281921152867639, 13.345835065492185 ], [ 121.282014096169064, 13.345821387288691 ], [ 121.282098366181344, 13.345801094205429 ], [ 121.282237737157672, 13.345746853412431 ], [ 121.2826947050347, 13.345509546079455 ], [ 121.282774425326792, 13.345475564253256 ], [ 121.282835458060845, 13.345455887383618 ], [ 121.282903824407697, 13.345447940261433 ], [ 121.282954832691487, 13.345459465569579 ], [ 121.283005678069543, 13.345496808919801 ], [ 121.283044613986632, 13.345553146582537 ], [ 121.283079113045176, 13.345636754662143 ], [ 121.283103165217639, 13.345748921866036 ], [ 121.283106413348193, 13.3458324537902 ], [ 121.283090545738972, 13.345929621645725 ], [ 121.283061952881994, 13.345995017607372 ], [ 121.283021941689313, 13.34604921550466 ], [ 121.282968390353616, 13.346099061296494 ], [ 121.28287177643557, 13.346162865403194 ], [ 121.282612878542167, 13.346290435070426 ], [ 121.282479853338089, 13.346347028634629 ], [ 121.28239364303947, 13.34636859483027 ], [ 121.282287706088098, 13.346378019644632 ], [ 121.282194545695035, 13.346371671128356 ], [ 121.282139271784828, 13.34636105211742 ], [ 121.282036228820857, 13.346323399295546 ], [ 121.281980875991025, 13.346288280223607 ], [ 121.281940541056656, 13.346251673485721 ], [ 121.281903615800502, 13.346202871398264 ], [ 121.28189137860393, 13.346169599647137 ], [ 121.281903132658428, 13.346292742054764 ], [ 121.281915053246024, 13.34634109187496 ], [ 121.281946577024144, 13.346387768332299 ], [ 121.281961818473292, 13.34640705321115 ], [ 121.282006514088323, 13.346474459301394 ], [ 121.282047707516185, 13.346546164767721 ], [ 121.282086564633715, 13.346620474652036 ], [ 121.282092549442496, 13.346632490820607 ], [ 121.282122944188941, 13.346600025448296 ], [ 121.282167779546882, 13.346572102733868 ], [ 121.282454417352866, 13.346457646905343 ], [ 121.282701029302842, 13.346323718217164 ], [ 121.282944256933405, 13.34622816911663 ], [ 121.283021994577126, 13.346204998539449 ], [ 121.283064681308062, 13.346200295104497 ], [ 121.283106931537148, 13.346203640401448 ], [ 121.283159895327856, 13.3462257940892 ], [ 121.283205022378169, 13.346275635242987 ], [ 121.283273227494419, 13.346409470439228 ], [ 121.283292451465115, 13.346433270985079 ], [ 121.283136466956492, 13.345673981388192 ], [ 121.283087479671295, 13.345405877203145 ], [ 121.283076627952667, 13.345309503724611 ], [ 121.283078715504018, 13.345231516311612 ], [ 121.283087812914715, 13.345204640052959 ], [ 121.283098547861613, 13.345192591238721 ], [ 121.283111744198706, 13.345187107738422 ], [ 121.283125987934355, 13.345188818970199 ], [ 121.283141787898288, 13.34519977567072 ], [ 121.283171764235078, 13.345243922363672 ], [ 121.283201561580185, 13.345315377487781 ], [ 121.283230464493428, 13.345408816877296 ], [ 121.283294190278497, 13.345666951264091 ], [ 121.283459087275844, 13.346398050867363 ], [ 121.283513716969935, 13.346370030922607 ], [ 121.283576424837207, 13.346322963440707 ], [ 121.283620870510461, 13.34627811997918 ], [ 121.283660941965707, 13.346216847763547 ], [ 121.283672220778314, 13.346180706244359 ], [ 121.283673160973805, 13.346145763439035 ], [ 121.28363906263472, 13.346040373865158 ], [ 121.283631882269475, 13.346000137871124 ], [ 121.28363802882987, 13.345968154513987 ], [ 121.283656198524767, 13.345934592522479 ], [ 121.283924004620687, 13.345651050048584 ], [ 121.283996742358198, 13.345600201040712 ], [ 121.284100718225616, 13.345552793074525 ], [ 121.284130492967009, 13.345528430046327 ], [ 121.284133695733658, 13.345511550276758 ], [ 121.28412972421485, 13.345499641840529 ], [ 121.284088098985961, 13.345457511205005 ], [ 121.284075478443128, 13.345437252712944 ], [ 121.284075095884475, 13.345419479036083 ], [ 121.284087197935165, 13.345400912594769 ], [ 121.284120223060214, 13.345386403111156 ], [ 121.284159546116726, 13.345386235742168 ], [ 121.284207696547512, 13.345396604295948 ], [ 121.284256053028244, 13.345415665899433 ], [ 121.284317610091236, 13.345451816417658 ], [ 121.284368791934057, 13.345492642626406 ], [ 121.284405952879041, 13.345530660067981 ], [ 121.284427547153868, 13.345564122798962 ], [ 121.284498565381952, 13.345512712385023 ], [ 121.284470525268176, 13.345447358718378 ], [ 121.284400253460959, 13.345328806009636 ], [ 121.284303102493809, 13.345179713001658 ], [ 121.284148509614752, 13.344958691333508 ], [ 121.284086469665937, 13.3448572379985 ], [ 121.284049775338815, 13.344782470354968 ], [ 121.28400938617375, 13.344670712732981 ], [ 121.283994126645823, 13.344591880596733 ], [ 121.283997517630581, 13.344519955248597 ], [ 121.284020866041487, 13.344454304726066 ], [ 121.284045455702454, 13.3444139422018 ], [ 121.284082811674011, 13.344367157681075 ], [ 121.284179349941397, 13.344272871109784 ], [ 121.284301757066302, 13.344178712464039 ], [ 121.284481273247096, 13.344059553948032 ], [ 121.284692069245907, 13.343936477189256 ], [ 121.285079401860614, 13.343725384773476 ], [ 121.285204574025471, 13.343665984842579 ], [ 121.285442607336037, 13.343571278889479 ], [ 121.285514489227694, 13.343531393848849 ], [ 121.285605496894121, 13.343468850210296 ], [ 121.285685734221119, 13.343400702558979 ], [ 121.285801938592272, 13.34328200590944 ], [ 121.285842437112265, 13.343231959536839 ], [ 121.285959603115828, 13.343061401341608 ], [ 121.286030975154063, 13.342981649949097 ], [ 121.286085274412969, 13.342930931667889 ], [ 121.286391397558518, 13.34269123090934 ], [ 121.286743141296839, 13.342432644691639 ], [ 121.287003762557219, 13.342215412736019 ], [ 121.287083411838964, 13.342134249258377 ], [ 121.287112305824351, 13.342091939684215 ], [ 121.287132898292683, 13.342034824318999 ], [ 121.287132173861579, 13.341995935562762 ], [ 121.287117010478596, 13.341952157369288 ], [ 121.287071887369834, 13.341887647018051 ], [ 121.286860812398302, 13.341657125277878 ], [ 121.286725295203908, 13.341491061890741 ], [ 121.286669766942111, 13.341397044334999 ], [ 121.286654368303161, 13.341352351614217 ], [ 121.28664442412925, 13.341301122030082 ], [ 121.28664207895271, 13.341235884240822 ], [ 121.286651389379202, 13.341159146017493 ], [ 121.286666606227314, 13.341102776956353 ], [ 121.286696452783204, 13.341030077446353 ], [ 121.286730935402801, 13.340966434598798 ], [ 121.28677529655198, 13.340901615061075 ], [ 121.286920680763785, 13.340726545752448 ], [ 121.286993975367551, 13.340654099480282 ], [ 121.287088078674429, 13.340577298511914 ], [ 121.287170037858218, 13.34052663834799 ], [ 121.287272916195818, 13.340481712377965 ], [ 121.28737413392291, 13.340455572103311 ], [ 121.287439159487704, 13.340448110694943 ], [ 121.287538443119985, 13.340448363069111 ], [ 121.287691937372756, 13.340457919778485 ], [ 121.287783586472827, 13.340451383676836 ], [ 121.287825646109169, 13.34044293029754 ], [ 121.287898976972301, 13.340417377074278 ], [ 121.288056194966998, 13.340327863228135 ], [ 121.288167270671153, 13.340280204001809 ], [ 121.288468945831525, 13.340173247577832 ], [ 121.288578454060811, 13.340148172634741 ], [ 121.288632338218093, 13.340142550682307 ], [ 121.288678237161776, 13.340142787743556 ], [ 121.288726237060857, 13.340149932003809 ], [ 121.28875883863661, 13.340160466254162 ], [ 121.288809236925005, 13.340190156791438 ], [ 121.28883128624139, 13.340210082184814 ], [ 121.288886647462135, 13.340287739843834 ], [ 121.288986918033288, 13.340493751435538 ], [ 121.289058195729837, 13.340612781649229 ], [ 121.289117320778814, 13.340685031582765 ], [ 121.289138372548763, 13.340702968897054 ], [ 121.289176151227096, 13.340717739414046 ], [ 121.289220571243533, 13.340708879690645 ], [ 121.28925105851944, 13.34068802689333 ], [ 121.289284069624557, 13.340649776199426 ], [ 121.289315282889703, 13.340592810293108 ], [ 121.289341058651218, 13.340520401850993 ], [ 121.289360080406638, 13.340436500933802 ], [ 121.289384128990093, 13.340236505767191 ], [ 121.289350310092004, 13.340262769215407 ], [ 121.289299374183742, 13.340291239617525 ], [ 121.289293335532406, 13.340293595774162 ], [ 121.28924478656235, 13.340312541919205 ], [ 121.289206949261384, 13.340321874707971 ], [ 121.289196304518896, 13.340324499731134 ], [ 121.289187413854648, 13.340326693742623 ], [ 121.289119904576566, 13.340333997770804 ], [ 121.289104671693565, 13.340333699285766 ], [ 121.289067478710137, 13.340332972654622 ], [ 121.289050905733731, 13.340332648813254 ], [ 121.288997867958173, 13.340325345725816 ], [ 121.288941349344441, 13.340204576162035 ], [ 121.288945349450842, 13.340164547070692 ], [ 121.288954485974728, 13.340073123106979 ], [ 121.288869516164141, 13.340000801002947 ], [ 121.288722905079069, 13.340011768122437 ], [ 121.288603602690259, 13.340045942948308 ], [ 121.28860054674, 13.34004681797132 ], [ 121.288415615413768, 13.340121968792308 ], [ 121.288364900785709, 13.340097732741656 ], [ 121.288338164193803, 13.340083168960847 ], [ 121.288301068381713, 13.340060094532181 ], [ 121.288268364235932, 13.340035876647589 ], [ 121.288240686356218, 13.340011232770626 ], [ 121.288217392353516, 13.339986154931061 ], [ 121.288196394449571, 13.339958400916249 ], [ 121.28817673025884, 13.33992517935676 ], [ 121.288159621148722, 13.339885422018714 ], [ 121.288146904646126, 13.339839166672382 ], [ 121.288140195676363, 13.339787385090577 ], [ 121.288140340364748, 13.339731817550412 ], [ 121.288147187169557, 13.33967457447921 ], [ 121.288159750133985, 13.339617502136633 ], [ 121.288177001293221, 13.339560816808005 ], [ 121.288202725087572, 13.339492910359473 ], [ 121.288233111509584, 13.339423783654537 ], [ 121.2883172013169, 13.339249780023492 ], [ 121.288343521910065, 13.339174610429255 ], [ 121.28838301435087, 13.339018248124445 ], [ 121.288391946161696, 13.338908404509448 ], [ 121.288388421268024, 13.338857199496363 ], [ 121.288379786476256, 13.338810811847656 ], [ 121.288352043662329, 13.338736753520596 ], [ 121.288321133130779, 13.338688519163725 ], [ 121.288283663112594, 13.338648424931518 ], [ 121.288245653286253, 13.338619011760725 ], [ 121.28816891635752, 13.338579648235907 ], [ 121.288056309628658, 13.338549327878148 ], [ 121.287923845195195, 13.338532094709262 ], [ 121.287860314077122, 13.338544192478608 ], [ 121.287811301311464, 13.338551102829141 ], [ 121.287763658647222, 13.338554055348748 ], [ 121.287735879084025, 13.338553603906165 ], [ 121.287706373010039, 13.338551123298011 ], [ 121.287676033884367, 13.33854622910934 ], [ 121.287645595824344, 13.338538749159596 ], [ 121.287615303321559, 13.338528569411086 ], [ 121.287586458105878, 13.338516178652108 ], [ 121.287556225091208, 13.338500200029859 ], [ 121.287524750027458, 13.338480124746464 ], [ 121.287492674252832, 13.338455847783107 ], [ 121.287461032334249, 13.338427914868083 ], [ 121.287422552825291, 13.338388324370611 ], [ 121.287384861445801, 13.338343277090676 ], [ 121.287346980905667, 13.338291568762825 ], [ 121.287309106721708, 13.3382334845308 ], [ 121.287272113811412, 13.338170999876901 ], [ 121.287202358598961, 13.338040646849803 ], [ 121.287133867232882, 13.337901664944356 ], [ 121.287097925567906, 13.337825117669544 ], [ 121.287063033662207, 13.337747884241175 ], [ 121.287004181500336, 13.337607896622412 ], [ 121.286965285517908, 13.337504570037654 ], [ 121.286947108003801, 13.337451877262748 ], [ 121.28691452757937, 13.337347888502809 ], [ 121.286891926757406, 13.337266774962689 ], [ 121.286852744590803, 13.337108549509786 ], [ 121.286828208698495, 13.337030364050415 ], [ 121.28676786909044, 13.336890604935288 ], [ 121.286710300280092, 13.336801095721663 ], [ 121.286671474299681, 13.336758211784836 ], [ 121.286624460639246, 13.336720071863491 ], [ 121.286556328293628, 13.336685003704865 ], [ 121.286511339500507, 13.336672079379069 ], [ 121.286460672083578, 13.336665429176968 ], [ 121.286386311621811, 13.336668370983801 ], [ 121.2863291967587, 13.336679330598475 ], [ 121.286263478687005, 13.336699878873532 ], [ 121.286193912814809, 13.336729504850357 ], [ 121.286105953391143, 13.33677740705361 ], [ 121.286069858830061, 13.336803103272739 ], [ 121.2858541477529, 13.336967338275798 ], [ 121.285780929927498, 13.337021383744753 ], [ 121.285687475248565, 13.337085612234853 ], [ 121.285590857957018, 13.337144920203436 ], [ 121.285510343762454, 13.3371883560571 ], [ 121.285449867714476, 13.337217468663244 ], [ 121.285384084045759, 13.33724594774641 ], [ 121.285313280943058, 13.337273243895456 ], [ 121.285238251197271, 13.337298849993216 ], [ 121.285159304793737, 13.337322657868611 ], [ 121.285080655822384, 13.337343697359819 ], [ 121.285001827864249, 13.337362508460316 ], [ 121.284958446267922, 13.337371708081713 ], [ 121.284958412988843, 13.337371715086666 ], [ 121.284973343706199, 13.337379195748108 ], [ 121.285000501295656, 13.337408657651784 ], [ 121.285052504893471, 13.337489906838247 ], [ 121.28509325023434, 13.337583659683423 ], [ 121.285129755139337, 13.337706733459918 ], [ 121.28515571128672, 13.337838835800678 ], [ 121.285173910973469, 13.33798399074529 ], [ 121.285188100617532, 13.338300680325579 ], [ 121.28518753275084, 13.338380455220062 ], [ 121.285181249564658, 13.338434796010253 ], [ 121.285153773443938, 13.338523773062661 ], [ 121.285125582967424, 13.33857182139741 ], [ 121.285097489698643, 13.338605885629091 ], [ 121.285055721069483, 13.338644702633539 ], [ 121.284997263070721, 13.33868830887169 ], [ 121.284898523622033, 13.338748032305121 ], [ 121.284786023416018, 13.33880097442748 ], [ 121.284209489552524, 13.339011773921435 ], [ 121.283229101276831, 13.339450388848718 ], [ 121.283129818443683, 13.339487980962771 ], [ 121.283035552288695, 13.339513478969083 ], [ 121.282914148127446, 13.339528232381967 ], [ 121.282847293472074, 13.339521491179918 ], [ 121.28280205459086, 13.339507615390966 ], [ 121.282762658652416, 13.339487617630979 ], [ 121.282712493725569, 13.339450027715941 ], [ 121.282572075749115, 13.339295393041299 ], [ 121.282511321373292, 13.339245881260426 ], [ 121.28247715603321, 13.339231009668719 ], [ 121.28243837163447, 13.33922435359362 ], [ 121.282411816159851, 13.339225055096115 ], [ 121.282355971381875, 13.339237872595103 ], [ 121.28227230569702, 13.339279868549479 ], [ 121.282217800124783, 13.33931923738953 ], [ 121.282165848134909, 13.339365305933226 ], [ 121.282103650164828, 13.339431684385183 ], [ 121.281966537879882, 13.339602204406599 ], [ 121.281878515801836, 13.339700687984559 ], [ 121.281706634400123, 13.339869435494167 ], [ 121.281626559235178, 13.339931429438268 ], [ 121.281577994510002, 13.339957486528496 ], [ 121.281533508320692, 13.339974239781439 ], [ 121.281434232486546, 13.339994147837773 ], [ 121.281215986038575, 13.340013507034168 ], [ 121.281165146180882, 13.340007164565211 ], [ 121.281136713440119, 13.33999118752075 ], [ 121.281098792133662, 13.340047168312244 ], [ 121.280969113583851, 13.340204875262415 ], [ 121.280946530773875, 13.340227417734051 ], [ 121.280930214195195, 13.340229604261825 ], [ 121.280924730468527, 13.340216332401699 ], [ 121.280928904601552, 13.340190064438419 ], [ 121.280971929535468, 13.340109125430571 ], [ 121.281164324074823, 13.339855033432379 ], [ 121.281277273598207, 13.33969385997491 ], [ 121.281206912923253, 13.339749952549605 ], [ 121.280936613685654, 13.340012039407307 ], [ 121.280851290073116, 13.340088167358685 ], [ 121.280782566257912, 13.340135611830323 ], [ 121.280666875153997, 13.340194718125156 ], [ 121.280608417126444, 13.340239346396647 ], [ 121.280571644849147, 13.340285583027592 ], [ 121.280549879215229, 13.340330559736243 ], [ 121.280535476132385, 13.340383028182984 ], [ 121.280529526853741, 13.340442309763056 ], [ 121.280532774326218, 13.340504782295143 ], [ 121.280543198195929, 13.340562881964024 ], [ 121.280584942687454, 13.340688855319643 ], [ 121.280690914825868, 13.34091841347011 ], [ 121.280725900477762, 13.341005715559278 ], [ 121.280742625823265, 13.341076715745121 ], [ 121.280742817016431, 13.34109904904507 ], [ 121.28073511452294, 13.341119786570358 ], [ 121.280721544132589, 13.341126367433379 ], [ 121.280626502045507, 13.34110817405467 ], [ 121.280583421599985, 13.341105279248225 ], [ 121.280470393712918, 13.341119198123117 ], [ 121.28034292058625, 13.341158114569359 ], [ 121.28005405790212, 13.341270713204944 ], [ 121.279930873398825, 13.34130024390927 ], [ 121.279870661185626, 13.341306945249542 ], [ 121.279812571342077, 13.341306854876457 ], [ 121.279757689393662, 13.341298412874657 ], [ 121.27970791462549, 13.341280501446521 ], [ 121.279663642230403, 13.341253492973035 ], [ 121.279621511635597, 13.34121306573325 ], [ 121.279587974901645, 13.341164554977073 ], [ 121.279563379230481, 13.34111027879624 ], [ 121.279549719435622, 13.341059052702837 ], [ 121.279543986295721, 13.341006211184554 ], [ 121.279546774251642, 13.340953052638906 ], [ 121.279560150256174, 13.340896425790588 ], [ 121.279583560155743, 13.340842348460679 ], [ 121.27961462282984, 13.340793367800295 ], [ 121.27975992250704, 13.34061122890007 ], [ 121.279789858598036, 13.340552173195585 ], [ 121.279807117347673, 13.340476905095878 ], [ 121.279806457644966, 13.340394392366115 ], [ 121.279785043390248, 13.340312239849101 ], [ 121.279734174225936, 13.340205082519601 ], [ 121.279674793832811, 13.340108422607427 ], [ 121.279613702644824, 13.340029745327998 ], [ 121.279548364166857, 13.339967615214981 ], [ 121.279485870137762, 13.339923793882134 ], [ 121.278899554548573, 13.340338678006145 ] ], [ [ 121.285702713429245, 13.340347320844868 ], [ 121.285690578872732, 13.340262495590405 ], [ 121.285684352490335, 13.340110982758425 ], [ 121.285695037077488, 13.339926529142616 ], [ 121.285763235483287, 13.339550150309707 ], [ 121.285765044073955, 13.33946173283193 ], [ 121.28575326356723, 13.339352066962638 ], [ 121.285731590604854, 13.339246855101345 ], [ 121.285695567333264, 13.339128959322045 ], [ 121.285648431423795, 13.339013555081465 ], [ 121.285513808302483, 13.338735113991202 ], [ 121.285481924592929, 13.338650254035702 ], [ 121.285432565211252, 13.338489110324609 ], [ 121.285402782788111, 13.338377740410287 ], [ 121.285384541438248, 13.338278326705712 ], [ 121.28537786956808, 13.338174475815414 ], [ 121.285383916175903, 13.338069991819067 ], [ 121.285402743228914, 13.337993135705609 ], [ 121.285432674529758, 13.337937123349231 ], [ 121.285463139228924, 13.337897156592572 ], [ 121.285510904007708, 13.337849569237902 ], [ 121.285630085787005, 13.337766480840246 ], [ 121.285904985148449, 13.337624261467207 ], [ 121.285959671347499, 13.337585194837626 ], [ 121.286007445240841, 13.337536037399799 ], [ 121.286034519345279, 13.337497000223456 ], [ 121.286063558085942, 13.337438086593368 ], [ 121.286119721502075, 13.337248625011057 ], [ 121.286148715006988, 13.337169624224279 ], [ 121.286172417977667, 13.337128778986358 ], [ 121.286195038931368, 13.337109738733169 ], [ 121.286222013756287, 13.337103361504216 ], [ 121.286237551966607, 13.337106003250344 ], [ 121.286278484974289, 13.337136271693899 ], [ 121.286389644718639, 13.33729225331737 ], [ 121.286468624829169, 13.337386650557104 ], [ 121.286652675740726, 13.337578209840991 ], [ 121.286851973459477, 13.337770723933042 ], [ 121.286926757738911, 13.337856513000844 ], [ 121.287011483732414, 13.33798932497095 ], [ 121.287160092152021, 13.338307080407064 ], [ 121.287293100858889, 13.338536724953107 ], [ 121.287323664644191, 13.33861136561082 ], [ 121.287343169862297, 13.338696512923203 ], [ 121.287346295072297, 13.338791654447158 ], [ 121.287333686397929, 13.33886808655102 ], [ 121.287307991591234, 13.338937876768847 ], [ 121.287266366217281, 13.33900331610494 ], [ 121.287207520869728, 13.339058780923034 ], [ 121.287171031790322, 13.339079926287992 ], [ 121.287152221730281, 13.339082823934191 ], [ 121.287143098949457, 13.339089128034827 ], [ 121.287120761720956, 13.33909074987776 ], [ 121.286982312076873, 13.339076386964644 ], [ 121.286929778017324, 13.339082349473118 ], [ 121.286892804049103, 13.339092967675549 ], [ 121.286821110949816, 13.339133790088763 ], [ 121.286721589364433, 13.339226837572392 ], [ 121.286670016222075, 13.339267481032902 ], [ 121.286607556253927, 13.339297223962674 ], [ 121.286556824595166, 13.339308178976822 ], [ 121.286496823152817, 13.339312037097127 ], [ 121.286439650398989, 13.339309048563312 ], [ 121.286345206411426, 13.33929073126358 ], [ 121.286285402469687, 13.339265650380019 ], [ 121.286231322393846, 13.339222312088923 ], [ 121.28620082886377, 13.339177554845094 ], [ 121.286178767929727, 13.339121768811498 ], [ 121.286168811562774, 13.339077495367288 ], [ 121.286161909960967, 13.339005526216082 ], [ 121.286164202874417, 13.33891634099702 ], [ 121.286177712504056, 13.338813224563095 ], [ 121.286237580340696, 13.338617392322428 ], [ 121.286249898047828, 13.33855355113219 ], [ 121.28624529466984, 13.33849568177355 ], [ 121.286201060562348, 13.338397235945727 ], [ 121.28619439101783, 13.33834333503777 ], [ 121.286211730105549, 13.33829709114625 ], [ 121.286252404663685, 13.338253193944228 ], [ 121.286308704812924, 13.338219422264903 ], [ 121.286365263406736, 13.338201949207546 ], [ 121.286356008609062, 13.338185309304249 ], [ 121.28632392446049, 13.338156501927374 ], [ 121.286242103848608, 13.338108543657608 ], [ 121.286159660163321, 13.338083670642453 ], [ 121.28609145892257, 13.338079937423673 ], [ 121.286034796930622, 13.338091809304919 ], [ 121.285992437170876, 13.33811506858582 ], [ 121.285956383580768, 13.338153979703273 ], [ 121.285930009515639, 13.33821628556516 ], [ 121.285924051815769, 13.338301856604808 ], [ 121.28596848226924, 13.338697549646945 ], [ 121.285979202968974, 13.338870607066751 ], [ 121.285980057235449, 13.339174673024043 ], [ 121.28596569396521, 13.339694359123669 ], [ 121.285970167344388, 13.339824149880776 ], [ 121.285985705798481, 13.33991985198419 ], [ 121.28602296648603, 13.340026362794935 ], [ 121.286048783757892, 13.34006931400671 ], [ 121.286085990046089, 13.340109079554951 ], [ 121.28611776529759, 13.340129525844857 ], [ 121.28614599935004, 13.340139596904114 ], [ 121.286191372729746, 13.340142743135054 ], [ 121.286223538111543, 13.340135989922928 ], [ 121.28627439156331, 13.340109814557451 ], [ 121.286308834336793, 13.340083994170527 ], [ 121.286435926135738, 13.339967476929479 ], [ 121.286526109854904, 13.339868403356542 ], [ 121.286612188618264, 13.339728525327125 ], [ 121.286637781204433, 13.339706341665952 ], [ 121.286660976708362, 13.339700316591248 ], [ 121.286689175482778, 13.339708457572574 ], [ 121.286711345257714, 13.339728284517724 ], [ 121.286734238795304, 13.339776267589505 ], [ 121.286746597028639, 13.339855886220628 ], [ 121.286736068604213, 13.339946405728099 ], [ 121.286707069589283, 13.340022235716432 ], [ 121.28668987214165, 13.340053675107095 ], [ 121.286649633809432, 13.34011114881336 ], [ 121.286603224649838, 13.340162262532511 ], [ 121.286386835289662, 13.340348220412219 ], [ 121.286293668870883, 13.340414840787426 ], [ 121.286227935242152, 13.340453081289001 ], [ 121.286147219098638, 13.340489166438937 ], [ 121.286070589370539, 13.340513508135279 ], [ 121.286002658286094, 13.340526927688943 ], [ 121.28594087656964, 13.340530571988909 ], [ 121.285884749901797, 13.340525292750009 ], [ 121.285832644431821, 13.340510706484508 ], [ 121.285796178704743, 13.340492145422846 ], [ 121.285762400999758, 13.340464579222653 ], [ 121.285726907212492, 13.340414615984521 ], [ 121.285702713429245, 13.340347320844868 ] ], [ [ 121.28506881378685, 13.342851091249209 ], [ 121.28519390898073, 13.342779429680194 ], [ 121.285428442117833, 13.342660091851625 ], [ 121.285842390087197, 13.34246193424241 ], [ 121.285959065836579, 13.342418658213022 ], [ 121.286009095034373, 13.342406888755345 ], [ 121.286050685039967, 13.342404975683031 ], [ 121.286077403123144, 13.34241316998034 ], [ 121.286092850993967, 13.34243017826036 ], [ 121.286094561836393, 13.342456838839501 ], [ 121.286083332014258, 13.342490317148778 ], [ 121.286028779619329, 13.342574706699457 ], [ 121.285753695630405, 13.342899955409012 ], [ 121.285609659281562, 13.343044450313069 ], [ 121.285496175527626, 13.343136265131674 ], [ 121.285293025760865, 13.343261897474791 ], [ 121.285161387041455, 13.343327914192756 ], [ 121.285096472951167, 13.343351186257619 ], [ 121.285032964621337, 13.343364046178666 ], [ 121.284977926396365, 13.343364000268739 ], [ 121.284926882489955, 13.343352201289791 ], [ 121.284880537416868, 13.343327577517854 ], [ 121.284842126371245, 13.343292754102883 ], [ 121.284812619850854, 13.343249764131842 ], [ 121.284793565998157, 13.343202099855375 ], [ 121.284786422679772, 13.343152575907146 ], [ 121.284793626068208, 13.343103765906353 ], [ 121.284811471713468, 13.343066246223433 ], [ 121.284838411308201, 13.343030296005256 ], [ 121.284915355842571, 13.342958147368529 ], [ 121.28506881378685, 13.342851091249209 ] ], [ [ 121.282785333878934, 13.343875167884622 ], [ 121.282775068694988, 13.343839368799202 ], [ 121.282751918777848, 13.343801835179052 ], [ 121.282713298122729, 13.343770573113279 ], [ 121.282663918650755, 13.343750180127197 ], [ 121.282581314304025, 13.343730587829414 ], [ 121.282537407080895, 13.34370872078393 ], [ 121.282487244751493, 13.343665587299036 ], [ 121.282423731001572, 13.343590498673089 ], [ 121.282306484620733, 13.343421562074917 ], [ 121.282172664566119, 13.343208841966053 ], [ 121.282074068161037, 13.343019733946386 ], [ 121.282047427983088, 13.342951953696643 ], [ 121.282029869931392, 13.342886495856801 ], [ 121.282024734571095, 13.342810745204826 ], [ 121.282036567067905, 13.342753562636078 ], [ 121.282072317938557, 13.34268765779659 ], [ 121.282104065743255, 13.342652923809396 ], [ 121.282162110527551, 13.342609872393853 ], [ 121.282246109541475, 13.342568555889347 ], [ 121.282348952640334, 13.342535450945197 ], [ 121.282444367232799, 13.342514660398409 ], [ 121.282517897683178, 13.342505221785679 ], [ 121.282582214947496, 13.342504386801634 ], [ 121.282612364697556, 13.34250947559236 ], [ 121.282630484133122, 13.342521471272821 ], [ 121.282631485289201, 13.342532578562 ], [ 121.282625125593938, 13.342544780068216 ], [ 121.282544310841004, 13.342623734898643 ], [ 121.28251326947651, 13.342671181320076 ], [ 121.282502551600686, 13.342718036615207 ], [ 121.282511910015899, 13.342773120915496 ], [ 121.28254054588453, 13.342824265352341 ], [ 121.282624875710724, 13.342913752387901 ], [ 121.282653317773111, 13.342951109611112 ], [ 121.282790891596775, 13.343216864543869 ], [ 121.282916315915784, 13.343385766201381 ], [ 121.282990053511668, 13.343511866619552 ], [ 121.283028473707972, 13.343557981546434 ], [ 121.283075942085063, 13.343586230587173 ], [ 121.283130004616538, 13.343593434385305 ], [ 121.283298872204398, 13.343561213017843 ], [ 121.283423625820248, 13.343543933509538 ], [ 121.28353062736754, 13.343543009923227 ], [ 121.28364472093152, 13.343555864376523 ], [ 121.283693962277638, 13.343574397871262 ], [ 121.283718792089971, 13.343599078000175 ], [ 121.283737548090386, 13.343634178263514 ], [ 121.283757824696309, 13.343716347280857 ], [ 121.283762048982609, 13.343830046351236 ], [ 121.283744476787959, 13.343935698229512 ], [ 121.283707648133216, 13.344030732390699 ], [ 121.283607976617148, 13.344226955390571 ], [ 121.283571735217308, 13.344309325714821 ], [ 121.283545002141238, 13.34440707233507 ], [ 121.283537447537839, 13.344489862834845 ], [ 121.283549453102225, 13.344593027740713 ], [ 121.283578785335067, 13.34467592632747 ], [ 121.283636372560721, 13.344773416715878 ], [ 121.283734464442063, 13.344901304195558 ], [ 121.2837498452689, 13.344939990680974 ], [ 121.283747833253486, 13.344956999662001 ], [ 121.283735439444726, 13.344972062493738 ], [ 121.283713894237877, 13.344981282805916 ], [ 121.283659680274212, 13.344982626909051 ], [ 121.283609456848623, 13.344971983846754 ], [ 121.283445001681372, 13.344922594696854 ], [ 121.283368407393993, 13.344910485987947 ], [ 121.283306004355609, 13.344910087679233 ], [ 121.283128060229515, 13.344940613886701 ], [ 121.282905170248981, 13.345004278368966 ], [ 121.282871499246411, 13.345005873265277 ], [ 121.282842952191743, 13.34499485240527 ], [ 121.282826667977517, 13.344973573768836 ], [ 121.28281665562011, 13.344938693834409 ], [ 121.282817887316085, 13.344893906223634 ], [ 121.282826848860523, 13.344859382277434 ], [ 121.282889593363251, 13.344732967699533 ], [ 121.282901549860384, 13.344684579719411 ], [ 121.282898886644219, 13.344668344290431 ], [ 121.282889610631699, 13.344653792071567 ], [ 121.282848113176712, 13.344624144639631 ], [ 121.282825946665952, 13.344598779334435 ], [ 121.282811243825705, 13.344560312546758 ], [ 121.282803684590206, 13.344516384354034 ], [ 121.282795594683094, 13.344342636363939 ], [ 121.282776955113349, 13.344132592027968 ], [ 121.282789312066768, 13.343917471852754 ], [ 121.282785333878934, 13.343875167884622 ] ] ], [ [ [ 121.277908722243467, 13.347032837965465 ], [ 121.277147114314559, 13.346798307200176 ], [ 121.276591995207994, 13.347123976527262 ], [ 121.276864401291888, 13.347588632555302 ], [ 121.276933391605638, 13.347598600314322 ], [ 121.277074376566063, 13.347613384220603 ], [ 121.277145977728253, 13.347618435006076 ], [ 121.277200474342337, 13.347620887848548 ], [ 121.277226768955444, 13.347622071598462 ], [ 121.27730692221445, 13.347623263356466 ], [ 121.277386091078782, 13.347621529767135 ], [ 121.277463822992985, 13.347616127470545 ], [ 121.277539531025212, 13.347605998546442 ], [ 121.277612448153036, 13.347589708738939 ], [ 121.277681591805333, 13.347565371289488 ], [ 121.277740007051833, 13.347535126997769 ], [ 121.277794852951658, 13.347497982574994 ], [ 121.277846444599149, 13.347455188420598 ], [ 121.277894898179213, 13.34740766908617 ], [ 121.277942830681368, 13.347352950460955 ], [ 121.277987491807252, 13.34729459762495 ], [ 121.278028984680901, 13.34723329551464 ], [ 121.278067172291898, 13.34716948880533 ], [ 121.278092379841411, 13.347121201428267 ], [ 121.277908722243467, 13.347032837965465 ] ] ] ] } },
{ "type": "Feature", "properties": { "fid": 13196.0, "ENR_CLCODE": "01021", "LCM_CLASS": "Inland Water", "AREA_HA": 9.9040698635600002, "SOURCE": "Sentinel-2 from ESA, 2022", "REMARKS": "None" }, "geometry": { "type": "MultiPolygon", "coordinates": [ [ [ [ 121.298269725003223, 13.334604630172386 ], [ 121.298274866025551, 13.33470108870126 ], [ 121.298295002279431, 13.334795228041006 ], [ 121.298318453410616, 13.334855709300118 ], [ 121.298366061024396, 13.334930552416422 ], [ 121.298413970013115, 13.334979194946012 ], [ 121.29845736199556, 13.335011504629096 ], [ 121.298550718445554, 13.335060694720816 ], [ 121.298778210416117, 13.335145927826902 ], [ 121.29891510639365, 13.335209086861571 ], [ 121.299014302249162, 13.335273900863521 ], [ 121.299108681948937, 13.335364571362502 ], [ 121.299179436046799, 13.335461881690748 ], [ 121.299229767752053, 13.335549627864951 ], [ 121.299303162568506, 13.335702289774765 ], [ 121.299339115851367, 13.335799278896443 ], [ 121.29934514549042, 13.335853766619906 ], [ 121.299333272771975, 13.33588512365035 ], [ 121.299301034081822, 13.335906098909337 ], [ 121.299257413558209, 13.335912724305139 ], [ 121.29917354058432, 13.335900366395292 ], [ 121.29906135670349, 13.335855472345123 ], [ 121.298948576989616, 13.335791995858306 ], [ 121.298697791632605, 13.335635407158668 ], [ 121.298573501728427, 13.335565902721477 ], [ 121.29837736550688, 13.335473913593622 ], [ 121.298198371515284, 13.335404992117223 ], [ 121.297888646716999, 13.335315079763513 ], [ 121.297472363416944, 13.335215533625437 ], [ 121.297227943501667, 13.335180831480168 ], [ 121.296816991841155, 13.335151815722091 ], [ 121.296686917972181, 13.335137577164963 ], [ 121.296503208831226, 13.335104766228914 ], [ 121.296316439580437, 13.335057043994521 ], [ 121.295965808749884, 13.334955374141632 ], [ 121.295764778704068, 13.334878822747825 ], [ 121.295619369087134, 13.334809477255668 ], [ 121.295490411632386, 13.334740801342095 ], [ 121.295388421430133, 13.334678971722095 ], [ 121.295257867008104, 13.334589617711067 ], [ 121.295149733994435, 13.334504866627899 ], [ 121.295033811049734, 13.334399346889629 ], [ 121.294884284693012, 13.334246315548734 ], [ 121.294783188905143, 13.334128962817523 ], [ 121.294702781624224, 13.334022024165137 ], [ 121.294632269845337, 13.33390989716421 ], [ 121.294581343596803, 13.333806465773643 ], [ 121.294546731274608, 13.333707979404066 ], [ 121.29453668079033, 13.333656415698691 ], [ 121.29453520285611, 13.333627948286788 ], [ 121.294280241407449, 13.333951051932621 ], [ 121.294294862754327, 13.33399343721752 ], [ 121.294372189246005, 13.334147220419554 ], [ 121.294430285198828, 13.334237075192437 ], [ 121.294490177505054, 13.334316694806047 ], [ 121.294577644399126, 13.334413764739045 ], [ 121.294692061364927, 13.334511593324931 ], [ 121.295261423452914, 13.334881597629568 ], [ 121.295404115723017, 13.334962459388116 ], [ 121.295803732098761, 13.335167162170329 ], [ 121.296182470310526, 13.335349666127243 ], [ 121.296514420249736, 13.33552627879382 ], [ 121.296586414300705, 13.335558707622663 ], [ 121.296682270394598, 13.335592238343546 ], [ 121.296794058870503, 13.33561713959377 ], [ 121.296951781200434, 13.33563053147477 ], [ 121.297081102744485, 13.335627888498855 ], [ 121.297447779418093, 13.335601311386057 ], [ 121.297571849259469, 13.335598745730801 ], [ 121.297670824287522, 13.335602898399619 ], [ 121.297746221575764, 13.335611989062301 ], [ 121.297835758973093, 13.335631574176166 ], [ 121.297909657457865, 13.335655868811701 ], [ 121.298015425039253, 13.335700616142018 ], [ 121.298161441131427, 13.33577329980058 ], [ 121.298571605207997, 13.33599866464357 ], [ 121.298723499074143, 13.33609204673326 ], [ 121.298835617970241, 13.336173517863768 ], [ 121.298931465131957, 13.336259254111452 ], [ 121.299033799216076, 13.336366578044059 ], [ 121.299135278019335, 13.336487787936143 ], [ 121.299371308724631, 13.336788268875921 ], [ 121.299392500372363, 13.336778881995226 ], [ 121.299435295783439, 13.336737048467347 ], [ 121.29954338539271, 13.336603230099954 ], [ 121.299666291835777, 13.336429944038107 ], [ 121.299975124395431, 13.335969329310389 ], [ 121.299945522385727, 13.335970391816304 ], [ 121.299886808305899, 13.335962422853724 ], [ 121.299754984193058, 13.335926799928622 ], [ 121.29963383122994, 13.335871486334469 ], [ 121.299532089376655, 13.335806780120759 ], [ 121.299440949458656, 13.335730663269098 ], [ 121.299366027799778, 13.335647919900628 ], [ 121.299330239255653, 13.3355964694441 ], [ 121.299191010270846, 13.335355673134137 ], [ 121.299133283533777, 13.335281155162843 ], [ 121.299068075336208, 13.335216793414364 ], [ 121.298991168996224, 13.335159732135875 ], [ 121.298904553057653, 13.335109137776678 ], [ 121.298799786111644, 13.335059131555317 ], [ 121.298596517853525, 13.334976470540754 ], [ 121.298537861340805, 13.334944591314585 ], [ 121.298480122528019, 13.334900863858252 ], [ 121.298445371470464, 13.334864036057684 ], [ 121.298415052111153, 13.334821007664152 ], [ 121.298389585886724, 13.334771308789204 ], [ 121.298368619511137, 13.33471109646233 ], [ 121.298352343024007, 13.33461504621709 ], [ 121.298269725003223, 13.334604630172386 ] ] ] ] } },
{ "type": "Feature", "properties": { "fid": 13201.0, "ENR_CLCODE": "01021", "LCM_CLASS": "Inland Water", "AREA_HA": 0.59900943573800003, "SOURCE": "Sentinel-2 from ESA, 2022", "REMARKS": "None" }, "geometry": { "type": "MultiPolygon", "coordinates": [ [ [ [ 121.293336609467275, 13.339133011390523 ], [ 121.293309934309278, 13.339068981954307 ], [ 121.293270236340391, 13.339006323331168 ], [ 121.293222082613639, 13.338950039535096 ], [ 121.293167883432972, 13.338901408672962 ], [ 121.293110440901458, 13.338861255043087 ], [ 121.293049971414334, 13.338825725063488 ], [ 121.292986373234825, 13.338795632438536 ], [ 121.29291447649382, 13.338770435129984 ], [ 121.292839745663358, 13.33875170035053 ], [ 121.292763040943385, 13.338738522804826 ], [ 121.292685980736493, 13.338730466919989 ], [ 121.292608214815886, 13.33872654057946 ], [ 121.292530281333256, 13.338726217749283 ], [ 121.292466552195791, 13.338728576065327 ], [ 121.292403421792898, 13.338733466563061 ], [ 121.292341291918362, 13.338741243569284 ], [ 121.29228066630732, 13.338752465473414 ], [ 121.292222172699127, 13.338767907531093 ], [ 121.292155522654227, 13.338792953238016 ], [ 121.292094011422009, 13.33882411769688 ], [ 121.292039828143047, 13.338859485038277 ], [ 121.291993057876383, 13.338897858203772 ], [ 121.291955542880942, 13.338937557602506 ], [ 121.291930050554768, 13.338977000291644 ], [ 121.29192048201061, 13.339014573940259 ], [ 121.291927370731884, 13.339043352126684 ], [ 121.291946089233718, 13.339068471011556 ], [ 121.291974252426428, 13.339088612870301 ], [ 121.292010031985228, 13.339102174503914 ], [ 121.292061957038968, 13.339108480569642 ], [ 121.292121015794251, 13.339107146499694 ], [ 121.292248040991694, 13.339099601595468 ], [ 121.292379863997255, 13.339097712108584 ], [ 121.292455688228088, 13.339100025533565 ], [ 121.292531895551122, 13.339105607239961 ], [ 121.292614596500712, 13.339117868215673 ], [ 121.292689817989768, 13.339134709149423 ], [ 121.292768295090326, 13.339155738055727 ], [ 121.2930072098995, 13.339225002702978 ], [ 121.293080772324274, 13.339248185671677 ], [ 121.293143629120536, 13.339272037414812 ], [ 121.293192560413871, 13.339295287009051 ], [ 121.293219411973041, 13.339311649797155 ], [ 121.293234916128085, 13.339324395368052 ], [ 121.29323787489615, 13.339331932932151 ], [ 121.293254257346774, 13.339337149707392 ], [ 121.293278748734735, 13.339331379523967 ], [ 121.293305552346254, 13.339314091478013 ], [ 121.293328445442782, 13.339284301655908 ], [ 121.293343409332962, 13.339243542079998 ], [ 121.293347568473067, 13.339194727301685 ], [ 121.293336609467275, 13.339133011390523 ] ] ] ] } },
{ "type": "Feature", "properties": { "fid": 13204.0, "ENR_CLCODE": "01021", "LCM_CLASS": "Inland Water", "AREA_HA": 2.5035143493800001, "SOURCE": "Sentinel-2 from ESA, 2022", "REMARKS": "None" }, "geometry": { "type": "MultiPolygon", "coordinates": [ [ [ [ 121.294556230396694, 13.347533619672392 ], [ 121.294486474336026, 13.347486692374137 ], [ 121.294428037275537, 13.347451005385176 ], [ 121.29441748112373, 13.347444558965966 ], [ 121.294350246660144, 13.34740841206969 ], [ 121.294286032124276, 13.347379524738942 ], [ 121.294226338659087, 13.347359044203875 ], [ 121.293924478597503, 13.347126230302431 ], [ 121.293778953888392, 13.346981750078177 ], [ 121.293726711407018, 13.346855038186707 ], [ 121.293678094649522, 13.346737120238448 ], [ 121.293650804177517, 13.346449935293011 ], [ 121.293638064756905, 13.346177197822676 ], [ 121.293596222383826, 13.345875564488029 ], [ 121.293598842683366, 13.345502481065749 ], [ 121.293644917108566, 13.345201440458297 ], [ 121.293671855465121, 13.345129148738835 ], [ 121.293719592881388, 13.345001041248006 ], [ 121.293907081985068, 13.344571522212128 ], [ 121.293895829960064, 13.344487971134964 ], [ 121.293893574829951, 13.3444712241901 ], [ 121.293956139630481, 13.34425639479878 ], [ 121.294055421649375, 13.344029853469435 ], [ 121.294084675356586, 13.343970048138873 ], [ 121.294154534857242, 13.343827228472671 ], [ 121.294266194818647, 13.343576854046892 ], [ 121.29430716356228, 13.343436180080326 ], [ 121.294328758977827, 13.343362023577958 ], [ 121.294415577608305, 13.34317127363593 ], [ 121.294526733118289, 13.342992646430641 ], [ 121.294613216199792, 13.342849727396143 ], [ 121.294703028289817, 13.342787812958649 ], [ 121.294795875350573, 13.342723805720544 ], [ 121.294923606121955, 13.342569633546335 ], [ 121.29499484018163, 13.342451027801371 ], [ 121.295086701045619, 13.342298079276777 ], [ 121.295167481573898, 13.342171827860362 ], [ 121.295289672925009, 13.342160691281171 ], [ 121.295420943778126, 13.342161574289024 ], [ 121.295448413751743, 13.342161758912944 ], [ 121.295656331175451, 13.342115322520106 ], [ 121.29579115231148, 13.342044479344079 ], [ 121.295865087794851, 13.341949309239276 ], [ 121.295939777308163, 13.341746519240877 ], [ 121.296002004437213, 13.341579519149244 ], [ 121.29601547238164, 13.341400234234918 ], [ 121.295979930524979, 13.341244536004888 ], [ 121.295822113687436, 13.341111932497693 ], [ 121.2957213402901, 13.341083002219149 ], [ 121.295651497932766, 13.341062951683096 ], [ 121.295530062289814, 13.340966467760593 ], [ 121.295420333838521, 13.340941812810152 ], [ 121.295262685046239, 13.340785294396019 ], [ 121.295187778387955, 13.340603610357702 ], [ 121.295178635709888, 13.340581435196212 ], [ 121.295094167171172, 13.340437367486162 ], [ 121.294997069806158, 13.340353005172462 ], [ 121.294838498683148, 13.340328021891224 ], [ 121.294716726750522, 13.340279368671686 ], [ 121.294521105643597, 13.340313928312542 ], [ 121.294398747637899, 13.340348980139625 ], [ 121.294347438698594, 13.340384997396511 ], [ 121.294263758642415, 13.340443739053267 ], [ 121.29414056052785, 13.340598369164704 ], [ 121.294324392701597, 13.340503938585256 ], [ 121.294459128928352, 13.340445052896831 ], [ 121.294581403640009, 13.340421959708417 ], [ 121.29476464673202, 13.340411233958784 ], [ 121.294886418739935, 13.340459887163911 ], [ 121.294971557367248, 13.340508291959917 ], [ 121.295052629186856, 13.340646567298895 ], [ 121.295056025834782, 13.340652361511973 ], [ 121.295152872486199, 13.340772597098537 ], [ 121.295188918224454, 13.340856547931407 ], [ 121.295273637761738, 13.340964743251369 ], [ 121.295346315247755, 13.341048941475236 ], [ 121.295455707788761, 13.341121427498992 ], [ 121.295625904325547, 13.341230197250599 ], [ 121.295638652834697, 13.341235289925661 ], [ 121.295808561443096, 13.34130317514996 ], [ 121.295856314698895, 13.341458955841725 ], [ 121.29579992732485, 13.341610282278193 ], [ 121.295794086598846, 13.341625954980662 ], [ 121.295793963468839, 13.341643571667504 ], [ 121.295792997465171, 13.341781407694279 ], [ 121.295804620485285, 13.341865193565155 ], [ 121.295694221597472, 13.341936201678548 ], [ 121.295547524914383, 13.341959132207579 ], [ 121.295383981654183, 13.341990021415326 ], [ 121.295364111225325, 13.341993774795958 ], [ 121.295156445686359, 13.342004335876748 ], [ 121.295045961409357, 13.342087301424383 ], [ 121.294935058572094, 13.342230056603222 ], [ 121.294923708216388, 13.342267971774021 ], [ 121.29491880110119, 13.342284363915459 ], [ 121.294864968900981, 13.342333109788356 ], [ 121.294763430200192, 13.342425055100025 ], [ 121.294744389444233, 13.342454893657751 ], [ 121.294632076864161, 13.342630900078543 ], [ 121.29452636585475, 13.342796561854845 ], [ 121.294314753377165, 13.343149602335618 ], [ 121.294140857276659, 13.343439720899212 ], [ 121.29403362226202, 13.343711595914026 ], [ 121.293931988613096, 13.343969267206683 ], [ 121.293648847216275, 13.344641814373006 ], [ 121.293532641285452, 13.344959916887221 ], [ 121.293439673455936, 13.345214407848005 ], [ 121.293393799357787, 13.345486750700914 ], [ 121.293448187554617, 13.34566882522236 ], [ 121.293479703006966, 13.34577433026131 ], [ 121.293535292079014, 13.346205205428577 ], [ 121.293451043378965, 13.346417376951059 ], [ 121.293447478827346, 13.346426352758334 ], [ 121.293415950368171, 13.346505753111588 ], [ 121.293415944597996, 13.346506571082438 ], [ 121.293280461313259, 13.346571771546829 ], [ 121.293194481170318, 13.346642943397166 ], [ 121.293414438458825, 13.346720993372831 ], [ 121.293496110955189, 13.346883740429755 ], [ 121.293602309371948, 13.347095360643417 ], [ 121.293681148437827, 13.347198272540494 ], [ 121.293923872862905, 13.347515118119841 ], [ 121.293919034840769, 13.347519196242922 ], [ 121.293962437341264, 13.347518399663562 ], [ 121.294035568257456, 13.347532841021147 ], [ 121.294101904623943, 13.347558242041751 ], [ 121.294162849059745, 13.347592968060026 ], [ 121.294218249113456, 13.347633374514919 ], [ 121.294443121793492, 13.347822239950895 ], [ 121.29473745102139, 13.348050706337332 ], [ 121.294813468706707, 13.34813558910813 ], [ 121.294952457260109, 13.34835630665131 ], [ 121.295166738181223, 13.348641254629211 ], [ 121.29520891184886, 13.348707968407517 ], [ 121.295226670490663, 13.34875756674978 ], [ 121.29550318964435, 13.34843128104033 ], [ 121.295459254329288, 13.348390291552073 ], [ 121.295401624117616, 13.348332666729277 ], [ 121.295340654398402, 13.348268989553979 ], [ 121.295188785545164, 13.348105529943298 ], [ 121.295122005682543, 13.348033652341586 ], [ 121.295053376364876, 13.347961853519418 ], [ 121.294975306285679, 13.347884351578859 ], [ 121.294924333685444, 13.3478361421783 ], [ 121.29481994451254, 13.347742169904141 ], [ 121.294695228248699, 13.347637977430965 ], [ 121.294625995881447, 13.347584320711894 ], [ 121.294556230396694, 13.347533619672392 ] ] ] ] } },
{ "type": "Feature", "properties": { "fid": 12705.0, "ENR_CLCODE": "01016", "LCM_CLASS": "Annual Crop", "AREA_HA": 0.65779649662200002, "SOURCE": "Sentinel-2 from ESA, 2022", "REMARKS": "None" }, "geometry": { "type": "MultiPolygon", "coordinates": [ [ [ [ 121.295846720286477, 13.336180309556271 ], [ 121.29572771132176, 13.336171982389686 ], [ 121.295637451674651, 13.336173185410374 ], [ 121.295569017849402, 13.336180606192721 ], [ 121.295488494750231, 13.336197497546083 ], [ 121.295392948883261, 13.336228063483299 ], [ 121.295287860969282, 13.336272604921783 ], [ 121.295152549617868, 13.336343928471349 ], [ 121.295099776329351, 13.336380409745011 ], [ 121.295073012029818, 13.336416822587532 ], [ 121.295072755377859, 13.336430330240155 ], [ 121.2950790911637, 13.336441598304832 ], [ 121.295107848483269, 13.336457462147468 ], [ 121.295278501032314, 13.336485152325706 ], [ 121.295369591260226, 13.336508108530008 ], [ 121.295739750470872, 13.336658612292974 ], [ 121.295872820028009, 13.336704624945174 ], [ 121.296001292435591, 13.33673089920978 ], [ 121.296125539330603, 13.336731184555619 ], [ 121.296247460726349, 13.33670909215277 ], [ 121.296334166429361, 13.336683161910138 ], [ 121.296406939193147, 13.336654026468699 ], [ 121.296499015818583, 13.336602022919713 ], [ 121.296551545734189, 13.33655341052493 ], [ 121.296569384982163, 13.33652368475477 ], [ 121.296575874661755, 13.336483178660403 ], [ 121.29655798466338, 13.336438910639762 ], [ 121.296532072849217, 13.336408764051543 ], [ 121.296497936754321, 13.336379927735805 ], [ 121.296441887289802, 13.336344061420109 ], [ 121.296326734456855, 13.336292081434046 ], [ 121.296227633870018, 13.336257604895273 ], [ 121.296108240406994, 13.336224682536702 ], [ 121.295974462566917, 13.336197495784887 ], [ 121.295846720286477, 13.336180309556271 ] ] ] ] } },
{ "type": "Feature", "properties": { "fid": 13025.0, "ENR_CLCODE": "01020", "LCM_CLASS": "Built-up", "AREA_HA": 0.121630512306, "SOURCE": "Sentinel-2 from ESA, 2022", "REMARKS": "None" }, "geometry": { "type": "MultiPolygon", "coordinates": [ [ [ [ 121.295701904111894, 13.332149413237662 ], [ 121.295754013148965, 13.332184075459722 ], [ 121.295795502061225, 13.33219301549709 ], [ 121.29581065432896, 13.332187128629947 ], [ 121.295822814762602, 13.332173021572157 ], [ 121.295829790921715, 13.332141941719724 ], [ 121.295818118000653, 13.332081912192304 ], [ 121.295795098145533, 13.332034634872052 ], [ 121.295793863140986, 13.332032874469135 ], [ 121.295701904111894, 13.332149413237662 ] ] ] ] } },
{ "type": "Feature", "properties": { "fid": 12708.0, "ENR_CLCODE": "01016", "LCM_CLASS": "Annual Crop", "AREA_HA": 1.4509424531599999, "SOURCE": "Sentinel-2 from ESA, 2022", "REMARKS": "None" }, "geometry": { "type": "MultiPolygon", "coordinates": [ [ [ [ 121.297592729296767, 13.33682956987362 ], [ 121.297496972208904, 13.336813635039672 ], [ 121.297419488488686, 13.336812945321286 ], [ 121.297307279334916, 13.336820076778798 ], [ 121.297248356312807, 13.33681674268964 ], [ 121.297156603231699, 13.336795061648813 ], [ 121.296930332983834, 13.336706499003581 ], [ 121.296881845690834, 13.336704641663619 ], [ 121.296835274815948, 13.336722440371121 ], [ 121.296785608838078, 13.336755740527561 ], [ 121.296708864660104, 13.336825879127508 ], [ 121.296637810189964, 13.336907021961176 ], [ 121.296534698329651, 13.33704090591764 ], [ 121.296471055811338, 13.337106958705176 ], [ 121.296255387925854, 13.337277406956471 ], [ 121.296208963904149, 13.3373318959186 ], [ 121.296175537350749, 13.337385847100816 ], [ 121.296160875767555, 13.33742505247516 ], [ 121.296155279780265, 13.33747272963414 ], [ 121.296160234170415, 13.337524607823335 ], [ 121.296172968313812, 13.337580243520897 ], [ 121.296204286131371, 13.337671817266978 ], [ 121.296232721470844, 13.337735167788207 ], [ 121.296264596078544, 13.337789733206161 ], [ 121.296280435328299, 13.337808652553759 ], [ 121.296290241509467, 13.337812756362728 ], [ 121.296362049612938, 13.337799291362646 ], [ 121.296527127968943, 13.337772696833708 ], [ 121.296784632725775, 13.337738110876771 ], [ 121.29706713109907, 13.337704659488802 ], [ 121.29716039635737, 13.337624391272374 ], [ 121.297226629630075, 13.337592752954738 ], [ 121.297317181496538, 13.337580533093474 ], [ 121.297557702925232, 13.337574032849849 ], [ 121.297614474382215, 13.337560716456041 ], [ 121.297659757709667, 13.337538327164959 ], [ 121.297710971615402, 13.337490469435016 ], [ 121.297749074451517, 13.337425561065123 ], [ 121.297753697133729, 13.33738367476383 ], [ 121.297743259027413, 13.337255988173874 ], [ 121.297694219391872, 13.337233816148327 ], [ 121.297671102669824, 13.337215829424892 ], [ 121.297660529549404, 13.337186373874856 ], [ 121.297662331626213, 13.337149970479155 ], [ 121.297683856210426, 13.337098759820465 ], [ 121.297709706698328, 13.337059420067799 ], [ 121.297754928991608, 13.337015764732859 ], [ 121.297800538242768, 13.336985206517827 ], [ 121.297799093893985, 13.336969553314997 ], [ 121.297784773073971, 13.336946811836976 ], [ 121.297725855886981, 13.336892361628951 ], [ 121.297663262671591, 13.336855834984137 ], [ 121.297592729296767, 13.33682956987362 ] ] ] ] } },
{ "type": "Feature", "properties": { "fid": 13178.0, "ENR_CLCODE": "01014", "LCM_CLASS": "Grassland", "AREA_HA": 0.95007601532700003, "SOURCE": "Sentinel-2 from ESA, 2022", "REMARKS": "None" }, "geometry": { "type": "MultiPolygon", "coordinates": [ [ [ [ 121.297939507296817, 13.344386121815992 ], [ 121.297918461026001, 13.34438037941554 ], [ 121.29789349843854, 13.34438338908331 ], [ 121.297868491388556, 13.344393637626318 ], [ 121.297799880536729, 13.344443994585079 ], [ 121.297699840806416, 13.344539757438229 ], [ 121.297295607230708, 13.344960370525053 ], [ 121.297180987020198, 13.345070968641313 ], [ 121.297092483672159, 13.345146492534324 ], [ 121.296968556493113, 13.345237599727199 ], [ 121.296878398505015, 13.345294685867469 ], [ 121.296787221297933, 13.345342345759185 ], [ 121.296590657646135, 13.34543324082796 ], [ 121.296518660601194, 13.345474130777502 ], [ 121.296442205072481, 13.345529703955906 ], [ 121.296357009025257, 13.34560492266891 ], [ 121.296270469621518, 13.345694199354307 ], [ 121.296209205932243, 13.345784774718782 ], [ 121.296197841016905, 13.345809415467448 ], [ 121.296184735223548, 13.345863802886022 ], [ 121.296188296073638, 13.345894003853372 ], [ 121.296207843435496, 13.345927650797961 ], [ 121.296247751260765, 13.345954462697494 ], [ 121.296292878691872, 13.345966651620603 ], [ 121.296340051255015, 13.345969068040558 ], [ 121.296445865831288, 13.345955257136929 ], [ 121.296577745786379, 13.345916605480181 ], [ 121.296764321671802, 13.345838629090155 ], [ 121.29708618622513, 13.345681732260488 ], [ 121.297183576427798, 13.345619822952481 ], [ 121.297265195883867, 13.345550821992736 ], [ 121.297382476676304, 13.345428673055126 ], [ 121.297449898335401, 13.345350205694084 ], [ 121.297702494883225, 13.344980029200842 ], [ 121.297809174781094, 13.344769024847141 ], [ 121.297898248851865, 13.344623476380864 ], [ 121.297935113117816, 13.344553478167244 ], [ 121.297964408486521, 13.344463619451476 ], [ 121.297963455945762, 13.344421355714891 ], [ 121.297954686730932, 13.344400232538796 ], [ 121.297939507296817, 13.344386121815992 ] ] ] ] } },
{ "type": "Feature", "properties": { "fid": 12744.0, "ENR_CLCODE": "01010", "LCM_CLASS": "Brush/Shrubs", "AREA_HA": 3.6039298264899999, "SOURCE": "Sentinel-2 from ESA, 2022", "REMARKS": "None" }, "geometry": { "type": "MultiPolygon", "coordinates": [ [ [ [ 121.296757265753399, 13.348058700999589 ], [ 121.296703597831282, 13.348081797706403 ], [ 121.29670357190335, 13.348081809281778 ], [ 121.296747329370277, 13.348090739680503 ], [ 121.296757265753399, 13.348058700999589 ] ] ], [ [ [ 121.297679622465637, 13.347611199554208 ], [ 121.297690209748737, 13.347664142780127 ], [ 121.297895845388439, 13.347782025912853 ], [ 121.298024682708672, 13.347719325588175 ], [ 121.29838264881198, 13.347531394795521 ], [ 121.298631318878819, 13.347389476004464 ], [ 121.298722837994077, 13.347328977280233 ], [ 121.2987534786118, 13.347316278289956 ], [ 121.2990011733214, 13.347177928258676 ], [ 121.299142956366211, 13.347095978387694 ], [ 121.299253619889328, 13.347027092139433 ], [ 121.299473031713958, 13.346885592520172 ], [ 121.299578282180278, 13.346819321609608 ], [ 121.299701648861912, 13.346741644638829 ], [ 121.299922333650599, 13.346597311344835 ], [ 121.300029017119599, 13.346527537391182 ], [ 121.300144049233054, 13.346456661760518 ], [ 121.300427613216385, 13.346285999409615 ], [ 121.300541179259, 13.346221299859565 ], [ 121.300599204261161, 13.346190264536514 ], [ 121.300706307889484, 13.346136976264678 ], [ 121.30087587141675, 13.346055732110127 ], [ 121.30098057464231, 13.345999987063275 ], [ 121.301036504397302, 13.345966682333744 ], [ 121.301090760196814, 13.345931856836613 ], [ 121.301196117720124, 13.345857717582971 ], [ 121.301238707716792, 13.345824584208941 ], [ 121.301449182121331, 13.345660848410699 ], [ 121.301552162871161, 13.345584420623114 ], [ 121.301614166788653, 13.345542106966892 ], [ 121.301677635748788, 13.345502140592288 ], [ 121.301765873078978, 13.345452654902392 ], [ 121.301819921888836, 13.345425458401069 ], [ 121.301896328729541, 13.345390478077606 ], [ 121.302049788722798, 13.345320223421853 ], [ 121.302104619417889, 13.345293934188293 ], [ 121.302195997727523, 13.345246699341905 ], [ 121.302319977278145, 13.34517630760319 ], [ 121.302591768327545, 13.3450103719151 ], [ 121.302688202963509, 13.344955519516557 ], [ 121.302726038543511, 13.344933997681121 ], [ 121.302998724856437, 13.344783271720086 ], [ 121.303065506779063, 13.344744163318632 ], [ 121.30309248730677, 13.344726140564907 ], [ 121.303128692882751, 13.344701955708029 ], [ 121.303190494079843, 13.344651889450189 ], [ 121.303307956466256, 13.344537488482995 ], [ 121.303323827285496, 13.344522032144502 ], [ 121.303368198597823, 13.344483065821553 ], [ 121.303415094106413, 13.344445736218058 ], [ 121.303504943570957, 13.344382132986773 ], [ 121.303676519170807, 13.344272062751497 ], [ 121.303740986134272, 13.344229349261687 ], [ 121.303757897482541, 13.344217277694824 ], [ 121.303926188830488, 13.344021309982329 ], [ 121.304122599357953, 13.343695497580896 ], [ 121.304184780412825, 13.343592350333358 ], [ 121.304311832000437, 13.343442063979877 ], [ 121.304359258945411, 13.343310799867046 ], [ 121.304406606082082, 13.343229382551328 ], [ 121.304433061509343, 13.343170993190771 ], [ 121.304453709572911, 13.343125427065949 ], [ 121.304496811638629, 13.34298851802501 ], [ 121.304536054829356, 13.342828477077584 ], [ 121.304554027250518, 13.342717771788809 ], [ 121.304560984012355, 13.342611640260728 ], [ 121.304558354122008, 13.342524036303415 ], [ 121.304541672549362, 13.342374220375977 ], [ 121.304362546393421, 13.342458308269057 ], [ 121.304360065254244, 13.34254247747233 ], [ 121.304354819178073, 13.3426264319551 ], [ 121.304347282730902, 13.342705018251852 ], [ 121.304337088703321, 13.342782953972943 ], [ 121.304324053477373, 13.342859964911339 ], [ 121.304307941050737, 13.342935743968079 ], [ 121.304291731891283, 13.342998585092921 ], [ 121.304272964297112, 13.343060194205528 ], [ 121.304250047230497, 13.343124211398099 ], [ 121.304223930331958, 13.343186712966562 ], [ 121.304188217825285, 13.343259790561886 ], [ 121.30414790504642, 13.343330449176614 ], [ 121.304103202475162, 13.34339868570331 ], [ 121.304091725530157, 13.343414415682172 ], [ 121.304066038945848, 13.343449620138093 ], [ 121.304026604867303, 13.343499469108716 ], [ 121.303985183321586, 13.343548407158183 ], [ 121.30386369613133, 13.343568799355721 ], [ 121.303791074774651, 13.343580989102914 ], [ 121.303606995136192, 13.343711300135588 ], [ 121.303508221999579, 13.343866098545218 ], [ 121.30339740473552, 13.343996899188589 ], [ 121.303335516118011, 13.344116069476694 ], [ 121.303261498669983, 13.344223199821862 ], [ 121.3032551166839, 13.344238184862446 ], [ 121.303215640380671, 13.344330868383226 ], [ 121.303088724446141, 13.344454673009402 ], [ 121.303019100795609, 13.344521504278548 ], [ 121.302913403583133, 13.34461883034259 ], [ 121.302871676316798, 13.344654705905587 ], [ 121.302798359169387, 13.344711952798294 ], [ 121.302749676506565, 13.344744931614201 ], [ 121.302721853058259, 13.344761920040391 ], [ 121.302721074338024, 13.344762395667912 ], [ 121.302662701064733, 13.344793552135252 ], [ 121.302634374801983, 13.344806422695903 ], [ 121.302587876273762, 13.344824508436893 ], [ 121.302540107127925, 13.344839896571232 ], [ 121.302446093416904, 13.344863351678391 ], [ 121.302361898508764, 13.344879300082134 ], [ 121.302235225659587, 13.344898247365196 ], [ 121.302176883847338, 13.344874264399737 ], [ 121.302145795720932, 13.344861483125541 ], [ 121.30201147509004, 13.344860583819631 ], [ 121.301913704787268, 13.34487188696249 ], [ 121.301745603660265, 13.344925510123311 ], [ 121.30173012316348, 13.344930448693185 ], [ 121.301522863917484, 13.344976741599583 ], [ 121.301522202883206, 13.344976889002233 ], [ 121.30137558748379, 13.34498786495004 ], [ 121.301204133450085, 13.345058466268419 ], [ 121.301081271574745, 13.345165267886076 ], [ 121.301004741457746, 13.345288258081192 ], [ 121.300970119331396, 13.345343898398182 ], [ 121.300846756080261, 13.345522448419384 ], [ 121.300711933101468, 13.345593294207154 ], [ 121.300616916408728, 13.345629776699855 ], [ 121.300528266725863, 13.345663813652321 ], [ 121.300393277422273, 13.345758575733601 ], [ 121.300269996628515, 13.345925166699056 ], [ 121.300224640437492, 13.345995160516182 ], [ 121.300208273070126, 13.346020420391685 ], [ 121.300182748557503, 13.346082493313039 ], [ 121.300151392879997, 13.346109628092186 ], [ 121.299769585124068, 13.346457396214237 ], [ 121.299761092587005, 13.346464909892543 ], [ 121.299675265207341, 13.346540853166829 ], [ 121.299648788112279, 13.346564280487756 ], [ 121.299588854529631, 13.346615462865525 ], [ 121.299472333695135, 13.346710177982883 ], [ 121.299412911013661, 13.346755510221309 ], [ 121.299347004936706, 13.346803024096099 ], [ 121.299279886084577, 13.34684814895355 ], [ 121.299211429316273, 13.346890565783225 ], [ 121.299148895740018, 13.346926053601848 ], [ 121.299085133374334, 13.346959068236133 ], [ 121.299020151946905, 13.346989539248229 ], [ 121.298942002066468, 13.347022204659448 ], [ 121.298862363503119, 13.347051418933061 ], [ 121.298781435912531, 13.347077406672836 ], [ 121.298704353391884, 13.347099262462514 ], [ 121.298626551060565, 13.347119120316567 ], [ 121.298560933043717, 13.347134568932258 ], [ 121.298344869164069, 13.347185437380157 ], [ 121.298223388640565, 13.347219291755232 ], [ 121.298163861083907, 13.34723867706718 ], [ 121.298082723729991, 13.347268747787474 ], [ 121.298002931956688, 13.347302791071566 ], [ 121.297924465790572, 13.347340758879943 ], [ 121.297854260941406, 13.347378501291271 ], [ 121.29778523680406, 13.347418983172521 ], [ 121.297724878862766, 13.347456929369669 ], [ 121.297597134548354, 13.347543448206881 ], [ 121.297580418860264, 13.347555320861128 ], [ 121.297566388156298, 13.347565285671656 ], [ 121.297679622465637, 13.347611199554208 ] ] ] ] } },
{ "type": "Feature", "properties": { "fid": 13031.0, "ENR_CLCODE": "01020", "LCM_CLASS": "Built-up", "AREA_HA": 0.43875530037600002, "SOURCE": "Sentinel-2 from ESA, 2022", "REMARKS": "None" }, "geometry": { "type": "MultiPolygon", "coordinates": [ [ [ [ 121.298695282042644, 13.337006887178731 ], [ 121.298741564762494, 13.336982013308194 ], [ 121.298779915213757, 13.336942372600584 ], [ 121.298799070027897, 13.336891828279949 ], [ 121.29879996684312, 13.336844067815655 ], [ 121.298787242841868, 13.336792683205211 ], [ 121.298764299901535, 13.336747067906582 ], [ 121.298733444697106, 13.336706304655129 ], [ 121.298682566300954, 13.336659051287715 ], [ 121.298624608543989, 13.336622911331469 ], [ 121.298579432189001, 13.336605815499011 ], [ 121.298536163620554, 13.336598723113889 ], [ 121.298492056061889, 13.336601079663964 ], [ 121.298428181934582, 13.336620978386179 ], [ 121.298369878975706, 13.336657206191164 ], [ 121.298304900666594, 13.336717712427522 ], [ 121.298209296292342, 13.336830665992508 ], [ 121.298161028326419, 13.336869294296065 ], [ 121.297885242164398, 13.336984440745182 ], [ 121.2978207101701, 13.336996142989634 ], [ 121.297806299554836, 13.336993392942523 ], [ 121.297800538242768, 13.336985206517827 ], [ 121.297754928991608, 13.337015764732859 ], [ 121.297709706698328, 13.337059420067799 ], [ 121.297683856210426, 13.337098759820465 ], [ 121.297662331626213, 13.337149970479155 ], [ 121.297660529549404, 13.337186373874856 ], [ 121.297671102669824, 13.337215829424892 ], [ 121.297694219391872, 13.337233816148327 ], [ 121.297743259027413, 13.337255988173874 ], [ 121.297830762191381, 13.337230211037021 ], [ 121.297954715411407, 13.337202866416431 ], [ 121.298295333837672, 13.337143249357892 ], [ 121.298510203947671, 13.337062873700827 ], [ 121.298695282042644, 13.337006887178731 ] ] ] ] } },
{ "type": "Feature", "properties": { "fid": 305.0, "ENR_CLCODE": "01007", "LCM_CLASS": "Mangrove Forest", "AREA_HA": 4.56703985572, "SOURCE": "Sentinel-2 from ESA, 2022", "REMARKS": "None" }, "geometry": { "type": "MultiPolygon", "coordinates": [ [ [ [ 121.300273144194136, 13.347063995086666 ], [ 121.300321225262337, 13.346988656013041 ], [ 121.300363566383638, 13.346884175994747 ], [ 121.300471081859527, 13.346809238163832 ], [ 121.300620367718096, 13.346711298547124 ], [ 121.300859336522763, 13.346538301607444 ], [ 121.301068098265105, 13.346434943930786 ], [ 121.301162949958965, 13.346470503166882 ], [ 121.30132240586984, 13.346617082735811 ], [ 121.30160831066226, 13.346531704246889 ], [ 121.30171045512364, 13.346375245628163 ], [ 121.301813007986681, 13.346160586033761 ], [ 121.301909045303773, 13.346027367481513 ], [ 121.301999056463572, 13.345905748517954 ], [ 121.302124402268404, 13.345830928960265 ], [ 121.302344600593287, 13.345791668121379 ], [ 121.302426993697992, 13.345908628030624 ], [ 121.302491638249066, 13.346013827414678 ], [ 121.302616738999419, 13.345973926540776 ], [ 121.302831688058646, 13.345835687394624 ], [ 121.303105582264266, 13.345767685651738 ], [ 121.303284828592041, 13.345635026056941 ], [ 121.30337487976648, 13.345507586675401 ], [ 121.303536539438412, 13.345339885293857 ], [ 121.30365065059766, 13.345171866838694 ], [ 121.303704837809377, 13.345073286693149 ], [ 121.303812269964837, 13.34500998596457 ], [ 121.304009794355267, 13.344813425677602 ], [ 121.304117961526828, 13.344645365182318 ], [ 121.304262563941322, 13.344366965709588 ], [ 121.304359415849831, 13.344117344868659 ], [ 121.304390519497062, 13.343919665834086 ], [ 121.304416046732982, 13.343669567482696 ], [ 121.30439345682916, 13.34350062907953 ], [ 121.304311832000437, 13.343442063979877 ], [ 121.304184780412825, 13.343592350333358 ], [ 121.304122599357953, 13.343695497580896 ], [ 121.303926188830488, 13.344021309982329 ], [ 121.303757897482541, 13.344217277694824 ], [ 121.303740986134272, 13.344229349261687 ], [ 121.303676519170807, 13.344272062751497 ], [ 121.303504943570957, 13.344382132986773 ], [ 121.303415094106413, 13.344445736218058 ], [ 121.303368198597823, 13.344483065821553 ], [ 121.303323827285496, 13.344522032144502 ], [ 121.303307956466256, 13.344537488482995 ], [ 121.303190494079843, 13.344651889450189 ], [ 121.303128692882751, 13.344701955708029 ], [ 121.30309248730677, 13.344726140564907 ], [ 121.303065506779063, 13.344744163318632 ], [ 121.302998724856437, 13.344783271720086 ], [ 121.302726038543511, 13.344933997681121 ], [ 121.302688202963509, 13.344955519516557 ], [ 121.302591768327545, 13.3450103719151 ], [ 121.302319977278145, 13.34517630760319 ], [ 121.302195997727523, 13.345246699341905 ], [ 121.302104619417889, 13.345293934188293 ], [ 121.302049788722798, 13.345320223421853 ], [ 121.301896328729541, 13.345390478077606 ], [ 121.301819921888836, 13.345425458401069 ], [ 121.301765873078978, 13.345452654902392 ], [ 121.301677635748788, 13.345502140592288 ], [ 121.301614166788653, 13.345542106966892 ], [ 121.301552162871161, 13.345584420623114 ], [ 121.301449182121331, 13.345660848410699 ], [ 121.301238707716792, 13.345824584208941 ], [ 121.301196117720124, 13.345857717582971 ], [ 121.301090760196814, 13.345931856836613 ], [ 121.301036504397302, 13.345966682333744 ], [ 121.30098057464231, 13.345999987063275 ], [ 121.30087587141675, 13.346055732110127 ], [ 121.300706307889484, 13.346136976264678 ], [ 121.300599204261161, 13.346190264536514 ], [ 121.300541179259, 13.346221299859565 ], [ 121.300427613216385, 13.346285999409615 ], [ 121.300144049233054, 13.346456661760518 ], [ 121.300029017119599, 13.346527537391182 ], [ 121.299922333650599, 13.346597311344835 ], [ 121.299701648861912, 13.346741644638829 ], [ 121.299578282180278, 13.346819321609608 ], [ 121.299473031713958, 13.346885592520172 ], [ 121.299253619889328, 13.347027092139433 ], [ 121.299142956366211, 13.347095978387694 ], [ 121.2990011733214, 13.347177928258676 ], [ 121.2987534786118, 13.347316278289956 ], [ 121.299005807084242, 13.347247521250305 ], [ 121.299327622124864, 13.347127465287365 ], [ 121.299518307242366, 13.347058907707924 ], [ 121.299655501214701, 13.346989989478429 ], [ 121.299774086654736, 13.34703153108334 ], [ 121.299797534152759, 13.347078250715613 ], [ 121.299541345575619, 13.347163828201914 ], [ 121.299368121585843, 13.347284885189628 ], [ 121.299278599639521, 13.347336663430939 ], [ 121.299271919666751, 13.3474413817944 ], [ 121.299861645071445, 13.347259109144126 ], [ 121.30016558672736, 13.347144752620165 ], [ 121.300273144194136, 13.347063995086666 ] ] ] ] } },
{ "type": "Feature", "properties": { "fid": 13450.0, "ENR_CLCODE": "01017", "LCM_CLASS": "Perennial Crop", "AREA_HA": 0.96298826596800002, "SOURCE": "Sentinel-2 from ESA, 2022", "REMARKS": "None" }, "geometry": { "type": "MultiPolygon", "coordinates": [ [ [ [ 121.300072047095199, 13.336251895380355 ], [ 121.300026073794257, 13.336246804313392 ], [ 121.299949456223359, 13.336269214495356 ], [ 121.29992449373286, 13.336284819151141 ], [ 121.299905151323301, 13.336305727661657 ], [ 121.299891937714804, 13.336332316756865 ], [ 121.299885247617311, 13.336362270639016 ], [ 121.299887935752722, 13.336444523897848 ], [ 121.299902080687374, 13.336477880183059 ], [ 121.299942579812026, 13.336537078740614 ], [ 121.300074486629342, 13.336687439108722 ], [ 121.300193074906787, 13.336801395401544 ], [ 121.300375970301857, 13.336955672874614 ], [ 121.300755174959406, 13.337225117321891 ], [ 121.301071701206297, 13.337467823885307 ], [ 121.301403049998896, 13.337702170415842 ], [ 121.301521382652965, 13.337771285595149 ], [ 121.301566997074062, 13.337781267630765 ], [ 121.301593918803746, 13.337769940517822 ], [ 121.301600205382485, 13.337751696366869 ], [ 121.301597993463034, 13.337728187776362 ], [ 121.301584078625595, 13.337685806029331 ], [ 121.301552860944184, 13.337619260086699 ], [ 121.30148417459732, 13.337499477385233 ], [ 121.301312277042229, 13.337230623454062 ], [ 121.301201456625108, 13.337092292456802 ], [ 121.300904298969542, 13.336773427882564 ], [ 121.300788394966958, 13.336666776145416 ], [ 121.300679551422974, 13.336575511668608 ], [ 121.300562092657216, 13.336490504588618 ], [ 121.300433905775279, 13.336408211915666 ], [ 121.300316004202145, 13.336344230570976 ], [ 121.300203209113633, 13.336294427499668 ], [ 121.300072047095199, 13.336251895380355 ] ] ] ] } },
{ "type": "Feature", "properties": { "fid": 13084.0, "ENR_CLCODE": "01019", "LCM_CLASS": "Fishpond", "AREA_HA": 9.6024046322400007, "SOURCE": "Sentinel-2 from ESA, 2022", "REMARKS": "None" }, "geometry": { "type": "MultiPolygon", "coordinates": [ [ [ [ 121.302810875740647, 13.343711718424839 ], [ 121.302836373515945, 13.343650556057558 ], [ 121.302857563902407, 13.343583122505427 ], [ 121.302872680738815, 13.343515386882661 ], [ 121.302882540427973, 13.343448739429226 ], [ 121.302888253615023, 13.343384601287621 ], [ 121.302891657896097, 13.343293130480179 ], [ 121.302892330071884, 13.343275073619765 ], [ 121.302896287688512, 13.342813434991374 ], [ 121.302893917948609, 13.34264591515357 ], [ 121.302892199510111, 13.342610596136623 ], [ 121.302889805786748, 13.34256139978879 ], [ 121.302882972843136, 13.342477087578906 ], [ 121.302872724465132, 13.342390813573367 ], [ 121.302859001772276, 13.342304656306169 ], [ 121.302841810652708, 13.342218698070079 ], [ 121.30282127371126, 13.342133094253196 ], [ 121.302797555903766, 13.342048015894303 ], [ 121.302770829563642, 13.341963634985575 ], [ 121.302741261593638, 13.341880108116616 ], [ 121.30270863282054, 13.341796572412745 ], [ 121.302673536305349, 13.341714148156424 ], [ 121.302636326090877, 13.341632894672488 ], [ 121.302602639491838, 13.341565159848713 ], [ 121.302496248612741, 13.341351234711723 ], [ 121.302433164209205, 13.341217068358901 ], [ 121.30240171522442, 13.34114354202795 ], [ 121.302372177723285, 13.341069516953921 ], [ 121.302292120805447, 13.340856967435883 ], [ 121.302265524532643, 13.340792374266405 ], [ 121.30227320406145, 13.340663594653055 ], [ 121.302287378909099, 13.340425888463738 ], [ 121.302180460098967, 13.340348638486924 ], [ 121.301916440892157, 13.340385137356222 ], [ 121.301924239433674, 13.340698055120717 ], [ 121.301924633942775, 13.340713922716777 ], [ 121.301931702250002, 13.340997510910643 ], [ 121.30172622683034, 13.341043968233443 ], [ 121.300853912434761, 13.340965794066648 ], [ 121.300853224263832, 13.340965732489398 ], [ 121.300457046768543, 13.340930227135303 ], [ 121.30037483865857, 13.341212218836789 ], [ 121.300343011887961, 13.34132138774725 ], [ 121.300311207899782, 13.341394055353714 ], [ 121.300281386928319, 13.34147220027203 ], [ 121.300253732851118, 13.341552247081905 ], [ 121.300148645044032, 13.341882615762719 ], [ 121.300041336019945, 13.342209040225923 ], [ 121.300015995444127, 13.34229019988223 ], [ 121.300012068858763, 13.342303846447157 ], [ 121.299992594852299, 13.342371530780486 ], [ 121.29997252090871, 13.342451425218352 ], [ 121.299956466702014, 13.342530428386862 ], [ 121.299945256668877, 13.342608258406575 ], [ 121.299939496810296, 13.342684717795388 ], [ 121.299939525654949, 13.342759972437243 ], [ 121.299946061311957, 13.34283967823621 ], [ 121.299959357122816, 13.342920228604862 ], [ 121.299979195186836, 13.343001763984383 ], [ 121.300005021060443, 13.343083976935034 ], [ 121.30003607529045, 13.34316644113118 ], [ 121.300071548680663, 13.343248715449926 ], [ 121.300076728757901, 13.343259516473823 ], [ 121.300110758649168, 13.343330468087045 ], [ 121.30015291561493, 13.343410830516046 ], [ 121.300197692737157, 13.343489288033503 ], [ 121.300245185262312, 13.343565553845458 ], [ 121.300410767839665, 13.343822817328805 ], [ 121.300581504344464, 13.344088085874658 ], [ 121.300936395198647, 13.343958084062109 ], [ 121.30106474062805, 13.343911070462699 ], [ 121.301149943410252, 13.343887206722577 ], [ 121.301236910942961, 13.343859551297054 ], [ 121.301580563876314, 13.343740707200229 ], [ 121.301663525881054, 13.343714926425603 ], [ 121.301741922440954, 13.343694000380284 ], [ 121.301814924253677, 13.343681667367969 ], [ 121.301878954411421, 13.343682269979301 ], [ 121.301929821921817, 13.343694661015437 ], [ 121.30196579027745, 13.343715450992839 ], [ 121.301988225143489, 13.343740104387669 ], [ 121.301999541802843, 13.343762231642181 ], [ 121.302005980656048, 13.343786637301976 ], [ 121.30200777959908, 13.343813489282319 ], [ 121.302004496422924, 13.343844768628863 ], [ 121.301995173166858, 13.343879922046614 ], [ 121.301979540831084, 13.343917425587009 ], [ 121.301952104311852, 13.34396465229768 ], [ 121.301919419465307, 13.34400736766354 ], [ 121.301888406210537, 13.344038783092147 ], [ 121.301875452311535, 13.34404844428998 ], [ 121.301867385859467, 13.344051034767247 ], [ 121.301809646756951, 13.344089304346014 ], [ 121.301730854969847, 13.344146006098914 ], [ 121.301671825359179, 13.344188485373081 ], [ 121.301595028423534, 13.344248058576369 ], [ 121.301553936607291, 13.344282025571014 ], [ 121.301516549506246, 13.34431501056903 ], [ 121.301466318321118, 13.344365807775171 ], [ 121.301443332605402, 13.344397401906132 ], [ 121.301437322078428, 13.344412842232666 ], [ 121.301437278280076, 13.344420527645186 ], [ 121.301447522918565, 13.344430863797559 ], [ 121.301484131452526, 13.344431078576818 ], [ 121.301538192776249, 13.344419163223023 ], [ 121.301601481292451, 13.344401572118787 ], [ 121.301671440378229, 13.344380103948584 ], [ 121.301777103436208, 13.344345426277442 ], [ 121.30182311388495, 13.344330325630633 ], [ 121.302103139040597, 13.344232908545433 ], [ 121.30218324308386, 13.344202955949658 ], [ 121.30224480149441, 13.344178286481174 ], [ 121.302262387488142, 13.344171239722938 ], [ 121.302336191412152, 13.344138671335307 ], [ 121.302405531059691, 13.34410430037855 ], [ 121.302472310204394, 13.344066622948445 ], [ 121.302535810250944, 13.344025438974464 ], [ 121.302595240079157, 13.343980754888042 ], [ 121.302649834297767, 13.343932725530937 ], [ 121.302698948639915, 13.34388160869895 ], [ 121.302742182576594, 13.343827655692472 ], [ 121.302779486605871, 13.343770949339072 ], [ 121.302810875740647, 13.343711718424839 ] ] ] ] } },
{ "type": "Feature", "properties": { "fid": 13452.0, "ENR_CLCODE": "01017", "LCM_CLASS": "Perennial Crop", "AREA_HA": 1.82533203535, "SOURCE": "Sentinel-2 from ESA, 2022", "REMARKS": "None" }, "geometry": { "type": "MultiPolygon", "coordinates": [ [ [ [ 121.302133633175913, 13.339211860366735 ], [ 121.301870453520479, 13.338842819167416 ], [ 121.301809271478987, 13.338767725218664 ], [ 121.301729965198859, 13.338684362639613 ], [ 121.301627483943491, 13.338595600706102 ], [ 121.30125951708311, 13.338312088008331 ], [ 121.301126447250098, 13.338197802336003 ], [ 121.301086254265527, 13.338156327483603 ], [ 121.300916563632271, 13.338355153997796 ], [ 121.300872779755721, 13.338396693680384 ], [ 121.300832503975116, 13.338423694523319 ], [ 121.300807574376776, 13.338432087392306 ], [ 121.300771136123402, 13.338431414591543 ], [ 121.300678130736244, 13.338386401622614 ], [ 121.300650979879777, 13.338378546708739 ], [ 121.300622580317011, 13.33837710908276 ], [ 121.3005799470738, 13.338389642749846 ], [ 121.300558914014147, 13.338406269975586 ], [ 121.300544159430729, 13.338428040974765 ], [ 121.300534708482616, 13.338456416186174 ], [ 121.300530960621629, 13.338493926457161 ], [ 121.300544101406089, 13.338580801136594 ], [ 121.300576563303665, 13.338656135866064 ], [ 121.300670235819794, 13.338809011789882 ], [ 121.300695713827039, 13.338880289877489 ], [ 121.300697133013998, 13.338950701887343 ], [ 121.300664299765671, 13.339099840113754 ], [ 121.300670242469749, 13.339096935271476 ], [ 121.300735539646951, 13.339075975423109 ], [ 121.300792417707072, 13.339065263139513 ], [ 121.300846318477056, 13.339060793800334 ], [ 121.300910688625422, 13.339062226763197 ], [ 121.300940709277654, 13.339065356497542 ], [ 121.30098480130394, 13.3390727767563 ], [ 121.301027154579074, 13.339083050611315 ], [ 121.301096343903239, 13.339106329347787 ], [ 121.301166056636404, 13.339137496152567 ], [ 121.301236166735222, 13.339175835207028 ], [ 121.301306388613725, 13.339220083674128 ], [ 121.301377147748511, 13.339269065755026 ], [ 121.301498609186069, 13.339358459884357 ], [ 121.301588274130182, 13.339424452740232 ], [ 121.301660122579051, 13.339475409835391 ], [ 121.301735179200321, 13.339525897689056 ], [ 121.301811823087036, 13.339574340773707 ], [ 121.301890047859999, 13.339620727294413 ], [ 121.301969781133806, 13.339665243866328 ], [ 121.302132279289182, 13.339749380215299 ], [ 121.302293029258934, 13.339826678593777 ], [ 121.302491669008802, 13.339917268388755 ], [ 121.302766140224577, 13.340042441603908 ], [ 121.302923947815486, 13.34011646315088 ], [ 121.303075813861867, 13.340192711604512 ], [ 121.303148474421477, 13.340232321026619 ], [ 121.30321649896571, 13.340272256299771 ], [ 121.303282095014779, 13.340314291222576 ], [ 121.303344994009336, 13.340358813565263 ], [ 121.303401951645171, 13.34040354904683 ], [ 121.303456582670734, 13.340451124246043 ], [ 121.303508872184878, 13.340501558045847 ], [ 121.30351736004296, 13.340510598787107 ], [ 121.303481384610777, 13.340446743512812 ], [ 121.303419569642202, 13.340359498323027 ], [ 121.303327240345439, 13.340252748305266 ], [ 121.30323557147311, 13.340163064394842 ], [ 121.303106124093617, 13.340053185932826 ], [ 121.302754972102221, 13.339794050953383 ], [ 121.302555244647664, 13.339637036755006 ], [ 121.302423227789092, 13.33952193526785 ], [ 121.302313514024121, 13.339413004484902 ], [ 121.302208027024022, 13.339300783940287 ], [ 121.302133633175913, 13.339211860366735 ] ] ] ] } },
{ "type": "Feature", "properties": { "fid": 13081.0, "ENR_CLCODE": "01019", "LCM_CLASS": "Fishpond", "AREA_HA": 4.6723245157799997, "SOURCE": "Sentinel-2 from ESA, 2022", "REMARKS": "None" }, "geometry": { "type": "MultiPolygon", "coordinates": [ [ [ [ 121.303048621426569, 13.336790855208379 ], [ 121.30285273854318, 13.33655790153537 ], [ 121.302768035034234, 13.336350098369046 ], [ 121.302516560163042, 13.336199205017188 ], [ 121.302527150341945, 13.336133026540573 ], [ 121.302450738954946, 13.336065221520267 ], [ 121.302469840721898, 13.336131766628039 ], [ 121.302499827450831, 13.336290299581274 ], [ 121.30251200502471, 13.336416178440921 ], [ 121.302516022053467, 13.336551786966238 ], [ 121.302507512565626, 13.337070993242106 ], [ 121.302619335329354, 13.337071742351878 ], [ 121.302619360345489, 13.337071728961826 ], [ 121.302746722163704, 13.337009211257486 ], [ 121.302847852233441, 13.336953883794804 ], [ 121.302922711363664, 13.336907785504856 ], [ 121.302967222911676, 13.336877702481845 ], [ 121.303010415422435, 13.336846301761268 ], [ 121.30305853117504, 13.336808446057139 ], [ 121.303048621426569, 13.336790855208379 ] ] ], [ [ [ 121.301965966810585, 13.335693586734356 ], [ 121.301944791343601, 13.335624760368283 ], [ 121.301823027292428, 13.335439457103957 ], [ 121.301605963021672, 13.33538121476704 ], [ 121.301383603050127, 13.335381209583312 ], [ 121.301157273265702, 13.335344144221883 ], [ 121.300956089822961, 13.335369287446754 ], [ 121.300882092728656, 13.335371176785019 ], [ 121.300865038195894, 13.33542356729507 ], [ 121.30086745358237, 13.335453718077044 ], [ 121.300875554836907, 13.335469802943049 ], [ 121.300897080828577, 13.335488906724905 ], [ 121.300917904622423, 13.335499032941515 ], [ 121.30098817084172, 13.335514582515362 ], [ 121.301158162236419, 13.335533170325016 ], [ 121.301253271984962, 13.335555448260275 ], [ 121.301319496193997, 13.335580348332087 ], [ 121.301375921661347, 13.335610608474791 ], [ 121.301405562329037, 13.335635345571376 ], [ 121.301411641156818, 13.335646837751153 ], [ 121.301409747828444, 13.335653572496428 ], [ 121.301467414177765, 13.335685239275616 ], [ 121.301557315257611, 13.33572041933712 ], [ 121.301619758505396, 13.335734830561728 ], [ 121.301677712449091, 13.3357395843232 ], [ 121.301915459123705, 13.335716832747632 ], [ 121.301974818988413, 13.3356980966109 ], [ 121.301965966810585, 13.335693586734356 ] ] ] ] } },
{ "type": "Feature", "properties": { "fid": 13080.0, "ENR_CLCODE": "01019", "LCM_CLASS": "Fishpond", "AREA_HA": 0.61600927779799997, "SOURCE": "Sentinel-2 from ESA, 2022", "REMARKS": "None" }, "geometry": { "type": "MultiPolygon", "coordinates": [ [ [ [ 121.301923427037735, 13.336008976900821 ], [ 121.301953469795151, 13.335996007570134 ], [ 121.301987414930025, 13.335996629045926 ], [ 121.302103665630568, 13.336016374275784 ], [ 121.302129094419755, 13.336012703772944 ], [ 121.30214628891288, 13.336002428362246 ], [ 121.302159572642253, 13.335977255070674 ], [ 121.302157258022916, 13.335940609659978 ], [ 121.302139763002671, 13.335905814556313 ], [ 121.302110435312301, 13.335874470448434 ], [ 121.302066167080255, 13.335845260265348 ], [ 121.302001768907601, 13.335824247597381 ], [ 121.301935170449312, 13.335821890716099 ], [ 121.301875290273628, 13.335830271028204 ], [ 121.301792571749687, 13.335853060172292 ], [ 121.301723629141335, 13.335878942835933 ], [ 121.301381119391479, 13.336016092536651 ], [ 121.301351715768959, 13.336032818111184 ], [ 121.301343651501142, 13.33604802952661 ], [ 121.30133778960537, 13.336082844696707 ], [ 121.301340855928117, 13.33613205279531 ], [ 121.30135473532637, 13.336180655729288 ], [ 121.301375250546627, 13.336221487435743 ], [ 121.301426279588142, 13.336283258580623 ], [ 121.301645636823309, 13.336502385479927 ], [ 121.301759481002378, 13.33658165796235 ], [ 121.301847080074594, 13.336630172821888 ], [ 121.301926011183696, 13.336661666193379 ], [ 121.30206361092057, 13.336699232293851 ], [ 121.302137894350878, 13.336725226762407 ], [ 121.302212375483847, 13.336762124269232 ], [ 121.302260192134042, 13.336798170870523 ], [ 121.302270675041441, 13.336717499328515 ], [ 121.302268536332633, 13.336591136608206 ], [ 121.30225249582017, 13.336485810473736 ], [ 121.302221943873434, 13.336388157438895 ], [ 121.302200938854838, 13.33634685970231 ], [ 121.302166175647869, 13.336300329970618 ], [ 121.302126326842114, 13.336259803972736 ], [ 121.301971609182758, 13.33612620640379 ], [ 121.301926149876763, 13.33607058938829 ], [ 121.301914781379025, 13.336042074072738 ], [ 121.30191448761687, 13.336026577741736 ], [ 121.301923427037735, 13.336008976900821 ] ] ] ] } },
{ "type": "Feature", "properties": { "fid": 13173.0, "ENR_CLCODE": "01014", "LCM_CLASS": "Grassland", "AREA_HA": 0.65026294819200003, "SOURCE": "Sentinel-2 from ESA, 2022", "REMARKS": "None" }, "geometry": { "type": "MultiPolygon", "coordinates": [ [ [ [ 121.302339207277313, 13.335966251776092 ], [ 121.302156557532498, 13.335839184369075 ], [ 121.302106263626499, 13.335765063026328 ], [ 121.301974818988413, 13.3356980966109 ], [ 121.301915459123705, 13.335716832747632 ], [ 121.301677712449091, 13.3357395843232 ], [ 121.301619758505396, 13.335734830561728 ], [ 121.301557315257611, 13.33572041933712 ], [ 121.301467414177765, 13.335685239275616 ], [ 121.301409747828444, 13.335653572496428 ], [ 121.301370889729625, 13.335702243662974 ], [ 121.301355537671213, 13.335747903947597 ], [ 121.301340189380909, 13.335854072852696 ], [ 121.30135103761063, 13.335929762825415 ], [ 121.301351715768959, 13.336032818111184 ], [ 121.301381119391479, 13.336016092536651 ], [ 121.301723629141335, 13.335878942835933 ], [ 121.301792571749687, 13.335853060172292 ], [ 121.301875290273628, 13.335830271028204 ], [ 121.301935170449312, 13.335821890716099 ], [ 121.302001768907601, 13.335824247597381 ], [ 121.302066167080255, 13.335845260265348 ], [ 121.302110435312301, 13.335874470448434 ], [ 121.302139763002671, 13.335905814556313 ], [ 121.302157258022916, 13.335940609659978 ], [ 121.302159572642253, 13.335977255070674 ], [ 121.30214628891288, 13.336002428362246 ], [ 121.302129094419755, 13.336012703772944 ], [ 121.302103665630568, 13.336016374275784 ], [ 121.301987414930025, 13.335996629045926 ], [ 121.301953469795151, 13.335996007570134 ], [ 121.301923427037735, 13.336008976900821 ], [ 121.30191448761687, 13.336026577741736 ], [ 121.301914781379025, 13.336042074072738 ], [ 121.301926149876763, 13.33607058938829 ], [ 121.301971609182758, 13.33612620640379 ], [ 121.302126326842114, 13.336259803972736 ], [ 121.302166175647869, 13.336300329970618 ], [ 121.302200938854838, 13.33634685970231 ], [ 121.302221943873434, 13.336388157438895 ], [ 121.30225249582017, 13.336485810473736 ], [ 121.302268536332633, 13.336591136608206 ], [ 121.302270675041441, 13.336717499328515 ], [ 121.302260192134042, 13.336798170870523 ], [ 121.302260002910302, 13.336825286078613 ], [ 121.302275370916561, 13.336828676840319 ], [ 121.302284596324924, 13.336840190164894 ], [ 121.30228840146556, 13.336910957226815 ], [ 121.302296104135664, 13.336945860026992 ], [ 121.302348623307921, 13.337042915973154 ], [ 121.302507512565626, 13.337070993242106 ], [ 121.302516022053467, 13.336551786966238 ], [ 121.30251200502471, 13.336416178440921 ], [ 121.302499827450831, 13.336290299581274 ], [ 121.302469840721898, 13.336131766628039 ], [ 121.302450738954946, 13.336065221520267 ], [ 121.302339207277313, 13.335966251776092 ] ] ] ] } },
{ "type": "Feature", "properties": { "fid": 13082.0, "ENR_CLCODE": "01019", "LCM_CLASS": "Fishpond", "AREA_HA": 0.22034653993700001, "SOURCE": "Sentinel-2 from ESA, 2022", "REMARKS": "None" }, "geometry": { "type": "MultiPolygon", "coordinates": [ [ [ [ 121.302290556788648, 13.337049165439812 ], [ 121.302322379478113, 13.337041041108373 ], [ 121.302348623307921, 13.337042915973154 ], [ 121.302296104135664, 13.336945860026992 ], [ 121.30228840146556, 13.336910957226815 ], [ 121.302284596324924, 13.336840190164894 ], [ 121.302275370916561, 13.336828676840319 ], [ 121.302260002910302, 13.336825286078613 ], [ 121.302245138582293, 13.336832205677137 ], [ 121.302187251987974, 13.336841104711674 ], [ 121.302080551676852, 13.336843991844583 ], [ 121.302012675167362, 13.336832329924798 ], [ 121.301896215291038, 13.33679603130722 ], [ 121.301846171773349, 13.336791382294333 ], [ 121.301810567535171, 13.336798433532833 ], [ 121.301783767822101, 13.336814358649944 ], [ 121.301771778504431, 13.3368306590682 ], [ 121.301768294527989, 13.33684821795565 ], [ 121.301781356687101, 13.336885174278567 ], [ 121.301840637425357, 13.336967949248972 ], [ 121.301856775297196, 13.337001731936606 ], [ 121.301866827714207, 13.337047068697293 ], [ 121.301881261809186, 13.337173866607833 ], [ 121.301898757548287, 13.337226592054444 ], [ 121.301924283374362, 13.337269377281661 ], [ 121.301944523177852, 13.337291859196322 ], [ 121.301967491007218, 13.337310333565149 ], [ 121.302015951071994, 13.337332299344995 ], [ 121.302040711881432, 13.337336106714346 ], [ 121.302080080784194, 13.337329656543853 ], [ 121.302115127323717, 13.337301320513289 ], [ 121.302126166555539, 13.337280584665168 ], [ 121.3021579016159, 13.337170980868168 ], [ 121.302198085489721, 13.337108336349733 ], [ 121.302225182321024, 13.337083477403842 ], [ 121.302290556788648, 13.337049165439812 ] ] ] ] } },
{ "type": "Feature", "properties": { "fid": 15217.0, "ENR_CLCODE": "01017", "LCM_CLASS": "Perennial Crop", "AREA_HA": 108.11095368399999, "SOURCE": "Sentinel-2 from ESA, 2022", "REMARKS": "None" }, "geometry": { "type": "MultiPolygon", "coordinates": [ [ [ [ 121.300003127847305, 13.334985428634432 ], [ 121.299648414530509, 13.334829900364831 ], [ 121.298962809187088, 13.334641936806559 ], [ 121.29854456073322, 13.334639279906956 ], [ 121.298352343024007, 13.33461504621709 ], [ 121.298368619511137, 13.33471109646233 ], [ 121.298389585886724, 13.334771308789204 ], [ 121.298415052111153, 13.334821007664152 ], [ 121.298445371470464, 13.334864036057684 ], [ 121.298480122528019, 13.334900863858252 ], [ 121.298537861340805, 13.334944591314585 ], [ 121.298596517853525, 13.334976470540754 ], [ 121.298799786111644, 13.335059131555317 ], [ 121.298904553057653, 13.335109137776678 ], [ 121.298991168996224, 13.335159732135875 ], [ 121.299068075336208, 13.335216793414364 ], [ 121.299133283533777, 13.335281155162843 ], [ 121.299191010270846, 13.335355673134137 ], [ 121.299330239255653, 13.3355964694441 ], [ 121.299366027799778, 13.335647919900628 ], [ 121.299440949458656, 13.335730663269098 ], [ 121.299532089376655, 13.335806780120759 ], [ 121.29963383122994, 13.335871486334469 ], [ 121.299754984193058, 13.335926799928622 ], [ 121.299886808305899, 13.335962422853724 ], [ 121.299945522385727, 13.335970391816304 ], [ 121.299975124395431, 13.335969329310389 ], [ 121.299984659487421, 13.335965111822302 ], [ 121.299989061055243, 13.335944926141906 ], [ 121.299977109450751, 13.335888802289858 ], [ 121.29988059267545, 13.335696211328374 ], [ 121.29985408994321, 13.335624758185594 ], [ 121.299845633183821, 13.335585697841944 ], [ 121.299843071382895, 13.335534088830048 ], [ 121.299847637103738, 13.335506036870465 ], [ 121.299862184685352, 13.335474156390809 ], [ 121.299885162944008, 13.335453238008455 ], [ 121.299926337681427, 13.335439331527651 ], [ 121.299963355520532, 13.335439818486176 ], [ 121.300020393795933, 13.33545940909389 ], [ 121.300144073710086, 13.335539344071805 ], [ 121.300178538659793, 13.335548214492434 ], [ 121.300207414422246, 13.335545277836493 ], [ 121.300253043323067, 13.335520256423244 ], [ 121.300288180545536, 13.335481485929947 ], [ 121.300317438018624, 13.335431009446918 ], [ 121.300340537808424, 13.335371207738017 ], [ 121.300375373368354, 13.335218939640452 ], [ 121.300003127847305, 13.334985428634432 ] ] ], [ [ [ 121.298229551738615, 13.334599565328972 ], [ 121.29794928787615, 13.334502855135401 ], [ 121.297281880942606, 13.334343431575466 ], [ 121.296969522050816, 13.334181948207789 ], [ 121.296108019599615, 13.333876193996195 ], [ 121.296003550783482, 13.333839121571005 ], [ 121.295872122777709, 13.333771718525762 ], [ 121.295747435491052, 13.333673985646158 ], [ 121.295666559806449, 13.333505483807777 ], [ 121.295673305359514, 13.333276324029196 ], [ 121.295882252659567, 13.332952808991253 ], [ 121.295939544593793, 13.332866875351055 ], [ 121.29627318131061, 13.332553473217438 ], [ 121.296313626035101, 13.332354644216165 ], [ 121.29631152889543, 13.331980153022387 ], [ 121.296217595202918, 13.331782584637848 ], [ 121.296081113365105, 13.331668844067273 ], [ 121.295793863140986, 13.332032874469135 ], [ 121.295795098145533, 13.332034634872052 ], [ 121.295818118000653, 13.332081912192304 ], [ 121.295829790921715, 13.332141941719724 ], [ 121.295822814762602, 13.332173021572157 ], [ 121.29581065432896, 13.332187128629947 ], [ 121.295795502061225, 13.33219301549709 ], [ 121.295754013148965, 13.332184075459722 ], [ 121.295701904111894, 13.332149413237662 ], [ 121.29453520285611, 13.333627948286788 ], [ 121.29453668079033, 13.333656415698691 ], [ 121.294546731274608, 13.333707979404066 ], [ 121.294581343596803, 13.333806465773643 ], [ 121.294632269845337, 13.33390989716421 ], [ 121.294702781624224, 13.334022024165137 ], [ 121.294783188905143, 13.334128962817523 ], [ 121.294884284693012, 13.334246315548734 ], [ 121.295033811049734, 13.334399346889629 ], [ 121.295149733994435, 13.334504866627899 ], [ 121.295257867008104, 13.334589617711067 ], [ 121.295388421430133, 13.334678971722095 ], [ 121.295490411632386, 13.334740801342095 ], [ 121.295619369087134, 13.334809477255668 ], [ 121.295764778704068, 13.334878822747825 ], [ 121.295965808749884, 13.334955374141632 ], [ 121.296316439580437, 13.335057043994521 ], [ 121.296503208831226, 13.335104766228914 ], [ 121.296686917972181, 13.335137577164963 ], [ 121.296816991841155, 13.335151815722091 ], [ 121.297227943501667, 13.335180831480168 ], [ 121.297472363416944, 13.335215533625437 ], [ 121.297888646716999, 13.335315079763513 ], [ 121.298198371515284, 13.335404992117223 ], [ 121.29837736550688, 13.335473913593622 ], [ 121.298573501728427, 13.335565902721477 ], [ 121.298697791632605, 13.335635407158668 ], [ 121.298948576989616, 13.335791995858306 ], [ 121.29906135670349, 13.335855472345123 ], [ 121.29917354058432, 13.335900366395292 ], [ 121.299257413558209, 13.335912724305139 ], [ 121.299301034081822, 13.335906098909337 ], [ 121.299333272771975, 13.33588512365035 ], [ 121.29934514549042, 13.335853766619906 ], [ 121.299339115851367, 13.335799278896443 ], [ 121.299303162568506, 13.335702289774765 ], [ 121.299229767752053, 13.335549627864951 ], [ 121.299179436046799, 13.335461881690748 ], [ 121.299108681948937, 13.335364571362502 ], [ 121.299014302249162, 13.335273900863521 ], [ 121.29891510639365, 13.335209086861571 ], [ 121.298778210416117, 13.335145927826902 ], [ 121.298550718445554, 13.335060694720816 ], [ 121.29845736199556, 13.335011504629096 ], [ 121.298413970013115, 13.334979194946012 ], [ 121.298366061024396, 13.334930552416422 ], [ 121.298318453410616, 13.334855709300118 ], [ 121.298295002279431, 13.334795228041006 ], [ 121.298274866025551, 13.33470108870126 ], [ 121.298269725003223, 13.334604630172386 ], [ 121.298229551738615, 13.334599565328972 ] ] ] ] } },
{ "type": "Feature", "properties": { "fid": 15220.0, "ENR_CLCODE": "01017", "LCM_CLASS": "Perennial Crop", "AREA_HA": 28.088017802700001, "SOURCE": "Sentinel-2 from ESA, 2022", "REMARKS": "None" }, "geometry": { "type": "MultiPolygon", "coordinates": [ [ [ [ 121.29336150702413, 13.335115321370598 ], [ 121.292467738454178, 13.337309606777012 ], [ 121.292736842789992, 13.337737331739195 ], [ 121.292441432646399, 13.337308767415344 ], [ 121.291971194132501, 13.337316716253387 ], [ 121.291291339605664, 13.337475474198177 ], [ 121.290548604655982, 13.337411023715012 ], [ 121.290301593765221, 13.337456268681937 ], [ 121.290286652373496, 13.337473630553728 ], [ 121.290226980857298, 13.337534866383278 ], [ 121.290161710247673, 13.337593733175011 ], [ 121.290048998435879, 13.337685331623161 ], [ 121.2899599989276, 13.337782112567899 ], [ 121.28992557292527, 13.337827739412704 ], [ 121.289890186753041, 13.337888681372977 ], [ 121.289872568194326, 13.33794714774556 ], [ 121.289872489486314, 13.337977758827646 ], [ 121.289879007961503, 13.338002333310937 ], [ 121.289908566666071, 13.338040481923166 ], [ 121.289943005050731, 13.338059618889094 ], [ 121.289968898904206, 13.338067505260605 ], [ 121.290037680547471, 13.338074427540409 ], [ 121.290078389794601, 13.338072439961209 ], [ 121.290201110609331, 13.338050465394824 ], [ 121.290438270294842, 13.337974932742519 ], [ 121.290507242376208, 13.337945344949144 ], [ 121.290579856285106, 13.337916088208434 ], [ 121.290652533107419, 13.337889684508902 ], [ 121.290751743475198, 13.337859659622536 ], [ 121.29081203418859, 13.337845247822285 ], [ 121.290874392957008, 13.337833519158387 ], [ 121.29093770925968, 13.337824880087837 ], [ 121.291000655212017, 13.337819408393607 ], [ 121.291061815008476, 13.337816822425312 ], [ 121.291119829367091, 13.33781654806007 ], [ 121.291222525054167, 13.337820004517274 ], [ 121.291397478779444, 13.337829572089117 ], [ 121.29153704045514, 13.337832698531203 ], [ 121.291614998421721, 13.337835915113979 ], [ 121.291663696209397, 13.337841961671471 ], [ 121.291706392804983, 13.337851477371528 ], [ 121.291739868831584, 13.337862209662354 ], [ 121.291766005791629, 13.337872671744455 ], [ 121.291798558288562, 13.337888182910431 ], [ 121.291837176207565, 13.337909829962507 ], [ 121.291881819720032, 13.337938417984439 ], [ 121.292000562476957, 13.338022227211336 ], [ 121.292064343926185, 13.338067245223225 ], [ 121.292111953599445, 13.338097876157054 ], [ 121.292165076553715, 13.338129173479201 ], [ 121.292224960446987, 13.338160787690617 ], [ 121.292291571550237, 13.338191743273867 ], [ 121.292364139163027, 13.338221118478067 ], [ 121.292441767469924, 13.338248455299825 ], [ 121.292521916137432, 13.338273245746878 ], [ 121.29260275559885, 13.338295632909995 ], [ 121.29268438789741, 13.338316329734663 ], [ 121.29285507959105, 13.338355599705595 ], [ 121.292979310303252, 13.338381047850445 ], [ 121.293033037127955, 13.338392054304583 ], [ 121.293064021914802, 13.338397693407543 ], [ 121.293122421117701, 13.338408321074585 ], [ 121.293259040839644, 13.338429609142024 ], [ 121.293405448756459, 13.338446684345501 ], [ 121.293481093673762, 13.338452938045071 ], [ 121.293560173138474, 13.338457506607229 ], [ 121.293639212850067, 13.338459989627596 ], [ 121.293720859110962, 13.338460266698553 ], [ 121.293802252135407, 13.338458101558343 ], [ 121.293882884059087, 13.338453389540247 ], [ 121.293961642519292, 13.338446143012749 ], [ 121.29403980166741, 13.338436181676853 ], [ 121.294114971319743, 13.338423825624641 ], [ 121.294187164828287, 13.33840927560998 ], [ 121.294257340154829, 13.338392554377775 ], [ 121.294323273816119, 13.338374558920819 ], [ 121.294447401876099, 13.338335219218218 ], [ 121.294519305700149, 13.338309374982018 ], [ 121.294570387291913, 13.338291014283403 ], [ 121.294820423151691, 13.338197487697814 ], [ 121.294962915074734, 13.338148059727841 ], [ 121.295123620459464, 13.338097067127014 ], [ 121.295295505821684, 13.338046717545437 ], [ 121.295532622190692, 13.33798269778794 ], [ 121.29577018894139, 13.337924573227127 ], [ 121.295943834004106, 13.337884762544411 ], [ 121.296122307758807, 13.337845830357161 ], [ 121.296211776843606, 13.337827468062731 ], [ 121.296290241509467, 13.337812756362728 ], [ 121.296280435328299, 13.337808652553759 ], [ 121.296264596078544, 13.337789733206161 ], [ 121.296232721470844, 13.337735167788207 ], [ 121.296204286131371, 13.337671817266978 ], [ 121.296172968313812, 13.337580243520897 ], [ 121.296160234170415, 13.337524607823335 ], [ 121.296155279780265, 13.33747272963414 ], [ 121.296160875767555, 13.33742505247516 ], [ 121.296175537350749, 13.337385847100816 ], [ 121.296208963904149, 13.3373318959186 ], [ 121.296255387925854, 13.337277406956471 ], [ 121.296471055811338, 13.337106958705176 ], [ 121.296534698329651, 13.33704090591764 ], [ 121.296637810189964, 13.336907021961176 ], [ 121.296708864660104, 13.336825879127508 ], [ 121.296785608838078, 13.336755740527561 ], [ 121.296835274815948, 13.336722440371121 ], [ 121.296881845690834, 13.336704641663619 ], [ 121.296930332983834, 13.336706499003581 ], [ 121.297156603231699, 13.336795061648813 ], [ 121.297248356312807, 13.33681674268964 ], [ 121.297307279334916, 13.336820076778798 ], [ 121.297419488488686, 13.336812945321286 ], [ 121.297496972208904, 13.336813635039672 ], [ 121.297592729296767, 13.33682956987362 ], [ 121.297663262671591, 13.336855834984137 ], [ 121.297725855886981, 13.336892361628951 ], [ 121.297784773073971, 13.336946811836976 ], [ 121.297799093893985, 13.336969553314997 ], [ 121.297800538242768, 13.336985206517827 ], [ 121.297806299554836, 13.336993392942523 ], [ 121.2978207101701, 13.336996142989634 ], [ 121.297885242164398, 13.336984440745182 ], [ 121.298161028326419, 13.336869294296065 ], [ 121.298209296292342, 13.336830665992508 ], [ 121.298304900666594, 13.336717712427522 ], [ 121.298369878975706, 13.336657206191164 ], [ 121.298428181934582, 13.336620978386179 ], [ 121.298492056061889, 13.336601079663964 ], [ 121.298536163620554, 13.336598723113889 ], [ 121.298579432189001, 13.336605815499011 ], [ 121.298624608543989, 13.336622911331469 ], [ 121.298682566300954, 13.336659051287715 ], [ 121.298733444697106, 13.336706304655129 ], [ 121.298764299901535, 13.336747067906582 ], [ 121.298787242841868, 13.336792683205211 ], [ 121.29879996684312, 13.336844067815655 ], [ 121.298799070027897, 13.336891828279949 ], [ 121.298779915213757, 13.336942372600584 ], [ 121.298741564762494, 13.336982013308194 ], [ 121.298695282042644, 13.337006887178731 ], [ 121.298510203947671, 13.337062873700827 ], [ 121.298295333837672, 13.337143249357892 ], [ 121.297954715411407, 13.337202866416431 ], [ 121.297830762191381, 13.337230211037021 ], [ 121.297743259027413, 13.337255988173874 ], [ 121.297753697133729, 13.33738367476383 ], [ 121.297749074451517, 13.337425561065123 ], [ 121.297710971615402, 13.337490469435016 ], [ 121.297659757709667, 13.337538327164959 ], [ 121.297614474382215, 13.337560716456041 ], [ 121.297557702925232, 13.337574032849849 ], [ 121.297317181496538, 13.337580533093474 ], [ 121.297226629630075, 13.337592752954738 ], [ 121.29716039635737, 13.337624391272374 ], [ 121.29706713109907, 13.337704659488802 ], [ 121.297103617215825, 13.337700339192544 ], [ 121.297250721174194, 13.337684742472103 ], [ 121.297366922606017, 13.337674110164153 ], [ 121.297471817620064, 13.33766610506177 ], [ 121.297515808866564, 13.337663250793927 ], [ 121.297849165128682, 13.337641620753388 ], [ 121.298171057672846, 13.337612824757331 ], [ 121.298281955947147, 13.337604588616369 ], [ 121.298324508460269, 13.337601428938818 ], [ 121.298408155773899, 13.337598030119199 ], [ 121.298490695498117, 13.337597773832366 ], [ 121.298569453499667, 13.337601589325248 ], [ 121.298641144332024, 13.3376100483109 ], [ 121.298704178374138, 13.337623432941028 ], [ 121.298755119316169, 13.33764079629981 ], [ 121.298793383366828, 13.337660491204703 ], [ 121.298819674158253, 13.337680114463101 ], [ 121.298836231430656, 13.337697371754114 ], [ 121.298851509231156, 13.337720689985053 ], [ 121.298857991302427, 13.337735734475256 ], [ 121.29886359755136, 13.337756800143659 ], [ 121.298865685866517, 13.337773165426031 ], [ 121.29886544466612, 13.337803680637546 ], [ 121.298862370498739, 13.337824494384364 ], [ 121.298980487339449, 13.337962172228288 ], [ 121.299072502398943, 13.338042169243458 ], [ 121.299129059455836, 13.338075536537314 ], [ 121.29917893846914, 13.338091402169567 ], [ 121.299214110574283, 13.33808532370854 ], [ 121.299236103642357, 13.338065938999824 ], [ 121.299253603793588, 13.338037025131737 ], [ 121.299278500819611, 13.337961136665378 ], [ 121.299293814484344, 13.337852568883825 ], [ 121.299298182702501, 13.337725464683858 ], [ 121.299295559888463, 13.337637757867039 ], [ 121.299289123343613, 13.337567745953333 ], [ 121.299274995742607, 13.337491328846568 ], [ 121.299252984280585, 13.337425178243347 ], [ 121.299226235500541, 13.337373516579946 ], [ 121.299065917796455, 13.337155730982353 ], [ 121.299015609060461, 13.337079138804652 ], [ 121.298987618883118, 13.337016833693813 ], [ 121.298979911291866, 13.336957214179581 ], [ 121.298995684310313, 13.3369189796115 ], [ 121.29902333287157, 13.336901945140944 ], [ 121.299067189062256, 13.336894121943944 ], [ 121.299221559518784, 13.336883275857431 ], [ 121.299296098660548, 13.336863227326074 ], [ 121.299331040515952, 13.336842858718876 ], [ 121.29935601129678, 13.336820568177727 ], [ 121.299369998254903, 13.336801110531681 ], [ 121.299371308724631, 13.336788268875921 ], [ 121.299135278019335, 13.336487787936143 ], [ 121.299033799216076, 13.336366578044059 ], [ 121.298931465131957, 13.336259254111452 ], [ 121.298835617970241, 13.336173517863768 ], [ 121.298723499074143, 13.33609204673326 ], [ 121.298571605207997, 13.33599866464357 ], [ 121.298161441131427, 13.33577329980058 ], [ 121.298015425039253, 13.335700616142018 ], [ 121.297909657457865, 13.335655868811701 ], [ 121.297835758973093, 13.335631574176166 ], [ 121.297746221575764, 13.335611989062301 ], [ 121.297670824287522, 13.335602898399619 ], [ 121.297571849259469, 13.335598745730801 ], [ 121.297447779418093, 13.335601311386057 ], [ 121.297081102744485, 13.335627888498855 ], [ 121.296951781200434, 13.33563053147477 ], [ 121.296794058870503, 13.33561713959377 ], [ 121.296682270394598, 13.335592238343546 ], [ 121.296586414300705, 13.335558707622663 ], [ 121.296514420249736, 13.33552627879382 ], [ 121.296182470310526, 13.335349666127243 ], [ 121.295803732098761, 13.335167162170329 ], [ 121.295404115723017, 13.334962459388116 ], [ 121.295261423452914, 13.334881597629568 ], [ 121.294692061364927, 13.334511593324931 ], [ 121.294577644399126, 13.334413764739045 ], [ 121.294490177505054, 13.334316694806047 ], [ 121.294430285198828, 13.334237075192437 ], [ 121.294372189246005, 13.334147220419554 ], [ 121.294294862754327, 13.33399343721752 ], [ 121.294280241407449, 13.333951051932621 ], [ 121.29336150702413, 13.335115321370598 ] ], [ [ 121.295846720286477, 13.336180309556271 ], [ 121.295974462566917, 13.336197495784887 ], [ 121.296108240406994, 13.336224682536702 ], [ 121.296227633870018, 13.336257604895273 ], [ 121.296326734456855, 13.336292081434046 ], [ 121.296441887289802, 13.336344061420109 ], [ 121.296497936754321, 13.336379927735805 ], [ 121.296532072849217, 13.336408764051543 ], [ 121.29655798466338, 13.336438910639762 ], [ 121.296575874661755, 13.336483178660403 ], [ 121.296569384982163, 13.33652368475477 ], [ 121.296551545734189, 13.33655341052493 ], [ 121.296499015818583, 13.336602022919713 ], [ 121.296406939193147, 13.336654026468699 ], [ 121.296334166429361, 13.336683161910138 ], [ 121.296247460726349, 13.33670909215277 ], [ 121.296125539330603, 13.336731184555619 ], [ 121.296001292435591, 13.33673089920978 ], [ 121.295872820028009, 13.336704624945174 ], [ 121.295739750470872, 13.336658612292974 ], [ 121.295369591260226, 13.336508108530008 ], [ 121.295278501032314, 13.336485152325706 ], [ 121.295107848483269, 13.336457462147468 ], [ 121.2950790911637, 13.336441598304832 ], [ 121.295072755377859, 13.336430330240155 ], [ 121.295073012029818, 13.336416822587532 ], [ 121.295099776329351, 13.336380409745011 ], [ 121.295152549617868, 13.336343928471349 ], [ 121.295287860969282, 13.336272604921783 ], [ 121.295392948883261, 13.336228063483299 ], [ 121.295488494750231, 13.336197497546083 ], [ 121.295569017849402, 13.336180606192721 ], [ 121.295637451674651, 13.336173185410374 ], [ 121.29572771132176, 13.336171982389686 ], [ 121.295846720286477, 13.336180309556271 ] ] ] ] } },
{ "type": "Feature", "properties": { "fid": 15221.0, "ENR_CLCODE": "01017", "LCM_CLASS": "Perennial Crop", "AREA_HA": 6.4558062861699996, "SOURCE": "Sentinel-2 from ESA, 2022", "REMARKS": "None" }, "geometry": { "type": "MultiPolygon", "coordinates": [ [ [ [ 121.297572612860421, 13.345927024957039 ], [ 121.297633939855601, 13.345872125786542 ], [ 121.297693261087502, 13.345814062139384 ], [ 121.297750247961233, 13.345753749238442 ], [ 121.297805278554264, 13.345691635248775 ], [ 121.297858566859659, 13.345628005433667 ], [ 121.297910169915838, 13.345563018358012 ], [ 121.29795999428687, 13.345496703220709 ], [ 121.298007788633711, 13.34542896613171 ], [ 121.29805487620709, 13.345357245381818 ], [ 121.298099872288773, 13.345284180001082 ], [ 121.298184847203615, 13.345135066005295 ], [ 121.298263716921724, 13.344982783367835 ], [ 121.298300565272669, 13.344905462653799 ], [ 121.298375409264537, 13.344734154148925 ], [ 121.298428855235912, 13.344611824516285 ], [ 121.298462500508819, 13.344539213980385 ], [ 121.298499891579894, 13.344464504575189 ], [ 121.29853935823553, 13.344390768173687 ], [ 121.298580490940722, 13.344317829372322 ], [ 121.298666685000669, 13.344173901685174 ], [ 121.298755197240752, 13.344034766593589 ], [ 121.298891946772429, 13.343828206244087 ], [ 121.2992158865204, 13.343345831772968 ], [ 121.299256874604268, 13.34328027835409 ], [ 121.299322583404972, 13.343175185833253 ], [ 121.29937800551663, 13.343081383042861 ], [ 121.299431647063699, 13.342986386864045 ], [ 121.299484479979526, 13.342887841101861 ], [ 121.299570288376785, 13.342717325422576 ], [ 121.299625441837094, 13.34259893155799 ], [ 121.299621315042302, 13.342576434170914 ], [ 121.299601114268441, 13.342549428391068 ], [ 121.299565476323281, 13.342527257406289 ], [ 121.299526296187906, 13.34251972350299 ], [ 121.299478982350422, 13.34252330495203 ], [ 121.299425436554387, 13.342537968464583 ], [ 121.299353635849997, 13.342570150905219 ], [ 121.299278567753618, 13.342614902367858 ], [ 121.299203173232002, 13.342668401173365 ], [ 121.299130329974744, 13.342726636309351 ], [ 121.299051682150761, 13.342796468861669 ], [ 121.298934184536535, 13.342900793746093 ], [ 121.298666319563125, 13.343126762434782 ], [ 121.298663841198788, 13.343128852672844 ], [ 121.298530891403175, 13.343245605463657 ], [ 121.298419408254418, 13.343351610245762 ], [ 121.298364968568833, 13.343405934279033 ], [ 121.298258195903188, 13.343516634758378 ], [ 121.298146263573358, 13.343638566351704 ], [ 121.298029021799579, 13.343771497549538 ], [ 121.297800117041405, 13.344037864672096 ], [ 121.297690318009046, 13.344168507532057 ], [ 121.297659445549286, 13.344206866031975 ], [ 121.297583636514304, 13.344301055048234 ], [ 121.297532266265222, 13.344368540171393 ], [ 121.297109326438573, 13.344677048679376 ], [ 121.296806697266746, 13.344646315280604 ], [ 121.296738169025375, 13.344621827607897 ], [ 121.29653384398766, 13.344548814988427 ], [ 121.296308493223293, 13.344642966584296 ], [ 121.296281374751544, 13.34481410303318 ], [ 121.296267607265321, 13.344900993127851 ], [ 121.296070556341704, 13.345138836356288 ], [ 121.29584480243193, 13.345290385594067 ], [ 121.295666811899309, 13.345382701510296 ], [ 121.295589875856464, 13.345422605130731 ], [ 121.295265628068805, 13.345688291958261 ], [ 121.295048837279538, 13.34595470169714 ], [ 121.294978709769197, 13.346202964485633 ], [ 121.295025808489115, 13.346452014892858 ], [ 121.295228992517963, 13.346553335153457 ], [ 121.295540968119866, 13.346708902597268 ], [ 121.295558188235532, 13.346718590104972 ], [ 121.295604064425959, 13.346744397545873 ], [ 121.295673926027916, 13.346772028333303 ], [ 121.295749043117809, 13.34678977904691 ], [ 121.295817880399028, 13.34679575135344 ], [ 121.2958890105118, 13.346794138406402 ], [ 121.295961671968485, 13.346786504194675 ], [ 121.296035262109029, 13.346774011554512 ], [ 121.296109287785256, 13.346757477876741 ], [ 121.296183340189899, 13.346737410187858 ], [ 121.296232706900341, 13.346721762063794 ], [ 121.296263544780999, 13.346711987859036 ], [ 121.296343218800772, 13.346683520365536 ], [ 121.296422236459208, 13.346652567263529 ], [ 121.296500459935501, 13.346619430422502 ], [ 121.296577717065603, 13.346584176471628 ], [ 121.296653784593587, 13.346546655668073 ], [ 121.296732141301447, 13.346504682415059 ], [ 121.296809208739049, 13.34646056908298 ], [ 121.29696037945574, 13.346367894223778 ], [ 121.297104596875911, 13.346273462190933 ], [ 121.29722953443293, 13.346187470540492 ], [ 121.297242483344434, 13.346178557994754 ], [ 121.297377737932976, 13.346081041814971 ], [ 121.297415476192356, 13.346052573873514 ], [ 121.297444051320753, 13.346031018433965 ], [ 121.297509140699603, 13.345979811729274 ], [ 121.297572612860421, 13.345927024957039 ] ], [ [ 121.297699840806416, 13.344539757438229 ], [ 121.297799880536729, 13.344443994585079 ], [ 121.297868491388556, 13.344393637626318 ], [ 121.29789349843854, 13.34438338908331 ], [ 121.297918461026001, 13.34438037941554 ], [ 121.297939507296817, 13.344386121815992 ], [ 121.297954686730932, 13.344400232538796 ], [ 121.297963455945762, 13.344421355714891 ], [ 121.297964408486521, 13.344463619451476 ], [ 121.297935113117816, 13.344553478167244 ], [ 121.297898248851865, 13.344623476380864 ], [ 121.297809174781094, 13.344769024847141 ], [ 121.297702494883225, 13.344980029200842 ], [ 121.297449898335401, 13.345350205694084 ], [ 121.297382476676304, 13.345428673055126 ], [ 121.297265195883867, 13.345550821992736 ], [ 121.297183576427798, 13.345619822952481 ], [ 121.29708618622513, 13.345681732260488 ], [ 121.296764321671802, 13.345838629090155 ], [ 121.296577745786379, 13.345916605480181 ], [ 121.296445865831288, 13.345955257136929 ], [ 121.296340051255015, 13.345969068040558 ], [ 121.296292878691872, 13.345966651620603 ], [ 121.296247751260765, 13.345954462697494 ], [ 121.296207843435496, 13.345927650797961 ], [ 121.296188296073638, 13.345894003853372 ], [ 121.296184735223548, 13.345863802886022 ], [ 121.296197841016905, 13.345809415467448 ], [ 121.296209205932243, 13.345784774718782 ], [ 121.296270469621518, 13.345694199354307 ], [ 121.296357009025257, 13.34560492266891 ], [ 121.296442205072481, 13.345529703955906 ], [ 121.296518660601194, 13.345474130777502 ], [ 121.296590657646135, 13.34543324082796 ], [ 121.296787221297933, 13.345342345759185 ], [ 121.296878398505015, 13.345294685867469 ], [ 121.296968556493113, 13.345237599727199 ], [ 121.297092483672159, 13.345146492534324 ], [ 121.297180987020198, 13.345070968641313 ], [ 121.297295607230708, 13.344960370525053 ], [ 121.297699840806416, 13.344539757438229 ] ] ] ] } },
{ "type": "Feature", "properties": { "fid": 293.0, "ENR_CLCODE": "01007", "LCM_CLASS": "Mangrove Forest", "AREA_HA": 6.461766746, "SOURCE": "Sentinel-2 from ESA, 2022", "REMARKS": "None" }, "geometry": { "type": "MultiPolygon", "coordinates": [ [ [ [ 121.303842747128925, 13.337492368189457 ], [ 121.303525093887785, 13.33733353184822 ], [ 121.303465534049892, 13.337297793949123 ], [ 121.303378179891197, 13.337234260338231 ], [ 121.303255092236554, 13.337050280617593 ], [ 121.303154502558343, 13.336978805251338 ], [ 121.30305853117504, 13.336808446057139 ], [ 121.303010415422435, 13.336846301761268 ], [ 121.302967222911676, 13.336877702481845 ], [ 121.302922711363664, 13.336907785504856 ], [ 121.302847852233441, 13.336953883794804 ], [ 121.302746722163704, 13.337009211257486 ], [ 121.302619360345489, 13.337071728961826 ], [ 121.302619335329354, 13.337071742351878 ], [ 121.302505660423776, 13.33712754125334 ], [ 121.302439223487482, 13.337161727721233 ], [ 121.302379511699428, 13.337195014832815 ], [ 121.302327836041172, 13.337226840154859 ], [ 121.302291822182028, 13.337251358944965 ], [ 121.30225955553442, 13.337275533239703 ], [ 121.302237758140322, 13.337294566145298 ], [ 121.302206533154759, 13.33732183148436 ], [ 121.302171667526039, 13.337359513987352 ], [ 121.302149063362435, 13.337389604077144 ], [ 121.302127689103372, 13.337426347780385 ], [ 121.302119883682863, 13.337443870380094 ], [ 121.302108433373348, 13.337480707034196 ], [ 121.302104695127596, 13.337503066545223 ], [ 121.302103543151802, 13.337536760059491 ], [ 121.302105108413542, 13.337554822929139 ], [ 121.302110731486394, 13.337583664772202 ], [ 121.302119385589961, 13.337610438127328 ], [ 121.302131699019597, 13.337637818192777 ], [ 121.302144935333928, 13.337661010449356 ], [ 121.302161225169996, 13.33768471856872 ], [ 121.302185253751574, 13.337713836947486 ], [ 121.302214430534875, 13.337743299978097 ], [ 121.30224843546948, 13.337772282973518 ], [ 121.302286279606477, 13.337799785010649 ], [ 121.302326911598087, 13.337825147318549 ], [ 121.302338873367887, 13.337831469066247 ], [ 121.302363156480155, 13.337844303889607 ], [ 121.30238037767991, 13.337853405190238 ], [ 121.302437196112109, 13.337878266205694 ], [ 121.302447425648893, 13.337881908943141 ], [ 121.302490042588374, 13.337897084258904 ], [ 121.302497831207873, 13.337899859124226 ], [ 121.302516369154148, 13.337905076247486 ], [ 121.302561434895111, 13.337917758839184 ], [ 121.302597230719982, 13.337925137480296 ], [ 121.302641967193168, 13.337934361396954 ], [ 121.302654741390825, 13.337936057098181 ], [ 121.30268785450393, 13.337940455666294 ], [ 121.302725296389838, 13.337945428374351 ], [ 121.302810862493942, 13.33795131122926 ], [ 121.302898000638038, 13.337952442968641 ], [ 121.302986066064506, 13.337949284755901 ], [ 121.303074479019585, 13.33794224215154 ], [ 121.303162739869634, 13.337931615501203 ], [ 121.303250382319504, 13.337917558042379 ], [ 121.303307900546429, 13.337905939241885 ], [ 121.303319774865585, 13.337903539695073 ], [ 121.303336962392848, 13.337900067695372 ], [ 121.303422028820009, 13.337878997710758 ], [ 121.303456901063853, 13.337868544546922 ], [ 121.303469577176216, 13.337864743938749 ], [ 121.303505120040569, 13.337854089189095 ], [ 121.303580917508754, 13.337826912593494 ], [ 121.303654158228454, 13.337795767920039 ], [ 121.303728982224513, 13.337757867391403 ], [ 121.303803915124575, 13.337712325236545 ], [ 121.303858113319293, 13.337673665116407 ], [ 121.30390689702449, 13.3376339318524 ], [ 121.303957532197614, 13.337586710591362 ], [ 121.304004342800042, 13.337536246704014 ], [ 121.304027745438034, 13.33750651882235 ], [ 121.304036998428288, 13.33749476474379 ], [ 121.303842747128925, 13.337492368189457 ] ] ] ] } },
{ "type": "Feature", "properties": { "fid": 12742.0, "ENR_CLCODE": "01010", "LCM_CLASS": "Brush/Shrubs", "AREA_HA": 0.71018150005000003, "SOURCE": "Sentinel-2 from ESA, 2022", "REMARKS": "None" }, "geometry": { "type": "MultiPolygon", "coordinates": [ [ [ [ 121.303711325737225, 13.338086587799287 ], [ 121.303805412057798, 13.337958578404688 ], [ 121.303882375324534, 13.337825879369101 ], [ 121.303973558797864, 13.337643143749721 ], [ 121.303999274461148, 13.337570090204148 ], [ 121.304004342800042, 13.337536246704014 ], [ 121.303957532197614, 13.337586710591362 ], [ 121.30390689702449, 13.3376339318524 ], [ 121.303858113319293, 13.337673665116407 ], [ 121.303803915124575, 13.337712325236545 ], [ 121.303728982224513, 13.337757867391403 ], [ 121.303654158228454, 13.337795767920039 ], [ 121.303580917508754, 13.337826912593494 ], [ 121.303505120040569, 13.337854089189095 ], [ 121.303469577176216, 13.337864743938749 ], [ 121.303456901063853, 13.337868544546922 ], [ 121.303422028820009, 13.337878997710758 ], [ 121.303336962392848, 13.337900067695372 ], [ 121.303319774865585, 13.337903539695073 ], [ 121.303307900546429, 13.337905939241885 ], [ 121.303250382319504, 13.337917558042379 ], [ 121.303162739869634, 13.337931615501203 ], [ 121.303074479019585, 13.33794224215154 ], [ 121.302986066064506, 13.337949284755901 ], [ 121.302795028234058, 13.338032054386501 ], [ 121.302749144962604, 13.338042890790428 ], [ 121.302701788705889, 13.338046720325693 ], [ 121.302445002289019, 13.338048340837069 ], [ 121.30236629679726, 13.338043437701147 ], [ 121.302284862299501, 13.338019649447071 ], [ 121.302210400565386, 13.337977431797599 ], [ 121.302525289060071, 13.338275694692385 ], [ 121.302621516830257, 13.338346825585672 ], [ 121.302720502994035, 13.338400015747183 ], [ 121.302810751562433, 13.338433067375377 ], [ 121.302857144237578, 13.338444245747882 ], [ 121.302934816902962, 13.338453769683934 ], [ 121.30305120720125, 13.338451018813558 ], [ 121.303262529823698, 13.338417174250761 ], [ 121.303390286884976, 13.338370128904709 ], [ 121.303488245740255, 13.338313103223264 ], [ 121.303577356620494, 13.338237706272679 ], [ 121.303711325737225, 13.338086587799287 ] ] ] ] } },
{ "type": "Feature", "properties": { "fid": 13453.0, "ENR_CLCODE": "01017", "LCM_CLASS": "Perennial Crop", "AREA_HA": 1.3238281571299999, "SOURCE": "Sentinel-2 from ESA, 2022", "REMARKS": "None" }, "geometry": { "type": "MultiPolygon", "coordinates": [ [ [ [ 121.305218236729175, 13.341482040686776 ], [ 121.305424898727608, 13.341176877960724 ], [ 121.305369767548555, 13.341205658056742 ], [ 121.305316216294727, 13.341226446665202 ], [ 121.305264129110284, 13.34123970760611 ], [ 121.305205982049145, 13.341246503943601 ], [ 121.305144277686082, 13.341244969689438 ], [ 121.30508064872086, 13.341234738886397 ], [ 121.305016077458006, 13.341216316170389 ], [ 121.304953433068476, 13.341191637947214 ], [ 121.304903669286986, 13.341167857903768 ], [ 121.304854483404895, 13.341141171228026 ], [ 121.304788603877938, 13.341101051892142 ], [ 121.304723841712715, 13.341057312762109 ], [ 121.304646617201968, 13.341000147686412 ], [ 121.304578278680864, 13.340945406838873 ], [ 121.304538113738843, 13.340911374284936 ], [ 121.304527629057205, 13.340902491896763 ], [ 121.30448220966133, 13.34086232373067 ], [ 121.304477796152355, 13.340858420942631 ], [ 121.304475657622888, 13.34085641532195 ], [ 121.304380723036061, 13.34076741484804 ], [ 121.304286957711511, 13.340672927494648 ], [ 121.30424146202472, 13.340624556944698 ], [ 121.304196904043096, 13.340575416252733 ], [ 121.304118141350571, 13.340483565038651 ], [ 121.304050906133412, 13.340398001841063 ], [ 121.304029891767883, 13.340371258458202 ], [ 121.304011736233946, 13.34034607992321 ], [ 121.303978801231835, 13.34030040414901 ], [ 121.303972606183407, 13.340293347485542 ], [ 121.303252933455624, 13.339473719107437 ], [ 121.302997757696758, 13.339292645384214 ], [ 121.302803386155617, 13.339147851749951 ], [ 121.302755211134524, 13.339051866321576 ], [ 121.302755879090398, 13.338956208381674 ], [ 121.30274416885392, 13.338884383954882 ], [ 121.302817600464707, 13.338860960016349 ], [ 121.302952254076345, 13.338814029990397 ], [ 121.303012806386732, 13.338886181851285 ], [ 121.303110242646184, 13.338922707431234 ], [ 121.303207011160609, 13.339054890939481 ], [ 121.303328452259322, 13.339151366042687 ], [ 121.303599828091606, 13.339053044161862 ], [ 121.303602216029162, 13.339041454350124 ], [ 121.303623557158289, 13.338971499821383 ], [ 121.303651191648569, 13.338902599928975 ], [ 121.303684738569089, 13.338834844306627 ], [ 121.303719099707322, 13.33877550387761 ], [ 121.303751961973731, 13.338724962615787 ], [ 121.303757286310358, 13.338716772151214 ], [ 121.303809482378099, 13.338644165033692 ], [ 121.303872710586376, 13.338563544077871 ], [ 121.303989511715614, 13.338423122363823 ], [ 121.304167503748744, 13.33821680727409 ], [ 121.304356878324768, 13.338001034312287 ], [ 121.30437575232429, 13.337978709520119 ], [ 121.304229590679356, 13.33807177322441 ], [ 121.30371883137127, 13.338419285328202 ], [ 121.303582005519431, 13.338502789492569 ], [ 121.303444151257608, 13.338575104722961 ], [ 121.303311345339793, 13.338625392726598 ], [ 121.303162856394749, 13.338656499692258 ], [ 121.303019052327443, 13.338665690879319 ], [ 121.302668737255345, 13.338666866289657 ], [ 121.302532577830888, 13.338681466813945 ], [ 121.302480939775251, 13.338698538306691 ], [ 121.302461149056057, 13.338710846265696 ], [ 121.302441260233053, 13.338732009805288 ], [ 121.302426746616007, 13.338773141005152 ], [ 121.302433243695489, 13.338836097638273 ], [ 121.302468793741767, 13.338920002786526 ], [ 121.302523817160719, 13.339007507077028 ], [ 121.302626324283949, 13.339139384983826 ], [ 121.302742192259331, 13.339270541007766 ], [ 121.302880043336913, 13.339412038778514 ], [ 121.303053150872529, 13.339574447114995 ], [ 121.303447703450558, 13.339903745351938 ], [ 121.303589249415992, 13.34003536018929 ], [ 121.303735805167392, 13.340197240807688 ], [ 121.303937328918011, 13.340459023622831 ], [ 121.304099656055513, 13.340651933709365 ], [ 121.304242504164293, 13.340808601809957 ], [ 121.304379368245563, 13.340945374947815 ], [ 121.304553669400661, 13.341101215648091 ], [ 121.304707703635032, 13.341211646410528 ], [ 121.304825975626756, 13.341283483320584 ], [ 121.305002740590453, 13.341381257663235 ], [ 121.305146249050082, 13.341452872540566 ], [ 121.305218236729175, 13.341482040686776 ] ] ] ] } },
{ "type": "Feature", "properties": { "fid": 306.0, "ENR_CLCODE": "01007", "LCM_CLASS": "Mangrove Forest", "AREA_HA": 10.857451148199999, "SOURCE": "Sentinel-2 from ESA, 2022", "REMARKS": "None" }, "geometry": { "type": "MultiPolygon", "coordinates": [ [ [ [ 121.3066215960081, 13.33918051101114 ], [ 121.30662920065302, 13.339090584855736 ], [ 121.306639598208747, 13.338909782820441 ], [ 121.306646134071073, 13.338732222418583 ], [ 121.306649425534616, 13.33855846548901 ], [ 121.306648203871887, 13.338454026104204 ], [ 121.306638660560935, 13.338253175010955 ], [ 121.306638591431138, 13.338251709350585 ], [ 121.306611361667123, 13.337678592316216 ], [ 121.306587689828319, 13.337570814338902 ], [ 121.306539347089469, 13.33749874423968 ], [ 121.3064543711684, 13.337426430203992 ], [ 121.306381523941454, 13.337366154995925 ], [ 121.306215094978086, 13.337326634232772 ], [ 121.306174273576048, 13.337316940075031 ], [ 121.306076838245886, 13.337280415697052 ], [ 121.305905637335272, 13.337315145734904 ], [ 121.305499422342905, 13.337515015260973 ], [ 121.305203586853452, 13.337660573131259 ], [ 121.305185477924979, 13.337669483169543 ], [ 121.305112941996427, 13.337690035006524 ], [ 121.304971041336884, 13.33773409210472 ], [ 121.304930584375228, 13.337747623676602 ], [ 121.304894211320985, 13.337759788874029 ], [ 121.304742857534549, 13.337814009805735 ], [ 121.304671278853888, 13.337841399487354 ], [ 121.304612036330084, 13.337865551123695 ], [ 121.304548629089723, 13.337891402096623 ], [ 121.304460490389658, 13.337930453580725 ], [ 121.30443833548199, 13.337941106190156 ], [ 121.30443637292538, 13.337942050221626 ], [ 121.304408660075595, 13.337955374437966 ], [ 121.304380896344384, 13.337970559405298 ], [ 121.30437575232429, 13.337978709520119 ], [ 121.304356878324768, 13.338001034312287 ], [ 121.304167503748744, 13.33821680727409 ], [ 121.303989511715614, 13.338423122363823 ], [ 121.303872710586376, 13.338563544077871 ], [ 121.303809482378099, 13.338644165033692 ], [ 121.303757286310358, 13.338716772151214 ], [ 121.303751961973731, 13.338724962615787 ], [ 121.303719099707322, 13.33877550387761 ], [ 121.303684738569089, 13.338834844306627 ], [ 121.303651191648569, 13.338902599928975 ], [ 121.303623557158289, 13.338971499821383 ], [ 121.303602216029162, 13.339041454350124 ], [ 121.303599828091606, 13.339053044161862 ], [ 121.303328452259322, 13.339151366042687 ], [ 121.303207011160609, 13.339054890939481 ], [ 121.303110242646184, 13.338922707431234 ], [ 121.303012806386732, 13.338886181851285 ], [ 121.302952254076345, 13.338814029990397 ], [ 121.302817600464707, 13.338860960016349 ], [ 121.30274416885392, 13.338884383954882 ], [ 121.302755879090398, 13.338956208381674 ], [ 121.302755211134524, 13.339051866321576 ], [ 121.302803386155617, 13.339147851749951 ], [ 121.302997757696758, 13.339292645384214 ], [ 121.303252933455624, 13.339473719107437 ], [ 121.303972606183407, 13.340293347485542 ], [ 121.303978801231835, 13.34030040414901 ], [ 121.304011736233946, 13.34034607992321 ], [ 121.304029891767883, 13.340371258458202 ], [ 121.304050906133412, 13.340398001841063 ], [ 121.304118141350571, 13.340483565038651 ], [ 121.304196904043096, 13.340575416252733 ], [ 121.30424146202472, 13.340624556944698 ], [ 121.304286957711511, 13.340672927494648 ], [ 121.304380723036061, 13.34076741484804 ], [ 121.304475657622888, 13.34085641532195 ], [ 121.304477796152355, 13.340858420942631 ], [ 121.30448220966133, 13.34086232373067 ], [ 121.304527629057205, 13.340902491896763 ], [ 121.304538113738843, 13.340911374284936 ], [ 121.304578278680864, 13.340945406838873 ], [ 121.304646617201968, 13.341000147686412 ], [ 121.304723841712715, 13.341057312762109 ], [ 121.304788603877938, 13.341101051892142 ], [ 121.304854483404895, 13.341141171228026 ], [ 121.304903669286986, 13.341167857903768 ], [ 121.304953433068476, 13.341191637947214 ], [ 121.305016077458006, 13.341216316170389 ], [ 121.30508064872086, 13.341234738886397 ], [ 121.305144277686082, 13.341244969689438 ], [ 121.305205982049145, 13.341246503943601 ], [ 121.305264129110284, 13.34123970760611 ], [ 121.305316216294727, 13.341226446665202 ], [ 121.305369767548555, 13.341205658056742 ], [ 121.305424898727608, 13.341176877960724 ], [ 121.305481021891808, 13.341140361842822 ], [ 121.305538378555212, 13.341096287580358 ], [ 121.305594058472479, 13.341047925771758 ], [ 121.305649560486358, 13.340995174397943 ], [ 121.305703921354649, 13.34093994864978 ], [ 121.305757343219867, 13.340882908816088 ], [ 121.305772601967391, 13.34086569192054 ], [ 121.305781018462397, 13.340856196170421 ], [ 121.305861771594095, 13.340765083468654 ], [ 121.305920853559698, 13.340694070476346 ], [ 121.305937978276233, 13.340673487373548 ], [ 121.305966350038474, 13.340639386243353 ], [ 121.306071854013155, 13.34050329689074 ], [ 121.30612321520546, 13.340432570977731 ], [ 121.306172661071201, 13.340360913851331 ], [ 121.306252036019373, 13.340236655345809 ], [ 121.306325069659877, 13.340109466345748 ], [ 121.306363949311518, 13.340035408958578 ], [ 121.306364179453553, 13.340034970311143 ], [ 121.306401106929059, 13.339959708497295 ], [ 121.306435939483777, 13.33988359110332 ], [ 121.306466320888816, 13.339812110592467 ], [ 121.306494639640022, 13.339739913015176 ], [ 121.306518748681611, 13.33967254285626 ], [ 121.306540567513267, 13.339604789447744 ], [ 121.306559945274586, 13.339536578563694 ], [ 121.306576111612387, 13.33947088785516 ], [ 121.306590029484951, 13.33940452132099 ], [ 121.306601785688784, 13.339337475024577 ], [ 121.306611531334042, 13.339269787943257 ], [ 121.306616694119228, 13.339223985697529 ], [ 121.3066215960081, 13.33918051101114 ] ] ] ] } },
{ "type": "Feature", "properties": { "fid": 13176.0, "ENR_CLCODE": "01014", "LCM_CLASS": "Grassland", "AREA_HA": 1.7720479440100001, "SOURCE": "Sentinel-2 from ESA, 2022", "REMARKS": "None" }, "geometry": { "type": "MultiPolygon", "coordinates": [ [ [ [ 121.307501341962606, 13.337668612275468 ], [ 121.307496334492768, 13.337568524981249 ], [ 121.307463337247498, 13.337212588926111 ], [ 121.307325651666588, 13.337095471446929 ], [ 121.307210462500692, 13.337015352510891 ], [ 121.307123820197717, 13.336977520665624 ], [ 121.307057282961125, 13.336972010039531 ], [ 121.307009083781125, 13.336984735311995 ], [ 121.306944278448796, 13.337018783934587 ], [ 121.30687644094192, 13.337062987232807 ], [ 121.306734926221466, 13.337168743530444 ], [ 121.306666072207435, 13.337206106578272 ], [ 121.306576075338697, 13.337229934932342 ], [ 121.306437518478745, 13.337241391442936 ], [ 121.30634466840749, 13.33725783572115 ], [ 121.30628336382118, 13.337285584065105 ], [ 121.306270591274981, 13.337299878272896 ], [ 121.306271893498902, 13.337313099990487 ], [ 121.306365737235211, 13.337323376710618 ], [ 121.306458206075007, 13.337348897223393 ], [ 121.306550101235587, 13.337389398452864 ], [ 121.306663674150087, 13.337465280278021 ], [ 121.306747798975408, 13.337508447306496 ], [ 121.306914125364187, 13.337574944394337 ], [ 121.307072839634358, 13.337616733268218 ], [ 121.307143747649334, 13.337598622171617 ], [ 121.307205901037918, 13.337602349863179 ], [ 121.307229846163338, 13.337619075915482 ], [ 121.307241669004227, 13.33766297552066 ], [ 121.307237602302791, 13.338033868188848 ], [ 121.30723187266905, 13.338130264323315 ], [ 121.307209808193619, 13.338202442511294 ], [ 121.30715119104255, 13.338295176681088 ], [ 121.307145058920682, 13.338364776256016 ], [ 121.307126820620837, 13.338462535617996 ], [ 121.307037252980194, 13.338821791298008 ], [ 121.307011270045351, 13.338888682564205 ], [ 121.306980426868478, 13.338945196270897 ], [ 121.306883260266247, 13.339049613918647 ], [ 121.306850440739893, 13.339104812753749 ], [ 121.306832185695697, 13.339166931793516 ], [ 121.306805459435239, 13.339343237770565 ], [ 121.306786700261014, 13.339398510112227 ], [ 121.306750571476584, 13.339458593915841 ], [ 121.306654082102796, 13.339572639637042 ], [ 121.306600938273377, 13.339650307323145 ], [ 121.306568424967395, 13.339719502094068 ], [ 121.306519707060772, 13.339855493656897 ], [ 121.306472965005696, 13.339943779698208 ], [ 121.306422194234017, 13.340001656435497 ], [ 121.306386459622303, 13.340027938443502 ], [ 121.306363949311518, 13.340035408958578 ], [ 121.306325069659877, 13.340109466345748 ], [ 121.306252036019373, 13.340236655345809 ], [ 121.306172661071201, 13.340360913851331 ], [ 121.30612321520546, 13.340432570977731 ], [ 121.306071854013155, 13.34050329689074 ], [ 121.305966350038474, 13.340639386243353 ], [ 121.305937978276233, 13.340673487373548 ], [ 121.305920853559698, 13.340694070476346 ], [ 121.305861771594095, 13.340765083468654 ], [ 121.305781018462397, 13.340856196170421 ], [ 121.305772601967391, 13.34086569192054 ], [ 121.305757343219867, 13.340882908816088 ], [ 121.305703921354649, 13.34093994864978 ], [ 121.305649560486358, 13.340995174397943 ], [ 121.305594058472479, 13.341047925771758 ], [ 121.305538378555212, 13.341096287580358 ], [ 121.305481021891808, 13.341140361842822 ], [ 121.305424898727608, 13.341176877960724 ], [ 121.305218236729175, 13.341482040686776 ], [ 121.305223619840675, 13.341496436832962 ], [ 121.30524695496922, 13.341511719113361 ], [ 121.305279340666459, 13.341521477066676 ], [ 121.305321533403145, 13.341525905584279 ], [ 121.305371388644161, 13.341523459082902 ], [ 121.305435997927688, 13.341510630195986 ], [ 121.305505096437884, 13.341487465692703 ], [ 121.305576062687209, 13.341455280293596 ], [ 121.305609937798579, 13.341434379427403 ], [ 121.305570584549415, 13.341380623390965 ], [ 121.305483021596871, 13.341296799582823 ], [ 121.305568838374128, 13.341245581373595 ], [ 121.305658150744975, 13.341184608381779 ], [ 121.305759158256961, 13.341105970617708 ], [ 121.305855699211463, 13.341021764728472 ], [ 121.305902250597143, 13.34097779591062 ], [ 121.305992061366553, 13.340886605667276 ], [ 121.306035224408134, 13.340839433309954 ], [ 121.306117105004432, 13.340742182574395 ], [ 121.306334888841576, 13.34031793176675 ], [ 121.306663196244287, 13.339780465826149 ], [ 121.306798327020331, 13.3397214086113 ], [ 121.306975953614909, 13.339656791827629 ], [ 121.307022783215629, 13.339639755851831 ], [ 121.30702472449282, 13.339637632088854 ], [ 121.307064281952947, 13.339589490762645 ], [ 121.307101186929927, 13.339538784492648 ], [ 121.307123442997636, 13.339503778971618 ], [ 121.307199954238499, 13.339208408169714 ], [ 121.307350266150692, 13.338729709153723 ], [ 121.30744404268674, 13.338454507554799 ], [ 121.307494088989984, 13.338352037952774 ], [ 121.307505784512273, 13.338302864586508 ], [ 121.307521147986662, 13.338231416068195 ], [ 121.307530702021154, 13.338181317226045 ], [ 121.307502439456201, 13.337968705777806 ], [ 121.307506436913968, 13.337770445557425 ], [ 121.307501341962606, 13.337668612275468 ] ] ] ] } },
{ "type": "Feature", "properties": { "fid": 307.0, "ENR_CLCODE": "01007", "LCM_CLASS": "Mangrove Forest", "AREA_HA": 3.5366503142600001, "SOURCE": "Sentinel-2 from ESA, 2022", "REMARKS": "None" }, "geometry": { "type": "MultiPolygon", "coordinates": [ [ [ [ 121.306109114354214, 13.342063432172024 ], [ 121.30644975322798, 13.341540167860028 ], [ 121.306647506992846, 13.341393503321452 ], [ 121.306624660506856, 13.341403048364187 ], [ 121.30650644896474, 13.341494356495893 ], [ 121.306361370899793, 13.341504898490133 ], [ 121.306259987901171, 13.341431301822224 ], [ 121.306225067473918, 13.34138117850067 ], [ 121.306193984712422, 13.341342593701338 ], [ 121.306147680129754, 13.341238665298441 ], [ 121.306140223391893, 13.34118488838857 ], [ 121.306187651355899, 13.34112764463085 ], [ 121.306332864389205, 13.341097915061114 ], [ 121.30647432118802, 13.341045138270569 ], [ 121.306592209393244, 13.340999876340655 ], [ 121.30678501305141, 13.340889877271433 ], [ 121.306860142350146, 13.340794440263583 ], [ 121.306899922493812, 13.340710279789324 ], [ 121.306948077750477, 13.340549424849943 ], [ 121.306901748878516, 13.340449331578359 ], [ 121.306874664857219, 13.340399259100689 ], [ 121.306890906954635, 13.340318780428458 ], [ 121.306969521975134, 13.340284766706935 ], [ 121.307075119187289, 13.340316176311289 ], [ 121.307128885626241, 13.340473882420234 ], [ 121.307139942400411, 13.340573734577992 ], [ 121.307143083141625, 13.340685047324019 ], [ 121.307130626919019, 13.340784742684082 ], [ 121.30711060358756, 13.340846011065532 ], [ 121.307082796591146, 13.340899548738603 ], [ 121.307164745931971, 13.340949989189292 ], [ 121.307204174311295, 13.34091571530076 ], [ 121.307259467132738, 13.340854683449271 ], [ 121.307394856632158, 13.340548580682023 ], [ 121.307403661954012, 13.340410484582661 ], [ 121.307415875581484, 13.340345325900248 ], [ 121.30750708258735, 13.340192431661917 ], [ 121.307534809836682, 13.340150403452723 ], [ 121.30755856242898, 13.340116024377979 ], [ 121.30756288498543, 13.340058488559887 ], [ 121.307555451075871, 13.340000873914573 ], [ 121.307540311243542, 13.339924018128768 ], [ 121.30753274407995, 13.339885592965887 ], [ 121.307517281334938, 13.339854786132094 ], [ 121.307462658771797, 13.339819881540853 ], [ 121.307423658133459, 13.339792756576005 ], [ 121.307377005271903, 13.339738715034246 ], [ 121.307373303597871, 13.339707989770494 ], [ 121.307385489401767, 13.339646670598627 ], [ 121.3074134590357, 13.339570104780812 ], [ 121.307441266717092, 13.33951656433392 ], [ 121.307500504154604, 13.339451720935969 ], [ 121.307563634767817, 13.339390741517393 ], [ 121.307638844666258, 13.33928379194143 ], [ 121.3076942979432, 13.339199735447798 ], [ 121.307730561731418, 13.339057985484262 ], [ 121.307739177060668, 13.338946751514943 ], [ 121.307732198265271, 13.338823900223579 ], [ 121.307709386679079, 13.338723969259263 ], [ 121.307686353105865, 13.338654736350964 ], [ 121.30765550908562, 13.338581613186074 ], [ 121.307647916030049, 13.338547023035389 ], [ 121.307644668569708, 13.338451060216471 ], [ 121.307660744636976, 13.338393604082075 ], [ 121.307665417691396, 13.338286182481793 ], [ 121.307618818672722, 13.33822446648006 ], [ 121.307552412306833, 13.338193319937149 ], [ 121.307530702021154, 13.338181317226045 ], [ 121.307521147986662, 13.338231416068195 ], [ 121.307505784512273, 13.338302864586508 ], [ 121.307494088989984, 13.338352037952774 ], [ 121.30744404268674, 13.338454507554799 ], [ 121.307350266150692, 13.338729709153723 ], [ 121.307199954238499, 13.339208408169714 ], [ 121.307123442997636, 13.339503778971618 ], [ 121.307101186929927, 13.339538784492648 ], [ 121.307064281952947, 13.339589490762645 ], [ 121.30702472449282, 13.339637632088854 ], [ 121.307022783215629, 13.339639755851831 ], [ 121.306975953614909, 13.339656791827629 ], [ 121.306798327020331, 13.3397214086113 ], [ 121.306663196244287, 13.339780465826149 ], [ 121.306334888841576, 13.34031793176675 ], [ 121.306117105004432, 13.340742182574395 ], [ 121.306035224408134, 13.340839433309954 ], [ 121.305992061366553, 13.340886605667276 ], [ 121.305902250597143, 13.34097779591062 ], [ 121.305855699211463, 13.341021764728472 ], [ 121.305759158256961, 13.341105970617708 ], [ 121.305658150744975, 13.341184608381779 ], [ 121.305568838374128, 13.341245581373595 ], [ 121.305483021596871, 13.341296799582823 ], [ 121.305570584549415, 13.341380623390965 ], [ 121.305609937798579, 13.341434379427403 ], [ 121.305632697975639, 13.341465469453867 ], [ 121.305666676108672, 13.341649903652369 ], [ 121.305685357484677, 13.341780508306593 ], [ 121.305707659713121, 13.341953353160852 ], [ 121.305691528198381, 13.342018484486873 ], [ 121.305671397836363, 13.342095101732458 ], [ 121.30567118013829, 13.342125799779499 ], [ 121.305728890067002, 13.342279694691809 ], [ 121.305771542264381, 13.342345221548449 ], [ 121.30585740813757, 13.342395686925933 ], [ 121.305962897653671, 13.342442447013703 ], [ 121.306024696773363, 13.342467348482012 ], [ 121.306109114354214, 13.342063432172024 ] ] ], [ [ [ 121.306889276569507, 13.341542034737248 ], [ 121.306897868283926, 13.341554641966349 ], [ 121.306925637091581, 13.34151635829083 ], [ 121.306965255374308, 13.341455221381938 ], [ 121.306993251325395, 13.341374819750046 ], [ 121.306997786982379, 13.341286584960732 ], [ 121.306820574271242, 13.341335910750589 ], [ 121.306889276569507, 13.341542034737248 ] ] ] ] } },
{ "type": "Feature", "properties": { "fid": 13174.0, "ENR_CLCODE": "01014", "LCM_CLASS": "Grassland", "AREA_HA": 0.462195306069, "SOURCE": "Sentinel-2 from ESA, 2022", "REMARKS": "None" }, "geometry": { "type": "MultiPolygon", "coordinates": [ [ [ [ 121.306721671993216, 13.336679414468064 ], [ 121.306620668094141, 13.336667333634029 ], [ 121.306494398615371, 13.33667068614384 ], [ 121.306387069064371, 13.336685792306456 ], [ 121.306285399311776, 13.336714665490568 ], [ 121.306177398703355, 13.336763279474356 ], [ 121.30604275901544, 13.336835493157615 ], [ 121.305951057430619, 13.33690271438163 ], [ 121.305843270361208, 13.337011147789109 ], [ 121.305789019971797, 13.337090038113802 ], [ 121.305779034592007, 13.337123913762952 ], [ 121.30577965591057, 13.337145133900977 ], [ 121.305790556708629, 13.33717025187428 ], [ 121.305811370281788, 13.337189675914221 ], [ 121.305838699839214, 13.337203534173085 ], [ 121.305877621096926, 13.337214614843495 ], [ 121.305979107142164, 13.337223242776842 ], [ 121.306122677994608, 13.337208618600926 ], [ 121.306303981717051, 13.337164501549786 ], [ 121.306484758417966, 13.337110079255101 ], [ 121.306610184763684, 13.337060628434942 ], [ 121.306709728074253, 13.337008509230753 ], [ 121.306794650750632, 13.33694721421557 ], [ 121.306847136841796, 13.336885747736249 ], [ 121.306864227758709, 13.336848297812509 ], [ 121.306869168703287, 13.336822711242089 ], [ 121.30686552839515, 13.336783484449576 ], [ 121.306854850694805, 13.336757995606956 ], [ 121.306828585783379, 13.336726526981472 ], [ 121.306801843132305, 13.336707936409425 ], [ 121.306721671993216, 13.336679414468064 ] ] ] ] } },
{ "type": "Feature", "properties": { "fid": 12743.0, "ENR_CLCODE": "01010", "LCM_CLASS": "Brush/Shrubs", "AREA_HA": 0.91949058048400001, "SOURCE": "Sentinel-2 from ESA, 2022", "REMARKS": "None" }, "geometry": { "type": "MultiPolygon", "coordinates": [ [ [ [ 121.306365737235211, 13.337323376710618 ], [ 121.306271893498902, 13.337313099990487 ], [ 121.306215094978086, 13.337326634232772 ], [ 121.306381523941454, 13.337366154995925 ], [ 121.3064543711684, 13.337426430203992 ], [ 121.306539347089469, 13.33749874423968 ], [ 121.306587689828319, 13.337570814338902 ], [ 121.306611361667123, 13.337678592316216 ], [ 121.306638591431138, 13.338251709350585 ], [ 121.306638660560935, 13.338253175010955 ], [ 121.306648203871887, 13.338454026104204 ], [ 121.306649425534616, 13.33855846548901 ], [ 121.306646134071073, 13.338732222418583 ], [ 121.306639598208747, 13.338909782820441 ], [ 121.30662920065302, 13.339090584855736 ], [ 121.3066215960081, 13.33918051101114 ], [ 121.306616694119228, 13.339223985697529 ], [ 121.306611531334042, 13.339269787943257 ], [ 121.306601785688784, 13.339337475024577 ], [ 121.306590029484951, 13.33940452132099 ], [ 121.306576111612387, 13.33947088785516 ], [ 121.306559945274586, 13.339536578563694 ], [ 121.306540567513267, 13.339604789447744 ], [ 121.306518748681611, 13.33967254285626 ], [ 121.306494639640022, 13.339739913015176 ], [ 121.306466320888816, 13.339812110592467 ], [ 121.306435939483777, 13.33988359110332 ], [ 121.306401106929059, 13.339959708497295 ], [ 121.306364179453553, 13.340034970311143 ], [ 121.306363949311518, 13.340035408958578 ], [ 121.306386459622303, 13.340027938443502 ], [ 121.306422194234017, 13.340001656435497 ], [ 121.306472965005696, 13.339943779698208 ], [ 121.306519707060772, 13.339855493656897 ], [ 121.306568424967395, 13.339719502094068 ], [ 121.306600938273377, 13.339650307323145 ], [ 121.306654082102796, 13.339572639637042 ], [ 121.306750571476584, 13.339458593915841 ], [ 121.306786700261014, 13.339398510112227 ], [ 121.306805459435239, 13.339343237770565 ], [ 121.306832185695697, 13.339166931793516 ], [ 121.306850440739893, 13.339104812753749 ], [ 121.306883260266247, 13.339049613918647 ], [ 121.306980426868478, 13.338945196270897 ], [ 121.307011270045351, 13.338888682564205 ], [ 121.307037252980194, 13.338821791298008 ], [ 121.307126820620837, 13.338462535617996 ], [ 121.307145058920682, 13.338364776256016 ], [ 121.30715119104255, 13.338295176681088 ], [ 121.307072262153923, 13.338271220506753 ], [ 121.307045048821038, 13.338255497522237 ], [ 121.307022209268411, 13.338232861129455 ], [ 121.307009874672474, 13.338199710696232 ], [ 121.306996574870666, 13.338125866328959 ], [ 121.306969667990543, 13.338037425167617 ], [ 121.306960357045156, 13.337985045885141 ], [ 121.306958535129056, 13.337892500290117 ], [ 121.30696968922021, 13.337827574040515 ], [ 121.30698721439451, 13.337787829353903 ], [ 121.307046756404915, 13.337689544331258 ], [ 121.307072839634358, 13.337616733268218 ], [ 121.306914125364187, 13.337574944394337 ], [ 121.306747798975408, 13.337508447306496 ], [ 121.306663674150087, 13.337465280278021 ], [ 121.306550101235587, 13.337389398452864 ], [ 121.306458206075007, 13.337348897223393 ], [ 121.306365737235211, 13.337323376710618 ] ] ] ] } },
{ "type": "Feature", "properties": { "fid": 13199.0, "ENR_CLCODE": "01021", "LCM_CLASS": "Inland Water", "AREA_HA": 0.1869619332, "SOURCE": "Sentinel-2 from ESA, 2022", "REMARKS": "None" }, "geometry": { "type": "MultiPolygon", "coordinates": [ [ [ [ 121.307205901037918, 13.337602349863179 ], [ 121.307143747649334, 13.337598622171617 ], [ 121.307072839634358, 13.337616733268218 ], [ 121.307046756404915, 13.337689544331258 ], [ 121.30698721439451, 13.337787829353903 ], [ 121.30696968922021, 13.337827574040515 ], [ 121.306958535129056, 13.337892500290117 ], [ 121.306960357045156, 13.337985045885141 ], [ 121.306969667990543, 13.338037425167617 ], [ 121.306996574870666, 13.338125866328959 ], [ 121.307009874672474, 13.338199710696232 ], [ 121.307022209268411, 13.338232861129455 ], [ 121.307045048821038, 13.338255497522237 ], [ 121.307072262153923, 13.338271220506753 ], [ 121.30715119104255, 13.338295176681088 ], [ 121.307209808193619, 13.338202442511294 ], [ 121.30723187266905, 13.338130264323315 ], [ 121.307237602302791, 13.338033868188848 ], [ 121.307241669004227, 13.33766297552066 ], [ 121.307229846163338, 13.337619075915482 ], [ 121.307205901037918, 13.337602349863179 ] ] ] ] } },
{ "type": "Feature", "properties": { "fid": 15180.0, "ENR_CLCODE": "01021", "LCM_CLASS": "Inland Water", "AREA_HA": 16.413627480799999, "SOURCE": "Sentinel-2 from ESA, 2022", "REMARKS": "None" }, "geometry": { "type": "MultiPolygon", "coordinates": [ [ [ [ 121.307186521629447, 13.336161167889358 ], [ 121.306899895316946, 13.33628029341204 ], [ 121.306717831625562, 13.336367786756668 ], [ 121.306412466951173, 13.33658711586247 ], [ 121.306026647784535, 13.336699031314762 ], [ 121.305803964640972, 13.336842787013804 ], [ 121.305560422510084, 13.337049258953723 ], [ 121.305316881923687, 13.337192199319212 ], [ 121.30512430050473, 13.337265984106109 ], [ 121.30472193105345, 13.337421825620257 ], [ 121.304131616470187, 13.337495932029755 ], [ 121.304036998428288, 13.33749476474379 ], [ 121.304027745438034, 13.33750651882235 ], [ 121.304004342800042, 13.337536246704014 ], [ 121.303999274461148, 13.337570090204148 ], [ 121.303973558797864, 13.337643143749721 ], [ 121.303882375324534, 13.337825879369101 ], [ 121.303805412057798, 13.337958578404688 ], [ 121.303711325737225, 13.338086587799287 ], [ 121.303577356620494, 13.338237706272679 ], [ 121.303488245740255, 13.338313103223264 ], [ 121.303390286884976, 13.338370128904709 ], [ 121.303262529823698, 13.338417174250761 ], [ 121.30305120720125, 13.338451018813558 ], [ 121.302934816902962, 13.338453769683934 ], [ 121.302857144237578, 13.338444245747882 ], [ 121.302810751562433, 13.338433067375377 ], [ 121.302720502994035, 13.338400015747183 ], [ 121.302621516830257, 13.338346825585672 ], [ 121.302525289060071, 13.338275694692385 ], [ 121.302210400565386, 13.337977431797599 ], [ 121.302157447896207, 13.337945460577171 ], [ 121.302079998621494, 13.337886614864265 ], [ 121.301936278872489, 13.337753315304656 ], [ 121.301854647074933, 13.337661089948009 ], [ 121.30171742551461, 13.337486784180358 ], [ 121.301577852438513, 13.337352049874857 ], [ 121.301502645686867, 13.337269901653702 ], [ 121.301454861080742, 13.337204692269241 ], [ 121.301326163056643, 13.336996107912887 ], [ 121.301242982746345, 13.336891402030872 ], [ 121.301162587179533, 13.336808685531846 ], [ 121.300726498927745, 13.336394864130639 ], [ 121.300560053131989, 13.336229813100411 ], [ 121.300431635695645, 13.336086101917259 ], [ 121.300380763924949, 13.33601669838 ], [ 121.300355247952069, 13.335971908295178 ], [ 121.300237978904633, 13.335913577746499 ], [ 121.300215824490706, 13.335919302931041 ], [ 121.300188701344837, 13.33595894898559 ], [ 121.3000894304393, 13.336152025916162 ], [ 121.300026073794257, 13.336246804313392 ], [ 121.300072047095199, 13.336251895380355 ], [ 121.300203209113633, 13.336294427499668 ], [ 121.300316004202145, 13.336344230570976 ], [ 121.300433905775279, 13.336408211915666 ], [ 121.300562092657216, 13.336490504588618 ], [ 121.300679551422974, 13.336575511668608 ], [ 121.300788394966958, 13.336666776145416 ], [ 121.300904298969542, 13.336773427882564 ], [ 121.301201456625108, 13.337092292456802 ], [ 121.301312277042229, 13.337230623454062 ], [ 121.30148417459732, 13.337499477385233 ], [ 121.301552860944184, 13.337619260086699 ], [ 121.301584078625595, 13.337685806029331 ], [ 121.301597993463034, 13.337728187776362 ], [ 121.301600205382485, 13.337751696366869 ], [ 121.301593918803746, 13.337769940517822 ], [ 121.301566997074062, 13.337781267630765 ], [ 121.301521382652965, 13.337771285595149 ], [ 121.301403049998896, 13.337702170415842 ], [ 121.301071701206297, 13.337467823885307 ], [ 121.300755174959406, 13.337225117321891 ], [ 121.300375970301857, 13.336955672874614 ], [ 121.300193074906787, 13.336801395401544 ], [ 121.300074486629342, 13.336687439108722 ], [ 121.299942579812026, 13.336537078740614 ], [ 121.299902080687374, 13.336477880183059 ], [ 121.299887935752722, 13.336444523897848 ], [ 121.299702010416823, 13.336702987805312 ], [ 121.299630976218964, 13.336818177337051 ], [ 121.299582560038345, 13.336917099262102 ], [ 121.299558500221096, 13.337004979798628 ], [ 121.299558292856233, 13.337063940402082 ], [ 121.29957622736535, 13.337124429633723 ], [ 121.299619707473383, 13.337197755200132 ], [ 121.299924193955249, 13.337573618652115 ], [ 121.300008055182076, 13.337652542669051 ], [ 121.300100854973067, 13.3377205971129 ], [ 121.300164706525308, 13.337758761390887 ], [ 121.300224550592674, 13.337787144884851 ], [ 121.300546120006231, 13.337893300482014 ], [ 121.30072960412447, 13.33796779430055 ], [ 121.301004763955021, 13.33810408062913 ], [ 121.301068393452709, 13.338140909985105 ], [ 121.301086254265527, 13.338156327483603 ], [ 121.301126447250098, 13.338197802336003 ], [ 121.30125951708311, 13.338312088008331 ], [ 121.301627483943491, 13.338595600706102 ], [ 121.301729965198859, 13.338684362639613 ], [ 121.301809271478987, 13.338767725218664 ], [ 121.301870453520479, 13.338842819167416 ], [ 121.302133633175913, 13.339211860366735 ], [ 121.302208027024022, 13.339300783940287 ], [ 121.302313514024121, 13.339413004484902 ], [ 121.302423227789092, 13.33952193526785 ], [ 121.302555244647664, 13.339637036755006 ], [ 121.302754972102221, 13.339794050953383 ], [ 121.303106124093617, 13.340053185932826 ], [ 121.30323557147311, 13.340163064394842 ], [ 121.303327240345439, 13.340252748305266 ], [ 121.303419569642202, 13.340359498323027 ], [ 121.303481384610777, 13.340446743512812 ], [ 121.30351736004296, 13.340510598787107 ], [ 121.303558793345971, 13.340554729146952 ], [ 121.303606360469786, 13.340610438792707 ], [ 121.303651669312586, 13.340668458041675 ], [ 121.303702040304344, 13.340738848404692 ], [ 121.303750177889924, 13.340811687736487 ], [ 121.303796806786934, 13.340886696185365 ], [ 121.303886706411689, 13.341039368704779 ], [ 121.303968597196388, 13.341182490286588 ], [ 121.304046194346455, 13.341320685761595 ], [ 121.304047939305278, 13.341323926157335 ], [ 121.304078836484564, 13.341381300761427 ], [ 121.30412120759317, 13.341459981963093 ], [ 121.304187845831834, 13.341595080286208 ], [ 121.304218167430122, 13.341663602219427 ], [ 121.3042458297802, 13.341732638670683 ], [ 121.304270544035731, 13.341802310628093 ], [ 121.304294409388191, 13.341880765337256 ], [ 121.304314485577848, 13.341960535949987 ], [ 121.304330846651865, 13.342041593136136 ], [ 121.304343625789414, 13.34212376786072 ], [ 121.3043529953231, 13.342206836214826 ], [ 121.304359127937332, 13.342290260644253 ], [ 121.304362262810542, 13.342374157548941 ], [ 121.304362546393421, 13.342458308269057 ], [ 121.304541672549362, 13.342374220375977 ], [ 121.305218236729175, 13.341482040686776 ], [ 121.305146249050082, 13.341452872540566 ], [ 121.305002740590453, 13.341381257663235 ], [ 121.304825975626756, 13.341283483320584 ], [ 121.304707703635032, 13.341211646410528 ], [ 121.304553669400661, 13.341101215648091 ], [ 121.304379368245563, 13.340945374947815 ], [ 121.304242504164293, 13.340808601809957 ], [ 121.304099656055513, 13.340651933709365 ], [ 121.303937328918011, 13.340459023622831 ], [ 121.303735805167392, 13.340197240807688 ], [ 121.303589249415992, 13.34003536018929 ], [ 121.303447703450558, 13.339903745351938 ], [ 121.303053150872529, 13.339574447114995 ], [ 121.302880043336913, 13.339412038778514 ], [ 121.302742192259331, 13.339270541007766 ], [ 121.302626324283949, 13.339139384983826 ], [ 121.302523817160719, 13.339007507077028 ], [ 121.302468793741767, 13.338920002786526 ], [ 121.302433243695489, 13.338836097638273 ], [ 121.302426746616007, 13.338773141005152 ], [ 121.302441260233053, 13.338732009805288 ], [ 121.302461149056057, 13.338710846265696 ], [ 121.302480939775251, 13.338698538306691 ], [ 121.302532577830888, 13.338681466813945 ], [ 121.302668737255345, 13.338666866289657 ], [ 121.303019052327443, 13.338665690879319 ], [ 121.303162856394749, 13.338656499692258 ], [ 121.303311345339793, 13.338625392726598 ], [ 121.303444151257608, 13.338575104722961 ], [ 121.303582005519431, 13.338502789492569 ], [ 121.30371883137127, 13.338419285328202 ], [ 121.304229590679356, 13.33807177322441 ], [ 121.30437575232429, 13.337978709520119 ], [ 121.304380896344384, 13.337970559405298 ], [ 121.304408660075595, 13.337955374437966 ], [ 121.30443637292538, 13.337942050221626 ], [ 121.30443833548199, 13.337941106190156 ], [ 121.304460490389658, 13.337930453580725 ], [ 121.304548629089723, 13.337891402096623 ], [ 121.304612036330084, 13.337865551123695 ], [ 121.304671278853888, 13.337841399487354 ], [ 121.304742857534549, 13.337814009805735 ], [ 121.304894211320985, 13.337759788874029 ], [ 121.304930584375228, 13.337747623676602 ], [ 121.304971041336884, 13.33773409210472 ], [ 121.305112941996427, 13.337690035006524 ], [ 121.305185477924979, 13.337669483169543 ], [ 121.305203586853452, 13.337660573131259 ], [ 121.305499422342905, 13.337515015260973 ], [ 121.305905637335272, 13.337315145734904 ], [ 121.306076838245886, 13.337280415697052 ], [ 121.306174273576048, 13.337316940075031 ], [ 121.306215094978086, 13.337326634232772 ], [ 121.306271893498902, 13.337313099990487 ], [ 121.306270591274981, 13.337299878272896 ], [ 121.30628336382118, 13.337285584065105 ], [ 121.30634466840749, 13.33725783572115 ], [ 121.306437518478745, 13.337241391442936 ], [ 121.306576075338697, 13.337229934932342 ], [ 121.306666072207435, 13.337206106578272 ], [ 121.306734926221466, 13.337168743530444 ], [ 121.30687644094192, 13.337062987232807 ], [ 121.306944278448796, 13.337018783934587 ], [ 121.307009083781125, 13.336984735311995 ], [ 121.307057282961125, 13.336972010039531 ], [ 121.307123820197717, 13.336977520665624 ], [ 121.307210462500692, 13.337015352510891 ], [ 121.307325651666588, 13.337095471446929 ], [ 121.307463337247498, 13.337212588926111 ], [ 121.307496799945156, 13.337152601873846 ], [ 121.30753771937907, 13.337036183748245 ], [ 121.30769092661086, 13.336400814271933 ], [ 121.307746178133939, 13.336189359004333 ], [ 121.307186521629447, 13.336161167889358 ] ], [ [ 121.306387069064371, 13.336685792306456 ], [ 121.306494398615371, 13.33667068614384 ], [ 121.306620668094141, 13.336667333634029 ], [ 121.306721671993216, 13.336679414468064 ], [ 121.306801843132305, 13.336707936409425 ], [ 121.306828585783379, 13.336726526981472 ], [ 121.306854850694805, 13.336757995606956 ], [ 121.30686552839515, 13.336783484449576 ], [ 121.306869168703287, 13.336822711242089 ], [ 121.306864227758709, 13.336848297812509 ], [ 121.306847136841796, 13.336885747736249 ], [ 121.306794650750632, 13.33694721421557 ], [ 121.306709728074253, 13.337008509230753 ], [ 121.306610184763684, 13.337060628434942 ], [ 121.306484758417966, 13.337110079255101 ], [ 121.306303981717051, 13.337164501549786 ], [ 121.306122677994608, 13.337208618600926 ], [ 121.305979107142164, 13.337223242776842 ], [ 121.305877621096926, 13.337214614843495 ], [ 121.305838699839214, 13.337203534173085 ], [ 121.305811370281788, 13.337189675914221 ], [ 121.305790556708629, 13.33717025187428 ], [ 121.30577965591057, 13.337145133900977 ], [ 121.305779034592007, 13.337123913762952 ], [ 121.305789019971797, 13.337090038113802 ], [ 121.305843270361208, 13.337011147789109 ], [ 121.305951057430619, 13.33690271438163 ], [ 121.30604275901544, 13.336835493157615 ], [ 121.306177398703355, 13.336763279474356 ], [ 121.306285399311776, 13.336714665490568 ], [ 121.306387069064371, 13.336685792306456 ] ] ] ] } },
{ "type": "Feature", "properties": { "fid": 15219.0, "ENR_CLCODE": "01017", "LCM_CLASS": "Perennial Crop", "AREA_HA": 32.420387643300003, "SOURCE": "Sentinel-2 from ESA, 2022", "REMARKS": "None" }, "geometry": { "type": "MultiPolygon", "coordinates": [ [ [ [ 121.300628385294488, 13.335377654430879 ], [ 121.300536205789996, 13.335319830128874 ], [ 121.300506505609803, 13.335412789855834 ], [ 121.300437349274986, 13.335692279229201 ], [ 121.300364633980266, 13.335922653870879 ], [ 121.300355247952069, 13.335971908295178 ], [ 121.300380763924949, 13.33601669838 ], [ 121.300431635695645, 13.336086101917259 ], [ 121.300560053131989, 13.336229813100411 ], [ 121.300726498927745, 13.336394864130639 ], [ 121.301162587179533, 13.336808685531846 ], [ 121.301242982746345, 13.336891402030872 ], [ 121.301326163056643, 13.336996107912887 ], [ 121.301454861080742, 13.337204692269241 ], [ 121.301502645686867, 13.337269901653702 ], [ 121.301577852438513, 13.337352049874857 ], [ 121.30171742551461, 13.337486784180358 ], [ 121.301854647074933, 13.337661089948009 ], [ 121.301936278872489, 13.337753315304656 ], [ 121.302079998621494, 13.337886614864265 ], [ 121.302157447896207, 13.337945460577171 ], [ 121.302210400565386, 13.337977431797599 ], [ 121.302284862299501, 13.338019649447071 ], [ 121.30236629679726, 13.338043437701147 ], [ 121.302445002289019, 13.338048340837069 ], [ 121.302701788705889, 13.338046720325693 ], [ 121.302749144962604, 13.338042890790428 ], [ 121.302795028234058, 13.338032054386501 ], [ 121.302986066064506, 13.337949284755901 ], [ 121.302898000638038, 13.337952442968641 ], [ 121.302810862493942, 13.33795131122926 ], [ 121.302725296389838, 13.337945428374351 ], [ 121.30268785450393, 13.337940455666294 ], [ 121.302654741390825, 13.337936057098181 ], [ 121.302641967193168, 13.337934361396954 ], [ 121.302597230719982, 13.337925137480296 ], [ 121.302561434895111, 13.337917758839184 ], [ 121.302516369154148, 13.337905076247486 ], [ 121.302497831207873, 13.337899859124226 ], [ 121.302490042588374, 13.337897084258904 ], [ 121.302447425648893, 13.337881908943141 ], [ 121.302437196112109, 13.337878266205694 ], [ 121.30238037767991, 13.337853405190238 ], [ 121.302363156480155, 13.337844303889607 ], [ 121.302338873367887, 13.337831469066247 ], [ 121.302326911598087, 13.337825147318549 ], [ 121.302286279606477, 13.337799785010649 ], [ 121.30224843546948, 13.337772282973518 ], [ 121.302214430534875, 13.337743299978097 ], [ 121.302185253751574, 13.337713836947486 ], [ 121.302161225169996, 13.33768471856872 ], [ 121.302144935333928, 13.337661010449356 ], [ 121.302131699019597, 13.337637818192777 ], [ 121.302119385589961, 13.337610438127328 ], [ 121.302110731486394, 13.337583664772202 ], [ 121.302105108413542, 13.337554822929139 ], [ 121.302103543151802, 13.337536760059491 ], [ 121.302104695127596, 13.337503066545223 ], [ 121.302108433373348, 13.337480707034196 ], [ 121.302119883682863, 13.337443870380094 ], [ 121.302127689103372, 13.337426347780385 ], [ 121.302149063362435, 13.337389604077144 ], [ 121.302171667526039, 13.337359513987352 ], [ 121.302206533154759, 13.33732183148436 ], [ 121.302237758140322, 13.337294566145298 ], [ 121.30225955553442, 13.337275533239703 ], [ 121.302291822182028, 13.337251358944965 ], [ 121.302327836041172, 13.337226840154859 ], [ 121.302379511699428, 13.337195014832815 ], [ 121.302439223487482, 13.337161727721233 ], [ 121.302505660423776, 13.33712754125334 ], [ 121.302619335329354, 13.337071742351878 ], [ 121.302507512565626, 13.337070993242106 ], [ 121.302348623307921, 13.337042915973154 ], [ 121.302322379478113, 13.337041041108373 ], [ 121.302290556788648, 13.337049165439812 ], [ 121.302225182321024, 13.337083477403842 ], [ 121.302198085489721, 13.337108336349733 ], [ 121.3021579016159, 13.337170980868168 ], [ 121.302126166555539, 13.337280584665168 ], [ 121.302115127323717, 13.337301320513289 ], [ 121.302080080784194, 13.337329656543853 ], [ 121.302040711881432, 13.337336106714346 ], [ 121.302015951071994, 13.337332299344995 ], [ 121.301967491007218, 13.337310333565149 ], [ 121.301944523177852, 13.337291859196322 ], [ 121.301924283374362, 13.337269377281661 ], [ 121.301898757548287, 13.337226592054444 ], [ 121.301881261809186, 13.337173866607833 ], [ 121.301866827714207, 13.337047068697293 ], [ 121.301856775297196, 13.337001731936606 ], [ 121.301840637425357, 13.336967949248972 ], [ 121.301781356687101, 13.336885174278567 ], [ 121.301768294527989, 13.33684821795565 ], [ 121.301771778504431, 13.3368306590682 ], [ 121.301783767822101, 13.336814358649944 ], [ 121.301810567535171, 13.336798433532833 ], [ 121.301846171773349, 13.336791382294333 ], [ 121.301896215291038, 13.33679603130722 ], [ 121.302012675167362, 13.336832329924798 ], [ 121.302080551676852, 13.336843991844583 ], [ 121.302187251987974, 13.336841104711674 ], [ 121.302245138582293, 13.336832205677137 ], [ 121.302260002910302, 13.336825286078613 ], [ 121.302260192134042, 13.336798170870523 ], [ 121.302212375483847, 13.336762124269232 ], [ 121.302137894350878, 13.336725226762407 ], [ 121.30206361092057, 13.336699232293851 ], [ 121.301926011183696, 13.336661666193379 ], [ 121.301847080074594, 13.336630172821888 ], [ 121.301759481002378, 13.33658165796235 ], [ 121.301645636823309, 13.336502385479927 ], [ 121.301426279588142, 13.336283258580623 ], [ 121.301375250546627, 13.336221487435743 ], [ 121.30135473532637, 13.336180655729288 ], [ 121.301340855928117, 13.33613205279531 ], [ 121.30133778960537, 13.336082844696707 ], [ 121.301343651501142, 13.33604802952661 ], [ 121.301351715768959, 13.336032818111184 ], [ 121.30135103761063, 13.335929762825415 ], [ 121.301340189380909, 13.335854072852696 ], [ 121.301355537671213, 13.335747903947597 ], [ 121.301370889729625, 13.335702243662974 ], [ 121.301409747828444, 13.335653572496428 ], [ 121.301411641156818, 13.335646837751153 ], [ 121.301405562329037, 13.335635345571376 ], [ 121.301375921661347, 13.335610608474791 ], [ 121.301319496193997, 13.335580348332087 ], [ 121.301253271984962, 13.335555448260275 ], [ 121.301158162236419, 13.335533170325016 ], [ 121.30098817084172, 13.335514582515362 ], [ 121.300917904622423, 13.335499032941515 ], [ 121.300897080828577, 13.335488906724905 ], [ 121.300875554836907, 13.335469802943049 ], [ 121.30086745358237, 13.335453718077044 ], [ 121.300865038195894, 13.33542356729507 ], [ 121.300882092728656, 13.335371176785019 ], [ 121.300628385294488, 13.335377654430879 ] ] ] ] } },
{ "type": "Feature", "properties": { "fid": 13238.0, "ENR_CLCODE": "01013", "LCM_CLASS": "Open/Barren", "AREA_HA": 15.351302092199999, "SOURCE": "Sentinel-2 from ESA, 2022", "REMARKS": "None" }, "geometry": { "type": "MultiPolygon", "coordinates": [ [ [ [ 121.309038903259918, 13.336410459482011 ], [ 121.309079994747918, 13.336400104232293 ], [ 121.309118280184407, 13.336366106086381 ], [ 121.309133286103176, 13.336338658833943 ], [ 121.309038903259918, 13.336410459482011 ] ] ] ] } },
{ "type": "Feature", "properties": { "fid": 13088.0, "ENR_CLCODE": "01019", "LCM_CLASS": "Fishpond", "AREA_HA": 0.049281430189399997, "SOURCE": "Sentinel-2 from ESA, 2022", "REMARKS": "None" }, "geometry": { "type": "MultiPolygon", "coordinates": [ [ [ [ 121.280029772242827, 13.347106677221841 ], [ 121.279929642062484, 13.347077023692504 ], [ 121.280017129882538, 13.347122765839018 ], [ 121.280139003052952, 13.347205535392026 ], [ 121.280190357770209, 13.347256776194442 ], [ 121.280238273210188, 13.347330728655432 ], [ 121.28026278767274, 13.347411836647208 ], [ 121.280265500886543, 13.347473862615301 ], [ 121.280253183713413, 13.347547954066009 ], [ 121.280220082976726, 13.347633797905351 ], [ 121.280163714655032, 13.347726848787088 ], [ 121.28008516450727, 13.34782343623608 ], [ 121.280033635604525, 13.347875227553493 ], [ 121.280081371563526, 13.347832137268995 ], [ 121.280129142719744, 13.347785911679262 ], [ 121.280172460382772, 13.347740152850042 ], [ 121.28021150188502, 13.347694197646344 ], [ 121.28024587467209, 13.34764795119961 ], [ 121.280274664641993, 13.347602228901533 ], [ 121.280297555171913, 13.347557421780898 ], [ 121.280314136468633, 13.347514821392274 ], [ 121.280325077884171, 13.347473502214584 ], [ 121.280330335573851, 13.347435607032338 ], [ 121.280330712732777, 13.34739917178209 ], [ 121.280326312796262, 13.34736405978051 ], [ 121.28031742448232, 13.347331079249901 ], [ 121.280304635812669, 13.347300746693797 ], [ 121.280288072421612, 13.34727239952549 ], [ 121.280267026793581, 13.347244931101036 ], [ 121.280241439913681, 13.347218722451498 ], [ 121.280211312573343, 13.347194051973778 ], [ 121.280175120657873, 13.347170157255279 ], [ 121.280131963417674, 13.347147144233729 ], [ 121.280082799753814, 13.347125816657996 ], [ 121.280029772242827, 13.347106677221841 ] ] ] ] } },
{ "type": "Feature", "properties": { "fid": 13092.0, "ENR_CLCODE": "01019", "LCM_CLASS": "Fishpond", "AREA_HA": 1.60847279057, "SOURCE": "Sentinel-2 from ESA, 2022", "REMARKS": "None" }, "geometry": { "type": "MultiPolygon", "coordinates": [ [ [ [ 121.277641876344816, 13.350498065921451 ], [ 121.277665626301768, 13.350450704788363 ], [ 121.2776995485236, 13.3503768587187 ], [ 121.277726938318978, 13.350304140362343 ], [ 121.277744054040241, 13.350233122539009 ], [ 121.27774610693875, 13.350164553501971 ], [ 121.277730928053302, 13.350103838961587 ], [ 121.277701757397324, 13.350045408785036 ], [ 121.27769848404543, 13.350040753628431 ], [ 121.277641876344816, 13.350498065921451 ] ] ], [ [ [ 121.27798204886632, 13.351797884068629 ], [ 121.278048660849095, 13.351723226752997 ], [ 121.277864596152824, 13.35155266773557 ], [ 121.277819584744023, 13.351488842656384 ], [ 121.277776174289102, 13.351433401967208 ], [ 121.277769576957112, 13.351424977129568 ], [ 121.277705087334027, 13.351346662154651 ], [ 121.27798204886632, 13.351797884068629 ] ] ] ] } },
{ "type": "Feature", "properties": { "fid": 13239.0, "ENR_CLCODE": "01013", "LCM_CLASS": "Open/Barren", "AREA_HA": 2.5770557126, "SOURCE": "Sentinel-2 from ESA, 2022", "REMARKS": "None" }, "geometry": { "type": "MultiPolygon", "coordinates": [ [ [ [ 121.281426312900734, 13.35824860120478 ], [ 121.281901865395753, 13.357959975114147 ], [ 121.282258798215466, 13.3577281911939 ], [ 121.282396620502325, 13.357625420686794 ], [ 121.282313250511407, 13.357665127476992 ], [ 121.281770138752066, 13.357984473512884 ], [ 121.28150346301905, 13.358120303049406 ], [ 121.281491490492243, 13.358133243531709 ], [ 121.281395597005513, 13.35818983681447 ], [ 121.281426312900734, 13.35824860120478 ] ] ] ] } },
{ "type": "Feature", "properties": { "fid": 12700.0, "ENR_CLCODE": "01016", "LCM_CLASS": "Annual Crop", "AREA_HA": 47.252627857, "SOURCE": "Sentinel-2 from ESA, 2022", "REMARKS": "None" }, "geometry": { "type": "MultiPolygon", "coordinates": [ [ [ [ 121.279802906705683, 13.32978716713207 ], [ 121.278827430240838, 13.330089363824072 ], [ 121.278144461771049, 13.330323620580819 ], [ 121.27802936563495, 13.330281360095995 ], [ 121.278041408050541, 13.330310968316331 ], [ 121.278121431121278, 13.330453552917243 ], [ 121.278246506889147, 13.330639839534951 ], [ 121.278404322359691, 13.330944005497081 ], [ 121.278540637764465, 13.331141898428596 ], [ 121.278557461308907, 13.331191282300104 ], [ 121.278573876893219, 13.3313169014635 ], [ 121.278600035801546, 13.33137862626416 ], [ 121.278630236485142, 13.331419847132903 ], [ 121.278661173638937, 13.331449653486263 ], [ 121.278801076125617, 13.331550160370975 ], [ 121.278921081301405, 13.331648845886434 ], [ 121.278984852084989, 13.331685400996863 ], [ 121.279033738352823, 13.331694543243669 ], [ 121.279063163651514, 13.331680706585216 ], [ 121.279123290840744, 13.331626001683437 ], [ 121.279221528517695, 13.331584790920669 ], [ 121.279264963034379, 13.33155930203727 ], [ 121.279447042017608, 13.331402682742203 ], [ 121.279623820937033, 13.331230972271966 ], [ 121.279924677821867, 13.330924312275002 ], [ 121.280290856104173, 13.330577658146757 ], [ 121.280345832418035, 13.330510590788499 ], [ 121.280422007270289, 13.330384137690649 ], [ 121.280452248647649, 13.330353736582062 ], [ 121.280493354492464, 13.330339370031451 ], [ 121.280636768128957, 13.330357603006451 ], [ 121.28072907451363, 13.330344902766115 ], [ 121.280856868955922, 13.3303000627314 ], [ 121.281046421513693, 13.330210033412085 ], [ 121.281195482166908, 13.330127119565663 ], [ 121.279802906705683, 13.32978716713207 ] ] ] ] } },
{ "type": "Feature", "properties": { "fid": 12701.0, "ENR_CLCODE": "01016", "LCM_CLASS": "Annual Crop", "AREA_HA": 8.2585148269699999, "SOURCE": "Sentinel-2 from ESA, 2022", "REMARKS": "None" }, "geometry": { "type": "MultiPolygon", "coordinates": [ [ [ [ 121.277134634130675, 13.333204072497015 ], [ 121.27719862520479, 13.333191762620078 ], [ 121.277268481525795, 13.333192635038678 ], [ 121.27731871388653, 13.333199162883634 ], [ 121.277582888107275, 13.333256515811234 ], [ 121.277625040340823, 13.333254351988792 ], [ 121.27765937427958, 13.333239382103059 ], [ 121.277677491647793, 13.333222985581694 ], [ 121.277693190073563, 13.333196293724212 ], [ 121.277701036665817, 13.33316190065362 ], [ 121.277707887677977, 13.333083587050449 ], [ 121.277715991457484, 13.333058585160193 ], [ 121.277732984118884, 13.333030440562348 ], [ 121.277773482685134, 13.332991614305193 ], [ 121.277900732976818, 13.332901537072903 ], [ 121.277941441266279, 13.332865142726535 ], [ 121.277987940373734, 13.332800606010197 ], [ 121.278059344090082, 13.332655099334621 ], [ 121.278094833311371, 13.332600564801616 ], [ 121.278147377553324, 13.332546750322736 ], [ 121.278286813991087, 13.332445001064023 ], [ 121.278344400412863, 13.332392771952868 ], [ 121.278454680181426, 13.332258328693881 ], [ 121.278507465944145, 13.332163629979862 ], [ 121.278519314940766, 13.332128406369064 ], [ 121.278531010384214, 13.332061022815342 ], [ 121.278539976806016, 13.331749052523028 ], [ 121.278529051544908, 13.331617689608434 ], [ 121.278496248430727, 13.331480950484664 ], [ 121.278437245838617, 13.331330799185471 ], [ 121.278338985754075, 13.331145836985902 ], [ 121.278190607138768, 13.330910752329871 ], [ 121.278072984694489, 13.330750813762521 ], [ 121.278006465589641, 13.330759050125957 ], [ 121.277927281136357, 13.330788287476206 ], [ 121.277888457150141, 13.330814029013673 ], [ 121.2777831093792, 13.330899938819163 ], [ 121.277708911780834, 13.330949702694966 ], [ 121.277604055060422, 13.331004960919783 ], [ 121.277525681201396, 13.331035582966202 ], [ 121.277441067092099, 13.331044753304882 ], [ 121.277383847404622, 13.331032462695514 ], [ 121.277358927673603, 13.331018738273233 ], [ 121.277327398350693, 13.330992021701448 ], [ 121.27730437161101, 13.330960403567076 ], [ 121.277296340485989, 13.330935354911652 ], [ 121.277268651453085, 13.330935166970541 ], [ 121.277257053334708, 13.330943408918008 ], [ 121.277213990185686, 13.33094963936154 ], [ 121.277080408342854, 13.330949093397793 ], [ 121.276948937790138, 13.330935781914917 ], [ 121.276816581048323, 13.330909512733914 ], [ 121.276638857338313, 13.330854320082235 ], [ 121.276526912693825, 13.330808129484556 ], [ 121.276297445041052, 13.330700418380559 ], [ 121.276224564336644, 13.330675481237162 ], [ 121.276164823422619, 13.330661597714693 ], [ 121.276100649205858, 13.330653952275107 ], [ 121.276035518846413, 13.330654853634464 ], [ 121.275978679301147, 13.330664397443341 ], [ 121.275929787289513, 13.330681663933705 ], [ 121.275862886349259, 13.330725262917236 ], [ 121.275799995925524, 13.330790508966883 ], [ 121.275515796995492, 13.331185822298584 ], [ 121.275447537562343, 13.33130001961516 ], [ 121.275333596870254, 13.331520430780863 ], [ 121.275216867018017, 13.331707471769361 ], [ 121.275183194060503, 13.331788028957426 ], [ 121.275168072918333, 13.331862212184905 ], [ 121.27516589852668, 13.331918172291148 ], [ 121.275171348681667, 13.331975495982949 ], [ 121.275189097975897, 13.332049805159082 ], [ 121.275229434011777, 13.332150480851995 ], [ 121.275292607470419, 13.332269545388872 ], [ 121.275485943504549, 13.332563540984179 ], [ 121.275561607787807, 13.332655854817 ], [ 121.275695013981888, 13.332802536656391 ], [ 121.275741490561572, 13.332863885189042 ], [ 121.275833399399758, 13.333020355504651 ], [ 121.275980023553473, 13.333312133811532 ], [ 121.276052427395783, 13.333420628993313 ], [ 121.276107395302205, 13.333474809892651 ], [ 121.276153609672406, 13.33350352229111 ], [ 121.276204766004597, 13.333524052219506 ], [ 121.276259665019253, 13.333537215819966 ], [ 121.276318168783646, 13.333543069092041 ], [ 121.276385965827942, 13.333539025108866 ], [ 121.276465613978047, 13.333523767203246 ], [ 121.276638671940319, 13.333469335669662 ], [ 121.277064217227547, 13.333291987202216 ], [ 121.277057461256007, 13.333277120318671 ], [ 121.277059987541762, 13.333262333030151 ], [ 121.277072515302081, 13.333242150065395 ], [ 121.277090075463249, 13.333226365326299 ], [ 121.277134634130675, 13.333204072497015 ] ] ] ] } },
{ "type": "Feature", "properties": { "fid": 12699.0, "ENR_CLCODE": "01016", "LCM_CLASS": "Annual Crop", "AREA_HA": 0.53129940219100003, "SOURCE": "Sentinel-2 from ESA, 2022", "REMARKS": "None" }, "geometry": { "type": "MultiPolygon", "coordinates": [ [ [ [ 121.274365441757155, 13.330932350832029 ], [ 121.274362625441555, 13.330935345789371 ], [ 121.274341468218239, 13.330966953340289 ], [ 121.274298831543518, 13.331061272960508 ], [ 121.274215212023734, 13.331300708370126 ], [ 121.274178869629623, 13.33143513324111 ], [ 121.274179604889738, 13.331495683168026 ], [ 121.274188152512465, 13.331519316337912 ], [ 121.274206989713477, 13.331544010455509 ], [ 121.27424560036431, 13.331570167461443 ], [ 121.274337161648987, 13.331598252642802 ], [ 121.27442988005869, 13.331610711438241 ], [ 121.274558565849404, 13.331615355182592 ], [ 121.274653164620005, 13.331604986819404 ], [ 121.274711233698426, 13.331587043023324 ], [ 121.274761752512404, 13.331556400673222 ], [ 121.274816932729138, 13.331497091329425 ], [ 121.274856824683681, 13.331435889694038 ], [ 121.274904366081472, 13.331342872498798 ], [ 121.274935465760464, 13.331249474549905 ], [ 121.274940447267241, 13.331174822576642 ], [ 121.274923615161143, 13.331095773429501 ], [ 121.274879787952699, 13.331018250039147 ], [ 121.274820223534917, 13.33095911417769 ], [ 121.274738578583481, 13.33090623955486 ], [ 121.274656382499032, 13.330873175418507 ], [ 121.274365441757155, 13.330932350832029 ] ] ] ] } },
{ "type": "Feature", "properties": { "fid": 12703.0, "ENR_CLCODE": "01016", "LCM_CLASS": "Annual Crop", "AREA_HA": 0.41055973174799998, "SOURCE": "Sentinel-2 from ESA, 2022", "REMARKS": "None" }, "geometry": { "type": "MultiPolygon", "coordinates": [ [ [ [ 121.277469524076309, 13.335991121496669 ], [ 121.277345294405194, 13.335829436260887 ], [ 121.277290001279738, 13.33572615047192 ], [ 121.277264059815096, 13.335643336973716 ], [ 121.277241950291184, 13.335438772728439 ], [ 121.277219993332608, 13.335363777791594 ], [ 121.2771953855964, 13.335314578453875 ], [ 121.277147190242388, 13.335251964705341 ], [ 121.277109416949372, 13.335221765315568 ], [ 121.277064142501175, 13.335204757370624 ], [ 121.277038315768479, 13.335203645643723 ], [ 121.277010070317246, 13.335210630566461 ], [ 121.276981135912493, 13.335225969793804 ], [ 121.276926223726974, 13.335278934396298 ], [ 121.276881522067086, 13.335342923588334 ], [ 121.276841099980345, 13.335416449803196 ], [ 121.276850529458699, 13.335495466466128 ], [ 121.276851305511698, 13.335580971726042 ], [ 121.276842984267091, 13.335633130721979 ], [ 121.276808903174242, 13.335734563856612 ], [ 121.276802364378938, 13.335773609888301 ], [ 121.276806771382141, 13.335828408277253 ], [ 121.276819940597576, 13.335859877871917 ], [ 121.276847205941436, 13.335886605235592 ], [ 121.276883591676864, 13.335902060281128 ], [ 121.276922742349583, 13.335904870039171 ], [ 121.277067183636646, 13.335893087564505 ], [ 121.277085739203741, 13.335896737469183 ], [ 121.277119411362435, 13.335913992557735 ], [ 121.277163979778621, 13.33595565422522 ], [ 121.277219971952888, 13.336027369844452 ], [ 121.277267339631635, 13.33610099163054 ], [ 121.277324740328467, 13.336205282453236 ], [ 121.277392792978617, 13.336174111208575 ], [ 121.277444443750611, 13.336134836915788 ], [ 121.27747672719687, 13.336088851203726 ], [ 121.277487218793581, 13.336039748510631 ], [ 121.277481669721794, 13.336014160899335 ], [ 121.277469524076309, 13.335991121496669 ] ] ] ] } },
{ "type": "Feature", "properties": { "fid": 12704.0, "ENR_CLCODE": "01016", "LCM_CLASS": "Annual Crop", "AREA_HA": 0.89923285240499995, "SOURCE": "Sentinel-2 from ESA, 2022", "REMARKS": "None" }, "geometry": { "type": "MultiPolygon", "coordinates": [ [ [ [ 121.275760230629317, 13.335880915047747 ], [ 121.275747048812477, 13.335857902917901 ], [ 121.275599062890649, 13.335721966929052 ], [ 121.275498497456354, 13.33560823565062 ], [ 121.275463662041176, 13.335559806029757 ], [ 121.275446599655822, 13.335558537064447 ], [ 121.275405568957481, 13.335531999372821 ], [ 121.275180132687609, 13.335344539593963 ], [ 121.275107203489554, 13.335304346119932 ], [ 121.275037648447963, 13.335287928509164 ], [ 121.27498569093477, 13.335288614835484 ], [ 121.274931042440016, 13.335298938823563 ], [ 121.274887357533729, 13.335313703154249 ], [ 121.275760230629317, 13.335880915047747 ] ] ] ] } },
{ "type": "Feature", "properties": { "fid": 12707.0, "ENR_CLCODE": "01016", "LCM_CLASS": "Annual Crop", "AREA_HA": 0.41462284039899999, "SOURCE": "Sentinel-2 from ESA, 2022", "REMARKS": "None" }, "geometry": { "type": "MultiPolygon", "coordinates": [ [ [ [ 121.278008914134489, 13.336181798217458 ], [ 121.277947769795787, 13.336174515401961 ], [ 121.277905031028112, 13.336175755981385 ], [ 121.277864154008398, 13.33618322698956 ], [ 121.277828964660102, 13.336196285656341 ], [ 121.277800854534831, 13.336213038823912 ], [ 121.277766204092927, 13.336245711571175 ], [ 121.277740257941673, 13.336286026268965 ], [ 121.2777214150872, 13.336341443408321 ], [ 121.277713854966606, 13.336502413981039 ], [ 121.277699731224502, 13.336570464188759 ], [ 121.277673011807792, 13.33662851480398 ], [ 121.277617673118044, 13.33671635976458 ], [ 121.277596144617576, 13.336768598628014 ], [ 121.277591844821259, 13.336805359607567 ], [ 121.277597252042213, 13.336833762716633 ], [ 121.277612494173127, 13.336858796394415 ], [ 121.277632970545639, 13.336876994540896 ], [ 121.277684307470039, 13.336902617909589 ], [ 121.277758060422755, 13.336913693594289 ], [ 121.277850233744573, 13.336902411979919 ], [ 121.277895811196714, 13.33688686531306 ], [ 121.277980825783303, 13.336840366955112 ], [ 121.278031370651703, 13.336801377861947 ], [ 121.278100452401802, 13.336731167973312 ], [ 121.278163628703751, 13.336650551275582 ], [ 121.278269718289735, 13.33649223654265 ], [ 121.278296567265841, 13.33643346815057 ], [ 121.278304362411404, 13.336382047569213 ], [ 121.278292779949538, 13.336338336854791 ], [ 121.278257169829274, 13.336293094740194 ], [ 121.278215040569222, 13.336261449412104 ], [ 121.278124428767654, 13.336216730667315 ], [ 121.278008914134489, 13.336181798217458 ] ] ] ] } },
{ "type": "Feature", "properties": { "fid": 12711.0, "ENR_CLCODE": "01016", "LCM_CLASS": "Annual Crop", "AREA_HA": 12.741724706899999, "SOURCE": "Sentinel-2 from ESA, 2022", "REMARKS": "None" }, "geometry": { "type": "MultiPolygon", "coordinates": [ [ [ [ 121.279624223564696, 13.339825892861784 ], [ 121.279485870137762, 13.339923793882134 ], [ 121.279548364166857, 13.339967615214981 ], [ 121.279613702644824, 13.340029745327998 ], [ 121.279674793832811, 13.340108422607427 ], [ 121.279734174225936, 13.340205082519601 ], [ 121.279785043390248, 13.340312239849101 ], [ 121.279806457644966, 13.340394392366115 ], [ 121.279807117347673, 13.340476905095878 ], [ 121.279789858598036, 13.340552173195585 ], [ 121.27975992250704, 13.34061122890007 ], [ 121.27961462282984, 13.340793367800295 ], [ 121.279583560155743, 13.340842348460679 ], [ 121.279560150256174, 13.340896425790588 ], [ 121.279546774251642, 13.340953052638906 ], [ 121.279543986295721, 13.341006211184554 ], [ 121.279549719435622, 13.341059052702837 ], [ 121.279563379230481, 13.34111027879624 ], [ 121.279587974901645, 13.341164554977073 ], [ 121.279621511635597, 13.34121306573325 ], [ 121.279663642230403, 13.341253492973035 ], [ 121.27970791462549, 13.341280501446521 ], [ 121.279757689393662, 13.341298412874657 ], [ 121.279812571342077, 13.341306854876457 ], [ 121.279870661185626, 13.341306945249542 ], [ 121.279930873398825, 13.34130024390927 ], [ 121.28005405790212, 13.341270713204944 ], [ 121.28034292058625, 13.341158114569359 ], [ 121.280470393712918, 13.341119198123117 ], [ 121.280583421599985, 13.341105279248225 ], [ 121.280626502045507, 13.34110817405467 ], [ 121.280721544132589, 13.341126367433379 ], [ 121.28073511452294, 13.341119786570358 ], [ 121.280742817016431, 13.34109904904507 ], [ 121.280742625823265, 13.341076715745121 ], [ 121.280725900477762, 13.341005715559278 ], [ 121.280690914825868, 13.34091841347011 ], [ 121.280584942687454, 13.340688855319643 ], [ 121.280543198195929, 13.340562881964024 ], [ 121.280532774326218, 13.340504782295143 ], [ 121.280529526853741, 13.340442309763056 ], [ 121.280535476132385, 13.340383028182984 ], [ 121.280549879215229, 13.340330559736243 ], [ 121.280571644849147, 13.340285583027592 ], [ 121.280608417126444, 13.340239346396647 ], [ 121.280666875153997, 13.340194718125156 ], [ 121.280782566257912, 13.340135611830323 ], [ 121.280851290073116, 13.340088167358685 ], [ 121.280936613685654, 13.340012039407307 ], [ 121.281206912923253, 13.339749952549605 ], [ 121.281277273598207, 13.33969385997491 ], [ 121.281304217063237, 13.339704170420116 ], [ 121.281318907143969, 13.339723961323815 ], [ 121.281319934823301, 13.339739775262821 ], [ 121.281303224835824, 13.339781123080682 ], [ 121.281266426784029, 13.339847137320026 ], [ 121.281214886425957, 13.339916051129029 ], [ 121.281161700554165, 13.339962173394184 ], [ 121.281136713440119, 13.33999118752075 ], [ 121.281165146180882, 13.340007164565211 ], [ 121.281215986038575, 13.340013507034168 ], [ 121.281434232486546, 13.339994147837773 ], [ 121.281533508320692, 13.339974239781439 ], [ 121.281577994510002, 13.339957486528496 ], [ 121.281626559235178, 13.339931429438268 ], [ 121.281706634400123, 13.339869435494167 ], [ 121.281878515801836, 13.339700687984559 ], [ 121.281966537879882, 13.339602204406599 ], [ 121.282103650164828, 13.339431684385183 ], [ 121.282165848134909, 13.339365305933226 ], [ 121.282217800124783, 13.33931923738953 ], [ 121.28227230569702, 13.339279868549479 ], [ 121.282355971381875, 13.339237872595103 ], [ 121.282411816159851, 13.339225055096115 ], [ 121.28243837163447, 13.33922435359362 ], [ 121.28247715603321, 13.339231009668719 ], [ 121.282511321373292, 13.339245881260426 ], [ 121.282572075749115, 13.339295393041299 ], [ 121.282712493725569, 13.339450027715941 ], [ 121.282762658652416, 13.339487617630979 ], [ 121.28280205459086, 13.339507615390966 ], [ 121.282847293472074, 13.339521491179918 ], [ 121.282914148127446, 13.339528232381967 ], [ 121.283035552288695, 13.339513478969083 ], [ 121.283129818443683, 13.339487980962771 ], [ 121.283229101276831, 13.339450388848718 ], [ 121.284209489552524, 13.339011773921435 ], [ 121.284786023416018, 13.33880097442748 ], [ 121.284898523622033, 13.338748032305121 ], [ 121.284997263070721, 13.33868830887169 ], [ 121.285055721069483, 13.338644702633539 ], [ 121.285097489698643, 13.338605885629091 ], [ 121.285125582967424, 13.33857182139741 ], [ 121.285153773443938, 13.338523773062661 ], [ 121.285181249564658, 13.338434796010253 ], [ 121.28518753275084, 13.338380455220062 ], [ 121.285188100617532, 13.338300680325579 ], [ 121.285173910973469, 13.33798399074529 ], [ 121.28515571128672, 13.337838835800678 ], [ 121.285129755139337, 13.337706733459918 ], [ 121.28509325023434, 13.337583659683423 ], [ 121.285052504893471, 13.337489906838247 ], [ 121.285000501295656, 13.337408657651784 ], [ 121.284973343706199, 13.337379195748108 ], [ 121.284958412988843, 13.337371715086666 ], [ 121.284923231072014, 13.337379176209057 ], [ 121.284845340885724, 13.337393560120178 ], [ 121.284787628239101, 13.337402487905946 ], [ 121.284786441755031, 13.33740267146695 ], [ 121.284777063539053, 13.337404122649454 ], [ 121.284710288519634, 13.337412002722061 ], [ 121.284650417021197, 13.337416220176644 ], [ 121.284592930141741, 13.337416602406821 ], [ 121.284538551864927, 13.337412062452518 ], [ 121.2844887898558, 13.337401510544401 ], [ 121.284470131292849, 13.337395290739963 ], [ 121.28446415156084, 13.337392464365154 ], [ 121.284425677285256, 13.337421529160778 ], [ 121.284347051705623, 13.337453976379232 ], [ 121.284273647660513, 13.337468722315018 ], [ 121.28420780036754, 13.33747203133268 ], [ 121.284112786241295, 13.337463445061102 ], [ 121.284066086953473, 13.337454057287895 ], [ 121.283976801436381, 13.337427341111486 ], [ 121.283913048956336, 13.337401552289069 ], [ 121.283793916998064, 13.337336553838719 ], [ 121.283742192992833, 13.337297311216078 ], [ 121.283686155159927, 13.337245507035552 ], [ 121.283407558933405, 13.336926944126498 ], [ 121.283277191479328, 13.336762714938546 ], [ 121.283214807146592, 13.336701396727022 ], [ 121.283154067627208, 13.33666898565526 ], [ 121.283099410355746, 13.336659435147624 ], [ 121.283022093360501, 13.336668642305199 ], [ 121.282944031854427, 13.33669653740437 ], [ 121.282814931031652, 13.336765945592886 ], [ 121.28257564445525, 13.336925916334808 ], [ 121.282189074246659, 13.337164422086943 ], [ 121.282059229265457, 13.337251486471692 ], [ 121.28196976687309, 13.33732115845201 ], [ 121.281906196667094, 13.337381325197471 ], [ 121.281853699797864, 13.337445570538021 ], [ 121.281825766035325, 13.337497440871118 ], [ 121.281814235976427, 13.337535991267137 ], [ 121.281809549545287, 13.33758114403431 ], [ 121.28181111131353, 13.337613530525024 ], [ 121.281824551198625, 13.337678759668261 ], [ 121.281849951755461, 13.337743611040677 ], [ 121.281945055496223, 13.33790500319758 ], [ 121.281995884330442, 13.338019759655264 ], [ 121.282121994085912, 13.338450026673074 ], [ 121.282141791975889, 13.338543744895155 ], [ 121.282146873564614, 13.338648681289047 ], [ 121.2821295075113, 13.338762090602605 ], [ 121.282111056958584, 13.338819426130165 ], [ 121.282079347022602, 13.338882461642058 ], [ 121.282051287906796, 13.338919326819935 ], [ 121.282019821903887, 13.338947856783665 ], [ 121.281971606363911, 13.338973259238461 ], [ 121.281930410241358, 13.338981411115288 ], [ 121.281879521863743, 13.338976337520696 ], [ 121.281836717053096, 13.338958974727257 ], [ 121.281757846520165, 13.338899942819234 ], [ 121.281572642568037, 13.338725660866945 ], [ 121.281487569767407, 13.338654214447088 ], [ 121.281400215414749, 13.338594707106322 ], [ 121.281316262979985, 13.338555806815879 ], [ 121.281185228578906, 13.338522285780295 ], [ 121.281029763231146, 13.338502139262534 ], [ 121.280894533384227, 13.338499076267926 ], [ 121.280790948789345, 13.338512829245788 ], [ 121.280737793659995, 13.338532436533713 ], [ 121.280683604270422, 13.338563673232439 ], [ 121.280520024236807, 13.338697686397467 ], [ 121.280457613977802, 13.338737005522162 ], [ 121.280403667081913, 13.338759432845871 ], [ 121.280157419349692, 13.338828431043602 ], [ 121.280063555172163, 13.338867258286172 ], [ 121.280011054654153, 13.338897866385794 ], [ 121.279948481145269, 13.338952998420606 ], [ 121.279839147632046, 13.33909002178704 ], [ 121.279766381278819, 13.339168473833718 ], [ 121.279607358711772, 13.339303735775513 ], [ 121.279496413431019, 13.339382287276043 ], [ 121.279485636128612, 13.339388899801527 ], [ 121.279624223564696, 13.339825892861784 ] ] ] ] } },
{ "type": "Feature", "properties": { "fid": 12709.0, "ENR_CLCODE": "01016", "LCM_CLASS": "Annual Crop", "AREA_HA": 0.96338958522100004, "SOURCE": "Sentinel-2 from ESA, 2022", "REMARKS": "None" }, "geometry": { "type": "MultiPolygon", "coordinates": [ [ [ [ 121.275425359263437, 13.338832370430596 ], [ 121.276230225261017, 13.338874991063333 ], [ 121.276209784379674, 13.338785141221702 ], [ 121.276215079558028, 13.338723353469691 ], [ 121.276259986569187, 13.338587354458017 ], [ 121.276263567475908, 13.338526496831571 ], [ 121.276253484422, 13.338492499359667 ], [ 121.276235925352239, 13.338468138537591 ], [ 121.276212738967018, 13.338451750305044 ], [ 121.27617857554273, 13.338441618738619 ], [ 121.276111339092495, 13.338444389164954 ], [ 121.27597786553865, 13.33847019254692 ], [ 121.275879476184002, 13.338496720837522 ], [ 121.27578640021008, 13.338532656714365 ], [ 121.275643181456331, 13.338605064747091 ], [ 121.275465438214326, 13.338686400299364 ], [ 121.275401252858259, 13.338722537049666 ], [ 121.275425359263437, 13.338832370430596 ] ] ] ] } },
{ "type": "Feature", "properties": { "fid": 13020.0, "ENR_CLCODE": "01020", "LCM_CLASS": "Built-up", "AREA_HA": 0.072052798254500006, "SOURCE": "Sentinel-2 from ESA, 2022", "REMARKS": "None" }, "geometry": { "type": "MultiPolygon", "coordinates": [ [ [ [ 121.277087743588496, 13.330692794371288 ], [ 121.277038841847329, 13.330684444370283 ], [ 121.276984054477225, 13.33069576043823 ], [ 121.276928382820145, 13.330724209688938 ], [ 121.276894622313961, 13.330762159860129 ], [ 121.27688795002544, 13.330787957861402 ], [ 121.27689147855871, 13.330807699906666 ], [ 121.276908578478171, 13.33082972913329 ], [ 121.276932635279451, 13.330844732110979 ], [ 121.277075345934932, 13.330895066953525 ], [ 121.277268651453085, 13.330935166970541 ], [ 121.277296340485989, 13.330935354911652 ], [ 121.277290988644339, 13.330889572520874 ], [ 121.277259856176329, 13.3308367792173 ], [ 121.277130094245834, 13.330718081635538 ], [ 121.277087743588496, 13.330692794371288 ] ] ] ] } },
{ "type": "Feature", "properties": { "fid": 13027.0, "ENR_CLCODE": "01020", "LCM_CLASS": "Built-up", "AREA_HA": 0.086356414869900006, "SOURCE": "Sentinel-2 from ESA, 2022", "REMARKS": "None" }, "geometry": { "type": "MultiPolygon", "coordinates": [ [ [ [ 121.279570770133773, 13.333392072238247 ], [ 121.279466533743729, 13.333390564907001 ], [ 121.279372314319517, 13.333426557881348 ], [ 121.27935436073605, 13.333441349468302 ], [ 121.279349852605321, 13.3334569512404 ], [ 121.279363065956417, 13.333482244866222 ], [ 121.279419558563319, 13.333537211947876 ], [ 121.279482094911728, 13.333635736267958 ], [ 121.279538259641058, 13.333692169890003 ], [ 121.279583319609685, 13.3337128573967 ], [ 121.279625334906768, 13.333707376004394 ], [ 121.279671985318345, 13.333679589662211 ], [ 121.27968613341676, 13.333663219275424 ], [ 121.27968866458761, 13.333574049528227 ], [ 121.279684122972981, 13.333530698653535 ], [ 121.279673443721691, 13.33350404389585 ], [ 121.279619091973984, 13.333422120773051 ], [ 121.279595825324392, 13.333401723648572 ], [ 121.279570770133773, 13.333392072238247 ] ] ] ] } },
{ "type": "Feature", "properties": { "fid": 13028.0, "ENR_CLCODE": "01020", "LCM_CLASS": "Built-up", "AREA_HA": 0.054288901807099998, "SOURCE": "Sentinel-2 from ESA, 2022", "REMARKS": "None" }, "geometry": { "type": "MultiPolygon", "coordinates": [ [ [ [ 121.278007206090749, 13.333831641168972 ], [ 121.27795950718928, 13.333826032784021 ], [ 121.277907176239552, 13.333832151282092 ], [ 121.27785461139149, 13.333853118799791 ], [ 121.277840949490141, 13.333866909116514 ], [ 121.277835134501174, 13.333882216313397 ], [ 121.277836497988559, 13.333898804441466 ], [ 121.277845145173359, 13.333916674218285 ], [ 121.277888048999273, 13.333960310192944 ], [ 121.277947417200693, 13.333993768748302 ], [ 121.278045770727218, 13.334027164112397 ], [ 121.27810762829327, 13.334028569303689 ], [ 121.27814280814566, 13.334013682863201 ], [ 121.27815410491506, 13.333986309274803 ], [ 121.278148601357699, 13.333941720771081 ], [ 121.278131055769606, 13.333907294654557 ], [ 121.278103724313581, 13.333878576656295 ], [ 121.278054877900416, 13.333848848757823 ], [ 121.278007206090749, 13.333831641168972 ] ] ] ] } },
{ "type": "Feature", "properties": { "fid": 13029.0, "ENR_CLCODE": "01020", "LCM_CLASS": "Built-up", "AREA_HA": 0.13970024957300001, "SOURCE": "Sentinel-2 from ESA, 2022", "REMARKS": "None" }, "geometry": { "type": "MultiPolygon", "coordinates": [ [ [ [ 121.277758882105317, 13.334723155473844 ], [ 121.277812611201838, 13.334634035821113 ], [ 121.27787977975656, 13.334572917578472 ], [ 121.277840396318069, 13.334523692551958 ], [ 121.277786520428506, 13.334479144746599 ], [ 121.277748290756278, 13.334461463687772 ], [ 121.277713836184361, 13.334463390766953 ], [ 121.277698282054843, 13.334478735479982 ], [ 121.27768663324062, 13.334506539592393 ], [ 121.27767820147217, 13.33463331978945 ], [ 121.277670402223137, 13.33465935868017 ], [ 121.27765715424276, 13.334676587421887 ], [ 121.277638348944166, 13.334686646705466 ], [ 121.277612951759423, 13.334689646072867 ], [ 121.277542894480618, 13.334677904168021 ], [ 121.277504482233937, 13.334679011523823 ], [ 121.277469077424882, 13.334695270210839 ], [ 121.277439349355902, 13.334730195519843 ], [ 121.277423350223444, 13.334781102743225 ], [ 121.277422969402423, 13.334820104042567 ], [ 121.27743654728792, 13.334878082453022 ], [ 121.277455555293812, 13.334915567349032 ], [ 121.27749464122428, 13.334955097276318 ], [ 121.27753893856169, 13.33498100523566 ], [ 121.27760551501639, 13.335001725074017 ], [ 121.277655189420983, 13.335005255464271 ], [ 121.277740317599211, 13.334822388845527 ], [ 121.277758882105317, 13.334723155473844 ] ] ] ] } },
{ "type": "Feature", "properties": { "fid": 13032.0, "ENR_CLCODE": "01020", "LCM_CLASS": "Built-up", "AREA_HA": 0.055134852997600001, "SOURCE": "Sentinel-2 from ESA, 2022", "REMARKS": "None" }, "geometry": { "type": "MultiPolygon", "coordinates": [ [ [ [ 121.277107650044186, 13.337485595733012 ], [ 121.277063281176538, 13.337471892150747 ], [ 121.277019893380825, 13.337476493240121 ], [ 121.276999311267716, 13.337490662880679 ], [ 121.276987939469677, 13.337507131554119 ], [ 121.276984284080754, 13.337538281150822 ], [ 121.276998957204299, 13.337568426894073 ], [ 121.277088109799138, 13.337672433730042 ], [ 121.277121783055819, 13.337696570933073 ], [ 121.277156112930399, 13.337703670106659 ], [ 121.27719529802232, 13.337697144900638 ], [ 121.277246652075732, 13.337673679198115 ], [ 121.27728193309602, 13.337642843007959 ], [ 121.277295803556328, 13.337615606367729 ], [ 121.277296130516163, 13.337598973737338 ], [ 121.277289761408127, 13.337583039304343 ], [ 121.277272942359645, 13.337565321633967 ], [ 121.277228734105876, 13.33754019875083 ], [ 121.277107650044186, 13.337485595733012 ] ] ] ] } },
{ "type": "Feature", "properties": { "fid": 13033.0, "ENR_CLCODE": "01020", "LCM_CLASS": "Built-up", "AREA_HA": 0.34573664439700003, "SOURCE": "Sentinel-2 from ESA, 2022", "REMARKS": "None" }, "geometry": { "type": "MultiPolygon", "coordinates": [ [ [ [ 121.278786691641741, 13.338383323747372 ], [ 121.278790342201162, 13.338343968977354 ], [ 121.278759147296697, 13.338246316114507 ], [ 121.278759283874194, 13.338168687039916 ], [ 121.278768413338582, 13.338139003737517 ], [ 121.278789642979234, 13.3381036018747 ], [ 121.278872319222359, 13.338018887840565 ], [ 121.278888993412636, 13.337993644267526 ], [ 121.278890052634523, 13.337959817725059 ], [ 121.278867039699563, 13.337937835026565 ], [ 121.27881747166613, 13.337927691892803 ], [ 121.278744867554337, 13.337938809863481 ], [ 121.278674959781284, 13.33797106789172 ], [ 121.27860373064523, 13.338021436822757 ], [ 121.278509840921629, 13.338115539649955 ], [ 121.278315283065766, 13.338356740893698 ], [ 121.278277591274033, 13.338413893303814 ], [ 121.278257162210693, 13.338457155222383 ], [ 121.278245931452588, 13.338496884266267 ], [ 121.278244337543427, 13.338532158766705 ], [ 121.278256647162536, 13.338574865725112 ], [ 121.278279385950412, 13.338604949224045 ], [ 121.278786691641741, 13.338383323747372 ] ] ] ] } },
{ "type": "Feature", "properties": { "fid": 13034.0, "ENR_CLCODE": "01020", "LCM_CLASS": "Built-up", "AREA_HA": 0.048377958976099998, "SOURCE": "Sentinel-2 from ESA, 2022", "REMARKS": "None" }, "geometry": { "type": "MultiPolygon", "coordinates": [ [ [ [ 121.281304217063237, 13.339704170420116 ], [ 121.281277273598207, 13.33969385997491 ], [ 121.281164324074823, 13.339855033432379 ], [ 121.280971929535468, 13.340109125430571 ], [ 121.280928904601552, 13.340190064438419 ], [ 121.280924730468527, 13.340216332401699 ], [ 121.280930214195195, 13.340229604261825 ], [ 121.280946530773875, 13.340227417734051 ], [ 121.280969113583851, 13.340204875262415 ], [ 121.281098792133662, 13.340047168312244 ], [ 121.281136713440119, 13.33999118752075 ], [ 121.281161700554165, 13.339962173394184 ], [ 121.281214886425957, 13.339916051129029 ], [ 121.281266426784029, 13.339847137320026 ], [ 121.281303224835824, 13.339781123080682 ], [ 121.281319934823301, 13.339739775262821 ], [ 121.281318907143969, 13.339723961323815 ], [ 121.281304217063237, 13.339704170420116 ] ] ] ] } },
{ "type": "Feature", "properties": { "fid": 13086.0, "ENR_CLCODE": "01019", "LCM_CLASS": "Fishpond", "AREA_HA": 1.28350471666, "SOURCE": "Sentinel-2 from ESA, 2022", "REMARKS": "None" }, "geometry": { "type": "MultiPolygon", "coordinates": [ [ [ [ 121.281424141522976, 13.346198983359047 ], [ 121.281503420264102, 13.346194078385482 ], [ 121.281581104774546, 13.346195813229301 ], [ 121.281656248898912, 13.34620483946904 ], [ 121.281727694615284, 13.346222396566986 ], [ 121.28179399677586, 13.346250380955194 ], [ 121.281839832152784, 13.346279596233197 ], [ 121.281882781895959, 13.346315717333363 ], [ 121.281922961028599, 13.346357885456932 ], [ 121.281946577024144, 13.346387768332299 ], [ 121.281915053246024, 13.34634109187496 ], [ 121.281903132658428, 13.346292742054764 ], [ 121.28189137860393, 13.346169599647137 ], [ 121.281903615800502, 13.346202871398264 ], [ 121.281940541056656, 13.346251673485721 ], [ 121.281980875991025, 13.346288280223607 ], [ 121.282036228820857, 13.346323399295546 ], [ 121.282139271784828, 13.34636105211742 ], [ 121.282194545695035, 13.346371671128356 ], [ 121.282287706088098, 13.346378019644632 ], [ 121.28239364303947, 13.34636859483027 ], [ 121.282479853338089, 13.346347028634629 ], [ 121.282612878542167, 13.346290435070426 ], [ 121.28287177643557, 13.346162865403194 ], [ 121.282968390353616, 13.346099061296494 ], [ 121.283021941689313, 13.34604921550466 ], [ 121.283061952881994, 13.345995017607372 ], [ 121.283090545738972, 13.345929621645725 ], [ 121.283106413348193, 13.3458324537902 ], [ 121.283103165217639, 13.345748921866036 ], [ 121.283079113045176, 13.345636754662143 ], [ 121.283044613986632, 13.345553146582537 ], [ 121.283005678069543, 13.345496808919801 ], [ 121.282954832691487, 13.345459465569579 ], [ 121.282903824407697, 13.345447940261433 ], [ 121.282835458060845, 13.345455887383618 ], [ 121.282774425326792, 13.345475564253256 ], [ 121.2826947050347, 13.345509546079455 ], [ 121.282237737157672, 13.345746853412431 ], [ 121.282098366181344, 13.345801094205429 ], [ 121.282014096169064, 13.345821387288691 ], [ 121.281921152867639, 13.345835065492185 ], [ 121.281646328490268, 13.345847066735299 ], [ 121.281551532624576, 13.345857618339858 ], [ 121.281426975163825, 13.345881026368129 ], [ 121.281322386710329, 13.345909209929633 ], [ 121.281227483646802, 13.345948230876134 ], [ 121.28117785304272, 13.34597458417681 ], [ 121.281126712735784, 13.346006980420659 ], [ 121.2810602138089, 13.346059591091427 ], [ 121.280981066307689, 13.346138141691284 ], [ 121.280913727025123, 13.346216255695277 ], [ 121.280790261675591, 13.346383674058508 ], [ 121.281049431517999, 13.346289791965516 ], [ 121.281065697370806, 13.346284279782722 ], [ 121.281111468272513, 13.346268768390258 ], [ 121.281189553255714, 13.346245317851498 ], [ 121.281267895963737, 13.346225477304202 ], [ 121.28134620296116, 13.346209752726624 ], [ 121.281424141522976, 13.346198983359047 ] ] ] ] } },
{ "type": "Feature", "properties": { "fid": 14776.0, "ENR_CLCODE": "01016", "LCM_CLASS": "Annual Crop", "AREA_HA": 124.50871422, "SOURCE": "Sentinel-2 from ESA, 2022", "REMARKS": "None" }, "geometry": { "type": "MultiPolygon", "coordinates": [ [ [ [ 121.269654890845956, 13.331890393816382 ], [ 121.27128784427299, 13.333081216718869 ], [ 121.272158112345153, 13.333695009173042 ], [ 121.273234706766814, 13.33433219643813 ], [ 121.273236253205923, 13.334332403291253 ], [ 121.273266491169196, 13.33432545320289 ], [ 121.273288003490919, 13.334308059783801 ], [ 121.273296027725422, 13.334283279902344 ], [ 121.273295146082077, 13.334251198219446 ], [ 121.273286120185787, 13.334211537935426 ], [ 121.273246147158744, 13.33412566807495 ], [ 121.273215560483408, 13.334084441287414 ], [ 121.273182313723936, 13.334050973210015 ], [ 121.273105798915878, 13.333994789656014 ], [ 121.272980716686135, 13.333922671342581 ], [ 121.272957200176549, 13.333899340706829 ], [ 121.27295035238231, 13.33388004143657 ], [ 121.272957211976845, 13.333855362971153 ], [ 121.272984351588192, 13.333830769863381 ], [ 121.273035308386412, 13.333807016621687 ], [ 121.273179896191905, 13.333753398883283 ], [ 121.273218680016143, 13.333728629570471 ], [ 121.273249168873321, 13.33370033267164 ], [ 121.273284528572916, 13.333653643669487 ], [ 121.273309014644127, 13.333608180082264 ], [ 121.273331674976447, 13.333549122448836 ], [ 121.273349946962782, 13.333480008172137 ], [ 121.273369540528449, 13.333362628100424 ], [ 121.27338882074018, 13.333150926073372 ], [ 121.273397490353076, 13.332754402136146 ], [ 121.273414363815888, 13.332450815119616 ], [ 121.273410447274514, 13.332381441575224 ], [ 121.273396900150217, 13.332295083542034 ], [ 121.273317803507453, 13.332026650899094 ], [ 121.27330948212817, 13.331958734109367 ], [ 121.273311098760544, 13.331905200763751 ], [ 121.273336287404462, 13.331788989660771 ], [ 121.273414098262023, 13.331564354712524 ], [ 121.273463380310901, 13.331358650620752 ], [ 121.273546913346308, 13.331136632548352 ], [ 121.273557904827101, 13.33109659652823 ], [ 121.269654890845956, 13.331890393816382 ] ] ] ] } },
{ "type": "Feature", "properties": { "fid": 12746.0, "ENR_CLCODE": "01010", "LCM_CLASS": "Brush/Shrubs", "AREA_HA": 0.98865283884199995, "SOURCE": "Sentinel-2 from ESA, 2022", "REMARKS": "None" }, "geometry": { "type": "MultiPolygon", "coordinates": [ [ [ [ 121.284443458932799, 13.3562575577067 ], [ 121.284445745150862, 13.356220531605391 ], [ 121.284431634719766, 13.356192008766014 ], [ 121.284417164384266, 13.356179860768496 ], [ 121.284400822103677, 13.356174719518238 ], [ 121.284401788742656, 13.356155448272949 ], [ 121.284389423974929, 13.356133812174283 ], [ 121.284369202187392, 13.356115097264507 ], [ 121.284333597663007, 13.356096904975017 ], [ 121.284262254026288, 13.356083388378847 ], [ 121.284161024322543, 13.356088130920197 ], [ 121.284033279526312, 13.35611532326301 ], [ 121.283712764806054, 13.356218104148903 ], [ 121.283555362265332, 13.356253087315963 ], [ 121.283424411935385, 13.356311272122081 ], [ 121.283372597923815, 13.356314358610438 ], [ 121.283324760314116, 13.356298517031105 ], [ 121.28324721422176, 13.35624341861077 ], [ 121.283044221967032, 13.3560231282683 ], [ 121.282944739980323, 13.35592906537325 ], [ 121.282891918427339, 13.355894534744383 ], [ 121.282869369938496, 13.355888642501125 ], [ 121.282854265548309, 13.355891697774455 ], [ 121.282841797533138, 13.35591100185238 ], [ 121.282845396089115, 13.355948132162895 ], [ 121.282864713647427, 13.355998608551118 ], [ 121.282899439312814, 13.356066174548413 ], [ 121.283038753931947, 13.356296136699592 ], [ 121.283200954970411, 13.356520196873239 ], [ 121.283200985560029, 13.356520179004052 ], [ 121.2832665068632, 13.356481612139564 ], [ 121.283385916175561, 13.356414513495627 ], [ 121.283486979337823, 13.356363038985169 ], [ 121.283542364523015, 13.356337641166729 ], [ 121.283599725575129, 13.356313744560756 ], [ 121.283657753328882, 13.356292286610174 ], [ 121.283714732977614, 13.356274130592118 ], [ 121.283769953131781, 13.356259620560714 ], [ 121.283820456020379, 13.356249424233821 ], [ 121.283889062181899, 13.356241419171406 ], [ 121.283919555285578, 13.356240644195987 ], [ 121.283955540933775, 13.356242725779978 ], [ 121.283986938958208, 13.356248154817116 ], [ 121.284012636528956, 13.356256348872119 ], [ 121.284032217329852, 13.356266266562617 ], [ 121.284046110972028, 13.356276686064749 ], [ 121.284055399000366, 13.356286615055408 ], [ 121.284061432120509, 13.356295636098688 ], [ 121.284067189557135, 13.356309162884058 ], [ 121.284070126407144, 13.356328349512967 ], [ 121.284069194347936, 13.356342224862789 ], [ 121.284065898609882, 13.356356822591684 ], [ 121.284058866060917, 13.356375069136634 ], [ 121.284046521842413, 13.356397228557126 ], [ 121.284027475133968, 13.356423126881751 ], [ 121.284002202452186, 13.356450916218348 ], [ 121.283970494085693, 13.356480489384243 ], [ 121.283934745181952, 13.356509811788634 ], [ 121.283887544831018, 13.356544497565912 ], [ 121.283836585359623, 13.35657856028625 ], [ 121.283782677926709, 13.356611906042401 ], [ 121.283724769586328, 13.356645398999229 ], [ 121.283603148105058, 13.356710075725559 ], [ 121.283472247800916, 13.356773920019972 ], [ 121.283467953378704, 13.356776013982532 ], [ 121.28325460708227, 13.356875848586462 ], [ 121.283125896237237, 13.356938393356083 ], [ 121.282990004012774, 13.357009314150051 ], [ 121.282917227018643, 13.357049935723978 ], [ 121.282765766186444, 13.357140631948967 ], [ 121.282625752293882, 13.357230618767266 ], [ 121.282558341428327, 13.357273943199546 ], [ 121.282360180931121, 13.357406201987542 ], [ 121.282266607363681, 13.357471434226218 ], [ 121.282183576607579, 13.357531476812744 ], [ 121.282009027400264, 13.357663833781581 ], [ 121.281853905641867, 13.357787917889755 ], [ 121.281797520862483, 13.357835954091428 ], [ 121.281730246928447, 13.357896333467142 ], [ 121.281654696833897, 13.357967544462808 ], [ 121.281575214326693, 13.35804601112835 ], [ 121.28151558625828, 13.358107198185007 ], [ 121.28150346301905, 13.358120303049406 ], [ 121.281770138752066, 13.357984473512884 ], [ 121.282313250511407, 13.357665127476992 ], [ 121.282396620502325, 13.357625420686794 ], [ 121.282537084748824, 13.357563169732995 ], [ 121.282712458816079, 13.357464217894123 ], [ 121.28285619912991, 13.357370896723896 ], [ 121.283058516535149, 13.357218700164127 ], [ 121.283162903219278, 13.357147224055598 ], [ 121.283435158696761, 13.356988840914546 ], [ 121.283804231334884, 13.356745102941572 ], [ 121.284101558571678, 13.356584261164821 ], [ 121.284237429530037, 13.356500007423847 ], [ 121.284298279690844, 13.35645117301927 ], [ 121.284342395824055, 13.356407126441841 ], [ 121.28439479449905, 13.356344683624975 ], [ 121.284425845131111, 13.356298388774887 ], [ 121.284443458932799, 13.3562575577067 ] ] ] ] } },
{ "type": "Feature", "properties": { "fid": 13022.0, "ENR_CLCODE": "01020", "LCM_CLASS": "Built-up", "AREA_HA": 0.123742209358, "SOURCE": "Sentinel-2 from ESA, 2022", "REMARKS": "None" }, "geometry": { "type": "MultiPolygon", "coordinates": [ [ [ [ 121.281978180153757, 13.331075464373768 ], [ 121.28194011146401, 13.331063733462582 ], [ 121.281898123186352, 13.331071197678671 ], [ 121.281856794786677, 13.331091945195251 ], [ 121.281808551446233, 13.331128655993078 ], [ 121.281805500762431, 13.331244348336647 ], [ 121.281811400168792, 13.331288790392827 ], [ 121.281824972574512, 13.331309945703836 ], [ 121.281879085225015, 13.331355758795228 ], [ 121.281926396268915, 13.33143422236564 ], [ 121.281944700153716, 13.331454975996461 ], [ 121.28200793934198, 13.331473504423712 ], [ 121.282066867229901, 13.331481998525907 ], [ 121.282104704853012, 13.331479468330189 ], [ 121.282130970762012, 13.331467808026529 ], [ 121.282150129141471, 13.331444347203329 ], [ 121.282163133077859, 13.33140367452023 ], [ 121.282164840073293, 13.331355994094013 ], [ 121.282154728338398, 13.33131279966082 ], [ 121.282032148001065, 13.331125554483608 ], [ 121.282003608169248, 13.331094090828937 ], [ 121.281978180153757, 13.331075464373768 ] ] ] ] } },
{ "type": "Feature", "properties": { "fid": 13024.0, "ENR_CLCODE": "01020", "LCM_CLASS": "Built-up", "AREA_HA": 0.073163828151099994, "SOURCE": "Sentinel-2 from ESA, 2022", "REMARKS": "None" }, "geometry": { "type": "MultiPolygon", "coordinates": [ [ [ [ 121.282310382322152, 13.331583612381783 ], [ 121.282248273021793, 13.33156675122224 ], [ 121.282180837945234, 13.331573573302277 ], [ 121.282138381323691, 13.331595783787607 ], [ 121.282110921800864, 13.331628285645019 ], [ 121.282096530844271, 13.331677895438133 ], [ 121.282103077344971, 13.331719213585128 ], [ 121.282123813888973, 13.33175655809919 ], [ 121.282161048317747, 13.331791449625058 ], [ 121.282210241155099, 13.331814789613176 ], [ 121.28227461115803, 13.331829153392354 ], [ 121.282324322697491, 13.331827251671275 ], [ 121.282343051483224, 13.331819856995917 ], [ 121.282365674134397, 13.331798584496743 ], [ 121.282388569796311, 13.331766276638898 ], [ 121.282400759233425, 13.331735159588611 ], [ 121.282400707295864, 13.331704347053824 ], [ 121.282393996038522, 13.331681308652326 ], [ 121.282357379602914, 13.331621093891131 ], [ 121.282310382322152, 13.331583612381783 ] ] ] ] } },
{ "type": "Feature", "properties": { "fid": 13085.0, "ENR_CLCODE": "01019", "LCM_CLASS": "Fishpond", "AREA_HA": 2.1835317503799998, "SOURCE": "Sentinel-2 from ESA, 2022", "REMARKS": "None" }, "geometry": { "type": "MultiPolygon", "coordinates": [ [ [ [ 121.283306004355609, 13.344910087679233 ], [ 121.283368407393993, 13.344910485987947 ], [ 121.283445001681372, 13.344922594696854 ], [ 121.283609456848623, 13.344971983846754 ], [ 121.283659680274212, 13.344982626909051 ], [ 121.283713894237877, 13.344981282805916 ], [ 121.283735439444726, 13.344972062493738 ], [ 121.283747833253486, 13.344956999662001 ], [ 121.2837498452689, 13.344939990680974 ], [ 121.283734464442063, 13.344901304195558 ], [ 121.283636372560721, 13.344773416715878 ], [ 121.283578785335067, 13.34467592632747 ], [ 121.283549453102225, 13.344593027740713 ], [ 121.283537447537839, 13.344489862834845 ], [ 121.283545002141238, 13.34440707233507 ], [ 121.283571735217308, 13.344309325714821 ], [ 121.283607976617148, 13.344226955390571 ], [ 121.283707648133216, 13.344030732390699 ], [ 121.283744476787959, 13.343935698229512 ], [ 121.283762048982609, 13.343830046351236 ], [ 121.283757824696309, 13.343716347280857 ], [ 121.283737548090386, 13.343634178263514 ], [ 121.283718792089971, 13.343599078000175 ], [ 121.283693962277638, 13.343574397871262 ], [ 121.28364472093152, 13.343555864376523 ], [ 121.28353062736754, 13.343543009923227 ], [ 121.283423625820248, 13.343543933509538 ], [ 121.283298872204398, 13.343561213017843 ], [ 121.283130004616538, 13.343593434385305 ], [ 121.283075942085063, 13.343586230587173 ], [ 121.283028473707972, 13.343557981546434 ], [ 121.282990053511668, 13.343511866619552 ], [ 121.282916315915784, 13.343385766201381 ], [ 121.282790891596775, 13.343216864543869 ], [ 121.282653317773111, 13.342951109611112 ], [ 121.282624875710724, 13.342913752387901 ], [ 121.28254054588453, 13.342824265352341 ], [ 121.282511910015899, 13.342773120915496 ], [ 121.282502551600686, 13.342718036615207 ], [ 121.28251326947651, 13.342671181320076 ], [ 121.282544310841004, 13.342623734898643 ], [ 121.282625125593938, 13.342544780068216 ], [ 121.282631485289201, 13.342532578562 ], [ 121.282630484133122, 13.342521471272821 ], [ 121.282612364697556, 13.34250947559236 ], [ 121.282582214947496, 13.342504386801634 ], [ 121.282517897683178, 13.342505221785679 ], [ 121.282444367232799, 13.342514660398409 ], [ 121.282348952640334, 13.342535450945197 ], [ 121.282246109541475, 13.342568555889347 ], [ 121.282162110527551, 13.342609872393853 ], [ 121.282104065743255, 13.342652923809396 ], [ 121.282072317938557, 13.34268765779659 ], [ 121.282036567067905, 13.342753562636078 ], [ 121.282024734571095, 13.342810745204826 ], [ 121.282029869931392, 13.342886495856801 ], [ 121.282047427983088, 13.342951953696643 ], [ 121.282074068161037, 13.343019733946386 ], [ 121.282172664566119, 13.343208841966053 ], [ 121.282306484620733, 13.343421562074917 ], [ 121.282423731001572, 13.343590498673089 ], [ 121.282487244751493, 13.343665587299036 ], [ 121.282537407080895, 13.34370872078393 ], [ 121.282581314304025, 13.343730587829414 ], [ 121.282663918650755, 13.343750180127197 ], [ 121.282713298122729, 13.343770573113279 ], [ 121.282751918777848, 13.343801835179052 ], [ 121.282775068694988, 13.343839368799202 ], [ 121.282785333878934, 13.343875167884622 ], [ 121.282789312066768, 13.343917471852754 ], [ 121.282776955113349, 13.344132592027968 ], [ 121.282795594683094, 13.344342636363939 ], [ 121.282803684590206, 13.344516384354034 ], [ 121.282811243825705, 13.344560312546758 ], [ 121.282825946665952, 13.344598779334435 ], [ 121.282848113176712, 13.344624144639631 ], [ 121.282889610631699, 13.344653792071567 ], [ 121.282898886644219, 13.344668344290431 ], [ 121.282901549860384, 13.344684579719411 ], [ 121.282889593363251, 13.344732967699533 ], [ 121.282826848860523, 13.344859382277434 ], [ 121.282817887316085, 13.344893906223634 ], [ 121.28281665562011, 13.344938693834409 ], [ 121.282826667977517, 13.344973573768836 ], [ 121.282842952191743, 13.34499485240527 ], [ 121.282871499246411, 13.345005873265277 ], [ 121.282905170248981, 13.345004278368966 ], [ 121.283128060229515, 13.344940613886701 ], [ 121.283306004355609, 13.344910087679233 ] ] ] ] } },
{ "type": "Feature", "properties": { "fid": 12745.0, "ENR_CLCODE": "01010", "LCM_CLASS": "Brush/Shrubs", "AREA_HA": 1.6306119080799999, "SOURCE": "Sentinel-2 from ESA, 2022", "REMARKS": "None" }, "geometry": { "type": "MultiPolygon", "coordinates": [ [ [ [ 121.285896638291646, 13.355454690271811 ], [ 121.285895384930356, 13.355455840570132 ], [ 121.285815610722665, 13.355523282292506 ], [ 121.285737363226374, 13.35558500560705 ], [ 121.285685779654457, 13.355623696868721 ], [ 121.285633745903908, 13.355660521268085 ], [ 121.28557087860915, 13.355705012776866 ], [ 121.285493050603449, 13.355757291558417 ], [ 121.285488234520926, 13.355759014135607 ], [ 121.28547273217491, 13.355754797002609 ], [ 121.285437799076774, 13.355737723003319 ], [ 121.285382813873738, 13.355701169737769 ], [ 121.285318086638256, 13.355644899987785 ], [ 121.285258849318168, 13.355577155814677 ], [ 121.285221081847652, 13.355520714156402 ], [ 121.285192868841392, 13.355465666164921 ], [ 121.285173406436272, 13.355413679447183 ], [ 121.28516086487079, 13.355362953697753 ], [ 121.285154773120624, 13.355314302816282 ], [ 121.285155269644591, 13.355256535069314 ], [ 121.285164302534952, 13.355200404442186 ], [ 121.285181435528685, 13.355147550306155 ], [ 121.285206868580389, 13.355097632354362 ], [ 121.285238119499937, 13.355049602384023 ], [ 121.28527331794858, 13.355002045765303 ], [ 121.285304352427161, 13.354964225380273 ], [ 121.285113371739826, 13.355164377645725 ], [ 121.284905477418349, 13.35531861357768 ], [ 121.284868552256881, 13.355358026230368 ], [ 121.284851232200751, 13.355386489826969 ], [ 121.284838874277369, 13.355429075859732 ], [ 121.284842978518157, 13.355470959475266 ], [ 121.284862336810264, 13.355513539788372 ], [ 121.284921491389881, 13.355608672671874 ], [ 121.284937827191655, 13.355648035420712 ], [ 121.284952488428118, 13.355718113981121 ], [ 121.284950969150344, 13.355791219835149 ], [ 121.284931976617685, 13.355853872847895 ], [ 121.28490683917164, 13.355890077378636 ], [ 121.284870330233232, 13.355927018043888 ], [ 121.284734087295263, 13.356041394877451 ], [ 121.284747012176183, 13.356052006605406 ], [ 121.284813966072804, 13.356054907937349 ], [ 121.284921152306538, 13.356038498669578 ], [ 121.285025254852869, 13.356012138419649 ], [ 121.285269022384341, 13.355928233725706 ], [ 121.285451397299227, 13.355845250876525 ], [ 121.285642249315032, 13.355728927667332 ], [ 121.285896638291646, 13.355454690271811 ] ] ], [ [ [ 121.286511421915876, 13.355180873188248 ], [ 121.286597013639224, 13.355129437466115 ], [ 121.287000491376119, 13.354853633328386 ], [ 121.287171304765252, 13.35475112727617 ], [ 121.287527390559802, 13.354550953789708 ], [ 121.287693884570373, 13.354444242096212 ], [ 121.287883078801286, 13.354306989688997 ], [ 121.288145606554991, 13.354105665673044 ], [ 121.288224561871033, 13.354035477876366 ], [ 121.288306346952368, 13.353946965099501 ], [ 121.288390015701466, 13.353828375954384 ], [ 121.288454630764249, 13.353697371978875 ], [ 121.288485210089334, 13.353606914444685 ], [ 121.288504060977445, 13.353523292862363 ], [ 121.288510668080136, 13.353466238059283 ], [ 121.288508392541431, 13.353441733005331 ], [ 121.288488290627498, 13.353462789759332 ], [ 121.288444428731353, 13.353513221208312 ], [ 121.288319349237938, 13.35366864969332 ], [ 121.288239277942083, 13.353764930277128 ], [ 121.288197270554022, 13.353812087766018 ], [ 121.28815395557352, 13.353857876037086 ], [ 121.288086487888279, 13.35392265165896 ], [ 121.288080896484075, 13.353928019782352 ], [ 121.288042695660266, 13.353961003193502 ], [ 121.288003777187527, 13.353991955236719 ], [ 121.287964310778847, 13.354020634825265 ], [ 121.287913199760766, 13.354053825230194 ], [ 121.287859218083582, 13.354084248351768 ], [ 121.287803553390006, 13.354110917084983 ], [ 121.287746564705429, 13.354133579877677 ], [ 121.287672192339684, 13.354156599154416 ], [ 121.287634571160794, 13.354165596672136 ], [ 121.287584231989101, 13.354175037494167 ], [ 121.287531648182608, 13.354181951193585 ], [ 121.287477672605092, 13.35418621972992 ], [ 121.287423433169437, 13.354187990862926 ], [ 121.287370133327883, 13.354187694875401 ], [ 121.287186252254713, 13.3541787576519 ], [ 121.287102997332184, 13.354176032809908 ], [ 121.287046573178202, 13.354117570149112 ], [ 121.286959191072839, 13.354027031069872 ], [ 121.286702078807906, 13.354120959579523 ], [ 121.286626032753688, 13.35418801389754 ], [ 121.286216601520835, 13.354549032344174 ], [ 121.286265353756662, 13.354531026754016 ], [ 121.286335943267105, 13.354492533184995 ], [ 121.286712343822202, 13.354260726815172 ], [ 121.286813357530377, 13.354208202857455 ], [ 121.286881835423443, 13.354188513448202 ], [ 121.286938536541271, 13.354189380391862 ], [ 121.286980049492925, 13.354211269521304 ], [ 121.287000423550708, 13.354242249945466 ], [ 121.287007643173354, 13.354287849773325 ], [ 121.286998629696313, 13.354336747845654 ], [ 121.286977558676156, 13.354383942459048 ], [ 121.286935937282806, 13.354443539639313 ], [ 121.286850716799236, 13.35453047298647 ], [ 121.286687371732413, 13.354675007328234 ], [ 121.286637079499926, 13.354712847110546 ], [ 121.286595072047007, 13.354734157068593 ], [ 121.286375884628129, 13.354801014169718 ], [ 121.28632649829693, 13.354809233733459 ], [ 121.286285080485385, 13.354802700163969 ], [ 121.286257868344833, 13.3547893982012 ], [ 121.286234185196022, 13.354769201057893 ], [ 121.28621238854582, 13.354738502862668 ], [ 121.286183468240679, 13.354664576348018 ], [ 121.286174604172956, 13.354620877033252 ], [ 121.286174975120588, 13.354585736000487 ], [ 121.286136815396645, 13.354619384612031 ], [ 121.286207780061218, 13.354904328038328 ], [ 121.28624044588561, 13.355035491663907 ], [ 121.286208399707306, 13.35509246835144 ], [ 121.286173938858056, 13.355148505765598 ], [ 121.286134309278864, 13.355205486939186 ], [ 121.286082223886865, 13.35526993079692 ], [ 121.286071046422791, 13.355282236099441 ], [ 121.286031225647093, 13.3553260754221 ], [ 121.285981113166301, 13.355376345911777 ], [ 121.286511421915876, 13.355180873188248 ] ] ] ] } },
{ "type": "Feature", "properties": { "fid": 294.0, "ENR_CLCODE": "01007", "LCM_CLASS": "Mangrove Forest", "AREA_HA": 9.7457020512400003, "SOURCE": "Sentinel-2 from ESA, 2022", "REMARKS": "None" }, "geometry": { "type": "MultiPolygon", "coordinates": [ [ [ [ 121.285963180676887, 13.35538295583244 ], [ 121.285981113166301, 13.355376345911777 ], [ 121.286031225647093, 13.3553260754221 ], [ 121.286071046422791, 13.355282236099441 ], [ 121.286082223886865, 13.35526993079692 ], [ 121.286134309278864, 13.355205486939186 ], [ 121.286173938858056, 13.355148505765598 ], [ 121.286208399707306, 13.35509246835144 ], [ 121.28624044588561, 13.355035491663907 ], [ 121.286207780061218, 13.354904328038328 ], [ 121.286136815396645, 13.354619384612031 ], [ 121.286174975120588, 13.354585736000487 ], [ 121.286216601520835, 13.354549032344174 ], [ 121.286626032753688, 13.35418801389754 ], [ 121.286702078807906, 13.354120959579523 ], [ 121.286959191072839, 13.354027031069872 ], [ 121.287046573178202, 13.354117570149112 ], [ 121.287102997332184, 13.354176032809908 ], [ 121.287186252254713, 13.3541787576519 ], [ 121.287370133327883, 13.354187694875401 ], [ 121.287423433169437, 13.354187990862926 ], [ 121.287477672605092, 13.35418621972992 ], [ 121.287531648182608, 13.354181951193585 ], [ 121.287584231989101, 13.354175037494167 ], [ 121.287634571160794, 13.354165596672136 ], [ 121.287672192339684, 13.354156599154416 ], [ 121.287746564705429, 13.354133579877677 ], [ 121.287803553390006, 13.354110917084983 ], [ 121.287859218083582, 13.354084248351768 ], [ 121.287913199760766, 13.354053825230194 ], [ 121.287964310778847, 13.354020634825265 ], [ 121.288003777187527, 13.353991955236719 ], [ 121.288042695660266, 13.353961003193502 ], [ 121.288080896484075, 13.353928019782352 ], [ 121.288086487888279, 13.35392265165896 ], [ 121.28815395557352, 13.353857876037086 ], [ 121.288197270554022, 13.353812087766018 ], [ 121.288239277942083, 13.353764930277128 ], [ 121.288319349237938, 13.35366864969332 ], [ 121.288444428731353, 13.353513221208312 ], [ 121.288488290627498, 13.353462789759332 ], [ 121.288508392541431, 13.353441733005331 ], [ 121.28853268967741, 13.353416281151372 ], [ 121.288575298959927, 13.353376664191531 ], [ 121.288615291114681, 13.353344106810956 ], [ 121.288652284873578, 13.353317830898762 ], [ 121.288681298561784, 13.353299619443058 ], [ 121.288744049692326, 13.35326655212473 ], [ 121.28875162775509, 13.353263246550046 ], [ 121.288778411171407, 13.353251563106097 ], [ 121.288814311755786, 13.353237836393566 ], [ 121.28886244934364, 13.353221970976316 ], [ 121.289078444638875, 13.353090662434232 ], [ 121.289360524443651, 13.352919178119596 ], [ 121.289678943088035, 13.352789786641186 ], [ 121.28983015289387, 13.352734005206525 ], [ 121.289997277796317, 13.352672352438878 ], [ 121.290229943759101, 13.352495017431288 ], [ 121.290230554452918, 13.352494551555498 ], [ 121.290242742718149, 13.352484547823137 ], [ 121.290476209099424, 13.352292917738396 ], [ 121.290685231920392, 13.352091037181307 ], [ 121.290686072017252, 13.351971664247825 ], [ 121.290686409718646, 13.351923627290994 ], [ 121.290761107485565, 13.351720838957073 ], [ 121.290911752728974, 13.351560912759812 ], [ 121.291019856201885, 13.351446148757439 ], [ 121.291060579373479, 13.351312536991141 ], [ 121.291085140155161, 13.351241216667852 ], [ 121.291106521151605, 13.351179129593806 ], [ 121.291131584727992, 13.351114508590058 ], [ 121.291157544617803, 13.351053153035187 ], [ 121.291184036265861, 13.350995706731332 ], [ 121.291214481063122, 13.35093518871337 ], [ 121.291246721716149, 13.350876435473459 ], [ 121.291289002585728, 13.350806091131219 ], [ 121.291334382748857, 13.350737244708808 ], [ 121.291397317508455, 13.350650214576582 ], [ 121.291438042010824, 13.35059763259444 ], [ 121.29152362960383, 13.350493193524638 ], [ 121.2916096063136, 13.350388281612682 ], [ 121.291691775622539, 13.35028396212912 ], [ 121.29172990851265, 13.35023156228986 ], [ 121.291757401975772, 13.350190904069184 ], [ 121.291772838031264, 13.350166056163932 ], [ 121.291554483607811, 13.350040061938474 ], [ 121.291377298828422, 13.350004419589647 ], [ 121.290859317160084, 13.349900224924401 ], [ 121.290822018259547, 13.349892721300684 ], [ 121.290650558002, 13.349858230830559 ], [ 121.290570567212001, 13.34987957886511 ], [ 121.290496320365449, 13.349902294498255 ], [ 121.290428254120727, 13.349925850118728 ], [ 121.290385854629321, 13.349941928357575 ], [ 121.290304217321008, 13.349976028786999 ], [ 121.290223997127299, 13.350013627756953 ], [ 121.29014629319046, 13.35005397798186 ], [ 121.290079011624954, 13.3500921400423 ], [ 121.290027692111082, 13.350123645675289 ], [ 121.289989018168271, 13.350376291804121 ], [ 121.290045187312316, 13.350413510975715 ], [ 121.290134879367983, 13.350472943275264 ], [ 121.290121573937739, 13.350628311735345 ], [ 121.290121139462244, 13.350690025489046 ], [ 121.290120226782534, 13.350819637023227 ], [ 121.290241328080555, 13.350963954678523 ], [ 121.290436286531218, 13.351025062147675 ], [ 121.290668382554117, 13.351014669601204 ], [ 121.290840012191836, 13.350920161786485 ], [ 121.290887821798293, 13.350857233336468 ], [ 121.29097559644552, 13.350741701565658 ], [ 121.291086170700524, 13.350646779863702 ], [ 121.291134510587952, 13.350718856220663 ], [ 121.291042574283992, 13.350903813772311 ], [ 121.290998253211711, 13.350992979228812 ], [ 121.290922344564819, 13.351221145775151 ], [ 121.290910923273643, 13.351255474462137 ], [ 121.290763042143311, 13.35144581046791 ], [ 121.290591749253636, 13.351492488206423 ], [ 121.290485815167742, 13.351491772946186 ], [ 121.290420792603584, 13.351491334039361 ], [ 121.290175642402772, 13.351621220690276 ], [ 121.290137409249041, 13.351848171677839 ], [ 121.290153572024821, 13.351941611027982 ], [ 121.29017261252379, 13.35205170212001 ], [ 121.290122420897518, 13.352242696254592 ], [ 121.289877858943555, 13.35228887939868 ], [ 121.289873966627709, 13.352289215461198 ], [ 121.28962125592426, 13.352311062262755 ], [ 121.289520586750001, 13.352330072303614 ], [ 121.289376693871631, 13.352357243998785 ], [ 121.289267297911039, 13.35228475501269 ], [ 121.289133985605091, 13.352140354967723 ], [ 121.289132980193912, 13.352139202936545 ], [ 121.289002199857492, 13.351989357890629 ], [ 121.288976503295771, 13.351959915156081 ], [ 121.289029990274869, 13.351908257219506 ], [ 121.289033897679531, 13.351904482926976 ], [ 121.289062572086891, 13.35187678924868 ], [ 121.289091307595641, 13.351858855131667 ], [ 121.289123337407474, 13.351838865345792 ], [ 121.289271088919719, 13.351746655307002 ], [ 121.289306524907587, 13.351746894750947 ], [ 121.289461505445118, 13.351747941342961 ], [ 121.289466466858642, 13.351747974086894 ], [ 121.289582937628708, 13.35168859742134 ], [ 121.289632351931004, 13.351663405237586 ], [ 121.2896748160898, 13.351641757015043 ], [ 121.289699716636591, 13.351602467139402 ], [ 121.289797358342383, 13.351448403644186 ], [ 121.289810654362512, 13.351427423531954 ], [ 121.289865523065302, 13.351292854927879 ], [ 121.289889767692372, 13.351233395092322 ], [ 121.289922491229916, 13.3511531366909 ], [ 121.289948513366241, 13.350926102949469 ], [ 121.289949061304029, 13.350848219619291 ], [ 121.289950131829556, 13.350696036656371 ], [ 121.289950869742412, 13.350591284169168 ], [ 121.289906150319268, 13.35050580418287 ], [ 121.289862418215179, 13.350422210948713 ], [ 121.289795376519606, 13.350294062161213 ], [ 121.289763866524282, 13.350322949733393 ], [ 121.289710147884378, 13.35037219748687 ], [ 121.289580831336011, 13.35111495425547 ], [ 121.289555211021209, 13.3512360481919 ], [ 121.28953030215952, 13.351353780006985 ], [ 121.289455856380201, 13.351520694736053 ], [ 121.289272183064696, 13.351591204149184 ], [ 121.288968435471674, 13.351367593792055 ], [ 121.288656758843999, 13.351138146334684 ], [ 121.288596850077269, 13.351188100213086 ], [ 121.288446232817236, 13.351319135396576 ], [ 121.288440508334489, 13.351323883478617 ], [ 121.288398352335605, 13.351358853094542 ], [ 121.288301038664159, 13.35143320446527 ], [ 121.288205600599269, 13.351497653906982 ], [ 121.287962400715429, 13.351644254232388 ], [ 121.287927499985244, 13.351665292757035 ], [ 121.287878154282978, 13.351698377695374 ], [ 121.287834691659299, 13.351730652011842 ], [ 121.287792886956765, 13.351765917652161 ], [ 121.287757045848508, 13.351801126150464 ], [ 121.287722080699666, 13.351842468865545 ], [ 121.28769359556064, 13.351884740461102 ], [ 121.287669190038756, 13.351932682644081 ], [ 121.287658576026431, 13.351960093824244 ], [ 121.287649806673684, 13.351988633813663 ], [ 121.287642522255325, 13.352020218194181 ], [ 121.287636762904, 13.35205765286806 ], [ 121.287632957756784, 13.352113858033983 ], [ 121.287633819691294, 13.352173596499577 ], [ 121.287636719406109, 13.352216968768097 ], [ 121.287649227876798, 13.352332267088645 ], [ 121.287653156719614, 13.352368487650068 ], [ 121.287661358137044, 13.352468647545233 ], [ 121.287662387103708, 13.352515487032967 ], [ 121.287661237079178, 13.352556006291039 ], [ 121.287658125478856, 13.352594177520551 ], [ 121.287652981920758, 13.352631336171488 ], [ 121.287645467312629, 13.352668960489398 ], [ 121.287631795274933, 13.352718496753628 ], [ 121.287613711900875, 13.352767749075751 ], [ 121.287600351618934, 13.352797896613014 ], [ 121.287576289012165, 13.352844323492798 ], [ 121.287548276256175, 13.352890256243997 ], [ 121.287503981825182, 13.352952093299988 ], [ 121.287472520970326, 13.35299076800738 ], [ 121.287439231161869, 13.353028439642708 ], [ 121.287396234583412, 13.353073459846502 ], [ 121.287351337122587, 13.353117335480425 ], [ 121.287290677988906, 13.353173159050005 ], [ 121.287230255844349, 13.353225625410596 ], [ 121.287057075523592, 13.353376002870252 ], [ 121.286956663640154, 13.353465854778319 ], [ 121.286685056069885, 13.353721906945335 ], [ 121.286669718713753, 13.353736366883886 ], [ 121.286575288861982, 13.353823266516233 ], [ 121.286488270712979, 13.353900893899334 ], [ 121.286238555034956, 13.354118452665316 ], [ 121.285976662981213, 13.354350229474234 ], [ 121.285907917865245, 13.354409161237413 ], [ 121.285646846049119, 13.354632965607145 ], [ 121.28553817220488, 13.354728421622902 ], [ 121.285490076407399, 13.354772435088858 ], [ 121.285397503691115, 13.35486223468636 ], [ 121.285353822523149, 13.354908016287467 ], [ 121.285312103359459, 13.354954780173564 ], [ 121.285304352427161, 13.354964225380273 ], [ 121.28527331794858, 13.355002045765303 ], [ 121.285238119499937, 13.355049602384023 ], [ 121.285206868580389, 13.355097632354362 ], [ 121.285181435528685, 13.355147550306155 ], [ 121.285164302534952, 13.355200404442186 ], [ 121.285155269644591, 13.355256535069314 ], [ 121.285154773120624, 13.355314302816282 ], [ 121.28516086487079, 13.355362953697753 ], [ 121.285173406436272, 13.355413679447183 ], [ 121.285192868841392, 13.355465666164921 ], [ 121.285221081847652, 13.355520714156402 ], [ 121.285258849318168, 13.355577155814677 ], [ 121.285318086638256, 13.355644899987785 ], [ 121.285382813873738, 13.355701169737769 ], [ 121.285437799076774, 13.355737723003319 ], [ 121.28547273217491, 13.355754797002609 ], [ 121.285488234520926, 13.355759014135607 ], [ 121.285493050603449, 13.355757291558417 ], [ 121.28557087860915, 13.355705012776866 ], [ 121.285633745903908, 13.355660521268085 ], [ 121.285685779654457, 13.355623696868721 ], [ 121.285737363226374, 13.35558500560705 ], [ 121.285815610722665, 13.355523282292506 ], [ 121.285895384930356, 13.355455840570132 ], [ 121.285896638291646, 13.355454690271811 ], [ 121.285963180676887, 13.35538295583244 ] ] ] ] } },
{ "type": "Feature", "properties": { "fid": 13175.0, "ENR_CLCODE": "01014", "LCM_CLASS": "Grassland", "AREA_HA": 2.8899447246199998, "SOURCE": "Sentinel-2 from ESA, 2022", "REMARKS": "None" }, "geometry": { "type": "MultiPolygon", "coordinates": [ [ [ [ 121.286603224649838, 13.340162262532511 ], [ 121.286649633809432, 13.34011114881336 ], [ 121.28668987214165, 13.340053675107095 ], [ 121.286707069589283, 13.340022235716432 ], [ 121.286736068604213, 13.339946405728099 ], [ 121.286746597028639, 13.339855886220628 ], [ 121.286734238795304, 13.339776267589505 ], [ 121.286711345257714, 13.339728284517724 ], [ 121.286689175482778, 13.339708457572574 ], [ 121.286660976708362, 13.339700316591248 ], [ 121.286637781204433, 13.339706341665952 ], [ 121.286612188618264, 13.339728525327125 ], [ 121.286526109854904, 13.339868403356542 ], [ 121.286435926135738, 13.339967476929479 ], [ 121.286308834336793, 13.340083994170527 ], [ 121.28627439156331, 13.340109814557451 ], [ 121.286223538111543, 13.340135989922928 ], [ 121.286191372729746, 13.340142743135054 ], [ 121.28614599935004, 13.340139596904114 ], [ 121.28611776529759, 13.340129525844857 ], [ 121.286085990046089, 13.340109079554951 ], [ 121.286048783757892, 13.34006931400671 ], [ 121.28602296648603, 13.340026362794935 ], [ 121.285985705798481, 13.33991985198419 ], [ 121.285970167344388, 13.339824149880776 ], [ 121.28596569396521, 13.339694359123669 ], [ 121.285980057235449, 13.339174673024043 ], [ 121.285979202968974, 13.338870607066751 ], [ 121.28596848226924, 13.338697549646945 ], [ 121.285924051815769, 13.338301856604808 ], [ 121.285930009515639, 13.33821628556516 ], [ 121.285956383580768, 13.338153979703273 ], [ 121.285992437170876, 13.33811506858582 ], [ 121.286034796930622, 13.338091809304919 ], [ 121.28609145892257, 13.338079937423673 ], [ 121.286159660163321, 13.338083670642453 ], [ 121.286242103848608, 13.338108543657608 ], [ 121.28632392446049, 13.338156501927374 ], [ 121.286356008609062, 13.338185309304249 ], [ 121.286365263406736, 13.338201949207546 ], [ 121.286491171171917, 13.33832388431907 ], [ 121.286545740186696, 13.338368417166897 ], [ 121.286655718798272, 13.338428322268189 ], [ 121.286834912217216, 13.338505153904897 ], [ 121.286894443286954, 13.338550648642469 ], [ 121.286926639012847, 13.338596576130191 ], [ 121.286948397310013, 13.338655235291128 ], [ 121.286972107779206, 13.338830516753426 ], [ 121.286982526529371, 13.338875993667372 ], [ 121.286998212760921, 13.338913432903093 ], [ 121.287041414231211, 13.338968463882097 ], [ 121.28714276326113, 13.339064039578419 ], [ 121.287152221730281, 13.339082823934191 ], [ 121.287171031790322, 13.339079926287992 ], [ 121.287207520869728, 13.339058780923034 ], [ 121.287266366217281, 13.33900331610494 ], [ 121.287307991591234, 13.338937876768847 ], [ 121.287333686397929, 13.33886808655102 ], [ 121.287346295072297, 13.338791654447158 ], [ 121.287343169862297, 13.338696512923203 ], [ 121.287323664644191, 13.33861136561082 ], [ 121.287293100858889, 13.338536724953107 ], [ 121.287160092152021, 13.338307080407064 ], [ 121.287011483732414, 13.33798932497095 ], [ 121.286926757738911, 13.337856513000844 ], [ 121.286851973459477, 13.337770723933042 ], [ 121.286652675740726, 13.337578209840991 ], [ 121.286468624829169, 13.337386650557104 ], [ 121.286389644718639, 13.33729225331737 ], [ 121.286278484974289, 13.337136271693899 ], [ 121.286237551966607, 13.337106003250344 ], [ 121.286222013756287, 13.337103361504216 ], [ 121.286195038931368, 13.337109738733169 ], [ 121.286172417977667, 13.337128778986358 ], [ 121.286148715006988, 13.337169624224279 ], [ 121.286119721502075, 13.337248625011057 ], [ 121.286063558085942, 13.337438086593368 ], [ 121.286034519345279, 13.337497000223456 ], [ 121.286007445240841, 13.337536037399799 ], [ 121.285959671347499, 13.337585194837626 ], [ 121.285904985148449, 13.337624261467207 ], [ 121.285630085787005, 13.337766480840246 ], [ 121.285510904007708, 13.337849569237902 ], [ 121.285463139228924, 13.337897156592572 ], [ 121.285432674529758, 13.337937123349231 ], [ 121.285402743228914, 13.337993135705609 ], [ 121.285383916175903, 13.338069991819067 ], [ 121.28537786956808, 13.338174475815414 ], [ 121.285384541438248, 13.338278326705712 ], [ 121.285402782788111, 13.338377740410287 ], [ 121.285432565211252, 13.338489110324609 ], [ 121.285481924592929, 13.338650254035702 ], [ 121.285513808302483, 13.338735113991202 ], [ 121.285648431423795, 13.339013555081465 ], [ 121.285695567333264, 13.339128959322045 ], [ 121.285731590604854, 13.339246855101345 ], [ 121.28575326356723, 13.339352066962638 ], [ 121.285765044073955, 13.33946173283193 ], [ 121.285763235483287, 13.339550150309707 ], [ 121.285695037077488, 13.339926529142616 ], [ 121.285684352490335, 13.340110982758425 ], [ 121.285690578872732, 13.340262495590405 ], [ 121.285702713429245, 13.340347320844868 ], [ 121.285726907212492, 13.340414615984521 ], [ 121.285762400999758, 13.340464579222653 ], [ 121.285796178704743, 13.340492145422846 ], [ 121.285832644431821, 13.340510706484508 ], [ 121.285884749901797, 13.340525292750009 ], [ 121.28594087656964, 13.340530571988909 ], [ 121.286002658286094, 13.340526927688943 ], [ 121.286070589370539, 13.340513508135279 ], [ 121.286147219098638, 13.340489166438937 ], [ 121.286227935242152, 13.340453081289001 ], [ 121.286293668870883, 13.340414840787426 ], [ 121.286386835289662, 13.340348220412219 ], [ 121.286603224649838, 13.340162262532511 ] ] ] ] } },
{ "type": "Feature", "properties": { "fid": 13083.0, "ENR_CLCODE": "01019", "LCM_CLASS": "Fishpond", "AREA_HA": 0.80374377091799998, "SOURCE": "Sentinel-2 from ESA, 2022", "REMARKS": "None" }, "geometry": { "type": "MultiPolygon", "coordinates": [ [ [ [ 121.286929778017324, 13.339082349473118 ], [ 121.286982312076873, 13.339076386964644 ], [ 121.287120761720956, 13.33909074987776 ], [ 121.287143098949457, 13.339089128034827 ], [ 121.287152221730281, 13.339082823934191 ], [ 121.28714276326113, 13.339064039578419 ], [ 121.287041414231211, 13.338968463882097 ], [ 121.286998212760921, 13.338913432903093 ], [ 121.286982526529371, 13.338875993667372 ], [ 121.286972107779206, 13.338830516753426 ], [ 121.286948397310013, 13.338655235291128 ], [ 121.286926639012847, 13.338596576130191 ], [ 121.286894443286954, 13.338550648642469 ], [ 121.286834912217216, 13.338505153904897 ], [ 121.286655718798272, 13.338428322268189 ], [ 121.286545740186696, 13.338368417166897 ], [ 121.286491171171917, 13.33832388431907 ], [ 121.286365263406736, 13.338201949207546 ], [ 121.286308704812924, 13.338219422264903 ], [ 121.286252404663685, 13.338253193944228 ], [ 121.286211730105549, 13.33829709114625 ], [ 121.28619439101783, 13.33834333503777 ], [ 121.286201060562348, 13.338397235945727 ], [ 121.28624529466984, 13.33849568177355 ], [ 121.286249898047828, 13.33855355113219 ], [ 121.286237580340696, 13.338617392322428 ], [ 121.286177712504056, 13.338813224563095 ], [ 121.286164202874417, 13.33891634099702 ], [ 121.286161909960967, 13.339005526216082 ], [ 121.286168811562774, 13.339077495367288 ], [ 121.286178767929727, 13.339121768811498 ], [ 121.28620082886377, 13.339177554845094 ], [ 121.286231322393846, 13.339222312088923 ], [ 121.286285402469687, 13.339265650380019 ], [ 121.286345206411426, 13.33929073126358 ], [ 121.286439650398989, 13.339309048563312 ], [ 121.286496823152817, 13.339312037097127 ], [ 121.286556824595166, 13.339308178976822 ], [ 121.286607556253927, 13.339297223962674 ], [ 121.286670016222075, 13.339267481032902 ], [ 121.286721589364433, 13.339226837572392 ], [ 121.286821110949816, 13.339133790088763 ], [ 121.286892804049103, 13.339092967675549 ], [ 121.286929778017324, 13.339082349473118 ] ] ] ] } },
{ "type": "Feature", "properties": { "fid": 13091.0, "ENR_CLCODE": "01019", "LCM_CLASS": "Fishpond", "AREA_HA": 0.23797190039499999, "SOURCE": "Sentinel-2 from ESA, 2022", "REMARKS": "None" }, "geometry": { "type": "MultiPolygon", "coordinates": [ [ [ [ 121.289306524907587, 13.351746894750947 ], [ 121.289271088919719, 13.351746655307002 ], [ 121.289123337407474, 13.351838865345792 ], [ 121.289091307595641, 13.351858855131667 ], [ 121.289062572086891, 13.35187678924868 ], [ 121.289033897679531, 13.351904482926976 ], [ 121.289029990274869, 13.351908257219506 ], [ 121.288976503295771, 13.351959915156081 ], [ 121.289002199857492, 13.351989357890629 ], [ 121.289033161303948, 13.351999036028513 ], [ 121.28909049642597, 13.352031567706966 ], [ 121.289148326709153, 13.352078791624507 ], [ 121.28926032500047, 13.352187781455171 ], [ 121.28929615804897, 13.352212151672916 ], [ 121.28935291044283, 13.352235858420361 ], [ 121.289391899663883, 13.352243383702348 ], [ 121.289452914014277, 13.352240470351129 ], [ 121.289607565044093, 13.352201360851753 ], [ 121.289661628474192, 13.352180433959919 ], [ 121.289688155533426, 13.352159815651348 ], [ 121.289698862402602, 13.352139084637546 ], [ 121.289697991053274, 13.352116758405103 ], [ 121.289687100097751, 13.352096171076981 ], [ 121.28964682137017, 13.352060969441633 ], [ 121.289496104856127, 13.35196641964132 ], [ 121.289459409501646, 13.351929411029904 ], [ 121.289442427123475, 13.351900200980586 ], [ 121.289431569031663, 13.351861661076571 ], [ 121.289431651875546, 13.351816019500749 ], [ 121.289444876956807, 13.351770232047752 ], [ 121.289461505445118, 13.351747941342961 ], [ 121.289306524907587, 13.351746894750947 ] ] ] ] } },
{ "type": "Feature", "properties": { "fid": 13177.0, "ENR_CLCODE": "01014", "LCM_CLASS": "Grassland", "AREA_HA": 0.63899840712900002, "SOURCE": "Sentinel-2 from ESA, 2022", "REMARKS": "None" }, "geometry": { "type": "MultiPolygon", "coordinates": [ [ [ [ 121.286077403123144, 13.34241316998034 ], [ 121.286050685039967, 13.342404975683031 ], [ 121.286009095034373, 13.342406888755345 ], [ 121.285959065836579, 13.342418658213022 ], [ 121.285842390087197, 13.34246193424241 ], [ 121.285428442117833, 13.342660091851625 ], [ 121.28519390898073, 13.342779429680194 ], [ 121.28506881378685, 13.342851091249209 ], [ 121.284915355842571, 13.342958147368529 ], [ 121.284838411308201, 13.343030296005256 ], [ 121.284811471713468, 13.343066246223433 ], [ 121.284793626068208, 13.343103765906353 ], [ 121.284786422679772, 13.343152575907146 ], [ 121.284793565998157, 13.343202099855375 ], [ 121.284812619850854, 13.343249764131842 ], [ 121.284842126371245, 13.343292754102883 ], [ 121.284880537416868, 13.343327577517854 ], [ 121.284926882489955, 13.343352201289791 ], [ 121.284977926396365, 13.343364000268739 ], [ 121.285032964621337, 13.343364046178666 ], [ 121.285096472951167, 13.343351186257619 ], [ 121.285161387041455, 13.343327914192756 ], [ 121.285293025760865, 13.343261897474791 ], [ 121.285496175527626, 13.343136265131674 ], [ 121.285609659281562, 13.343044450313069 ], [ 121.285753695630405, 13.342899955409012 ], [ 121.286028779619329, 13.342574706699457 ], [ 121.286083332014258, 13.342490317148778 ], [ 121.286094561836393, 13.342456838839501 ], [ 121.286092850993967, 13.34243017826036 ], [ 121.286077403123144, 13.34241316998034 ] ] ] ] } },
{ "type": "Feature", "properties": { "fid": 13197.0, "ENR_CLCODE": "01021", "LCM_CLASS": "Inland Water", "AREA_HA": 0.038220159306199999, "SOURCE": "Sentinel-2 from ESA, 2022", "REMARKS": "None" }, "geometry": { "type": "MultiPolygon", "coordinates": [ [ [ [ 121.286657501482054, 13.336674584352835 ], [ 121.286629880522057, 13.336655666797446 ], [ 121.286601149450149, 13.336640750396574 ], [ 121.286576511559886, 13.336631251583057 ], [ 121.286549880832823, 13.336623970009466 ], [ 121.286521389722779, 13.336619231969356 ], [ 121.286491423140362, 13.336617297678918 ], [ 121.286460389286347, 13.336618266622548 ], [ 121.286419819741056, 13.33662363960836 ], [ 121.286375135166637, 13.336634377182881 ], [ 121.286328611903372, 13.336650330288085 ], [ 121.286279111820576, 13.336672023580523 ], [ 121.286245262369064, 13.336689338963751 ], [ 121.286175958004478, 13.336730138616797 ], [ 121.286122757990753, 13.336765444439621 ], [ 121.286105953391143, 13.33677740705361 ], [ 121.286193912814809, 13.336729504850357 ], [ 121.286263478687005, 13.336699878873532 ], [ 121.2863291967587, 13.336679330598475 ], [ 121.286386311621811, 13.336668370983801 ], [ 121.286460672083578, 13.336665429176968 ], [ 121.286511339500507, 13.336672079379069 ], [ 121.286556328293628, 13.336685003704865 ], [ 121.286624460639246, 13.336720071863491 ], [ 121.286671474299681, 13.336758211784836 ], [ 121.286710300280092, 13.336801095721663 ], [ 121.28676786909044, 13.336890604935288 ], [ 121.286828208698495, 13.337030364050415 ], [ 121.286852744590803, 13.337108549509786 ], [ 121.286816732046333, 13.336963126370843 ], [ 121.286792921948177, 13.336886077487977 ], [ 121.286778673123479, 13.336848231319339 ], [ 121.286762768222616, 13.336812232282208 ], [ 121.28674544486374, 13.336779198275792 ], [ 121.28672711033596, 13.336749879569059 ], [ 121.286708191270876, 13.336724510449081 ], [ 121.286683693591172, 13.336697544286359 ], [ 121.286657501482054, 13.336674584352835 ] ] ] ] } },
{ "type": "Feature", "properties": { "fid": 13205.0, "ENR_CLCODE": "01021", "LCM_CLASS": "Inland Water", "AREA_HA": 0.31871200829500002, "SOURCE": "Sentinel-2 from ESA, 2022", "REMARKS": "None" }, "geometry": { "type": "MultiPolygon", "coordinates": [ [ [ [ 121.286938536541271, 13.354189380391862 ], [ 121.286881835423443, 13.354188513448202 ], [ 121.286813357530377, 13.354208202857455 ], [ 121.286712343822202, 13.354260726815172 ], [ 121.286335943267105, 13.354492533184995 ], [ 121.286265353756662, 13.354531026754016 ], [ 121.286216601520835, 13.354549032344174 ], [ 121.286174975120588, 13.354585736000487 ], [ 121.286174604172956, 13.354620877033252 ], [ 121.286183468240679, 13.354664576348018 ], [ 121.28621238854582, 13.354738502862668 ], [ 121.286234185196022, 13.354769201057893 ], [ 121.286257868344833, 13.3547893982012 ], [ 121.286285080485385, 13.354802700163969 ], [ 121.28632649829693, 13.354809233733459 ], [ 121.286375884628129, 13.354801014169718 ], [ 121.286595072047007, 13.354734157068593 ], [ 121.286637079499926, 13.354712847110546 ], [ 121.286687371732413, 13.354675007328234 ], [ 121.286850716799236, 13.35453047298647 ], [ 121.286935937282806, 13.354443539639313 ], [ 121.286977558676156, 13.354383942459048 ], [ 121.286998629696313, 13.354336747845654 ], [ 121.287007643173354, 13.354287849773325 ], [ 121.287000423550708, 13.354242249945466 ], [ 121.286980049492925, 13.354211269521304 ], [ 121.286938536541271, 13.354189380391862 ] ] ] ] } },
{ "type": "Feature", "properties": { "fid": 13449.0, "ENR_CLCODE": "01017", "LCM_CLASS": "Perennial Crop", "AREA_HA": 0.60620124351399995, "SOURCE": "Sentinel-2 from ESA, 2022", "REMARKS": "None" }, "geometry": { "type": "MultiPolygon", "coordinates": [ [ [ [ 121.280373199422655, 13.332793152324729 ], [ 121.280328715753711, 13.332787507543058 ], [ 121.280212307856175, 13.33280157728132 ], [ 121.280110919003477, 13.332827912670259 ], [ 121.279882666564603, 13.332899199536481 ], [ 121.27980532811732, 13.332929270705405 ], [ 121.279734896260564, 13.332966019707943 ], [ 121.279683164765814, 13.333003032555396 ], [ 121.279630561396075, 13.333051164324342 ], [ 121.279553164741927, 13.333147887531933 ], [ 121.279497813444905, 13.333258128276221 ], [ 121.27947325610026, 13.33334223631176 ], [ 121.279466533743729, 13.333390564907001 ], [ 121.279570770133773, 13.333392072238247 ], [ 121.279595825324392, 13.333401723648572 ], [ 121.279619091973984, 13.333422120773051 ], [ 121.279673443721691, 13.33350404389585 ], [ 121.279684122972981, 13.333530698653535 ], [ 121.27968866458761, 13.333574049528227 ], [ 121.27968613341676, 13.333663219275424 ], [ 121.279725444027562, 13.333652051251125 ], [ 121.280099373706165, 13.333496375974487 ], [ 121.280177064019682, 13.333452003330738 ], [ 121.280245651267265, 13.333388939836345 ], [ 121.280278880310718, 13.333340425633065 ], [ 121.280303761459919, 13.333291140519577 ], [ 121.280363814399365, 13.333124339139257 ], [ 121.28042922408909, 13.332890120823949 ], [ 121.280427937251858, 13.332842431820863 ], [ 121.280412960392781, 13.332815641168999 ], [ 121.280373199422655, 13.332793152324729 ] ] ] ] } },
{ "type": "Feature", "properties": { "fid": 13455.0, "ENR_CLCODE": "01017", "LCM_CLASS": "Perennial Crop", "AREA_HA": 0.67514146316599999, "SOURCE": "Sentinel-2 from ESA, 2022", "REMARKS": "None" }, "geometry": { "type": "MultiPolygon", "coordinates": [ [ [ [ 121.289877858943555, 13.35228887939868 ], [ 121.290122420897518, 13.352242696254592 ], [ 121.29017261252379, 13.35205170212001 ], [ 121.290153572024821, 13.351941611027982 ], [ 121.290137409249041, 13.351848171677839 ], [ 121.290175642402772, 13.351621220690276 ], [ 121.290420792603584, 13.351491334039361 ], [ 121.290485815167742, 13.351491772946186 ], [ 121.290591749253636, 13.351492488206423 ], [ 121.290763042143311, 13.35144581046791 ], [ 121.290910923273643, 13.351255474462137 ], [ 121.290922344564819, 13.351221145775151 ], [ 121.290860490246658, 13.35126405308684 ], [ 121.290750582024131, 13.351352191041975 ], [ 121.290671459966745, 13.351398136715856 ], [ 121.290612575204037, 13.351418967907925 ], [ 121.29053443510908, 13.351433857558408 ], [ 121.290480082154488, 13.351434399378045 ], [ 121.29037858816973, 13.351422327130599 ], [ 121.290328407588788, 13.351426920353987 ], [ 121.290260104989244, 13.351460862528739 ], [ 121.290147116937405, 13.351552799994836 ], [ 121.290107573705384, 13.351575725397515 ], [ 121.290080130746844, 13.351577193446786 ], [ 121.290054851412521, 13.351565230997174 ], [ 121.2900345244947, 13.351542824383268 ], [ 121.289982835678245, 13.351456540599175 ], [ 121.28996470467446, 13.351440159647991 ], [ 121.289932793216749, 13.351422933240825 ], [ 121.289911698917592, 13.351417410349685 ], [ 121.289868272369674, 13.351416949601719 ], [ 121.289829934989129, 13.351427172825323 ], [ 121.289797358342383, 13.351448403644186 ], [ 121.289699716636591, 13.351602467139402 ], [ 121.2896748160898, 13.351641757015043 ], [ 121.289632351931004, 13.351663405237586 ], [ 121.289582937628708, 13.35168859742134 ], [ 121.289466466858642, 13.351747974086894 ], [ 121.289461505445118, 13.351747941342961 ], [ 121.289444876956807, 13.351770232047752 ], [ 121.289431651875546, 13.351816019500749 ], [ 121.289431569031663, 13.351861661076571 ], [ 121.289442427123475, 13.351900200980586 ], [ 121.289459409501646, 13.351929411029904 ], [ 121.289496104856127, 13.35196641964132 ], [ 121.28964682137017, 13.352060969441633 ], [ 121.289687100097751, 13.352096171076981 ], [ 121.289697991053274, 13.352116758405103 ], [ 121.289698862402602, 13.352139084637546 ], [ 121.289688155533426, 13.352159815651348 ], [ 121.289661628474192, 13.352180433959919 ], [ 121.289607565044093, 13.352201360851753 ], [ 121.289452914014277, 13.352240470351129 ], [ 121.289391899663883, 13.352243383702348 ], [ 121.28935291044283, 13.352235858420361 ], [ 121.28929615804897, 13.352212151672916 ], [ 121.28926032500047, 13.352187781455171 ], [ 121.289148326709153, 13.352078791624507 ], [ 121.28909049642597, 13.352031567706966 ], [ 121.289033161303948, 13.351999036028513 ], [ 121.289002199857492, 13.351989357890629 ], [ 121.289132980193912, 13.352139202936545 ], [ 121.289133985605091, 13.352140354967723 ], [ 121.289267297911039, 13.35228475501269 ], [ 121.289376693871631, 13.352357243998785 ], [ 121.289520586750001, 13.352330072303614 ], [ 121.28962125592426, 13.352311062262755 ], [ 121.289873966627709, 13.352289215461198 ], [ 121.289877858943555, 13.35228887939868 ] ] ] ] } },
{ "type": "Feature", "properties": { "fid": 13456.0, "ENR_CLCODE": "01017", "LCM_CLASS": "Perennial Crop", "AREA_HA": 3.4620734242500002, "SOURCE": "Sentinel-2 from ESA, 2022", "REMARKS": "None" }, "geometry": { "type": "MultiPolygon", "coordinates": [ [ [ [ 121.288596850077269, 13.351188100213086 ], [ 121.288656758843999, 13.351138146334684 ], [ 121.288968435471674, 13.351367593792055 ], [ 121.289272183064696, 13.351591204149184 ], [ 121.289455856380201, 13.351520694736053 ], [ 121.28953030215952, 13.351353780006985 ], [ 121.289555211021209, 13.3512360481919 ], [ 121.289580831336011, 13.35111495425547 ], [ 121.289710147884378, 13.35037219748687 ], [ 121.289763866524282, 13.350322949733393 ], [ 121.289750154135547, 13.350311834891917 ], [ 121.289730861396336, 13.350317205077074 ], [ 121.289685541200853, 13.350361469752327 ], [ 121.289641855139521, 13.350431409262733 ], [ 121.289514262958036, 13.350680781363989 ], [ 121.289442642355837, 13.350796499834781 ], [ 121.289211765212983, 13.351137802314206 ], [ 121.289164754113301, 13.351184611558569 ], [ 121.289121058140111, 13.351204627983034 ], [ 121.289076582779316, 13.351209549803265 ], [ 121.28902959396801, 13.351205710467749 ], [ 121.288975856088328, 13.351193306308266 ], [ 121.288910163889156, 13.351166586801121 ], [ 121.288838985147066, 13.351118688395529 ], [ 121.288805540856785, 13.351084461302051 ], [ 121.288778954337374, 13.351046567607355 ], [ 121.288753463137283, 13.350990727651439 ], [ 121.288736118722227, 13.350910425326925 ], [ 121.288730212621843, 13.350652143344659 ], [ 121.288715482785648, 13.350540871174733 ], [ 121.288688776891519, 13.350465717991991 ], [ 121.28865244792668, 13.350413635132362 ], [ 121.288555034628757, 13.350329161406833 ], [ 121.28843890433761, 13.350254798855568 ], [ 121.288331175331393, 13.350206238365317 ], [ 121.288283706956634, 13.350193237589437 ], [ 121.288231983861422, 13.350186134646856 ], [ 121.288181836094211, 13.350186129675341 ], [ 121.288130428110065, 13.350193586675452 ], [ 121.288054353714912, 13.35022237313999 ], [ 121.288002275964544, 13.350257549245626 ], [ 121.287903986192489, 13.350342572269179 ], [ 121.287835936255959, 13.350393250761922 ], [ 121.287636889397774, 13.350510568541541 ], [ 121.287562212221104, 13.350546944225243 ], [ 121.287509534842698, 13.350562753319362 ], [ 121.287446204093314, 13.350571648638812 ], [ 121.287388287627806, 13.350572281317509 ], [ 121.287267544582704, 13.350562103675239 ], [ 121.287208679062587, 13.350566924754833 ], [ 121.287178571073611, 13.350577675282281 ], [ 121.287155248476012, 13.350592241042428 ], [ 121.287117258197284, 13.350628668658219 ], [ 121.286969382127552, 13.35083399929316 ], [ 121.286923031504188, 13.350882652854981 ], [ 121.286886574788099, 13.350910034011134 ], [ 121.286846922854409, 13.350930302558185 ], [ 121.286801284560141, 13.350944721232477 ], [ 121.286599866167194, 13.35097333012974 ], [ 121.286569054377182, 13.350983736841499 ], [ 121.286519162110878, 13.351014619573926 ], [ 121.286497094895282, 13.351040121641757 ], [ 121.286481795414048, 13.351076881349574 ], [ 121.286480147842013, 13.351111776005505 ], [ 121.28649102173722, 13.351157785712283 ], [ 121.286519467573314, 13.351222826569428 ], [ 121.286558392687269, 13.35129355710019 ], [ 121.28663729242534, 13.351418747392243 ], [ 121.286696150349371, 13.35149997985426 ], [ 121.286743136746509, 13.351545720550837 ], [ 121.286900607422524, 13.351665355060975 ], [ 121.28715557623957, 13.351880174385224 ], [ 121.287447085525514, 13.352136816268883 ], [ 121.287649227876798, 13.352332267088645 ], [ 121.287636719406109, 13.352216968768097 ], [ 121.287633819691294, 13.352173596499577 ], [ 121.287632957756784, 13.352113858033983 ], [ 121.287636762904, 13.35205765286806 ], [ 121.287642522255325, 13.352020218194181 ], [ 121.287649806673684, 13.351988633813663 ], [ 121.287658576026431, 13.351960093824244 ], [ 121.287669190038756, 13.351932682644081 ], [ 121.28769359556064, 13.351884740461102 ], [ 121.287722080699666, 13.351842468865545 ], [ 121.287757045848508, 13.351801126150464 ], [ 121.287792886956765, 13.351765917652161 ], [ 121.287834691659299, 13.351730652011842 ], [ 121.287878154282978, 13.351698377695374 ], [ 121.287927499985244, 13.351665292757035 ], [ 121.287962400715429, 13.351644254232388 ], [ 121.288205600599269, 13.351497653906982 ], [ 121.288301038664159, 13.35143320446527 ], [ 121.288398352335605, 13.351358853094542 ], [ 121.288440508334489, 13.351323883478617 ], [ 121.288446232817236, 13.351319135396576 ], [ 121.288596850077269, 13.351188100213086 ] ] ] ] } },
{ "type": "Feature", "properties": { "fid": 13458.0, "ENR_CLCODE": "01017", "LCM_CLASS": "Perennial Crop", "AREA_HA": 7.2647350583500003, "SOURCE": "Sentinel-2 from ESA, 2022", "REMARKS": "None" }, "geometry": { "type": "MultiPolygon", "coordinates": [ [ [ [ 121.2781220313353, 13.353694642669968 ], [ 121.27827412989086, 13.353912988588135 ], [ 121.278974750278351, 13.354316984582635 ], [ 121.278978082469507, 13.35432563309287 ], [ 121.278988492541771, 13.354327121984145 ], [ 121.279048931079203, 13.354312687442633 ], [ 121.279105399829604, 13.354296499400887 ], [ 121.279165215869682, 13.354276402344599 ], [ 121.279223919412047, 13.35425373249366 ], [ 121.27928203639155, 13.354228522361117 ], [ 121.279339591613322, 13.354201047797384 ], [ 121.279452805582139, 13.354140964348879 ], [ 121.279565410966242, 13.354075721005495 ], [ 121.279570790795418, 13.354072478459676 ], [ 121.279912496492031, 13.353866504811192 ], [ 121.28061020485562, 13.353449262698241 ], [ 121.280996269115164, 13.353218388012618 ], [ 121.281177684732668, 13.353105026078996 ], [ 121.281384833481084, 13.352969442287797 ], [ 121.281545232124685, 13.352864458542419 ], [ 121.281675440640427, 13.352784040532756 ], [ 121.281793134949183, 13.352716701197497 ], [ 121.281857260586861, 13.352682153649912 ], [ 121.281990252064645, 13.352614466483812 ], [ 121.282571343929845, 13.352267237685968 ], [ 121.282762348121096, 13.352196786047223 ], [ 121.282901810943116, 13.352161859006188 ], [ 121.283033389012289, 13.352205798120883 ], [ 121.283093698211317, 13.352245760370106 ], [ 121.283091984100707, 13.352223256711355 ], [ 121.283097026603627, 13.352180793612597 ], [ 121.283108880686044, 13.352141052347058 ], [ 121.283148033918849, 13.352064711059176 ], [ 121.283200792168131, 13.351995715050528 ], [ 121.283253572508727, 13.35194310731104 ], [ 121.283376403821649, 13.351839768273196 ], [ 121.283507605980688, 13.351741194408918 ], [ 121.283623988697542, 13.351665769965999 ], [ 121.283767439568152, 13.35158795541007 ], [ 121.283980462072236, 13.351494398598891 ], [ 121.284737714972223, 13.351210871815447 ], [ 121.284877927137558, 13.351142548713701 ], [ 121.284938089462685, 13.351095330842288 ], [ 121.284962554758451, 13.35106452954957 ], [ 121.284975774149117, 13.351034360427306 ], [ 121.284978606828133, 13.351002900451547 ], [ 121.284970929041876, 13.350972501566861 ], [ 121.284933555862011, 13.350919908603149 ], [ 121.284899555788641, 13.350890338560076 ], [ 121.28484579422495, 13.350854905385283 ], [ 121.284727120361254, 13.350802498931712 ], [ 121.284611554708732, 13.350774153911248 ], [ 121.284489777667602, 13.350766101960343 ], [ 121.284418036294781, 13.350770350331716 ], [ 121.284285692638633, 13.350792227807785 ], [ 121.283918035156944, 13.35089846190998 ], [ 121.283790744630153, 13.350926292962878 ], [ 121.28365708483841, 13.350938763561722 ], [ 121.28353627003176, 13.35092909885544 ], [ 121.283474469502963, 13.350915253965303 ], [ 121.283402641814178, 13.350891603389272 ], [ 121.283192637997701, 13.350800930161819 ], [ 121.283070524646192, 13.350734165032099 ], [ 121.282875303261847, 13.350603477374035 ], [ 121.282829003654186, 13.3505808844182 ], [ 121.282803216288585, 13.350578275640125 ], [ 121.282794886093399, 13.350589749645875 ], [ 121.282797965496741, 13.350613674449807 ], [ 121.282849696148702, 13.350740075397793 ], [ 121.282863558005943, 13.350787295923601 ], [ 121.282864031969112, 13.350848472410064 ], [ 121.282851316580008, 13.350882119314591 ], [ 121.282819525424003, 13.350924489796981 ], [ 121.282755617788595, 13.350978211207021 ], [ 121.282694742013405, 13.351018738608843 ], [ 121.282500754360328, 13.351134822829351 ], [ 121.281968692065448, 13.35143288333405 ], [ 121.281787902033741, 13.351527417195811 ], [ 121.281529082910367, 13.35165194760595 ], [ 121.28115654106233, 13.351805072293971 ], [ 121.280989149468411, 13.351865543991183 ], [ 121.280813867058967, 13.351908765605998 ], [ 121.280627935343063, 13.351925824215703 ], [ 121.28056990873057, 13.351944912524248 ], [ 121.28051182070827, 13.351971727605795 ], [ 121.280235611477494, 13.352123106843043 ], [ 121.280125587711282, 13.35219049322604 ], [ 121.280053977759522, 13.352240847724122 ], [ 121.280018798026475, 13.352270911946055 ], [ 121.279985709361355, 13.352309244583777 ], [ 121.279970676180426, 13.352342160516226 ], [ 121.279970365943115, 13.352368905788063 ], [ 121.27998021416974, 13.352389189860428 ], [ 121.279998823699444, 13.352404772986176 ], [ 121.280026101474263, 13.352414592478903 ], [ 121.280060599584218, 13.352417809611026 ], [ 121.280148080270038, 13.352407574152656 ], [ 121.280298269174153, 13.352371045966141 ], [ 121.280525211820574, 13.352302025214268 ], [ 121.281002444192552, 13.352145994221917 ], [ 121.281678316980347, 13.35188092832875 ], [ 121.282183272982522, 13.351711921592056 ], [ 121.282331839097949, 13.351670887905563 ], [ 121.282478160380379, 13.351640358118074 ], [ 121.28254985866019, 13.35163519079776 ], [ 121.282573379356748, 13.351638141210076 ], [ 121.282596298056745, 13.351648130502911 ], [ 121.282605101951347, 13.351670178073022 ], [ 121.282593418915909, 13.351696225888164 ], [ 121.282562192252513, 13.351729146550282 ], [ 121.282502572657322, 13.351774861626406 ], [ 121.282389356475164, 13.351848372781868 ], [ 121.282181634177249, 13.351962769597256 ], [ 121.282113870671779, 13.352005660536081 ], [ 121.282023417516243, 13.352075962325008 ], [ 121.281831081522199, 13.352241997030076 ], [ 121.281720758971261, 13.352317048766238 ], [ 121.281590807674391, 13.352379106406067 ], [ 121.281279231580541, 13.352481566859307 ], [ 121.281151094293023, 13.352533192361774 ], [ 121.281052045371482, 13.352588481494944 ], [ 121.280761649734671, 13.352772027396234 ], [ 121.280582895046578, 13.352861958017641 ], [ 121.279978013319806, 13.353084424329557 ], [ 121.279418272173885, 13.353262496948311 ], [ 121.279286967245426, 13.353297486634842 ], [ 121.279001532227255, 13.353347049746619 ], [ 121.27885248732882, 13.353385121458357 ], [ 121.27871578394597, 13.353436199058846 ], [ 121.278479846369393, 13.353548360756534 ], [ 121.278392853940218, 13.35357825269684 ], [ 121.278166696618584, 13.353636837873999 ], [ 121.278126120125663, 13.353649609906602 ], [ 121.2781220313353, 13.353694642669968 ] ] ] ] } },
{ "type": "Feature", "properties": { "fid": 15058.0, "ENR_CLCODE": "01017", "LCM_CLASS": "Perennial Crop", "AREA_HA": 37.704690764600002, "SOURCE": "Sentinel-2 from ESA, 2022", "REMARKS": "None" }, "geometry": { "type": "MultiPolygon", "coordinates": [ [ [ [ 121.277322531352638, 13.330021826433407 ], [ 121.276572026233183, 13.330483536925366 ], [ 121.274656382499032, 13.330873175418507 ], [ 121.274738578583481, 13.33090623955486 ], [ 121.274820223534917, 13.33095911417769 ], [ 121.274879787952699, 13.331018250039147 ], [ 121.274923615161143, 13.331095773429501 ], [ 121.274940447267241, 13.331174822576642 ], [ 121.274935465760464, 13.331249474549905 ], [ 121.274904366081472, 13.331342872498798 ], [ 121.274856824683681, 13.331435889694038 ], [ 121.274816932729138, 13.331497091329425 ], [ 121.274761752512404, 13.331556400673222 ], [ 121.274711233698426, 13.331587043023324 ], [ 121.274653164620005, 13.331604986819404 ], [ 121.274558565849404, 13.331615355182592 ], [ 121.27442988005869, 13.331610711438241 ], [ 121.274337161648987, 13.331598252642802 ], [ 121.27424560036431, 13.331570167461443 ], [ 121.274206989713477, 13.331544010455509 ], [ 121.274188152512465, 13.331519316337912 ], [ 121.274179604889738, 13.331495683168026 ], [ 121.274178869629623, 13.33143513324111 ], [ 121.274215212023734, 13.331300708370126 ], [ 121.274298831543518, 13.331061272960508 ], [ 121.274341468218239, 13.330966953340289 ], [ 121.274362625441555, 13.330935345789371 ], [ 121.274365441757155, 13.330932350832029 ], [ 121.273557904827101, 13.33109659652823 ], [ 121.273546913346308, 13.331136632548352 ], [ 121.273463380310901, 13.331358650620752 ], [ 121.273414098262023, 13.331564354712524 ], [ 121.273336287404462, 13.331788989660771 ], [ 121.273311098760544, 13.331905200763751 ], [ 121.27330948212817, 13.331958734109367 ], [ 121.273317803507453, 13.332026650899094 ], [ 121.273396900150217, 13.332295083542034 ], [ 121.273410447274514, 13.332381441575224 ], [ 121.273414363815888, 13.332450815119616 ], [ 121.273397490353076, 13.332754402136146 ], [ 121.27338882074018, 13.333150926073372 ], [ 121.273369540528449, 13.333362628100424 ], [ 121.273349946962782, 13.333480008172137 ], [ 121.273331674976447, 13.333549122448836 ], [ 121.273309014644127, 13.333608180082264 ], [ 121.273284528572916, 13.333653643669487 ], [ 121.273249168873321, 13.33370033267164 ], [ 121.273218680016143, 13.333728629570471 ], [ 121.273179896191905, 13.333753398883283 ], [ 121.273035308386412, 13.333807016621687 ], [ 121.272984351588192, 13.333830769863381 ], [ 121.272957211976845, 13.333855362971153 ], [ 121.27295035238231, 13.33388004143657 ], [ 121.272957200176549, 13.333899340706829 ], [ 121.272980716686135, 13.333922671342581 ], [ 121.273105798915878, 13.333994789656014 ], [ 121.273182313723936, 13.334050973210015 ], [ 121.273215560483408, 13.334084441287414 ], [ 121.273246147158744, 13.33412566807495 ], [ 121.273286120185787, 13.334211537935426 ], [ 121.273295146082077, 13.334251198219446 ], [ 121.273296027725422, 13.334283279902344 ], [ 121.273288003490919, 13.334308059783801 ], [ 121.273266491169196, 13.33432545320289 ], [ 121.273236253205923, 13.334332403291253 ], [ 121.273234706766814, 13.33433219643813 ], [ 121.274828851291161, 13.335275684336969 ], [ 121.274887357533729, 13.335313703154249 ], [ 121.274931042440016, 13.335298938823563 ], [ 121.27498569093477, 13.335288614835484 ], [ 121.275037648447963, 13.335287928509164 ], [ 121.275107203489554, 13.335304346119932 ], [ 121.275180132687609, 13.335344539593963 ], [ 121.275405568957481, 13.335531999372821 ], [ 121.275446599655822, 13.335558537064447 ], [ 121.275463662041176, 13.335559806029757 ], [ 121.275574934397952, 13.335595150780749 ], [ 121.275632372065175, 13.335604955941939 ], [ 121.275674234050314, 13.335598368771921 ], [ 121.275708212554619, 13.335574137518114 ], [ 121.275736830991235, 13.335526838107553 ], [ 121.275798727430114, 13.335370904537074 ], [ 121.275831402825972, 13.335311248867296 ], [ 121.276051122873071, 13.335059139800233 ], [ 121.276117191393823, 13.334969410656873 ], [ 121.276144136345351, 13.334913795886903 ], [ 121.276195039835258, 13.334777984135849 ], [ 121.27625940248231, 13.334645462137644 ], [ 121.276266563117105, 13.334609053346584 ], [ 121.276267047241276, 13.334570347437014 ], [ 121.276245059885653, 13.334480481748061 ], [ 121.276195237321701, 13.33437201147323 ], [ 121.276068728659979, 13.334133412435047 ], [ 121.276050238464492, 13.334085982986792 ], [ 121.276041255058303, 13.334044957289379 ], [ 121.276045236071738, 13.334012800304526 ], [ 121.276057055299503, 13.333997383203533 ], [ 121.276075472077281, 13.33398796132728 ], [ 121.276104304686882, 13.333984961154407 ], [ 121.276176868732662, 13.334001868992015 ], [ 121.276287399083955, 13.334059297119275 ], [ 121.276479868049336, 13.334189110621153 ], [ 121.276518457172145, 13.334207881667428 ], [ 121.276555904073916, 13.334216080457825 ], [ 121.276580386734082, 13.334214084575931 ], [ 121.276614565810235, 13.334202355083894 ], [ 121.276660516837964, 13.334174584460179 ], [ 121.276804614396468, 13.334059972473133 ], [ 121.276862065302709, 13.334003797459088 ], [ 121.276993308247029, 13.33384526254151 ], [ 121.277105518010416, 13.333719331419625 ], [ 121.277156145540573, 13.333633348872027 ], [ 121.277188119053463, 13.333551086840414 ], [ 121.277201241830255, 13.333483074104343 ], [ 121.277201404269178, 13.333441555839167 ], [ 121.277193737058795, 13.333399859427908 ], [ 121.277177470170358, 13.333364634828961 ], [ 121.277142488030606, 13.333327085243265 ], [ 121.277095244956712, 13.333298162626214 ], [ 121.277064217227547, 13.333291987202216 ], [ 121.276638671940319, 13.333469335669662 ], [ 121.276465613978047, 13.333523767203246 ], [ 121.276385965827942, 13.333539025108866 ], [ 121.276318168783646, 13.333543069092041 ], [ 121.276259665019253, 13.333537215819966 ], [ 121.276204766004597, 13.333524052219506 ], [ 121.276153609672406, 13.33350352229111 ], [ 121.276107395302205, 13.333474809892651 ], [ 121.276052427395783, 13.333420628993313 ], [ 121.275980023553473, 13.333312133811532 ], [ 121.275833399399758, 13.333020355504651 ], [ 121.275741490561572, 13.332863885189042 ], [ 121.275695013981888, 13.332802536656391 ], [ 121.275561607787807, 13.332655854817 ], [ 121.275485943504549, 13.332563540984179 ], [ 121.275292607470419, 13.332269545388872 ], [ 121.275229434011777, 13.332150480851995 ], [ 121.275189097975897, 13.332049805159082 ], [ 121.275171348681667, 13.331975495982949 ], [ 121.27516589852668, 13.331918172291148 ], [ 121.275168072918333, 13.331862212184905 ], [ 121.275183194060503, 13.331788028957426 ], [ 121.275216867018017, 13.331707471769361 ], [ 121.275333596870254, 13.331520430780863 ], [ 121.275447537562343, 13.33130001961516 ], [ 121.275515796995492, 13.331185822298584 ], [ 121.275799995925524, 13.330790508966883 ], [ 121.275862886349259, 13.330725262917236 ], [ 121.275929787289513, 13.330681663933705 ], [ 121.275978679301147, 13.330664397443341 ], [ 121.276035518846413, 13.330654853634464 ], [ 121.276100649205858, 13.330653952275107 ], [ 121.276164823422619, 13.330661597714693 ], [ 121.276224564336644, 13.330675481237162 ], [ 121.276297445041052, 13.330700418380559 ], [ 121.276526912693825, 13.330808129484556 ], [ 121.276638857338313, 13.330854320082235 ], [ 121.276816581048323, 13.330909512733914 ], [ 121.276948937790138, 13.330935781914917 ], [ 121.277080408342854, 13.330949093397793 ], [ 121.277213990185686, 13.33094963936154 ], [ 121.277257053334708, 13.330943408918008 ], [ 121.277268651453085, 13.330935166970541 ], [ 121.277075345934932, 13.330895066953525 ], [ 121.276932635279451, 13.330844732110979 ], [ 121.276908578478171, 13.33082972913329 ], [ 121.27689147855871, 13.330807699906666 ], [ 121.27688795002544, 13.330787957861402 ], [ 121.276894622313961, 13.330762159860129 ], [ 121.276928382820145, 13.330724209688938 ], [ 121.276984054477225, 13.33069576043823 ], [ 121.277038841847329, 13.330684444370283 ], [ 121.277087743588496, 13.330692794371288 ], [ 121.277130094245834, 13.330718081635538 ], [ 121.277259856176329, 13.3308367792173 ], [ 121.277290988644339, 13.330889572520874 ], [ 121.277296340485989, 13.330935354911652 ], [ 121.27730437161101, 13.330960403567076 ], [ 121.277327398350693, 13.330992021701448 ], [ 121.277358927673603, 13.331018738273233 ], [ 121.277383847404622, 13.331032462695514 ], [ 121.277441067092099, 13.331044753304882 ], [ 121.277525681201396, 13.331035582966202 ], [ 121.277604055060422, 13.331004960919783 ], [ 121.277708911780834, 13.330949702694966 ], [ 121.2777831093792, 13.330899938819163 ], [ 121.277888457150141, 13.330814029013673 ], [ 121.277927281136357, 13.330788287476206 ], [ 121.278006465589641, 13.330759050125957 ], [ 121.278072984694489, 13.330750813762521 ], [ 121.278076218618466, 13.330741508744433 ], [ 121.278071076761535, 13.330725893636458 ], [ 121.278032394044757, 13.330686842039382 ], [ 121.277978804912351, 13.330657239136217 ], [ 121.277897206885001, 13.330632327990838 ], [ 121.277831979552104, 13.330623884012242 ], [ 121.277742468620175, 13.330622334596665 ], [ 121.277479640573929, 13.330647208483065 ], [ 121.27742042191143, 13.330633984118288 ], [ 121.277381126894483, 13.3306069398218 ], [ 121.277369985368423, 13.330585245016717 ], [ 121.277368429268748, 13.330566282005162 ], [ 121.277392000134384, 13.330490881716424 ], [ 121.277393981583231, 13.330455743625315 ], [ 121.27738304325419, 13.330417027575088 ], [ 121.277345456848693, 13.330344674759822 ], [ 121.277342379999965, 13.330304503758249 ], [ 121.277364373739275, 13.330265529623857 ], [ 121.277456393106888, 13.330173904286616 ], [ 121.277501886349171, 13.330090057639921 ], [ 121.277502639657854, 13.330087958385469 ], [ 121.277322531352638, 13.330021826433407 ] ] ] ] } },
{ "type": "Feature", "properties": { "fid": 15175.0, "ENR_CLCODE": "01016", "LCM_CLASS": "Annual Crop", "AREA_HA": 53.346784187600001, "SOURCE": "Sentinel-2 from ESA, 2022", "REMARKS": "None" }, "geometry": { "type": "MultiPolygon", "coordinates": [ [ [ [ 121.284596548639186, 13.331850844930532 ], [ 121.284569749368714, 13.331847084096012 ], [ 121.284308861223835, 13.331826052261107 ], [ 121.284028395479339, 13.331775249985881 ], [ 121.283948164711788, 13.331771234005036 ], [ 121.283887412626726, 13.33177643610248 ], [ 121.283817738282309, 13.331794064596041 ], [ 121.283759320696547, 13.331821384080261 ], [ 121.283698074493529, 13.331869741907544 ], [ 121.283666109618665, 13.33191504384528 ], [ 121.283649890669921, 13.331961626010473 ], [ 121.283646566786018, 13.332009571171666 ], [ 121.28365902104747, 13.332081995643479 ], [ 121.283686364074086, 13.332162562165617 ], [ 121.283731060401408, 13.332264809454751 ], [ 121.283806768478144, 13.332416414778965 ], [ 121.28382965306605, 13.332477618011589 ], [ 121.283838745350593, 13.332525739741225 ], [ 121.283839154977827, 13.332561458248103 ], [ 121.283832800150591, 13.332588918179789 ], [ 121.283826086524499, 13.332598235802426 ], [ 121.283816049680539, 13.33260160955669 ], [ 121.283793861149277, 13.332588847009911 ], [ 121.283762325179552, 13.332550425005792 ], [ 121.2836763865823, 13.332409075110434 ], [ 121.283603783420403, 13.332306862322341 ], [ 121.283477617202735, 13.332166398665104 ], [ 121.283406343986016, 13.332104335964603 ], [ 121.283326207533818, 13.332048065596183 ], [ 121.2832241504249, 13.331991393121871 ], [ 121.283127274554658, 13.331950696569612 ], [ 121.283075420035033, 13.331935888405539 ], [ 121.283011322996941, 13.331926623627298 ], [ 121.282975867624572, 13.331928240059334 ], [ 121.282943574202889, 13.331939534981064 ], [ 121.282928833021018, 13.331953156488607 ], [ 121.282919316990188, 13.33197160315072 ], [ 121.282903852855938, 13.332072225826238 ], [ 121.282883682488318, 13.332113444583037 ], [ 121.282864065052436, 13.332132523972239 ], [ 121.282835081575371, 13.332149543021798 ], [ 121.282791331538206, 13.332164622284216 ], [ 121.282742095948677, 13.332174240088573 ], [ 121.282669808552043, 13.332177133588662 ], [ 121.282594240235909, 13.332167342378064 ], [ 121.28233023165744, 13.332108796358559 ], [ 121.282284461260417, 13.332095483745592 ], [ 121.282241550441725, 13.332075134928971 ], [ 121.282186304776886, 13.332032089983734 ], [ 121.282144242589695, 13.331984101923537 ], [ 121.28210386033092, 13.331923227899576 ], [ 121.282052618632477, 13.331820993733986 ], [ 121.282013070266345, 13.331720899933272 ], [ 121.281977761764168, 13.331612028520388 ], [ 121.281956673050743, 13.33152908475286 ], [ 121.281944700153716, 13.331454975996461 ], [ 121.281926396268915, 13.33143422236564 ], [ 121.281879085225015, 13.331355758795228 ], [ 121.281824972574512, 13.331309945703836 ], [ 121.281811400168792, 13.331288790392827 ], [ 121.281805500762431, 13.331244348336647 ], [ 121.281808551446233, 13.331128655993078 ], [ 121.281800822805764, 13.331079894532063 ], [ 121.281776596480043, 13.331037079515653 ], [ 121.281743004506779, 13.331006991513107 ], [ 121.281724740490489, 13.330997799601139 ], [ 121.281685943969578, 13.330989395384131 ], [ 121.281630183653974, 13.330998385609508 ], [ 121.281511171447832, 13.331057400657922 ], [ 121.281460426875128, 13.33107522328033 ], [ 121.281412168328714, 13.33108102772125 ], [ 121.281366016356515, 13.331072356478698 ], [ 121.281337303889259, 13.331058602999752 ], [ 121.281299145238336, 13.331027816812234 ], [ 121.281269418934812, 13.330988880820632 ], [ 121.28123644498173, 13.330927381009728 ], [ 121.281223265766727, 13.330911180676972 ], [ 121.281211103446282, 13.330905424298251 ], [ 121.281187143396934, 13.330908610109965 ], [ 121.281168223348146, 13.330920462213946 ], [ 121.281088008463115, 13.331005446339784 ], [ 121.281065483052359, 13.331013404414248 ], [ 121.281039872546074, 13.331008539922641 ], [ 121.280997680602454, 13.330973819702907 ], [ 121.280842936597665, 13.330752444534779 ], [ 121.280825456288937, 13.330735318268626 ], [ 121.28081622344456, 13.33073622076587 ], [ 121.280696250587198, 13.330756843167432 ], [ 121.280623819107035, 13.330778150675766 ], [ 121.280464318969962, 13.330861462328023 ], [ 121.280406406627677, 13.330884044548492 ], [ 121.280332488838027, 13.330896539924558 ], [ 121.28022507016145, 13.330888639955846 ], [ 121.280166516724222, 13.330892183076678 ], [ 121.280101848148007, 13.330912389938883 ], [ 121.280032354894288, 13.330951455793585 ], [ 121.279978835891683, 13.330992907262956 ], [ 121.279914998145415, 13.331055204988569 ], [ 121.279638992707945, 13.331381693466144 ], [ 121.279410927814126, 13.331641807705115 ], [ 121.279343026447876, 13.331728297754537 ], [ 121.279289020325194, 13.331817617564825 ], [ 121.279261320138247, 13.331890697720715 ], [ 121.279250190601275, 13.331977585350169 ], [ 121.279254963707061, 13.332057719116525 ], [ 121.279273742678257, 13.332145388988536 ], [ 121.279297737194085, 13.332209085711593 ], [ 121.27937834818367, 13.332385245719189 ], [ 121.279407798055786, 13.332485283672606 ], [ 121.279416622868965, 13.332566511613187 ], [ 121.279414496648229, 13.332646746613607 ], [ 121.279405893702872, 13.332694614981472 ], [ 121.279391175579562, 13.332731463242778 ], [ 121.279369019253338, 13.332762015967138 ], [ 121.279332793540988, 13.332787731115605 ], [ 121.279276726041317, 13.332801959328499 ], [ 121.279219948201543, 13.332801323013181 ], [ 121.279009300328894, 13.332769094539408 ], [ 121.278890199967606, 13.332756151146505 ], [ 121.278795921023274, 13.332755090150751 ], [ 121.278725952273248, 13.332762124481816 ], [ 121.278683966106158, 13.332770413369616 ], [ 121.278605078049608, 13.332796689986473 ], [ 121.278557444424408, 13.332821918708326 ], [ 121.278501718625506, 13.332863905200858 ], [ 121.278434611470985, 13.332935956448578 ], [ 121.278382279771819, 13.333014271000884 ], [ 121.278340302050353, 13.333111733261052 ], [ 121.278310085089586, 13.333212619111135 ], [ 121.278275265496632, 13.333386139521721 ], [ 121.278266980101208, 13.333481224680861 ], [ 121.278270619835723, 13.333581287417431 ], [ 121.278293872725897, 13.333690071562163 ], [ 121.27830273127897, 13.333696001704897 ], [ 121.278309152639366, 13.333711856928176 ], [ 121.278310410697216, 13.333743149444313 ], [ 121.278274674603821, 13.333851340710277 ], [ 121.278270334198737, 13.333880730367845 ], [ 121.278274424730256, 13.333906479761612 ], [ 121.27830766385506, 13.333954241944154 ], [ 121.278441818271617, 13.33406275534122 ], [ 121.278477039249395, 13.334100121114886 ], [ 121.278495398866227, 13.334146772219619 ], [ 121.278494246875539, 13.334171709447814 ], [ 121.278485294655979, 13.33419907734428 ], [ 121.278446807241338, 13.334253223593663 ], [ 121.278377974678648, 13.334310708852216 ], [ 121.278329566285905, 13.334333472772167 ], [ 121.278215927541424, 13.334370013472958 ], [ 121.278118492162463, 13.334413479802167 ], [ 121.278022439809604, 13.334469745317412 ], [ 121.27787977975656, 13.334572917578472 ], [ 121.277812611201838, 13.334634035821113 ], [ 121.277758882105317, 13.334723155473844 ], [ 121.277740317599211, 13.334822388845527 ], [ 121.277655189420983, 13.335005255464271 ], [ 121.277671797729894, 13.335003141601758 ], [ 121.27769742526857, 13.335013959492873 ], [ 121.277756158942793, 13.335060222565312 ], [ 121.277936083578325, 13.335272605098115 ], [ 121.278091853352848, 13.335429230140985 ], [ 121.278262255706451, 13.335610967748904 ], [ 121.278528733289804, 13.335859907915289 ], [ 121.278793563130691, 13.336092063459862 ], [ 121.278915314515658, 13.336214298858916 ], [ 121.278998057099429, 13.336319996812675 ], [ 121.27906779044541, 13.336436222970386 ], [ 121.279188335891192, 13.336709473659164 ], [ 121.279232018260657, 13.336795745954733 ], [ 121.279275039258607, 13.336858842051553 ], [ 121.279331821597822, 13.336911059812516 ], [ 121.279394736581636, 13.336939773464154 ], [ 121.279469291606503, 13.336947759265199 ], [ 121.279570435933181, 13.336932319773315 ], [ 121.279790424327672, 13.336863688969297 ], [ 121.279854913723156, 13.336848409075508 ], [ 121.279950980330199, 13.336839213133711 ], [ 121.280035012161861, 13.336844861735743 ], [ 121.280125721113805, 13.336867030692318 ], [ 121.280343039093538, 13.336956281549201 ], [ 121.280601539933713, 13.337029350447441 ], [ 121.280653184432353, 13.337055263683657 ], [ 121.280709140547941, 13.337099100255477 ], [ 121.280749267444349, 13.337144506618573 ], [ 121.280775273947413, 13.337185072393881 ], [ 121.280799160823207, 13.33723933459248 ], [ 121.280808916785503, 13.337280877070407 ], [ 121.280809766315528, 13.337323984970352 ], [ 121.28079869749547, 13.337365804138994 ], [ 121.280768885360672, 13.337405946435378 ], [ 121.280742150963007, 13.337423944898418 ], [ 121.280702739633455, 13.337435822771742 ], [ 121.280660197028595, 13.337433969361426 ], [ 121.280512758767884, 13.337375803412115 ], [ 121.2804186081311, 13.337352126064408 ], [ 121.28035950446241, 13.337346365349433 ], [ 121.280167670797056, 13.337342021666529 ], [ 121.280126431818474, 13.337346887404161 ], [ 121.280095902022666, 13.337364732493857 ], [ 121.280085567970346, 13.337388989845465 ], [ 121.280090598595208, 13.337427959359585 ], [ 121.280105377181059, 13.337459297893698 ], [ 121.280137152104828, 13.337504349173186 ], [ 121.280238029531787, 13.337614743053859 ], [ 121.280330597712407, 13.337696827937531 ], [ 121.280506668118747, 13.337834882630457 ], [ 121.280774294685841, 13.338122210847009 ], [ 121.280866350496183, 13.338201370766265 ], [ 121.280909590361048, 13.338229449373328 ], [ 121.280961621854331, 13.338254848196852 ], [ 121.281014294035103, 13.338270355765152 ], [ 121.281056988334939, 13.338274266478273 ], [ 121.281098721359626, 13.338269522376482 ], [ 121.28115324172029, 13.338248466349297 ], [ 121.281204613232944, 13.338213808169298 ], [ 121.281252998597225, 13.338169022531773 ], [ 121.281340080592813, 13.338058840215595 ], [ 121.281400969691916, 13.337952514451599 ], [ 121.281426106985137, 13.337896846051127 ], [ 121.281460571133309, 13.337791570556542 ], [ 121.281474748191769, 13.337695205643705 ], [ 121.281474216008959, 13.337649376521743 ], [ 121.281468320000783, 13.33760537377302 ], [ 121.281454845659383, 13.337558015780818 ], [ 121.281411917898794, 13.33747973462919 ], [ 121.281337349144451, 13.337385485374204 ], [ 121.281318630894305, 13.337340360405014 ], [ 121.28131801694127, 13.337305662838011 ], [ 121.281332272881556, 13.337261378774535 ], [ 121.281380407232035, 13.33719782876371 ], [ 121.281444615844237, 13.337146170149541 ], [ 121.281669612289392, 13.337007211503025 ], [ 121.281871436880536, 13.336863917238853 ], [ 121.281935448678084, 13.336833333673532 ], [ 121.282096645266208, 13.3367712524133 ], [ 121.282156440711134, 13.336733886350087 ], [ 121.282215862234352, 13.336672202606419 ], [ 121.282236840592333, 13.336636483216971 ], [ 121.282253912524737, 13.336585820612099 ], [ 121.282265080530948, 13.336388687499907 ], [ 121.282273467075697, 13.336355142125029 ], [ 121.282295275239818, 13.336316424796859 ], [ 121.282333878339927, 13.336287289802103 ], [ 121.28248119266928, 13.336227721480867 ], [ 121.282568443525307, 13.336173707391184 ], [ 121.28263871887323, 13.336111747543978 ], [ 121.282899355053786, 13.335854446184102 ], [ 121.282994914489919, 13.335773666846164 ], [ 121.283082394563976, 13.335721263905327 ], [ 121.283292578425318, 13.335646796426133 ], [ 121.283468369815367, 13.335557899606178 ], [ 121.283537804326514, 13.335529991748512 ], [ 121.283615779424878, 13.335517219460531 ], [ 121.283766577833276, 13.335535216509291 ], [ 121.283801540363726, 13.335532495757159 ], [ 121.283835372764074, 13.335522920466191 ], [ 121.28387561115477, 13.335500952291813 ], [ 121.283904174291322, 13.335475831587795 ], [ 121.283942807390503, 13.335419888483138 ], [ 121.283957937706205, 13.335380559760491 ], [ 121.283966115705084, 13.335336156436037 ], [ 121.283966068884169, 13.335287800610695 ], [ 121.283955556509113, 13.335226712180843 ], [ 121.283851261614288, 13.334912021607188 ], [ 121.283785601249988, 13.334737463726656 ], [ 121.283722604884986, 13.334606264749297 ], [ 121.283651217145959, 13.33448433762242 ], [ 121.283582900512187, 13.334385181889051 ], [ 121.283444336795469, 13.334204658174146 ], [ 121.283395308026954, 13.334128660629686 ], [ 121.283363839446878, 13.334068087761207 ], [ 121.283339404544307, 13.333993684609027 ], [ 121.283334738314977, 13.333949720955273 ], [ 121.283340633310232, 13.333891440309774 ], [ 121.283359476250951, 13.333831112726335 ], [ 121.283388612646718, 13.333768978665381 ], [ 121.283435360069845, 13.333691649049355 ], [ 121.283479110392577, 13.333631900206376 ], [ 121.283552368467141, 13.333549159382425 ], [ 121.283606339141528, 13.333498170733044 ], [ 121.283709464295356, 13.333420518285671 ], [ 121.283772731695038, 13.333384235550117 ], [ 121.283867749823926, 13.333345920618811 ], [ 121.283952435564643, 13.333329232963228 ], [ 121.284048337109297, 13.333325160946307 ], [ 121.284145154216205, 13.333331652376145 ], [ 121.284195570693853, 13.333340256333861 ], [ 121.284393515486414, 13.333394931560324 ], [ 121.284484883342145, 13.333400217135068 ], [ 121.28453067903213, 13.333392946512028 ], [ 121.284579181853388, 13.333376959216617 ], [ 121.284626356099565, 13.333354373634963 ], [ 121.284929276175362, 13.333170085298072 ], [ 121.28498644727884, 13.333128519255201 ], [ 121.285062473783654, 13.333055946335069 ], [ 121.285138199726674, 13.332952945985962 ], [ 121.285241388176615, 13.332755889441614 ], [ 121.284596548639186, 13.331850844930532 ] ], [ [ 121.280328715753711, 13.332787507543058 ], [ 121.280373199422655, 13.332793152324729 ], [ 121.280412960392781, 13.332815641168999 ], [ 121.280427937251858, 13.332842431820863 ], [ 121.28042922408909, 13.332890120823949 ], [ 121.280363814399365, 13.333124339139257 ], [ 121.280303761459919, 13.333291140519577 ], [ 121.280278880310718, 13.333340425633065 ], [ 121.280245651267265, 13.333388939836345 ], [ 121.280177064019682, 13.333452003330738 ], [ 121.280099373706165, 13.333496375974487 ], [ 121.279725444027562, 13.333652051251125 ], [ 121.27968613341676, 13.333663219275424 ], [ 121.279671985318345, 13.333679589662211 ], [ 121.279625334906768, 13.333707376004394 ], [ 121.279583319609685, 13.3337128573967 ], [ 121.279538259641058, 13.333692169890003 ], [ 121.279482094911728, 13.333635736267958 ], [ 121.279419558563319, 13.333537211947876 ], [ 121.279363065956417, 13.333482244866222 ], [ 121.279349852605321, 13.3334569512404 ], [ 121.27935436073605, 13.333441349468302 ], [ 121.279372314319517, 13.333426557881348 ], [ 121.279466533743729, 13.333390564907001 ], [ 121.27947325610026, 13.33334223631176 ], [ 121.279497813444905, 13.333258128276221 ], [ 121.279553164741927, 13.333147887531933 ], [ 121.279630561396075, 13.333051164324342 ], [ 121.279683164765814, 13.333003032555396 ], [ 121.279734896260564, 13.332966019707943 ], [ 121.27980532811732, 13.332929270705405 ], [ 121.279882666564603, 13.332899199536481 ], [ 121.280110919003477, 13.332827912670259 ], [ 121.280212307856175, 13.33280157728132 ], [ 121.280328715753711, 13.332787507543058 ] ] ], [ [ [ 121.283340141702141, 13.33028552352118 ], [ 121.282960949227572, 13.329845757059754 ], [ 121.282749340071163, 13.329447986149411 ], [ 121.282738789372218, 13.329454557722233 ], [ 121.28224302307801, 13.329776290861274 ], [ 121.282077812448023, 13.329858306648681 ], [ 121.281926093450522, 13.329912069476576 ], [ 121.282018240458584, 13.330293510288206 ], [ 121.282078835418019, 13.330487018026769 ], [ 121.282120938625098, 13.330589187303881 ], [ 121.282162020339328, 13.330664770294517 ], [ 121.282215554887074, 13.330737819444057 ], [ 121.282267612644517, 13.33079459874229 ], [ 121.282321608045009, 13.330839503449758 ], [ 121.282365939588018, 13.330867605385638 ], [ 121.282468945554882, 13.330910774370423 ], [ 121.282843921664394, 13.330989341514741 ], [ 121.28304271803303, 13.331022131490958 ], [ 121.283095368333463, 13.331036632308619 ], [ 121.283158330193203, 13.331063947841933 ], [ 121.283227931025507, 13.33111018772237 ], [ 121.28329111668539, 13.331168052107916 ], [ 121.283348246177468, 13.33123702733103 ], [ 121.283473994247075, 13.331416496693709 ], [ 121.283503621154537, 13.331447897997371 ], [ 121.283543497161006, 13.331476576878838 ], [ 121.283578797029492, 13.331487778059618 ], [ 121.283611723900236, 13.3314864643247 ], [ 121.283643496483862, 13.331474021461736 ], [ 121.283671486658577, 13.331452053164025 ], [ 121.283710133422673, 13.331399943439367 ], [ 121.283808288617223, 13.33121734426464 ], [ 121.283839839756055, 13.331177657066798 ], [ 121.283885996245431, 13.331136599395405 ], [ 121.283943730749115, 13.331103398222075 ], [ 121.284014029349322, 13.331080877617643 ], [ 121.284029779295906, 13.331079692354443 ], [ 121.283340141702141, 13.33028552352118 ] ] ] ] } },
{ "type": "Feature", "properties": { "fid": 15216.0, "ENR_CLCODE": "01017", "LCM_CLASS": "Perennial Crop", "AREA_HA": 4.3592720981599999, "SOURCE": "Sentinel-2 from ESA, 2022", "REMARKS": "None" }, "geometry": { "type": "MultiPolygon", "coordinates": [ [ [ [ 121.284126321020423, 13.331190866794206 ], [ 121.284029779295906, 13.331079692354443 ], [ 121.284014029349322, 13.331080877617643 ], [ 121.283943730749115, 13.331103398222075 ], [ 121.283885996245431, 13.331136599395405 ], [ 121.283839839756055, 13.331177657066798 ], [ 121.283808288617223, 13.33121734426464 ], [ 121.283710133422673, 13.331399943439367 ], [ 121.283671486658577, 13.331452053164025 ], [ 121.283643496483862, 13.331474021461736 ], [ 121.283611723900236, 13.3314864643247 ], [ 121.283578797029492, 13.331487778059618 ], [ 121.283543497161006, 13.331476576878838 ], [ 121.283503621154537, 13.331447897997371 ], [ 121.283473994247075, 13.331416496693709 ], [ 121.283348246177468, 13.33123702733103 ], [ 121.28329111668539, 13.331168052107916 ], [ 121.283227931025507, 13.33111018772237 ], [ 121.283158330193203, 13.331063947841933 ], [ 121.283095368333463, 13.331036632308619 ], [ 121.28304271803303, 13.331022131490958 ], [ 121.282843921664394, 13.330989341514741 ], [ 121.282468945554882, 13.330910774370423 ], [ 121.282365939588018, 13.330867605385638 ], [ 121.282321608045009, 13.330839503449758 ], [ 121.282267612644517, 13.33079459874229 ], [ 121.282215554887074, 13.330737819444057 ], [ 121.282162020339328, 13.330664770294517 ], [ 121.282120938625098, 13.330589187303881 ], [ 121.282078835418019, 13.330487018026769 ], [ 121.282018240458584, 13.330293510288206 ], [ 121.281926093450522, 13.329912069476576 ], [ 121.28186802238362, 13.329932801059826 ], [ 121.281463981691303, 13.330192664113115 ], [ 121.281420543696285, 13.330182060302642 ], [ 121.281414994109269, 13.33019710492278 ], [ 121.281398877522889, 13.330279310198831 ], [ 121.281384298525126, 13.330323156470929 ], [ 121.281353470619365, 13.330387585483427 ], [ 121.281324492118728, 13.330424216670981 ], [ 121.281290792658453, 13.33044832328636 ], [ 121.281257802815844, 13.330458925421036 ], [ 121.281231047661677, 13.330458897028093 ], [ 121.281152424850461, 13.330440645196816 ], [ 121.2811117700859, 13.330437361360413 ], [ 121.281060639867334, 13.330444510152848 ], [ 121.280984864349563, 13.330472852471617 ], [ 121.280935529566008, 13.33051196992367 ], [ 121.280891206813578, 13.330568762384784 ], [ 121.280854957466374, 13.330635592167715 ], [ 121.28081622344456, 13.33073622076587 ], [ 121.280825456288937, 13.330735318268626 ], [ 121.280842936597665, 13.330752444534779 ], [ 121.280997680602454, 13.330973819702907 ], [ 121.281039872546074, 13.331008539922641 ], [ 121.281065483052359, 13.331013404414248 ], [ 121.281088008463115, 13.331005446339784 ], [ 121.281168223348146, 13.330920462213946 ], [ 121.281187143396934, 13.330908610109965 ], [ 121.281211103446282, 13.330905424298251 ], [ 121.281223265766727, 13.330911180676972 ], [ 121.28123644498173, 13.330927381009728 ], [ 121.281269418934812, 13.330988880820632 ], [ 121.281299145238336, 13.331027816812234 ], [ 121.281337303889259, 13.331058602999752 ], [ 121.281366016356515, 13.331072356478698 ], [ 121.281412168328714, 13.33108102772125 ], [ 121.281460426875128, 13.33107522328033 ], [ 121.281511171447832, 13.331057400657922 ], [ 121.281630183653974, 13.330998385609508 ], [ 121.281685943969578, 13.330989395384131 ], [ 121.281724740490489, 13.330997799601139 ], [ 121.281743004506779, 13.331006991513107 ], [ 121.281776596480043, 13.331037079515653 ], [ 121.281800822805764, 13.331079894532063 ], [ 121.281808551446233, 13.331128655993078 ], [ 121.281856794786677, 13.331091945195251 ], [ 121.281898123186352, 13.331071197678671 ], [ 121.28194011146401, 13.331063733462582 ], [ 121.281978180153757, 13.331075464373768 ], [ 121.282003608169248, 13.331094090828937 ], [ 121.282032148001065, 13.331125554483608 ], [ 121.282154728338398, 13.33131279966082 ], [ 121.282164840073293, 13.331355994094013 ], [ 121.282163133077859, 13.33140367452023 ], [ 121.282150129141471, 13.331444347203329 ], [ 121.282130970762012, 13.331467808026529 ], [ 121.282104704853012, 13.331479468330189 ], [ 121.282066867229901, 13.331481998525907 ], [ 121.28200793934198, 13.331473504423712 ], [ 121.281944700153716, 13.331454975996461 ], [ 121.281956673050743, 13.33152908475286 ], [ 121.281977761764168, 13.331612028520388 ], [ 121.282013070266345, 13.331720899933272 ], [ 121.282052618632477, 13.331820993733986 ], [ 121.28210386033092, 13.331923227899576 ], [ 121.282144242589695, 13.331984101923537 ], [ 121.282186304776886, 13.332032089983734 ], [ 121.282241550441725, 13.332075134928971 ], [ 121.282284461260417, 13.332095483745592 ], [ 121.28233023165744, 13.332108796358559 ], [ 121.282594240235909, 13.332167342378064 ], [ 121.282669808552043, 13.332177133588662 ], [ 121.282742095948677, 13.332174240088573 ], [ 121.282791331538206, 13.332164622284216 ], [ 121.282835081575371, 13.332149543021798 ], [ 121.282864065052436, 13.332132523972239 ], [ 121.282883682488318, 13.332113444583037 ], [ 121.282903852855938, 13.332072225826238 ], [ 121.282919316990188, 13.33197160315072 ], [ 121.282928833021018, 13.331953156488607 ], [ 121.282943574202889, 13.331939534981064 ], [ 121.282975867624572, 13.331928240059334 ], [ 121.283011322996941, 13.331926623627298 ], [ 121.283075420035033, 13.331935888405539 ], [ 121.283127274554658, 13.331950696569612 ], [ 121.2832241504249, 13.331991393121871 ], [ 121.283326207533818, 13.332048065596183 ], [ 121.283406343986016, 13.332104335964603 ], [ 121.283477617202735, 13.332166398665104 ], [ 121.283603783420403, 13.332306862322341 ], [ 121.2836763865823, 13.332409075110434 ], [ 121.283762325179552, 13.332550425005792 ], [ 121.283793861149277, 13.332588847009911 ], [ 121.283816049680539, 13.33260160955669 ], [ 121.283826086524499, 13.332598235802426 ], [ 121.283832800150591, 13.332588918179789 ], [ 121.283839154977827, 13.332561458248103 ], [ 121.283838745350593, 13.332525739741225 ], [ 121.28382965306605, 13.332477618011589 ], [ 121.283806768478144, 13.332416414778965 ], [ 121.283731060401408, 13.332264809454751 ], [ 121.283686364074086, 13.332162562165617 ], [ 121.28365902104747, 13.332081995643479 ], [ 121.283646566786018, 13.332009571171666 ], [ 121.283649890669921, 13.331961626010473 ], [ 121.283666109618665, 13.33191504384528 ], [ 121.283698074493529, 13.331869741907544 ], [ 121.283759320696547, 13.331821384080261 ], [ 121.283817738282309, 13.331794064596041 ], [ 121.283887412626726, 13.33177643610248 ], [ 121.283948164711788, 13.331771234005036 ], [ 121.284028395479339, 13.331775249985881 ], [ 121.284308861223835, 13.331826052261107 ], [ 121.284569749368714, 13.331847084096012 ], [ 121.284596548639186, 13.331850844930532 ], [ 121.284126321020423, 13.331190866794206 ] ], [ [ 121.282310382322152, 13.331583612381783 ], [ 121.282357379602914, 13.331621093891131 ], [ 121.282393996038522, 13.331681308652326 ], [ 121.282400707295864, 13.331704347053824 ], [ 121.282400759233425, 13.331735159588611 ], [ 121.282388569796311, 13.331766276638898 ], [ 121.282365674134397, 13.331798584496743 ], [ 121.282343051483224, 13.331819856995917 ], [ 121.282324322697491, 13.331827251671275 ], [ 121.28227461115803, 13.331829153392354 ], [ 121.282210241155099, 13.331814789613176 ], [ 121.282161048317747, 13.331791449625058 ], [ 121.282123813888973, 13.33175655809919 ], [ 121.282103077344971, 13.331719213585128 ], [ 121.282096530844271, 13.331677895438133 ], [ 121.282110921800864, 13.331628285645019 ], [ 121.282138381323691, 13.331595783787607 ], [ 121.282180837945234, 13.331573573302277 ], [ 121.282248273021793, 13.33156675122224 ], [ 121.282310382322152, 13.331583612381783 ] ] ] ] } },
{ "type": "Feature", "properties": { "fid": 13200.0, "ENR_CLCODE": "01021", "LCM_CLASS": "Inland Water", "AREA_HA": 0.053120872551800001, "SOURCE": "Sentinel-2 from ESA, 2022", "REMARKS": "None" }, "geometry": { "type": "MultiPolygon", "coordinates": [ [ [ [ 121.288142012851807, 13.338514049544086 ], [ 121.288113859985984, 13.338511434443117 ], [ 121.28805857674827, 13.338511590135301 ], [ 121.288032337515162, 13.33851378216352 ], [ 121.287987171114878, 13.338520036206129 ], [ 121.287923845195195, 13.338532094709262 ], [ 121.288056309628658, 13.338549327878148 ], [ 121.28816891635752, 13.338579648235907 ], [ 121.288245653286253, 13.338619011760725 ], [ 121.288283663112594, 13.338648424931518 ], [ 121.288321133130779, 13.338688519163725 ], [ 121.288352043662329, 13.338736753520596 ], [ 121.288379786476256, 13.338810811847656 ], [ 121.288388421268024, 13.338857199496363 ], [ 121.288391946161696, 13.338908404509448 ], [ 121.28838301435087, 13.339018248124445 ], [ 121.288343521910065, 13.339174610429255 ], [ 121.2883172013169, 13.339249780023492 ], [ 121.288329801630354, 13.339223704558798 ], [ 121.288365292575293, 13.339144244974438 ], [ 121.288395173456991, 13.339065925096142 ], [ 121.288407387455862, 13.339027382546364 ], [ 121.288422144516531, 13.338968726095626 ], [ 121.28843163775673, 13.338909370509029 ], [ 121.288434735163207, 13.338851194503297 ], [ 121.288431040167495, 13.338796500276166 ], [ 121.288421174602661, 13.33874741976962 ], [ 121.288406720716821, 13.338705499397511 ], [ 121.288389872131049, 13.338671457248076 ], [ 121.288372786356078, 13.338644982553333 ], [ 121.288350468382561, 13.338617647143355 ], [ 121.288328090025288, 13.338595719216727 ], [ 121.288303640775538, 13.338576212291024 ], [ 121.288281534338537, 13.338561649184175 ], [ 121.288235094313222, 13.338538375831424 ], [ 121.28818833514886, 13.338522902570219 ], [ 121.288142012851807, 13.338514049544086 ] ] ] ] } },
{ "type": "Feature", "properties": { "fid": 13454.0, "ENR_CLCODE": "01017", "LCM_CLASS": "Perennial Crop", "AREA_HA": 0.80437131237000004, "SOURCE": "Sentinel-2 from ESA, 2022", "REMARKS": "None" }, "geometry": { "type": "MultiPolygon", "coordinates": [ [ [ [ 121.290706187989386, 13.339498725002327 ], [ 121.290718166543797, 13.3394811913445 ], [ 121.29069898543986, 13.339493494301408 ], [ 121.290629986352172, 13.339518216340412 ], [ 121.290418390249926, 13.339565739227783 ], [ 121.290336621734852, 13.339590185790213 ], [ 121.290289200518899, 13.339611674272163 ], [ 121.290246998187897, 13.339638656608344 ], [ 121.290213291964832, 13.339669509037996 ], [ 121.290174429991396, 13.339727089445747 ], [ 121.29015305165801, 13.339804511780954 ], [ 121.290147754105448, 13.339928930773212 ], [ 121.290159068368553, 13.340139508700799 ], [ 121.290156782222297, 13.340235512106807 ], [ 121.290149563328384, 13.340289041441348 ], [ 121.290132034123531, 13.340353909673832 ], [ 121.290104277109307, 13.340413863837645 ], [ 121.29007108780192, 13.340461028392177 ], [ 121.29003049393809, 13.340502808095685 ], [ 121.289982338820991, 13.340539824654401 ], [ 121.289929294002192, 13.340571392042927 ], [ 121.289701815267989, 13.340675411910382 ], [ 121.289653931028596, 13.340704650561657 ], [ 121.289612250386583, 13.340738103535806 ], [ 121.289561609263828, 13.340801912149482 ], [ 121.289541095877311, 13.34085420433834 ], [ 121.289534906031975, 13.340899503577285 ], [ 121.289543622936691, 13.340974666695557 ], [ 121.289579833259268, 13.341074619656039 ], [ 121.289593227592377, 13.341122051886574 ], [ 121.289595995888803, 13.341154828958059 ], [ 121.289591543373803, 13.341192663099639 ], [ 121.289551275161202, 13.341316070426775 ], [ 121.289551903488103, 13.341350590132942 ], [ 121.289560100494612, 13.341370145020491 ], [ 121.289586421256331, 13.341395253218629 ], [ 121.2896228997609, 13.341410115203196 ], [ 121.289668528655085, 13.341417646378003 ], [ 121.289749819272203, 13.341417296045483 ], [ 121.289827077861219, 13.341408863014264 ], [ 121.289929930926235, 13.341389857172389 ], [ 121.290360840630925, 13.341282237531011 ], [ 121.290616068751973, 13.341203955848712 ], [ 121.290418551251847, 13.341191265401132 ], [ 121.290386510561206, 13.341188586219442 ], [ 121.290355627627122, 13.341186003455768 ], [ 121.290295427945367, 13.341178651200309 ], [ 121.290226428862212, 13.341165144479696 ], [ 121.290196243489703, 13.341156459827225 ], [ 121.290154922985678, 13.341140108978381 ], [ 121.290119300616311, 13.341119301742847 ], [ 121.290090767259088, 13.341094062007508 ], [ 121.290062045476546, 13.341050026673177 ], [ 121.290044830326934, 13.340997787966037 ], [ 121.290037410845102, 13.340939642799167 ], [ 121.290038719298636, 13.340877515524904 ], [ 121.290045440476831, 13.340827287404077 ], [ 121.290056898618758, 13.340776296864671 ], [ 121.290073001705991, 13.340725156111136 ], [ 121.290102957505255, 13.340653832517368 ], [ 121.290138768847868, 13.34058294267377 ], [ 121.290150540264605, 13.340561295009902 ], [ 121.290213601974102, 13.340445326275649 ], [ 121.290247760228283, 13.340377679169597 ], [ 121.290277734585729, 13.340308548474948 ], [ 121.290300159277649, 13.340243859813715 ], [ 121.290342062931416, 13.340092690833032 ], [ 121.290356648673409, 13.340040073680832 ], [ 121.290379731203117, 13.339969277442133 ], [ 121.290408360338418, 13.339900441311977 ], [ 121.290442696237321, 13.339834021023117 ], [ 121.290482529443892, 13.339770658715134 ], [ 121.290525720418515, 13.339712954813784 ], [ 121.290571829769874, 13.339657775310108 ], [ 121.290628069404775, 13.339593079676025 ], [ 121.290664287855989, 13.33955141483753 ], [ 121.290706187989386, 13.339498725002327 ] ] ] ] } },
{ "type": "Feature", "properties": { "fid": 13202.0, "ENR_CLCODE": "01021", "LCM_CLASS": "Inland Water", "AREA_HA": 0.13721112258900001, "SOURCE": "Sentinel-2 from ESA, 2022", "REMARKS": "None" }, "geometry": { "type": "MultiPolygon", "coordinates": [ [ [ [ 121.289934582822042, 13.339210560179126 ], [ 121.290213850305946, 13.339192811478268 ], [ 121.290444515757869, 13.339205485051245 ], [ 121.290589088913521, 13.339220180424748 ], [ 121.290624600585303, 13.339228269262211 ], [ 121.290658291563574, 13.339240472871708 ], [ 121.290702120365864, 13.339267583177643 ], [ 121.290721730136596, 13.339288688631207 ], [ 121.290739619250729, 13.33932314084092 ], [ 121.29074814177892, 13.339368630150174 ], [ 121.290744864602985, 13.33941613023204 ], [ 121.290735218155106, 13.339451766274554 ], [ 121.290718166543797, 13.3394811913445 ], [ 121.29073871093199, 13.339451119247338 ], [ 121.29076484858706, 13.339403458501563 ], [ 121.290782891135166, 13.339356182225332 ], [ 121.290791282722651, 13.339300997655307 ], [ 121.290783033002683, 13.339249552735973 ], [ 121.290753131003981, 13.339199981377936 ], [ 121.290705375995657, 13.339157775952291 ], [ 121.290644142694305, 13.33912314413617 ], [ 121.290586519921746, 13.339100863838851 ], [ 121.290523813279435, 13.33908364245295 ], [ 121.290457438672448, 13.339071225630734 ], [ 121.290388552169574, 13.339063685373482 ], [ 121.290316617904793, 13.339061222325828 ], [ 121.290244041594491, 13.33906380035342 ], [ 121.290171723942692, 13.339071315282782 ], [ 121.290100547440375, 13.339084019849667 ], [ 121.290031447353783, 13.339102535930245 ], [ 121.289969504634101, 13.339125748212126 ], [ 121.28991085256456, 13.339154449419159 ], [ 121.289856217862507, 13.339188469124196 ], [ 121.289806519925023, 13.339227931966166 ], [ 121.289760654658792, 13.339275337823196 ], [ 121.289721458950183, 13.339328023209514 ], [ 121.289689226947061, 13.339385116975926 ], [ 121.289664605355512, 13.33944601610157 ], [ 121.289647721698486, 13.339511092946653 ], [ 121.289636674275883, 13.33957868053308 ], [ 121.289636581573859, 13.339579520510753 ], [ 121.289644130379386, 13.339537965287201 ], [ 121.289685352026552, 13.33941358997086 ], [ 121.289714264786312, 13.339358711717386 ], [ 121.289757940081756, 13.339299883200287 ], [ 121.289790666917483, 13.33926825047714 ], [ 121.289836689759156, 13.339237082028999 ], [ 121.289878336707915, 13.339220243825796 ], [ 121.289934582822042, 13.339210560179126 ] ] ] ] } },
{ "type": "Feature", "properties": { "fid": 13198.0, "ENR_CLCODE": "01021", "LCM_CLASS": "Inland Water", "AREA_HA": 0.051523738982000002, "SOURCE": "Sentinel-2 from ESA, 2022", "REMARKS": "None" }, "geometry": { "type": "MultiPolygon", "coordinates": [ [ [ [ 121.290160520824131, 13.338087160891471 ], [ 121.290219620722894, 13.338066498999694 ], [ 121.290280186985214, 13.338042749435193 ], [ 121.290438270294842, 13.337974932742519 ], [ 121.290201110609331, 13.338050465394824 ], [ 121.290078389794601, 13.338072439961209 ], [ 121.290037680547471, 13.338074427540409 ], [ 121.289968898904206, 13.338067505260605 ], [ 121.289943005050731, 13.338059618889094 ], [ 121.289908566666071, 13.338040481923166 ], [ 121.289879007961503, 13.338002333310937 ], [ 121.289872489486314, 13.337977758827646 ], [ 121.289872568194326, 13.33794714774556 ], [ 121.289890186753041, 13.337888681372977 ], [ 121.28992557292527, 13.337827739412704 ], [ 121.2899599989276, 13.337782112567899 ], [ 121.290048998435879, 13.337685331623161 ], [ 121.289961569844451, 13.337756384394625 ], [ 121.28991065551908, 13.337800703725483 ], [ 121.289868713145268, 13.337841628294886 ], [ 121.289836164190874, 13.337878818393536 ], [ 121.289812342964083, 13.337912169185914 ], [ 121.289795828603317, 13.337942245915961 ], [ 121.289785706235605, 13.337968676317683 ], [ 121.289780726765841, 13.337991360638901 ], [ 121.28977955332968, 13.338007597173331 ], [ 121.2897804834016, 13.338022542758502 ], [ 121.289783278471219, 13.338036249107457 ], [ 121.289787754871554, 13.338048844230437 ], [ 121.289793963467901, 13.338060706292664 ], [ 121.289803705200143, 13.338073914661406 ], [ 121.289818005280864, 13.338087595904684 ], [ 121.289838358772329, 13.338101004507951 ], [ 121.289865761394708, 13.338112738069986 ], [ 121.289900353382706, 13.338121238349979 ], [ 121.289941296937911, 13.338125283051008 ], [ 121.289986985303884, 13.338124311729016 ], [ 121.290035464150179, 13.338118489207764 ], [ 121.290084982150901, 13.3381085122634 ], [ 121.290122403960254, 13.338098751662308 ], [ 121.290160520824131, 13.338087160891471 ] ] ] ] } },
{ "type": "Feature", "properties": { "fid": 13203.0, "ENR_CLCODE": "01021", "LCM_CLASS": "Inland Water", "AREA_HA": 0.039414793947400002, "SOURCE": "Sentinel-2 from ESA, 2022", "REMARKS": "None" }, "geometry": { "type": "MultiPolygon", "coordinates": [ [ [ [ 121.291536858115535, 13.341547335684055 ], [ 121.291502729019641, 13.341519080835365 ], [ 121.291623208471108, 13.341841024265989 ], [ 121.291705113246991, 13.34199261031493 ], [ 121.29171236541508, 13.34196205590303 ], [ 121.291718279718495, 13.341922920057394 ], [ 121.291720239144169, 13.34188411447499 ], [ 121.291718243717852, 13.341846551169134 ], [ 121.291712681231829, 13.341811261377726 ], [ 121.291704342659386, 13.341779173313689 ], [ 121.291694293806202, 13.341750987465019 ], [ 121.291683577397166, 13.341726881722094 ], [ 121.29165613557241, 13.341678916996576 ], [ 121.291621355904766, 13.341632324401928 ], [ 121.291569124092732, 13.341576692399306 ], [ 121.291536858115535, 13.341547335684055 ] ] ] ] } }
]
}
