{
"type": "FeatureCollection",
"name": "pola_marineresource",
"crs": { "type": "name", "properties": { "name": "urn:ogc:def:crs:OGC:1.3:CRS84" } },
"features": [
{ "type": "Feature", "properties": { "Class_name": "Corals", "ID": 1, "Province": "Oriental Mindoro", "Region": "R4B", "Class_Code": "C", "Area": 122.354953665, "Area (Ha)": 122.958, "Area_3(ha)": 49.353 }, "geometry": { "type": "MultiPolygon", "coordinates": [ [ [ [ 121.55682178020696, 13.120363001900412 ], [ 121.556815660999746, 13.12036981514745 ], [ 121.556817247643465, 13.120380500274264 ], [ 121.556814312505807, 13.120398547374847 ], [ 121.556809104885531, 13.120409530398391 ], [ 121.556803231433676, 13.120415417941732 ], [ 121.556789124370468, 13.120420331739581 ], [ 121.556562657855125, 13.120543610152948 ], [ 121.556503850717959, 13.120606685283839 ], [ 121.556431679815276, 13.120674857844371 ], [ 121.556350789035378, 13.120744785701406 ], [ 121.556264931180181, 13.120815113177523 ], [ 121.556182785637986, 13.120880389703775 ], [ 121.556102762779176, 13.12094123420624 ], [ 121.556032362879336, 13.120991060325371 ], [ 121.555967213092487, 13.121033340548101 ], [ 121.555898490126211, 13.12107530589382 ], [ 121.555828625379789, 13.121115401185268 ], [ 121.555763709680846, 13.121150217591911 ], [ 121.555697826247496, 13.121183177580777 ], [ 121.555630968530977, 13.121214120128752 ], [ 121.555553366203952, 13.121246857055963 ], [ 121.555474777822425, 13.121277231342729 ], [ 121.555395484744608, 13.121305658966277 ], [ 121.555315692969913, 13.121332340631175 ], [ 121.555176790796551, 13.121373928537011 ], [ 121.555106868403058, 13.121391721955188 ], [ 121.555036551345651, 13.121406721590418 ], [ 121.554966931153984, 13.121418170008535 ], [ 121.554897027446728, 13.121426314632405 ], [ 121.554827007005002, 13.121431138226241 ], [ 121.5547608237394, 13.121432554770255 ], [ 121.554694845464212, 13.121431041454334 ], [ 121.554629245589254, 13.121426675701997 ], [ 121.554554829938638, 13.121418156399473 ], [ 121.554481448376407, 13.121405903830407 ], [ 121.554318798420312, 13.121369635475149 ], [ 121.554237264675535, 13.121354439947257 ], [ 121.554200867810309, 13.121349809657763 ], [ 121.554135873601567, 13.121344977628242 ], [ 121.554070206444109, 13.121343850246372 ], [ 121.553996740302438, 13.121346150340488 ], [ 121.553922758972661, 13.121351250272484 ], [ 121.553780587325306, 13.121365702212552 ], [ 121.55344717810128, 13.121406183173121 ], [ 121.55330569431645, 13.121424788985557 ], [ 121.552920269756669, 13.12147928398505 ], [ 121.552569509517056, 13.121520312245226 ], [ 121.552394533247778, 13.121542526318086 ], [ 121.552237909978487, 13.121567225638735 ], [ 121.552082593257978, 13.121597110876063 ], [ 121.552005054364926, 13.121614490891751 ], [ 121.551928127819735, 13.121633678554838 ], [ 121.551851965003209, 13.121654956316648 ], [ 121.551776773196863, 13.121678760739989 ], [ 121.551702825533937, 13.121705702562107 ], [ 121.551635314510705, 13.121734042752381 ], [ 121.551568889390779, 13.12176504362956 ], [ 121.551438394856916, 13.121832690199376 ], [ 121.551102614160868, 13.122021481994617 ], [ 121.550975475057015, 13.122087335903489 ], [ 121.550910783423902, 13.122117810624651 ], [ 121.550842999238952, 13.122147173513488 ], [ 121.550568656176708, 13.122257368021257 ], [ 121.55048599687764, 13.122293971741986 ], [ 121.550404848042959, 13.122333378245953 ], [ 121.550325612555753, 13.122376003957427 ], [ 121.550248865326267, 13.122422542867611 ], [ 121.550191687304547, 13.122461570205655 ], [ 121.550136102350152, 13.122502967626991 ], [ 121.550081838731188, 13.122546292596999 ], [ 121.550028695532177, 13.122591204115688 ], [ 121.549967576902134, 13.122645466957866 ], [ 121.549793709694455, 13.122807174164324 ], [ 121.549575155603449, 13.123013691131819 ], [ 121.549461991535125, 13.123126230749191 ], [ 121.549408045080469, 13.123184188897497 ], [ 121.549350163182581, 13.123252013070624 ], [ 121.549296567365772, 13.123322378923362 ], [ 121.54924834964028, 13.123395705087635 ], [ 121.549211993394408, 13.123461413713034 ], [ 121.549179869127585, 13.12352910149675 ], [ 121.549151351784786, 13.123598191276857 ], [ 121.549078130494564, 13.123805532940853 ], [ 121.549032145645015, 13.123931259435812 ], [ 121.54901445176489, 13.123985282333596 ], [ 121.548998569369544, 13.12403979260608 ], [ 121.548950251702038, 13.124226390830817 ], [ 121.54893052696147, 13.124287295339293 ], [ 121.548908272863784, 13.1243426971456 ], [ 121.548882914387164, 13.124397360433651 ], [ 121.548741435887493, 13.12466886193617 ], [ 121.548632611405992, 13.124887059354837 ], [ 121.54857604484485, 13.12498981811021 ], [ 121.548507849227846, 13.125099015382444 ], [ 121.548435322678898, 13.125205062323307 ], [ 121.548324901230131, 13.125361865574682 ], [ 121.548242804459846, 13.12548731373489 ], [ 121.548191624756527, 13.125574307935029 ], [ 121.548075891259586, 13.125790553209773 ], [ 121.548016858283404, 13.125891915913117 ], [ 121.54799355122303, 13.125928263772055 ], [ 121.547944951148807, 13.125998359451266 ], [ 121.547893193683123, 13.126066418524413 ], [ 121.54782502743501, 13.126148168906267 ], [ 121.547782527817404, 13.126195962676949 ], [ 121.547650029367503, 13.126335927492395 ], [ 121.547378483972906, 13.126611203943893 ], [ 121.547290630125005, 13.126705139872389 ], [ 121.547205992231554, 13.1268018867008 ], [ 121.547125736284258, 13.12690227935394 ], [ 121.547087364969997, 13.126954073283969 ], [ 121.547026521475217, 13.127041917699664 ], [ 121.546900675914941, 13.127231588132043 ], [ 121.546825561019929, 13.127339004319145 ], [ 121.546785855166249, 13.127392417070276 ], [ 121.546745100114393, 13.127443791444886 ], [ 121.546703512655867, 13.127492245452242 ], [ 121.546633058700436, 13.127566408523396 ], [ 121.54643621697484, 13.127755704399418 ], [ 121.546226146581745, 13.127962415061347 ], [ 121.546149710921839, 13.128031183806344 ], [ 121.546082547192469, 13.128084780058849 ], [ 121.546010401329156, 13.128136501452474 ], [ 121.545880459380456, 13.128220641886788 ], [ 121.545462297736876, 13.128270394809281 ], [ 121.545254046390454, 13.128416523074288 ], [ 121.545048383934301, 13.128530175062908 ], [ 121.544861849608012, 13.12871091036202 ], [ 121.5446945559396, 13.128939593833115 ], [ 121.544527712642392, 13.129091736501827 ], [ 121.544351333216028, 13.129205553488237 ], [ 121.544174671878963, 13.1293672082382 ], [ 121.54399801031245, 13.129528862840592 ], [ 121.543811474467262, 13.129709597204952 ], [ 121.543663983640883, 13.129890552423614 ], [ 121.543477503657201, 13.130061718909708 ], [ 121.54329113619535, 13.130213750079212 ], [ 121.543056074610746, 13.13034636954543 ], [ 121.54283037927361, 13.130546017074657 ], [ 121.542595204315575, 13.130697771202916 ], [ 121.542204711683112, 13.130823208421258 ], [ 121.542174337601566, 13.130886744451544 ], [ 121.542007547927554, 13.131029317592702 ], [ 121.541850575878613, 13.13116237836358 ], [ 121.541732762051467, 13.131276525219084 ], [ 121.541536744206297, 13.131409364425151 ], [ 121.541252704336443, 13.131570407998025 ], [ 121.54110543645848, 13.131713091148667 ], [ 121.540938871583066, 13.131817393205461 ], [ 121.540852427722811, 13.132053249249658 ], [ 121.540746549534674, 13.132128289117244 ], [ 121.540406598719827, 13.132384308189589 ], [ 121.540155279202239, 13.132570954324432 ], [ 121.540075455694577, 13.132634600941831 ], [ 121.54003214847404, 13.13267283940929 ], [ 121.540022031947103, 13.132684607962027 ], [ 121.540011281712808, 13.132698127727364 ], [ 121.539924906003876, 13.132784534181125 ], [ 121.539777605817818, 13.132923184124962 ], [ 121.539690227949251, 13.133001618987711 ], [ 121.539445784679245, 13.133211879914471 ], [ 121.539375963527405, 13.133274949588806 ], [ 121.539317538998546, 13.133332512611826 ], [ 121.539262443297829, 13.133391512165678 ], [ 121.539209541377176, 13.133452427242592 ], [ 121.539158813854129, 13.133515062050851 ], [ 121.539113465912507, 13.133575028962856 ], [ 121.539070011483815, 13.133636205451962 ], [ 121.539028453086217, 13.133698442897531 ], [ 121.538988945802473, 13.13376168365474 ], [ 121.538950593780399, 13.133828093665656 ], [ 121.538915178522757, 13.133895646364108 ], [ 121.538883321659171, 13.133964476679564 ], [ 121.53885587430716, 13.134034812984838 ], [ 121.538830156298744, 13.134117956640141 ], [ 121.538745572323378, 13.134453187630225 ], [ 121.538708305703693, 13.134614338543182 ], [ 121.538675753877683, 13.134768377498306 ], [ 121.538632644508581, 13.135000114245761 ], [ 121.538595209688665, 13.13524651219323 ], [ 121.538580892775343, 13.135329977899547 ], [ 121.538562963534417, 13.135412081905498 ], [ 121.538544817256721, 13.135476491243562 ], [ 121.538523153855749, 13.135539508567174 ], [ 121.538497963135953, 13.135600925596817 ], [ 121.538469063881436, 13.135660458397284 ], [ 121.538410836705665, 13.13576079787666 ], [ 121.538321551734612, 13.135899063675769 ], [ 121.53822691425421, 13.136036506544036 ], [ 121.538177186230655, 13.136103991006358 ], [ 121.538125261255374, 13.136170013703211 ], [ 121.538073290809166, 13.136231201602039 ], [ 121.538019173663074, 13.136290734639337 ], [ 121.537820163113224, 13.136496326727617 ], [ 121.537759370293401, 13.136561901688836 ], [ 121.537700059357462, 13.136628294161095 ], [ 121.537583753434632, 13.136762967892704 ], [ 121.53746878241671, 13.136899122561063 ], [ 121.537412863620617, 13.136967984314779 ], [ 121.537358873428971, 13.137037878305804 ], [ 121.537307684874136, 13.137109303586785 ], [ 121.537260401929601, 13.137182888897167 ], [ 121.537223558635375, 13.137248314636587 ], [ 121.537191816254406, 13.137310707596255 ], [ 121.537073137349708, 13.137559079872892 ], [ 121.536915959150619, 13.137864252055342 ], [ 121.536877790938519, 13.137941323842501 ], [ 121.536819574934867, 13.138066117224829 ], [ 121.536731167446305, 13.138262540286247 ], [ 121.536664492838383, 13.138402745850909 ], [ 121.536597461486224, 13.138529494474358 ], [ 121.536454434027391, 13.138783212843043 ], [ 121.536387312123267, 13.138905719086418 ], [ 121.536282703050517, 13.139103077035141 ], [ 121.536218784008767, 13.139232561029855 ], [ 121.536191861504079, 13.139292904454445 ], [ 121.536167232202274, 13.139353890605333 ], [ 121.536138968779696, 13.139434918421188 ], [ 121.536114470592807, 13.139516616384997 ], [ 121.536072133065645, 13.139671464655258 ], [ 121.53605701136145, 13.13971952695303 ], [ 121.536035574341227, 13.139776286716311 ], [ 121.536010293813632, 13.139831340266964 ], [ 121.535980893901822, 13.139884301625292 ], [ 121.535944153529002, 13.139938911370757 ], [ 121.535902847028538, 13.139990731775187 ], [ 121.535857537047576, 13.140039850742603 ], [ 121.535810634925753, 13.140084647660622 ], [ 121.535761226177115, 13.140127602631651 ], [ 121.535710044370859, 13.14016932476909 ], [ 121.535524926642225, 13.140313865325213 ], [ 121.535471480353422, 13.140357434253195 ], [ 121.535227038032062, 13.140568554730212 ], [ 121.535140801067925, 13.140636785954877 ], [ 121.535071789718017, 13.14068835048057 ], [ 121.534965105423922, 13.140762656179957 ], [ 121.534892571546905, 13.140809060580299 ], [ 121.534797195896459, 13.140863811200065 ], [ 121.534735853080278, 13.140895270565993 ], [ 121.534673489898353, 13.140924724569691 ], [ 121.534610817550117, 13.140952068503903 ], [ 121.534548717799652, 13.140976968422184 ], [ 121.534485086605756, 13.140999951746227 ], [ 121.534423258447447, 13.141019625333442 ], [ 121.534356963271236, 13.141037947642626 ], [ 121.534286803042022, 13.141054701738215 ], [ 121.534213705063422, 13.141070008314722 ], [ 121.533988518916956, 13.141112663481234 ], [ 121.533914350153552, 13.141128475170696 ], [ 121.533843684401276, 13.141146011812102 ], [ 121.533771591908319, 13.141167416917003 ], [ 121.53369870857081, 13.141193537491528 ], [ 121.533620557110297, 13.14122714135129 ], [ 121.533545394714821, 13.141265039231593 ], [ 121.533490172791858, 13.141296435384806 ], [ 121.533437216087748, 13.141329692758088 ], [ 121.533392794130847, 13.141360399154262 ], [ 121.533356668765848, 13.141387625520949 ], [ 121.53330624042232, 13.141429463272202 ], [ 121.533233573834252, 13.141492893689264 ], [ 121.533205886773089, 13.141514405231611 ], [ 121.533177454749207, 13.141533539217949 ], [ 121.53313533935443, 13.141556538969269 ], [ 121.533078305582947, 13.141580710520811 ], [ 121.533017883970842, 13.1416011766838 ], [ 121.532832941519118, 13.141654525877756 ], [ 121.532775933260822, 13.141672809424742 ], [ 121.532708526775494, 13.141697286069029 ], [ 121.532642504324713, 13.141724649948891 ], [ 121.532576860114659, 13.141754310125256 ], [ 121.532378683905577, 13.141846733548173 ], [ 121.532249916016227, 13.141900557697806 ], [ 121.532045620496291, 13.141982135012334 ], [ 121.531966012273472, 13.142016028149573 ], [ 121.531693750966724, 13.142139965735083 ], [ 121.53161642336363, 13.142174274328026 ], [ 121.531538324076109, 13.142206682160007 ], [ 121.531463698812246, 13.142234841478038 ], [ 121.53138828388839, 13.142261133559122 ], [ 121.530846994097843, 13.142439009883727 ], [ 121.530695850130201, 13.142486042988221 ], [ 121.530577481704256, 13.142519901850937 ], [ 121.530518034651621, 13.142535451288852 ], [ 121.530443416456933, 13.142553131641414 ], [ 121.530368377017737, 13.142568296245932 ], [ 121.530286598314916, 13.142581229866639 ], [ 121.530204362983213, 13.142590545011247 ], [ 121.530117006601202, 13.142596415721727 ], [ 121.530029432643261, 13.142597841108463 ], [ 121.529941772853974, 13.142594427080784 ], [ 121.529854152516023, 13.142586664870029 ], [ 121.529776282991733, 13.142576481844122 ], [ 121.529698654070231, 13.142563397906512 ], [ 121.529613724094176, 13.142545874743147 ], [ 121.529456469502506, 13.14250717459236 ], [ 121.529308592240795, 13.142464800140374 ], [ 121.52924223376759, 13.142443373910172 ], [ 121.528953021639225, 13.142343974176864 ], [ 121.52887748218663, 13.142322862273861 ], [ 121.528803878004581, 13.142309504107176 ], [ 121.52878023801351, 13.142307422643198 ], [ 121.528736626907033, 13.14230715351186 ], [ 121.528714987451821, 13.142308854933702 ], [ 121.528652179197195, 13.142321036554074 ], [ 121.528595047175457, 13.14234394756545 ], [ 121.528545942550295, 13.1423785148931 ], [ 121.528507185928504, 13.142424810782977 ], [ 121.528476589668728, 13.142480990645765 ], [ 121.528452203790764, 13.142544573586745 ], [ 121.528432495000999, 13.142613615633262 ], [ 121.528415990283676, 13.142688023548526 ], [ 121.528402156797014, 13.142765278465061 ], [ 121.528379739622594, 13.142924585055365 ], [ 121.528360501618508, 13.143086878033479 ], [ 121.528349460680758, 13.143167605050261 ], [ 121.528334932717939, 13.143246523743887 ], [ 121.528314609891254, 13.143322673499092 ], [ 121.528287951294487, 13.143391782914849 ], [ 121.528254376082941, 13.143456925205784 ], [ 121.52821426019473, 13.143517434885352 ], [ 121.528167544517331, 13.143572313001966 ], [ 121.528108702542795, 13.143624724006951 ], [ 121.528042938695208, 13.14366893787833 ], [ 121.527971278836503, 13.143704519552134 ], [ 121.52789448028355, 13.143731055763169 ], [ 121.527813800250769, 13.143750288225936 ], [ 121.527730373304664, 13.143764074881357 ], [ 121.527648764874428, 13.14377351030288 ], [ 121.527482497235084, 13.143786114378836 ], [ 121.527227968384608, 13.143800974908206 ], [ 121.527142682448172, 13.143804336265786 ], [ 121.527057491265609, 13.143805422395619 ], [ 121.526970064300585, 13.143803150186759 ], [ 121.526882921067966, 13.143797098358368 ], [ 121.526821906807683, 13.143790539110316 ], [ 121.52646629939558, 13.143742284690489 ], [ 121.526327293229897, 13.143725575610965 ], [ 121.526188028412093, 13.143711481815432 ], [ 121.526041697140627, 13.143700663086292 ], [ 121.525968164976675, 13.143697160562731 ], [ 121.52588749931634, 13.143696051564602 ], [ 121.525798764290087, 13.14369777404052 ], [ 121.525704747963999, 13.143702351391516 ], [ 121.525599841861634, 13.143710435581747 ], [ 121.52549552602153, 13.143721148746286 ], [ 121.525395333235579, 13.143733756877023 ], [ 121.52530278862622, 13.14374750793027 ], [ 121.525221401662492, 13.143761582205205 ], [ 121.52511367908258, 13.143784098466599 ], [ 121.525073722914954, 13.143794897986794 ], [ 121.525016557010957, 13.143808748412223 ], [ 121.52495928263977, 13.143825095159043 ], [ 121.524892652901954, 13.143847553298905 ], [ 121.52485848299284, 13.143860640374914 ], [ 121.524797554604802, 13.143886407779373 ], [ 121.524623366755748, 13.143965599777074 ], [ 121.524549289967197, 13.143997041654169 ], [ 121.524473742271752, 13.144025698751843 ], [ 121.524318988326527, 13.1440772951205 ], [ 121.524268148916377, 13.144096170310606 ], [ 121.524217761992773, 13.144117958133323 ], [ 121.524144156702903, 13.144154596442126 ], [ 121.52407354756464, 13.144195897994553 ], [ 121.524051157428431, 13.144211235996993 ], [ 121.524005077494934, 13.144248187300889 ], [ 121.52393352093128, 13.144316050960297 ], [ 121.523774244431664, 13.144481138742156 ], [ 121.523908489112316, 13.144459138510625 ], [ 121.524140715970859, 13.144412695795229 ], [ 121.524190911797191, 13.144404396568076 ], [ 121.52424170915981, 13.144397992718856 ], [ 121.52429193015557, 13.144393742740469 ], [ 121.5244767087881, 13.144385199735307 ], [ 121.524529717187932, 13.14437866208972 ], [ 121.52455440463784, 13.144373747942412 ], [ 121.524598945938749, 13.144360311637529 ], [ 121.524619116994359, 13.144351962987809 ], [ 121.52465505264658, 13.144332805065714 ], [ 121.524695817532816, 13.144303585872533 ], [ 121.524784804440586, 13.144224857468521 ], [ 121.524808616576195, 13.144207116412494 ], [ 121.524834011500076, 13.14419235686646 ], [ 121.52487552266922, 13.144177314348875 ], [ 121.524920508104444, 13.144170141447137 ], [ 121.524967401094145, 13.144170411558138 ], [ 121.525005202903273, 13.144175894447887 ], [ 121.525049949154166, 13.144188710542258 ], [ 121.52509585749165, 13.144209551893137 ], [ 121.525137371591569, 13.14423365811529 ], [ 121.525235479040759, 13.144294401768926 ], [ 121.525334909676317, 13.144358349810085 ], [ 121.525376462295739, 13.144381451734619 ], [ 121.525422077473891, 13.144401102518673 ], [ 121.525470973138724, 13.144417379034589 ], [ 121.525522491874767, 13.144431078146638 ], [ 121.525595587925878, 13.144446826392198 ], [ 121.525826634876836, 13.144489560601826 ], [ 121.525886684525332, 13.144502975124409 ], [ 121.525946379637034, 13.144518469091329 ], [ 121.526005398943738, 13.144536456487941 ], [ 121.526074342930073, 13.144561717215831 ], [ 121.526141383952449, 13.144591565473423 ], [ 121.526212370225167, 13.144629969450012 ], [ 121.52628061820252, 13.144673545149454 ], [ 121.526346191273547, 13.14472157643668 ], [ 121.526414327090777, 13.144777690438206 ], [ 121.526548187200945, 13.144895016486275 ], [ 121.526611833605273, 13.144948139139702 ], [ 121.526677086330977, 13.144999691294689 ], [ 121.526743824147715, 13.14504952778651 ], [ 121.526812023407388, 13.145097370029012 ], [ 121.526881763419439, 13.145142771525569 ], [ 121.526953233802004, 13.145185077791441 ], [ 121.527016135701473, 13.145218386965702 ], [ 121.527080328089639, 13.145248811634415 ], [ 121.527145664236642, 13.145276239040506 ], [ 121.527212055994752, 13.145300368647794 ], [ 121.527285095078071, 13.145322382738888 ], [ 121.527358976540569, 13.145340066763035 ], [ 121.527433391562724, 13.145353242454766 ], [ 121.527508061604053, 13.145361397938666 ], [ 121.527582720756314, 13.14536366143264 ], [ 121.527661310833992, 13.145358760275167 ], [ 121.527739212994689, 13.145346977068096 ], [ 121.527815999343872, 13.145328921226048 ], [ 121.527891158935304, 13.145304718707637 ], [ 121.527960699426458, 13.145275915064024 ], [ 121.528028093694672, 13.145242036976111 ], [ 121.528093104206889, 13.14520354083537 ], [ 121.528155353211574, 13.145160571025755 ], [ 121.528208466367701, 13.145118451964706 ], [ 121.528259602383685, 13.145073735322429 ], [ 121.528412480064048, 13.144927850558799 ], [ 121.528467699345043, 13.144877271119991 ], [ 121.528525307093105, 13.144830402042128 ], [ 121.528589913942071, 13.144786782400015 ], [ 121.528658199435284, 13.144749425275842 ], [ 121.528729611189874, 13.144718584427624 ], [ 121.528796132102983, 13.144696700958006 ], [ 121.528864167998151, 13.144679965004951 ], [ 121.528933077362794, 13.14466797958139 ], [ 121.529002245378877, 13.144660585272263 ], [ 121.529071050858079, 13.144657839953892 ], [ 121.52922078621657, 13.144662911325488 ], [ 121.529293690071611, 13.144662837883921 ], [ 121.529350630178328, 13.1446575500525 ], [ 121.529405701051815, 13.144646746141646 ], [ 121.529472612714216, 13.1446240296279 ], [ 121.529532738731518, 13.144591295091534 ], [ 121.52957116355276, 13.144560655786313 ], [ 121.529603619133852, 13.144524564965806 ], [ 121.529638374026689, 13.14446379704806 ], [ 121.529659393060911, 13.144394975542316 ], [ 121.529666089522763, 13.144343154667249 ], [ 121.529666614883183, 13.144289366765292 ], [ 121.529661362340093, 13.144234302563685 ], [ 121.529648859554172, 13.144171086076412 ], [ 121.529630527108324, 13.144107471162002 ], [ 121.529607434882195, 13.144043853836566 ], [ 121.529580356151612, 13.143980605819934 ], [ 121.529546746391688, 13.143912316392944 ], [ 121.529509128517986, 13.143845519126623 ], [ 121.529460288326902, 13.143770506227652 ], [ 121.529406190493006, 13.143699185228115 ], [ 121.52936202061862, 13.14364792450781 ], [ 121.529271243679531, 13.14354815727822 ], [ 121.529227913558572, 13.143497107014468 ], [ 121.529183446235791, 13.143437568190274 ], [ 121.529143261570979, 13.143375863692842 ], [ 121.529107344364888, 13.143312875603961 ], [ 121.529075974673816, 13.143249480664855 ], [ 121.529049766434369, 13.143186598657133 ], [ 121.529029559556363, 13.143124328310879 ], [ 121.529018012798304, 13.143067880506955 ], [ 121.52901553737405, 13.143014995525464 ], [ 121.529021986337767, 13.142973864605507 ], [ 121.529036992196737, 13.142937834240653 ], [ 121.529063508459942, 13.142905928707615 ], [ 121.529099258987046, 13.142882960257255 ], [ 121.529140361916035, 13.14287003824623 ], [ 121.529187021973215, 13.142864368532836 ], [ 121.529238022809935, 13.142864268053856 ], [ 121.529302966432112, 13.142869720937361 ], [ 121.52937093523019, 13.142880643587487 ], [ 121.529440468001397, 13.14289703677842 ], [ 121.529510277297391, 13.142919321346278 ], [ 121.529591237355064, 13.142953458566879 ], [ 121.529670554569805, 13.142994735063873 ], [ 121.529747829566688, 13.143041669158402 ], [ 121.529798915270646, 13.143076210966562 ], [ 121.52984888075774, 13.143112471762068 ], [ 121.529986588617945, 13.143219354796182 ], [ 121.530056212598723, 13.143270826583331 ], [ 121.530269440008098, 13.143411641720808 ], [ 121.530327407628704, 13.143453203656446 ], [ 121.530383461165272, 13.143496761301883 ], [ 121.530437094491575, 13.143542349684994 ], [ 121.530489844879895, 13.143591607284364 ], [ 121.530589447060692, 13.143690321821861 ], [ 121.530638371944065, 13.143736524401621 ], [ 121.530687846144247, 13.143777507656855 ], [ 121.530743712904197, 13.143813746160701 ], [ 121.530800257910343, 13.143838598453641 ], [ 121.530854438982686, 13.14384979832221 ], [ 121.530905300869108, 13.143847321111396 ], [ 121.530949940752535, 13.143829928217432 ], [ 121.530987615147367, 13.143794847722241 ], [ 121.53101775117976, 13.143746312981781 ], [ 121.531040918530564, 13.143693172001136 ], [ 121.531058132380849, 13.14364264278035 ], [ 121.531065192847478, 13.143617682181887 ], [ 121.53107829755541, 13.143557081560038 ], [ 121.531087305609091, 13.143495360447394 ], [ 121.531093279445713, 13.143434486281254 ], [ 121.531099899318093, 13.143266998063655 ], [ 121.531105340725105, 13.143237446204809 ], [ 121.531116171739129, 13.143212150845894 ], [ 121.531128700534197, 13.143196554250091 ], [ 121.53115416103833, 13.143178680234174 ], [ 121.531186452956234, 13.143165898307858 ], [ 121.53123864641536, 13.143153768508085 ], [ 121.531402761832382, 13.143128368761312 ], [ 121.53147567757496, 13.143120688659431 ], [ 121.531551297336193, 13.143117955989357 ], [ 121.531613926453844, 13.143120956069911 ], [ 121.531677204050709, 13.143128613134502 ], [ 121.531737383137838, 13.14313977186718 ], [ 121.531797535924568, 13.143153770815612 ], [ 121.531917035943437, 13.143186572088039 ], [ 121.531975826053781, 13.143205049541319 ], [ 121.532033448084121, 13.143225708075869 ], [ 121.532093360326115, 13.143251032003251 ], [ 121.532150687190665, 13.143280110830368 ], [ 121.532213876954089, 13.143318652466412 ], [ 121.53233655111481, 13.143398789307204 ], [ 121.53237575303649, 13.143421158360232 ], [ 121.532454549059565, 13.143460121493842 ], [ 121.532490723980928, 13.143475523727004 ], [ 121.532553408867898, 13.143497574560365 ], [ 121.532606578791643, 13.143510120090433 ], [ 121.532634664487901, 13.143513997980774 ], [ 121.532663488225822, 13.143515854962851 ], [ 121.532692324500317, 13.143515471146403 ], [ 121.532720402110243, 13.143512850389353 ], [ 121.532747067509632, 13.14350821497383 ], [ 121.53277196954096, 13.143501916795294 ], [ 121.532795354347414, 13.143494223547306 ], [ 121.53284197909629, 13.143473915444156 ], [ 121.532973286336201, 13.143399106443781 ], [ 121.533006632406028, 13.143381969564322 ], [ 121.533106620653101, 13.143335248007237 ], [ 121.533153044235888, 13.143306996368922 ], [ 121.533181994151889, 13.14328356182093 ], [ 121.533197716028013, 13.143268335768278 ], [ 121.533214225702679, 13.143250217994792 ], [ 121.53324035141766, 13.143216777927821 ], [ 121.533264101693462, 13.14318109074763 ], [ 121.533281157639308, 13.143152281535819 ], [ 121.533312025476434, 13.143092175690965 ], [ 121.533335017980875, 13.143034973578567 ], [ 121.533342626188244, 13.143009664941182 ], [ 121.533350655618079, 13.142969568513903 ], [ 121.533353083393251, 13.142931318972234 ], [ 121.533349769123518, 13.142839215529287 ], [ 121.533351567225708, 13.142806953477546 ], [ 121.533361658175536, 13.142742402433289 ], [ 121.533395198620966, 13.1425894030815 ], [ 121.533408680493324, 13.142502693219457 ], [ 121.53341984245624, 13.142394761050859 ], [ 121.533436839870419, 13.142142271022795 ], [ 121.533444050934861, 13.142060266329823 ], [ 121.533454332589983, 13.141981604800371 ], [ 121.533463846894008, 13.141931453930439 ], [ 121.533476151817212, 13.141884306741204 ], [ 121.533496977812533, 13.141829845667237 ], [ 121.533509198044058, 13.141806852179524 ], [ 121.533522284239226, 13.14178709486621 ], [ 121.533535827229585, 13.141770651921844 ], [ 121.533549582934725, 13.141757183685147 ], [ 121.533562990191314, 13.141746545219274 ], [ 121.533578046192517, 13.141736948064368 ], [ 121.533595111206637, 13.141728502452205 ], [ 121.533614121203243, 13.141721576927646 ], [ 121.533635767247546, 13.141716320238789 ], [ 121.533660345019669, 13.141713171680701 ], [ 121.533686666034725, 13.14171256690009 ], [ 121.533713469442162, 13.141714391547529 ], [ 121.533739751804504, 13.141718132366591 ], [ 121.53385202836084, 13.141744491252298 ], [ 121.53392702793677, 13.141758978469687 ], [ 121.534007616739615, 13.141769586544504 ], [ 121.534092097401967, 13.141776556590015 ], [ 121.534179148906944, 13.14177995331996 ], [ 121.534267730263878, 13.141779623880094 ], [ 121.534356997235591, 13.141775162393143 ], [ 121.53443327806032, 13.141767967211804 ], [ 121.534666999220846, 13.141741851302566 ], [ 121.534873430637361, 13.141724285080462 ], [ 121.534934063972656, 13.141716911201792 ], [ 121.534993955933842, 13.141706879022978 ], [ 121.535049875508832, 13.141694257961849 ], [ 121.535104732360708, 13.141678491659185 ], [ 121.535162836066235, 13.141657874983325 ], [ 121.535219399223735, 13.1416339831513 ], [ 121.535428229493675, 13.141529029363669 ], [ 121.535493132768636, 13.141499481000359 ], [ 121.535559117004283, 13.141473569591962 ], [ 121.535628332962162, 13.141451302351657 ], [ 121.535767595206437, 13.141410357569434 ], [ 121.53584512184807, 13.14138223199746 ], [ 121.535919756903581, 13.141347595430505 ], [ 121.53598146381276, 13.141311220804512 ], [ 121.536040417937016, 13.141270142863506 ], [ 121.536097103815024, 13.141225740947741 ], [ 121.536142735867486, 13.141187214975906 ], [ 121.536279966071518, 13.141064722649096 ], [ 121.536326283904557, 13.141018878273838 ], [ 121.536373105234233, 13.140963449123818 ], [ 121.536415093748758, 13.140903472779717 ], [ 121.536447293723043, 13.140849725789904 ], [ 121.536539108747931, 13.140681704385832 ], [ 121.536572033556567, 13.140625987122725 ], [ 121.536606535735771, 13.140572225342229 ], [ 121.536642935532527, 13.140521279558502 ], [ 121.536691496096452, 13.140463598275177 ], [ 121.536745578838108, 13.140414571044163 ], [ 121.536788968858218, 13.140386154763913 ], [ 121.536835504715839, 13.140363673617147 ], [ 121.536903603369197, 13.140341703351456 ], [ 121.536973505184733, 13.14032849719575 ], [ 121.537108477599077, 13.140315365610375 ], [ 121.537170253582644, 13.140304560965744 ], [ 121.537208003835673, 13.140291870698521 ], [ 121.5372415977819, 13.140273513316981 ], [ 121.53726698855769, 13.14025193393725 ], [ 121.537287769994464, 13.140225623011334 ], [ 121.537306608581176, 13.140187877156196 ], [ 121.537319571480211, 13.140144930744105 ], [ 121.537328123261148, 13.140097829812987 ], [ 121.537333821352235, 13.140044813476699 ], [ 121.537337731546842, 13.139988965353554 ], [ 121.537345253905059, 13.139819543561714 ], [ 121.537345502420706, 13.139766924220067 ], [ 121.537343870946586, 13.139714027980956 ], [ 121.537337814054013, 13.139641497897658 ], [ 121.537328466028498, 13.139569383181826 ], [ 121.537317354432062, 13.13949831899723 ], [ 121.537282042726318, 13.139288073947151 ], [ 121.537276736537223, 13.139236437616553 ], [ 121.537277833045891, 13.13918055460187 ], [ 121.537290860351973, 13.139136130894178 ], [ 121.537310312017709, 13.139112583864561 ], [ 121.537337161414726, 13.139098595443489 ], [ 121.537379970932093, 13.139095312036881 ], [ 121.537433964581581, 13.139105495548492 ], [ 121.537578018975154, 13.139152224830525 ], [ 121.537621432560456, 13.139163300723755 ], [ 121.537664201590417, 13.139169996790326 ], [ 121.53770531346413, 13.139170674008218 ], [ 121.537744235166045, 13.139163581613888 ], [ 121.537778691567567, 13.139147902825863 ], [ 121.537813795175239, 13.139115315543478 ], [ 121.537838431026657, 13.139070852383993 ], [ 121.537849952988466, 13.13903019079088 ], [ 121.537855650540365, 13.13898514665437 ], [ 121.537856245215295, 13.138936699180244 ], [ 121.537850248669784, 13.13886771578658 ], [ 121.537838699092944, 13.138795327781891 ], [ 121.537824936578573, 13.138725999825718 ], [ 121.537767416255321, 13.138464519924831 ], [ 121.537757303115825, 13.138404775885569 ], [ 121.537749554116388, 13.1383340083101 ], [ 121.537747411310519, 13.13826366384796 ], [ 121.537752060967662, 13.138194209087578 ], [ 121.537761660614265, 13.138138744647888 ], [ 121.537776342955738, 13.138084388231011 ], [ 121.537795866669455, 13.138031362346393 ], [ 121.537832389022753, 13.137956718188683 ], [ 121.537876423504798, 13.137884733651042 ], [ 121.537913951514497, 13.137830942030899 ], [ 121.537953732095133, 13.137777992632245 ], [ 121.538183390396668, 13.137489615425226 ], [ 121.538342645086416, 13.137274281612308 ], [ 121.538383814421422, 13.137223871986622 ], [ 121.538427530891809, 13.137176837321908 ], [ 121.538474753769748, 13.137134286866875 ], [ 121.53852081760499, 13.137100487623611 ], [ 121.538569603890068, 13.137069926325509 ], [ 121.538719557719929, 13.136986910298488 ], [ 121.538781136697608, 13.136950463019648 ], [ 121.538840963462647, 13.136910977500479 ], [ 121.538898087422723, 13.136867767624643 ], [ 121.538955467978553, 13.136816935074023 ], [ 121.539005379584779, 13.13676730933007 ], [ 121.539095857345487, 13.136672423059615 ], [ 121.539156687240535, 13.13661196621025 ], [ 121.539215471927164, 13.136558900156583 ], [ 121.539399288316602, 13.136403624209558 ], [ 121.539446953485324, 13.136360523344642 ], [ 121.539493332110297, 13.136315927962908 ], [ 121.539538168582865, 13.136269735556001 ], [ 121.539583347866753, 13.136219379106873 ], [ 121.539626532484718, 13.136167275330815 ], [ 121.539667690143958, 13.136113544741354 ], [ 121.539706690738313, 13.136058230643844 ], [ 121.539746947821413, 13.135995708196791 ], [ 121.539784935055152, 13.135931749700045 ], [ 121.539821137080665, 13.13586678863923 ], [ 121.539957426726502, 13.135605293733681 ], [ 121.539995141022288, 13.135538123687434 ], [ 121.540029564217122, 13.1354831583108 ], [ 121.540066457525597, 13.135430555138553 ], [ 121.540105946758217, 13.135380746422356 ], [ 121.540147934651912, 13.135333984030305 ], [ 121.540279040485444, 13.135199761439797 ], [ 121.540319451797899, 13.135151984827109 ], [ 121.540353055910813, 13.135101197545538 ], [ 121.540376377344245, 13.13504955068314 ], [ 121.540391667820884, 13.134994558101905 ], [ 121.54039909679112, 13.134937031617831 ], [ 121.540398709713472, 13.134876063919672 ], [ 121.540391433614175, 13.134813722063111 ], [ 121.540378525810539, 13.134750486043806 ], [ 121.540356497237724, 13.134671391728135 ], [ 121.54030423670207, 13.134510510533628 ], [ 121.540281641154806, 13.134434786888407 ], [ 121.540262373814343, 13.134358190253719 ], [ 121.540247979673083, 13.134280913653024 ], [ 121.540239797499581, 13.134202550631072 ], [ 121.540237859390885, 13.134124276627476 ], [ 121.540242008197069, 13.134046741078251 ], [ 121.540252541297789, 13.133970687815587 ], [ 121.54027049794469, 13.133895427982706 ], [ 121.540296062764625, 13.133823644039003 ], [ 121.540329957099232, 13.133756629531911 ], [ 121.540370355924765, 13.133699062445089 ], [ 121.540418461519849, 13.133647801695737 ], [ 121.540468099775751, 13.133607235143646 ], [ 121.540522134195541, 13.133571490603671 ], [ 121.540599319945457, 13.133528816989536 ], [ 121.540773524541891, 13.133441192614365 ], [ 121.540847983362482, 13.133408548324025 ], [ 121.540925580634877, 13.133383559191769 ], [ 121.541005088873661, 13.133369809683135 ], [ 121.54108061400045, 13.133369282023553 ], [ 121.541156031767372, 13.133379629188481 ], [ 121.541229937338315, 13.133399524473408 ], [ 121.541298645414557, 13.133426382527812 ], [ 121.541430637943577, 13.133488278786254 ], [ 121.541485740869902, 13.133512124221166 ], [ 121.541539464673264, 13.133531548865015 ], [ 121.541590984928064, 13.133544742894314 ], [ 121.541639309189705, 13.133549594662881 ], [ 121.541678949871752, 13.133545204103028 ], [ 121.541713600030391, 13.133532435579891 ], [ 121.541741601356875, 13.133511346234716 ], [ 121.54176503677887, 13.13347388306447 ], [ 121.541775814934255, 13.133426583222711 ], [ 121.541774307815999, 13.1333715600021 ], [ 121.541762461238918, 13.133311449692041 ], [ 121.541742374716989, 13.133247945240681 ], [ 121.541718659019494, 13.13318888643316 ], [ 121.541691226429123, 13.133128646213095 ], [ 121.541598396004048, 13.132937566943802 ], [ 121.541568984778465, 13.132868252440442 ], [ 121.541547147749114, 13.132803725315547 ], [ 121.541531214794986, 13.132738330557959 ], [ 121.541522293428031, 13.132676313046261 ], [ 121.541519167026905, 13.132614500859923 ], [ 121.541521713535005, 13.13255350157789 ], [ 121.541530646400915, 13.132491193186189 ], [ 121.541546529651413, 13.132431349395238 ], [ 121.541570288901909, 13.132374954687805 ], [ 121.541609787904306, 13.132313347488669 ], [ 121.541659484915115, 13.132257520089025 ], [ 121.541717240558796, 13.132207125263042 ], [ 121.541781574044037, 13.132162245885157 ], [ 121.541853159029785, 13.132122255813655 ], [ 121.541929212746155, 13.132087900827297 ], [ 121.542008702236473, 13.132058959502327 ], [ 121.542090952559789, 13.13203567535685 ], [ 121.542174127783795, 13.132018540808549 ], [ 121.542258858587545, 13.132006109613117 ], [ 121.542344565633613, 13.131997289815883 ], [ 121.542430788295675, 13.131991290319165 ], [ 121.542517140797258, 13.131987561364628 ], [ 121.542660667346539, 13.131985623737533 ], [ 121.542896745084221, 13.131991607523336 ], [ 121.542981180815687, 13.131991078500679 ], [ 121.543062955166292, 13.131984528170534 ], [ 121.543141171384391, 13.131968475036139 ], [ 121.543216830617979, 13.13193938003584 ], [ 121.543288873247292, 13.13189990206004 ], [ 121.54335832814823, 13.131853177943832 ], [ 121.543403271237167, 13.131819277532559 ], [ 121.543446966576298, 13.131783119698891 ], [ 121.543508281822284, 13.13172564760511 ], [ 121.543566039412397, 13.131664030470555 ], [ 121.543608544627077, 13.13161399573705 ], [ 121.543649414434924, 13.131562844469029 ], [ 121.543769788387237, 13.131404543648753 ], [ 121.543809477955534, 13.131349407111616 ], [ 121.54384539955997, 13.131293833459043 ], [ 121.543866281325037, 13.131257085508711 ], [ 121.543902904102794, 13.131187859992778 ], [ 121.543938793530472, 13.131114982618989 ], [ 121.543972429727845, 13.131041851188868 ], [ 121.544218434799163, 13.130485338847471 ], [ 121.544245190931505, 13.130429933400457 ], [ 121.54427438499421, 13.130376587711275 ], [ 121.544312043520833, 13.130319058942773 ], [ 121.544354240017626, 13.130265638353453 ], [ 121.544400749874413, 13.13021692622452 ], [ 121.544451586712484, 13.130173822163604 ], [ 121.544503132414448, 13.130139442573965 ], [ 121.544557998634858, 13.130111121136293 ], [ 121.544615660419566, 13.130089229156697 ], [ 121.544675738339066, 13.130074464298492 ], [ 121.544754975900318, 13.130066739301727 ], [ 121.544836442617012, 13.130069632165652 ], [ 121.544919077099024, 13.130081372388057 ], [ 121.544999355358485, 13.130099776168802 ], [ 121.545079748897152, 13.130122855141117 ], [ 121.545301191394245, 13.130192689965645 ], [ 121.545371586659257, 13.130211714998387 ], [ 121.545441832456916, 13.13022654962921 ], [ 121.545514543406057, 13.130235884931048 ], [ 121.545586260183796, 13.130238277871824 ], [ 121.54565615780966, 13.130232892254821 ], [ 121.545715847090506, 13.130220848542399 ], [ 121.545772745500969, 13.130202076567048 ], [ 121.545826103538275, 13.130176655474074 ], [ 121.545874998008486, 13.130144335721853 ], [ 121.545928733679133, 13.130094394023722 ], [ 121.545976116899183, 13.130036068406714 ], [ 121.54601900504241, 13.129971933507385 ], [ 121.546061078643049, 13.12989979251113 ], [ 121.546100274222027, 13.129825064473819 ], [ 121.546133310277511, 13.129755833784943 ], [ 121.546162546846361, 13.129685380040348 ], [ 121.546186136054359, 13.129613402737563 ], [ 121.546200502837408, 13.129552498020326 ], [ 121.546223311941773, 13.129427999350895 ], [ 121.546238509158371, 13.129355072814613 ], [ 121.546256909025459, 13.129282104529246 ], [ 121.546279057785654, 13.129209625673749 ], [ 121.546308631874751, 13.129130021526073 ], [ 121.546342688991402, 13.129051612356724 ], [ 121.546380469818004, 13.128974386510015 ], [ 121.546421661089525, 13.128897899869948 ], [ 121.546465319348727, 13.128822474752358 ], [ 121.546510850459796, 13.128747997908139 ], [ 121.546585417383767, 13.128633696020451 ], [ 121.546624748890252, 13.128578045785016 ], [ 121.546666216177968, 13.128523396924795 ], [ 121.546709716839203, 13.128470406358822 ], [ 121.546755478390878, 13.128419346169908 ], [ 121.546809396122455, 13.128364821509745 ], [ 121.546865632400241, 13.128312309165247 ], [ 121.546923405592466, 13.12826107920781 ], [ 121.547145317242752, 13.128069217977199 ], [ 121.54725795506252, 13.127966063846287 ], [ 121.547316139998699, 13.12791012396986 ], [ 121.547430668257633, 13.127796304386571 ], [ 121.547694483693761, 13.127527624439017 ], [ 121.547956054139405, 13.127269970075446 ], [ 121.548002550895873, 13.127220734712443 ], [ 121.548047342853067, 13.127170183802106 ], [ 121.548097556770145, 13.127108340792034 ], [ 121.548144922679768, 13.127044417175082 ], [ 121.548189557485173, 13.126978645683399 ], [ 121.548231381418404, 13.12691113076743 ], [ 121.548270112891046, 13.126841853563874 ], [ 121.548302006553598, 13.126778114673076 ], [ 121.548331425647135, 13.126713135231427 ], [ 121.548358652632459, 13.126647139943799 ], [ 121.548383853160189, 13.126580297822356 ], [ 121.548409222773273, 13.126506745703509 ], [ 121.548480482367339, 13.126284973255194 ], [ 121.548525444065376, 13.126158739473755 ], [ 121.548551166828361, 13.12609731411599 ], [ 121.548583685958164, 13.12603029977419 ], [ 121.548619813829347, 13.125965299401178 ], [ 121.548659163416829, 13.125902336900802 ], [ 121.548701530407868, 13.125841554139129 ], [ 121.548746882757399, 13.125783215333001 ], [ 121.548794931218708, 13.125727508223889 ], [ 121.548893860184293, 13.125619154673872 ], [ 121.54894164544686, 13.125563935805697 ], [ 121.548991014356389, 13.125501217484384 ], [ 121.54914209357031, 13.125301529842986 ], [ 121.549192003470225, 13.125231985710679 ], [ 121.549235496907443, 13.125166421485325 ], [ 121.549320490392702, 13.125033101923306 ], [ 121.549428519369513, 13.124872236014774 ], [ 121.549504934108242, 13.124754559316059 ], [ 121.549579049702487, 13.124629852532108 ], [ 121.549688474332001, 13.124434302316406 ], [ 121.549726536842627, 13.124370510608566 ], [ 121.549766910088664, 13.124308761757474 ], [ 121.549810756523186, 13.124249920261741 ], [ 121.549864082833139, 13.124189243909969 ], [ 121.549921707123914, 13.124132279676687 ], [ 121.549982343257781, 13.124078199919664 ], [ 121.550105140525204, 13.123975452638838 ], [ 121.550164539962623, 13.12392182387493 ], [ 121.550223484980179, 13.123860867574821 ], [ 121.550278827070855, 13.123795915941308 ], [ 121.550331178738304, 13.123727805135351 ], [ 121.550376783427822, 13.123663467645796 ], [ 121.550420914982936, 13.123597648791071 ], [ 121.55055011074748, 13.123396447824542 ], [ 121.550636003753041, 13.123268016718331 ], [ 121.550679501408723, 13.123207465864477 ], [ 121.550724697502858, 13.123148391636434 ], [ 121.55077201590025, 13.123091237202804 ], [ 121.550822007103818, 13.123036561787238 ], [ 121.550878600881546, 13.122981600622769 ], [ 121.550938162793756, 13.12292948239498 ], [ 121.551000033162282, 13.122879637816142 ], [ 121.551063716607132, 13.122831663353036 ], [ 121.551128857690131, 13.122785303190708 ], [ 121.551194819881303, 13.122740680271704 ], [ 121.551329705676238, 13.122655662100334 ], [ 121.551398512377688, 13.12261546180938 ], [ 121.551468278264437, 13.122577129499883 ], [ 121.551539130742398, 13.122541069502294 ], [ 121.551609325594811, 13.122508316938244 ], [ 121.551821534411502, 13.122415311405485 ], [ 121.551891393446027, 13.122382535488509 ], [ 121.551959695602662, 13.12234746816576 ], [ 121.552025840559068, 13.122309219064091 ], [ 121.552095962457869, 13.122262588135753 ], [ 121.552163821638416, 13.122212680263063 ], [ 121.552295512336329, 13.122111055077401 ], [ 121.552361547707363, 13.122062675156554 ], [ 121.552429855866123, 13.122017899193414 ], [ 121.55249912797639, 13.121979412074856 ], [ 121.552571113725733, 13.1219453742399 ], [ 121.552645276809088, 13.121915188247748 ], [ 121.552721226172821, 13.121888523539861 ], [ 121.552798698403777, 13.121865303311386 ], [ 121.552883141318475, 13.121844160615883 ], [ 121.552968690547175, 13.121825950531498 ], [ 121.553054979553423, 13.121809708762703 ], [ 121.55337041308394, 13.121756463267404 ], [ 121.553602607684269, 13.121714856673433 ], [ 121.55368360059849, 13.121702285160209 ], [ 121.553770217174417, 13.121692131458571 ], [ 121.553859711348011, 13.121684834632212 ], [ 121.553949576491306, 13.121679993581701 ], [ 121.55410740033021, 13.121675571760731 ], [ 121.554502779396614, 13.121669791465008 ], [ 121.55465311343967, 13.121662834080912 ], [ 121.554769582911788, 13.121652812762912 ], [ 121.554837064575324, 13.121644456853183 ], [ 121.554902200519663, 13.121634226315077 ], [ 121.554964517546097, 13.121622185814541 ], [ 121.555023583061768, 13.12160856467391 ], [ 121.555079125028271, 13.121593746920968 ], [ 121.555208679952926, 13.12155273870863 ], [ 121.555340822737932, 13.121505605820346 ], [ 121.555598212107114, 13.121407869798379 ], [ 121.555687407873208, 13.121375613390367 ], [ 121.555876321616211, 13.121312562784244 ], [ 121.556203154584651, 13.121207340954937 ], [ 121.556277261856707, 13.121181858555349 ], [ 121.55636104582689, 13.121149065139386 ], [ 121.556419540613831, 13.121122747405499 ], [ 121.556476343855934, 13.121093532341378 ], [ 121.556531703621033, 13.121060627549703 ], [ 121.556585057742083, 13.121024581673399 ], [ 121.556636475249448, 13.120985730340172 ], [ 121.556692377909997, 13.120938700340204 ], [ 121.55674600761138, 13.120888892256655 ], [ 121.556954249807958, 13.120676293638498 ], [ 121.557085983117204, 13.120546179382968 ], [ 121.55682178020696, 13.120363001900412 ] ] ] ] } },
{ "type": "Feature", "properties": { "Class_name": "Corals", "ID": 1, "Province": "Oriental Mindoro", "Region": "R4B", "Class_Code": "C", "Area": 11.973800797499999, "Area (Ha)": 11.975, "Area_3(ha)": 11.975 }, "geometry": { "type": "MultiPolygon", "coordinates": [ [ [ [ 121.483446985017693, 13.142598733804329 ], [ 121.483444072164531, 13.142583637228149 ], [ 121.48344448004336, 13.142543346772472 ], [ 121.483449988438963, 13.142482803730868 ], [ 121.483462764455865, 13.142407020336311 ], [ 121.483485132859158, 13.142321043973311 ], [ 121.483510138848985, 13.142251141179532 ], [ 121.483541746294492, 13.142180012196455 ], [ 121.483590716395511, 13.142089379062078 ], [ 121.48364654610927, 13.142002471144458 ], [ 121.483706206996274, 13.14192210011236 ], [ 121.483766581914239, 13.141851039423633 ], [ 121.48382526744652, 13.141790533275884 ], [ 121.483945745173145, 13.141675507779581 ], [ 121.484203701678155, 13.141444620474376 ], [ 121.484269293952366, 13.141382762211768 ], [ 121.484333270313115, 13.141319668469936 ], [ 121.484395251687062, 13.141255442398693 ], [ 121.484454607951989, 13.141190139513938 ], [ 121.484510393144589, 13.141123782910551 ], [ 121.484556977500304, 13.141062558373834 ], [ 121.484598479640937, 13.141000803654469 ], [ 121.484633460063677, 13.1409388893324 ], [ 121.484654944354062, 13.140891175218266 ], [ 121.484670766968819, 13.140844259669665 ], [ 121.484680088457893, 13.140798838984139 ], [ 121.484680499665856, 13.14073895854998 ], [ 121.484672992273516, 13.140706356671751 ], [ 121.484659312756051, 13.140677745280666 ], [ 121.484633135261717, 13.140648533833101 ], [ 121.48459901063714, 13.140627494847113 ], [ 121.484553454378485, 13.14061403338926 ], [ 121.484503401268157, 13.140612708211185 ], [ 121.48444741520963, 13.140625950015876 ], [ 121.484391664795126, 13.140652893669365 ], [ 121.484333865752916, 13.14069551612322 ], [ 121.484280072089334, 13.140749230523555 ], [ 121.484238164431403, 13.140801626376819 ], [ 121.48419955856528, 13.140858554594068 ], [ 121.484162367290679, 13.140920879813496 ], [ 121.484089878846405, 13.141047930959465 ], [ 121.484050536945318, 13.141109081321853 ], [ 121.484035286474011, 13.141130274447718 ], [ 121.484002929880546, 13.14117163973332 ], [ 121.483942609169077, 13.141238451191899 ], [ 121.48389543946557, 13.141282859990554 ], [ 121.483821851537812, 13.141347107564185 ], [ 121.48378776870716, 13.141378696353625 ], [ 121.483759150018244, 13.14140831655028 ], [ 121.483734483501905, 13.141437652392613 ], [ 121.483695744451978, 13.141494030702118 ], [ 121.483670173943011, 13.141539251080156 ], [ 121.483597471159769, 13.141683728736515 ], [ 121.483572503810962, 13.141726130427021 ], [ 121.483559960771785, 13.14174469404699 ], [ 121.48353546051041, 13.141775731329588 ], [ 121.483507368192079, 13.141803201569314 ], [ 121.483485976129529, 13.141820475388878 ], [ 121.483458710568499, 13.141839645303238 ], [ 121.483391347491192, 13.141879080432005 ], [ 121.483320261851176, 13.141914711868868 ], [ 121.483202260833977, 13.141971094297936 ], [ 121.483139955718968, 13.141999197001983 ], [ 121.483104882388162, 13.142013043238952 ], [ 121.483040446138602, 13.142033378667247 ], [ 121.482997265672594, 13.142043371651056 ], [ 121.48294575963051, 13.14205177290391 ], [ 121.482904294609881, 13.142055609580122 ], [ 121.48287611605727, 13.142056000413115 ], [ 121.482864242514097, 13.142053795770764 ], [ 121.482830634853443, 13.142079399872381 ], [ 121.482789640358547, 13.142108117324131 ], [ 121.482738979414833, 13.142141102236375 ], [ 121.482678259723286, 13.142178032413154 ], [ 121.482609401260959, 13.142217221205922 ], [ 121.482540240166074, 13.142253966501436 ], [ 121.482467144224501, 13.142289621113106 ], [ 121.482391416822438, 13.142322467213408 ], [ 121.4823144212952, 13.142350909383817 ], [ 121.482237844523112, 13.142374092729003 ], [ 121.482163489418866, 13.142391407772736 ], [ 121.48208769664906, 13.142403013496578 ], [ 121.482018726860758, 13.142407389328625 ], [ 121.481951968164239, 13.142407407476947 ], [ 121.481878894157603, 13.142403770999426 ], [ 121.481806189742642, 13.142396347157598 ], [ 121.481734128261806, 13.142384929088523 ], [ 121.481653264892856, 13.142366695038399 ], [ 121.481573941129398, 13.142342965934462 ], [ 121.481516665772986, 13.14232193948272 ], [ 121.481460536344869, 13.142298028874004 ], [ 121.48140568137751, 13.142271283316362 ], [ 121.481331219090805, 13.14222916733792 ], [ 121.481259397170007, 13.142182334447295 ], [ 121.481193291421519, 13.142133806927221 ], [ 121.481129628290645, 13.142081882365956 ], [ 121.481079046057403, 13.142036748093798 ], [ 121.480981457182281, 13.141942265100864 ], [ 121.480862557434961, 13.141822778251466 ], [ 121.480801727344087, 13.14176487469943 ], [ 121.480749496831791, 13.141718891096742 ], [ 121.480695439169494, 13.1416753128266 ], [ 121.480639318150466, 13.141634606101908 ], [ 121.480585825128955, 13.141600153202315 ], [ 121.480530582973699, 13.141568367434536 ], [ 121.480473786797106, 13.141539102917797 ], [ 121.480396695930438, 13.141504125405875 ], [ 121.480317651310358, 13.141472777174179 ], [ 121.480237038501599, 13.141444624285455 ], [ 121.480154821390613, 13.141419213871869 ], [ 121.480071753586046, 13.141395895239267 ], [ 121.479855567521327, 13.141339345652122 ], [ 121.479789849088334, 13.141320869364616 ], [ 121.479723029723658, 13.141300023102668 ], [ 121.479657351250808, 13.141276878693343 ], [ 121.479593153543263, 13.141250954783622 ], [ 121.479522457069109, 13.141217456664984 ], [ 121.479454663500533, 13.141179314477808 ], [ 121.479397368726296, 13.141141328905942 ], [ 121.479342826807198, 13.141099653217772 ], [ 121.47929115915943, 13.141054477238852 ], [ 121.479237377301075, 13.141000488164451 ], [ 121.479186802131252, 13.140943091003914 ], [ 121.479138970733487, 13.140882958343163 ], [ 121.479093739272642, 13.140820773260753 ], [ 121.479050784572394, 13.140756719305887 ], [ 121.47901009750899, 13.140691027282097 ], [ 121.478971852315937, 13.140623795425338 ], [ 121.478938722398468, 13.140560158557529 ], [ 121.478875547571292, 13.140428406380831 ], [ 121.478838743000153, 13.140355127046892 ], [ 121.47879262466833, 13.14026996786566 ], [ 121.478741528150152, 13.140184567396853 ], [ 121.478686096998516, 13.14010289272092 ], [ 121.478627145700798, 13.140028755198253 ], [ 121.478565872539434, 13.139965609123388 ], [ 121.478507652038644, 13.139917937082799 ], [ 121.478453664040089, 13.139882259584695 ], [ 121.478408443964582, 13.139858199814862 ], [ 121.47837635601546, 13.139845537356747 ], [ 121.47836125077832, 13.139844518570051 ], [ 121.478350188706116, 13.139839616367693 ], [ 121.478309159384267, 13.139830201182354 ], [ 121.478244320068029, 13.139819170625277 ], [ 121.47816113070057, 13.139809549885967 ], [ 121.478064833929281, 13.139804428068237 ], [ 121.478003883054413, 13.139804698661546 ], [ 121.477941178432474, 13.139807634672714 ], [ 121.477836313492361, 13.1398180862654 ], [ 121.477741467804094, 13.139833601508295 ], [ 121.477661998287502, 13.139851895093928 ], [ 121.477590548220419, 13.139874160295518 ], [ 121.477532381065473, 13.139899014432949 ], [ 121.477489003963015, 13.139925388691138 ], [ 121.477457593712231, 13.139952235405879 ], [ 121.477438498406499, 13.139973248063107 ], [ 121.477423498468127, 13.139994352706518 ], [ 121.477412355457801, 13.140015245345152 ], [ 121.477404865762523, 13.140035385859795 ], [ 121.477400633024757, 13.140054299352773 ], [ 121.4773990882113, 13.140071958535271 ], [ 121.477400944948727, 13.140097757104137 ], [ 121.47740795041608, 13.140124638579097 ], [ 121.477421671133627, 13.140154780412056 ], [ 121.477444127399195, 13.140189080118525 ], [ 121.477475199384969, 13.140226020821393 ], [ 121.477512971389672, 13.140264011472565 ], [ 121.477555984059123, 13.140302698791157 ], [ 121.477602364935606, 13.140341181043974 ], [ 121.477705599028255, 13.140420131998404 ], [ 121.477904009862471, 13.140564046100421 ], [ 121.477990223822374, 13.140631792309836 ], [ 121.478029136413952, 13.140666308412461 ], [ 121.478073122243543, 13.140710376480991 ], [ 121.478105993308134, 13.140748405687127 ], [ 121.478135173693204, 13.140787731277811 ], [ 121.47815544087797, 13.140819939262778 ], [ 121.478172892336289, 13.140853128105743 ], [ 121.478193559131398, 13.140905992281986 ], [ 121.478206072598709, 13.14096257778017 ], [ 121.478208218528465, 13.141021016650727 ], [ 121.478198181728274, 13.141078528696767 ], [ 121.478178277739104, 13.141126029977434 ], [ 121.478150551754339, 13.141166127731408 ], [ 121.478115388394713, 13.141203432275002 ], [ 121.478074564761414, 13.141238943098173 ], [ 121.478014322278312, 13.141284705851954 ], [ 121.477882764598263, 13.141377727327514 ], [ 121.477823645349403, 13.141421592436101 ], [ 121.477764911764567, 13.141467477011259 ], [ 121.477706925774498, 13.141515121692226 ], [ 121.477650069972199, 13.141564347749974 ], [ 121.477543357215737, 13.141663751030961 ], [ 121.477440054923122, 13.141766219193874 ], [ 121.477391070802312, 13.141818621438984 ], [ 121.477346688882861, 13.141871891825675 ], [ 121.477308952166794, 13.141926692517089 ], [ 121.477285700556351, 13.141970535318679 ], [ 121.477268459114399, 13.142015323145964 ], [ 121.477256122550685, 13.142072105083184 ], [ 121.477254088319739, 13.142128311835211 ], [ 121.47726259669642, 13.142182428561844 ], [ 121.477282497385303, 13.142232811668192 ], [ 121.477317002316155, 13.142281002016917 ], [ 121.477362810681171, 13.142323934160189 ], [ 121.477417278098429, 13.142362383509933 ], [ 121.477478372755471, 13.142396824483212 ], [ 121.477544568690689, 13.142427444135446 ], [ 121.477625220268607, 13.14245794951457 ], [ 121.477709478805892, 13.142484167566563 ], [ 121.477796145996223, 13.14250651490716 ], [ 121.477884361193034, 13.142524976351924 ], [ 121.477961348900521, 13.14253752009679 ], [ 121.478038668327216, 13.142546598542033 ], [ 121.478116023221261, 13.142551707545881 ], [ 121.47819315908329, 13.142552051153443 ], [ 121.478271943800451, 13.142546660024147 ], [ 121.478349971748926, 13.142535851316074 ], [ 121.478426943474275, 13.142520049733017 ], [ 121.478502516915768, 13.142499329455505 ], [ 121.478576288045048, 13.142473427882196 ], [ 121.478648533561227, 13.14244201671498 ], [ 121.478719370236533, 13.142406938859251 ], [ 121.478860190081676, 13.1423335071953 ], [ 121.478931841214902, 13.142298805717642 ], [ 121.479011330033472, 13.142265053006781 ], [ 121.479092592482885, 13.142234787909683 ], [ 121.479175162065417, 13.142207223562099 ], [ 121.479258659646248, 13.142181778066334 ], [ 121.479342772211623, 13.142158062967036 ], [ 121.47951578894137, 13.142114397958256 ], [ 121.479604360331649, 13.14209546796841 ], [ 121.47969283878794, 13.142080293483804 ], [ 121.479781095146009, 13.14207050062274 ], [ 121.479868961654006, 13.142068252098934 ], [ 121.479954415169985, 13.142075185486918 ], [ 121.48003908772057, 13.142090055046239 ], [ 121.480122690441348, 13.14211153009507 ], [ 121.480204807685055, 13.142138900930433 ], [ 121.480284861556058, 13.142172041123766 ], [ 121.480360079165891, 13.142210002470817 ], [ 121.480432222318967, 13.142253469596977 ], [ 121.480500646773805, 13.142302571710609 ], [ 121.480555759801362, 13.142349226903315 ], [ 121.480608099160165, 13.142399472508995 ], [ 121.480658131885619, 13.142452559005548 ], [ 121.480706176034559, 13.142507931986328 ], [ 121.480752412873443, 13.14256520428447 ], [ 121.480804716425084, 13.142634712008059 ], [ 121.48085502439686, 13.14270594532767 ], [ 121.480903564593675, 13.142778526610767 ], [ 121.480950360368539, 13.142852246349547 ], [ 121.480995231081593, 13.142927040176392 ], [ 121.481037780650894, 13.143002975039055 ], [ 121.481077374160947, 13.143080243369347 ], [ 121.481109456801121, 13.143150271312116 ], [ 121.481138173892504, 13.143221607530776 ], [ 121.4811629989442, 13.143294333795835 ], [ 121.481183420337089, 13.143367992340666 ], [ 121.481200464655998, 13.143442759418059 ], [ 121.481215150787477, 13.143518263161024 ], [ 121.481252791215027, 13.14373799849683 ], [ 121.481276641322808, 13.143864788723416 ], [ 121.48129143127575, 13.14393322018924 ], [ 121.481308256111049, 13.143999461357884 ], [ 121.481324788508786, 13.144053204861262 ], [ 121.481343862072805, 13.144104124204581 ], [ 121.481365926690899, 13.144151449512185 ], [ 121.48139908513005, 13.144205102752396 ], [ 121.481438252057984, 13.144249237686958 ], [ 121.481473096193284, 13.144275572270363 ], [ 121.481510689749683, 13.144294312643675 ], [ 121.481549862880968, 13.144305054921199 ], [ 121.481604268182807, 13.1443058588857 ], [ 121.481655891982953, 13.144290151632477 ], [ 121.481700240450778, 13.144259025303498 ], [ 121.481737481444512, 13.144215117897877 ], [ 121.481762612479898, 13.14417109518477 ], [ 121.481783532170127, 13.144122525910603 ], [ 121.481842596580563, 13.143951981673206 ], [ 121.4818677840709, 13.143899453668542 ], [ 121.481895348968749, 13.14386164691054 ], [ 121.481928381874482, 13.143833972136003 ], [ 121.481971093287783, 13.143817900427734 ], [ 121.482017318338777, 13.143817686682498 ], [ 121.482059808517349, 13.143830864268782 ], [ 121.482101664663659, 13.143855158962712 ], [ 121.482143678073442, 13.143891769142252 ], [ 121.482199522787312, 13.143959452202409 ], [ 121.482258000704533, 13.144045074901531 ], [ 121.482412475736353, 13.14429327582749 ], [ 121.482505240631212, 13.144437958227622 ], [ 121.482579651051196, 13.144546597133157 ], [ 121.482601629655434, 13.14457558054224 ], [ 121.482610227449896, 13.144582381582069 ], [ 121.482612569638391, 13.144582618537548 ], [ 121.482618784294885, 13.144588546271489 ], [ 121.482666334420927, 13.144643373790389 ], [ 121.482705152531651, 13.144684773608107 ], [ 121.482784134778257, 13.14475856882928 ], [ 121.482836205157142, 13.144803286643285 ], [ 121.482865441623233, 13.144826493241862 ], [ 121.482908490544858, 13.144855792419889 ], [ 121.482939304857709, 13.144871604264868 ], [ 121.482957018498496, 13.144878321206038 ], [ 121.482975448738031, 13.144883247292336 ], [ 121.483009476986297, 13.14488575548318 ], [ 121.483041159505831, 13.144876930338858 ], [ 121.483061638408842, 13.144862251698747 ], [ 121.483078327021289, 13.144845208287487 ], [ 121.483096574069691, 13.144820266848358 ], [ 121.483111956833554, 13.144791697754174 ], [ 121.483124676430151, 13.144757842839907 ], [ 121.483133020094996, 13.144721140989571 ], [ 121.483136681854447, 13.144683251956565 ], [ 121.483136238118618, 13.144646375332563 ], [ 121.48313293660506, 13.144611296509559 ], [ 121.483127705589411, 13.144576001058498 ], [ 121.483097046739019, 13.144396415919834 ], [ 121.483083764861291, 13.144285112739926 ], [ 121.483074755074028, 13.144167879892226 ], [ 121.483063132184597, 13.143935844359454 ], [ 121.483053816637863, 13.143830007194815 ], [ 121.483044977928628, 13.143772261589822 ], [ 121.483000734820862, 13.143546472230831 ], [ 121.482993763047872, 13.14349152465225 ], [ 121.482991321516906, 13.14344416475214 ], [ 121.482992929116435, 13.143397901903276 ], [ 121.482999257332423, 13.143353227337558 ], [ 121.483006857942243, 13.143323625842928 ], [ 121.48301748191696, 13.143295301681288 ], [ 121.483043429952829, 13.143249318220034 ], [ 121.48307659153221, 13.143206090464954 ], [ 121.483154031362872, 13.143120281355245 ], [ 121.483198605764755, 13.143068574087865 ], [ 121.483245614606275, 13.143009845398575 ], [ 121.483292202000939, 13.142946314017795 ], [ 121.483335626954286, 13.142880258875781 ], [ 121.483371632320811, 13.142817697384434 ], [ 121.483402138039168, 13.142756010018639 ], [ 121.4834255129105, 13.142699244899918 ], [ 121.483440604337446, 13.142653064753482 ], [ 121.483447888339981, 13.142621686807475 ], [ 121.483449459632951, 13.142605246874901 ], [ 121.483446985017693, 13.142598733804329 ] ] ] ] } },
{ "type": "Feature", "properties": { "Class_name": "Corals", "ID": 1, "Province": "Oriental Mindoro", "Region": "R4B", "Class_Code": "C", "Area": 32.732340029100001, "Area (Ha)": 32.737, "Area_3(ha)": 32.736 }, "geometry": { "type": "MultiPolygon", "coordinates": [ [ [ [ 121.510316430908219, 13.151677572997936 ], [ 121.510334707061403, 13.151584344639755 ], [ 121.510345442902917, 13.151546297194786 ], [ 121.510357620293007, 13.151515991256785 ], [ 121.510371112275806, 13.151493011260722 ], [ 121.510386695052333, 13.151472809781838 ], [ 121.510450405055366, 13.151409965228007 ], [ 121.510466638106635, 13.151390835628385 ], [ 121.510486964701158, 13.151357455356601 ], [ 121.510501691446223, 13.151317520861147 ], [ 121.510510819104695, 13.151272171985987 ], [ 121.510514291046704, 13.151241488935845 ], [ 121.510517189623656, 13.151194831676117 ], [ 121.510518501203649, 13.151068746757282 ], [ 121.510515505920608, 13.150892872643507 ], [ 121.510515127444947, 13.150825294260249 ], [ 121.510518941795198, 13.150767574317433 ], [ 121.510522282171948, 13.150739295113613 ], [ 121.510532504802384, 13.150683942231037 ], [ 121.510546676127802, 13.150637802255053 ], [ 121.510562429664517, 13.15060566027306 ], [ 121.510577696326081, 13.15058281956809 ], [ 121.510645584404486, 13.150502373475879 ], [ 121.510657470224501, 13.150485537022425 ], [ 121.510670381201038, 13.150463443826572 ], [ 121.510681802209263, 13.150438301579287 ], [ 121.510691316818239, 13.150410097908427 ], [ 121.510702409643542, 13.150357264125089 ], [ 121.510707058342007, 13.150312445737413 ], [ 121.510708235043552, 13.150286284681073 ], [ 121.510707727671488, 13.150233794657192 ], [ 121.51070603888995, 13.150207632574881 ], [ 121.510700501660693, 13.150162883752261 ], [ 121.510688390434254, 13.150110141199615 ], [ 121.510678422798648, 13.150081968094247 ], [ 121.510666733809146, 13.150056789271249 ], [ 121.510653777841242, 13.150034560560421 ], [ 121.510642088637937, 13.150017566131337 ], [ 121.510604695339907, 13.149969977632621 ], [ 121.510584181958052, 13.149939516617545 ], [ 121.510575820104449, 13.149921687169373 ], [ 121.510570407507416, 13.149903199463591 ], [ 121.5105683645086, 13.149884380107407 ], [ 121.510569814244064, 13.149865979434953 ], [ 121.510574961062744, 13.149847637384593 ], [ 121.510583519273396, 13.149829251155264 ], [ 121.510598991819947, 13.149803883627454 ], [ 121.510677592033289, 13.149694355845529 ], [ 121.510702199273965, 13.149651391940143 ], [ 121.510707468593537, 13.149638472401074 ], [ 121.510709013398412, 13.149631528436041 ], [ 121.510707625467276, 13.149628407234975 ], [ 121.5107313508516, 13.149433199750911 ], [ 121.510738652989488, 13.149339226781763 ], [ 121.51074096367212, 13.149284056579436 ], [ 121.510741952987331, 13.149194084425263 ], [ 121.510740027326719, 13.149095211235785 ], [ 121.510724289068335, 13.148734873271476 ], [ 121.510722389317536, 13.14865634840373 ], [ 121.510722307043224, 13.148576595730599 ], [ 121.510724106554903, 13.148496886034765 ], [ 121.510727839852692, 13.148417535131772 ], [ 121.510740654199154, 13.148263329576872 ], [ 121.510749157816022, 13.148189974376283 ], [ 121.510776760093762, 13.147986760229289 ], [ 121.510784259858227, 13.14791971748085 ], [ 121.510788968121105, 13.147849458888579 ], [ 121.510789101999492, 13.147775967491267 ], [ 121.510782871258897, 13.147700774174501 ], [ 121.510770037862528, 13.147627603542697 ], [ 121.510737230975664, 13.147483997754417 ], [ 121.510724690275993, 13.147412710786245 ], [ 121.51071920938341, 13.147340728641002 ], [ 121.510721873538813, 13.147269940725892 ], [ 121.510733409750344, 13.147201767299128 ], [ 121.510750110613699, 13.147149373979316 ], [ 121.510773776711659, 13.14710079650369 ], [ 121.510807626471063, 13.147053647728496 ], [ 121.51084949967229, 13.147013311949074 ], [ 121.510907784791641, 13.146975933936007 ], [ 121.510973990380634, 13.146948894561403 ], [ 121.511048089085122, 13.146931450590539 ], [ 121.511126448903028, 13.146923211437592 ], [ 121.511207469044905, 13.146923266553042 ], [ 121.511286295276435, 13.146930333559123 ], [ 121.511365971048505, 13.146941973679761 ], [ 121.511526903549964, 13.146969479160393 ], [ 121.51160792058846, 13.146980983106264 ], [ 121.511689265197916, 13.14698806968433 ], [ 121.511777419150391, 13.14698899063376 ], [ 121.51186578378406, 13.146984531335312 ], [ 121.512130319750952, 13.146960907563061 ], [ 121.512198115582081, 13.146957197347257 ], [ 121.512265326338039, 13.146956137707644 ], [ 121.512331672375822, 13.146958512782808 ], [ 121.512396824409933, 13.146965272881452 ], [ 121.512463196022864, 13.146978061636203 ], [ 121.512527261976473, 13.146997212960283 ], [ 121.512583577472512, 13.147020541703789 ], [ 121.512637678126637, 13.14704830785322 ], [ 121.512678566272982, 13.147072328985701 ], [ 121.512718157784761, 13.147097919861739 ], [ 121.512846092310539, 13.14718949977917 ], [ 121.512908904326423, 13.147229981361892 ], [ 121.51297346202071, 13.147260721481299 ], [ 121.513001127970114, 13.147269412184531 ], [ 121.5130290710499, 13.147275422359423 ], [ 121.513057146440019, 13.147278800570295 ], [ 121.513084866250509, 13.147279647482158 ], [ 121.513112038721658, 13.147278195709216 ], [ 121.51316736510995, 13.147268683276856 ], [ 121.513202530077365, 13.147258185044732 ], [ 121.513247260863949, 13.147239917011548 ], [ 121.513382159619482, 13.147172765370222 ], [ 121.513429904973194, 13.147152458183108 ], [ 121.513496523852737, 13.147130884279701 ], [ 121.513565169266698, 13.147117406573832 ], [ 121.513615512852937, 13.147113461658414 ], [ 121.513665901452597, 13.147113969612416 ], [ 121.51373309634323, 13.147120299202026 ], [ 121.513853397728866, 13.147140495711135 ], [ 121.513905816296429, 13.147152980120985 ], [ 121.513955662016187, 13.147169836362945 ], [ 121.513997952740496, 13.147190401863039 ], [ 121.514036607091299, 13.147216271296605 ], [ 121.514077354647256, 13.147253478632566 ], [ 121.514157767895668, 13.147346253280105 ], [ 121.51420412671898, 13.147396359994522 ], [ 121.514257314227393, 13.14744301585738 ], [ 121.514316986288094, 13.147484678158575 ], [ 121.514376069802637, 13.147517503722339 ], [ 121.514439032370859, 13.147545685742225 ], [ 121.514505148279184, 13.147569320202917 ], [ 121.51458458313293, 13.147591306352751 ], [ 121.514666372799965, 13.147609741454067 ], [ 121.514811715724591, 13.14764035597363 ], [ 121.515017114844582, 13.147686968295702 ], [ 121.515141249176892, 13.147710602244345 ], [ 121.515275461099506, 13.14773366891343 ], [ 121.515420918325631, 13.147762125483151 ], [ 121.515492408017593, 13.147778451474267 ], [ 121.515562530118217, 13.147796543824057 ], [ 121.51561911576664, 13.147813067027675 ], [ 121.515674114731524, 13.147831019873484 ], [ 121.515727161684893, 13.147850410514408 ], [ 121.515781006975118, 13.147872846381865 ], [ 121.515831253655321, 13.147897780278269 ], [ 121.515876868327567, 13.147926105786354 ], [ 121.515914882482349, 13.147956849889642 ], [ 121.515946971280783, 13.147991155203005 ], [ 121.515972288028536, 13.148028715697929 ], [ 121.515994126039644, 13.148083215599994 ], [ 121.516000846637453, 13.148120029321966 ], [ 121.516002190158517, 13.148157381413862 ], [ 121.515996352297421, 13.14820950299727 ], [ 121.515966810302132, 13.14834526098452 ], [ 121.515962733942061, 13.148376592210411 ], [ 121.515961916987436, 13.148407226484634 ], [ 121.515966090944474, 13.148439445445392 ], [ 121.515975384242367, 13.148467726567002 ], [ 121.515988511930743, 13.148492274385163 ], [ 121.516010375927308, 13.148520920387851 ], [ 121.516042136651208, 13.148551717832451 ], [ 121.516076174941503, 13.148578188315643 ], [ 121.516114025182361, 13.148603513008403 ], [ 121.516181945686554, 13.148643425765794 ], [ 121.516254164385415, 13.148681917444822 ], [ 121.516422961852868, 13.148766200049382 ], [ 121.516712013570356, 13.148920461107478 ], [ 121.516787624261809, 13.148957759654021 ], [ 121.516864581964228, 13.148992247108234 ], [ 121.516944329314228, 13.149023833271631 ], [ 121.517025137953681, 13.1490526605194 ], [ 121.517223728300749, 13.149117499485737 ], [ 121.517422293236535, 13.149185833495936 ], [ 121.517485557230742, 13.149205769965485 ], [ 121.51754960200951, 13.149223477698071 ], [ 121.517630636930036, 13.149242076945489 ], [ 121.517712631467035, 13.149257527043254 ], [ 121.517976052808649, 13.149300341414417 ], [ 121.518063547983743, 13.149316889014438 ], [ 121.518152515667978, 13.149335663230449 ], [ 121.518240611916141, 13.149356401611035 ], [ 121.518357632120598, 13.149387446154249 ], [ 121.518500532212698, 13.149430200461854 ], [ 121.518613345141063, 13.149468619518885 ], [ 121.518655161072573, 13.149485998911642 ], [ 121.518753584173936, 13.149469102812034 ], [ 121.519139363988586, 13.149390224067604 ], [ 121.519505769862519, 13.149323548470173 ], [ 121.519581079307883, 13.149308290025258 ], [ 121.519651555805922, 13.149291825549627 ], [ 121.519719021452772, 13.149273359124141 ], [ 121.519790192003356, 13.149250281430735 ], [ 121.51985559641345, 13.149225307019394 ], [ 121.519896351686853, 13.149207841324559 ], [ 121.519975037692731, 13.149170429593511 ], [ 121.520090739276213, 13.149109046909091 ], [ 121.520442523969066, 13.148911494022499 ], [ 121.520609392039589, 13.14881060396246 ], [ 121.520713597263835, 13.148741015119537 ], [ 121.520768351654752, 13.148700431842462 ], [ 121.520819920595727, 13.14865837634466 ], [ 121.520877913398166, 13.148605242855648 ], [ 121.520924105837196, 13.148557363851264 ], [ 121.520966581629466, 13.148507798401731 ], [ 121.521008826090622, 13.148451378999207 ], [ 121.521095908265252, 13.148317378931862 ], [ 121.521186745946608, 13.14819034567236 ], [ 121.521222347342857, 13.148127060616662 ], [ 121.521300262161361, 13.147965289961292 ], [ 121.521369299651781, 13.147831086148662 ], [ 121.521403666249867, 13.1477594489208 ], [ 121.521521475251689, 13.147489371704289 ], [ 121.521548611508564, 13.147413026184751 ], [ 121.521565765342572, 13.147350453207942 ], [ 121.521573358947592, 13.147316401384865 ], [ 121.52158602525779, 13.147244442400872 ], [ 121.521593332780839, 13.147187801688764 ], [ 121.521598836717558, 13.147130597784322 ], [ 121.521604305146269, 13.147045996038871 ], [ 121.521607468279271, 13.146960707274275 ], [ 121.521609038205554, 13.14687495543998 ], [ 121.521611115132302, 13.146460419052952 ], [ 121.52161358939675, 13.146388235449495 ], [ 121.521618468545427, 13.146311756352578 ], [ 121.52162670158333, 13.146235257923429 ], [ 121.521638795290102, 13.146163108132177 ], [ 121.521654315385348, 13.146099350391188 ], [ 121.521671491360578, 13.146047315170669 ], [ 121.521688859207458, 13.146005939064318 ], [ 121.521707704851096, 13.145969067038891 ], [ 121.521728207918031, 13.145935255444206 ], [ 121.521777490558151, 13.145871184292346 ], [ 121.521845197536834, 13.145807529159649 ], [ 121.521885567154399, 13.145776351340475 ], [ 121.521931151878846, 13.145745023352278 ], [ 121.521982142349685, 13.145713474232553 ], [ 121.522037056977311, 13.145682407999931 ], [ 121.522093337674889, 13.145652753198087 ], [ 121.522201139280739, 13.145599923953705 ], [ 121.522341854945196, 13.145536838036746 ], [ 121.522510511458023, 13.145470573303927 ], [ 121.522521894101828, 13.14546550742528 ], [ 121.522524430473069, 13.145463026960028 ], [ 121.522093834157104, 13.145249959902319 ], [ 121.522006295650868, 13.145203599964805 ], [ 121.521978738865002, 13.14518577499391 ], [ 121.521939448630633, 13.145156051591915 ], [ 121.521800844861005, 13.145039045755082 ], [ 121.521786591661723, 13.14503694309961 ], [ 121.521755211155821, 13.145044021318602 ], [ 121.521710866429288, 13.145061244031957 ], [ 121.521658864982626, 13.145089294960513 ], [ 121.521602266424253, 13.145128352340201 ], [ 121.521544515639462, 13.145177770294545 ], [ 121.521489020221651, 13.145236694723968 ], [ 121.521434725543145, 13.145310164064179 ], [ 121.521388390271994, 13.145390570000611 ], [ 121.521350883934403, 13.145474472873783 ], [ 121.521322874492938, 13.14555831154836 ], [ 121.521303873180713, 13.145643568938253 ], [ 121.521261197811285, 13.145955842890483 ], [ 121.521237824570207, 13.146090915692087 ], [ 121.52122328040241, 13.146157796237189 ], [ 121.521202136858605, 13.14623886702871 ], [ 121.521177709096094, 13.146318935908145 ], [ 121.521151612113286, 13.146394360185917 ], [ 121.521122628199635, 13.146468526425675 ], [ 121.521090284524462, 13.146541045883717 ], [ 121.521057058610154, 13.146606019501363 ], [ 121.521020605609806, 13.14666905156693 ], [ 121.520975748804233, 13.146737599420542 ], [ 121.520927214166079, 13.146803227468315 ], [ 121.520875066181304, 13.146865522258677 ], [ 121.520819040651972, 13.146923773685744 ], [ 121.520758537753238, 13.146976935076212 ], [ 121.520723713956926, 13.147003141279409 ], [ 121.520651864539118, 13.147049399563377 ], [ 121.520613753027675, 13.147070462516254 ], [ 121.520564642460329, 13.147094677322483 ], [ 121.520511814234965, 13.147117717166164 ], [ 121.520455622601659, 13.147139628497532 ], [ 121.520398461712261, 13.147159993991316 ], [ 121.52029268393315, 13.147194739140142 ], [ 121.520068642046752, 13.147263525257125 ], [ 121.519940396975656, 13.147298164451843 ], [ 121.51966278836835, 13.147366485337677 ], [ 121.519597035216563, 13.147384390864913 ], [ 121.519477971522832, 13.147420473632037 ], [ 121.519318112814759, 13.147474203546302 ], [ 121.519239010473171, 13.147503160858427 ], [ 121.519160682337201, 13.147533897179407 ], [ 121.518938332593251, 13.147628679177428 ], [ 121.518863016979509, 13.14765884249401 ], [ 121.518786770456245, 13.147686494197648 ], [ 121.518699132444624, 13.147713773052727 ], [ 121.518624541325167, 13.147733127121372 ], [ 121.518549124099607, 13.147749675828999 ], [ 121.518473055425886, 13.147763814555161 ], [ 121.518396475912667, 13.147775765147944 ], [ 121.51830883184715, 13.147786811261838 ], [ 121.518220848563089, 13.147795168431578 ], [ 121.518132686925938, 13.147800633842252 ], [ 121.51804505795721, 13.147802858903846 ], [ 121.517957644893343, 13.147801854974505 ], [ 121.517870721567547, 13.147797420500284 ], [ 121.517784631681309, 13.147789009564899 ], [ 121.517703963395306, 13.147776814719853 ], [ 121.517624668367333, 13.147760972344177 ], [ 121.517544603155997, 13.14774113903197 ], [ 121.517467122845673, 13.147717359816674 ], [ 121.517393205476978, 13.14768871201988 ], [ 121.517324129571733, 13.147653828663977 ], [ 121.517261544767322, 13.14761082911734 ], [ 121.517221205982878, 13.147573736243846 ], [ 121.517183520620222, 13.147531427792432 ], [ 121.517148201974891, 13.147485667065629 ], [ 121.517115039195716, 13.147438581165273 ], [ 121.517014093615089, 13.147283998008591 ], [ 121.516899809974504, 13.147098033147335 ], [ 121.516850705371311, 13.147012997382237 ], [ 121.516710991803379, 13.146761707871926 ], [ 121.5166478432471, 13.146655083716869 ], [ 121.51658589144597, 13.14655963856061 ], [ 121.516550026606225, 13.146511017803627 ], [ 121.516513708996683, 13.146467966314667 ], [ 121.516483966160976, 13.146437802670892 ], [ 121.516455496036897, 13.146413583095242 ], [ 121.516430387682846, 13.146396436264965 ], [ 121.516406161829053, 13.146384334780796 ], [ 121.516386798469284, 13.146378598765915 ], [ 121.516371434996401, 13.146377272272392 ], [ 121.516360023173348, 13.146378680741762 ], [ 121.516348618873508, 13.146382771848279 ], [ 121.516345570080276, 13.146384431090659 ], [ 121.516318645531271, 13.14641281432734 ], [ 121.516297570406692, 13.146457467558845 ], [ 121.516248151445339, 13.146615854584097 ], [ 121.516230392492758, 13.146664382245502 ], [ 121.516211756299782, 13.146705655746141 ], [ 121.516193626784286, 13.146738024200022 ], [ 121.516174617736425, 13.146765566855636 ], [ 121.516154723604956, 13.146788966153668 ], [ 121.516133959272793, 13.146808787460524 ], [ 121.516109793084908, 13.146827278812422 ], [ 121.516081578185734, 13.14684411027412 ], [ 121.516049082608873, 13.146858664444894 ], [ 121.516012875242325, 13.146870182403083 ], [ 121.515973896773218, 13.146878201707459 ], [ 121.515933241124941, 13.146882616917408 ], [ 121.515892037512131, 13.146883631375681 ], [ 121.515851365397339, 13.146881693477603 ], [ 121.515812138084698, 13.146877426961149 ], [ 121.515774858968967, 13.146871520146991 ], [ 121.515530347699851, 13.146817894737177 ], [ 121.515433993925811, 13.146799932056147 ], [ 121.515123883937193, 13.146749033896636 ], [ 121.515023637072545, 13.146728030604304 ], [ 121.514975786276381, 13.146715898440835 ], [ 121.514925958421586, 13.146701377741124 ], [ 121.514875729228351, 13.146684550964736 ], [ 121.514827326644678, 13.146666182199496 ], [ 121.514717373327173, 13.146618048697398 ], [ 121.514566882255195, 13.146547856500167 ], [ 121.514521869293006, 13.14652814284595 ], [ 121.51445983399266, 13.146503692798332 ], [ 121.514381716192787, 13.146477513606932 ], [ 121.514290308866705, 13.146452790084355 ], [ 121.514189737073394, 13.146431809296969 ], [ 121.514084972182687, 13.146415617641027 ], [ 121.513981400162209, 13.146404186809171 ], [ 121.513884514175942, 13.146396765992154 ], [ 121.513705424343158, 13.146388820886475 ], [ 121.513525507899431, 13.146385065800239 ], [ 121.512172900890491, 13.146374829033105 ], [ 121.511993758672844, 13.14637636640445 ], [ 121.51181611418815, 13.146382126064768 ], [ 121.511730151010283, 13.146387349063938 ], [ 121.511644428127227, 13.146394710317864 ], [ 121.511562010733925, 13.146404307658168 ], [ 121.511482904843646, 13.146416258656886 ], [ 121.511407962272813, 13.14643032975661 ], [ 121.511337888165613, 13.146445957344621 ], [ 121.511203304724546, 13.1464811808503 ], [ 121.511061744571151, 13.146521366834785 ], [ 121.510915142626757, 13.146565494770496 ], [ 121.51077705441557, 13.14661269132989 ], [ 121.51070393266825, 13.146640920886336 ], [ 121.510632303628725, 13.146670695629933 ], [ 121.51056313464882, 13.146701482969251 ], [ 121.510495281362722, 13.146734350601465 ], [ 121.510430992895067, 13.146769499570503 ], [ 121.510371685009332, 13.146807928885389 ], [ 121.510325983376859, 13.146844605727406 ], [ 121.51029257139264, 13.146878564211194 ], [ 121.510270474631483, 13.146907049949418 ], [ 121.510255664786428, 13.146930868832076 ], [ 121.510238237304975, 13.146967573195479 ], [ 121.510220541098363, 13.147024586155254 ], [ 121.510210112687858, 13.14708836261989 ], [ 121.510205250735225, 13.147154834694076 ], [ 121.510199757706715, 13.147292953314182 ], [ 121.510195032346346, 13.147347814555115 ], [ 121.51018719564307, 13.147403340939453 ], [ 121.510176596679415, 13.147455255184584 ], [ 121.510142843240232, 13.147583257438189 ], [ 121.510120063382828, 13.147658222395258 ], [ 121.510055870662939, 13.147852866587042 ], [ 121.510026848663287, 13.14794548540231 ], [ 121.51000375212621, 13.148030895798019 ], [ 121.509987787979441, 13.148107655438475 ], [ 121.509978898014865, 13.148168457954025 ], [ 121.509975808147274, 13.148208510709269 ], [ 121.50997766677699, 13.148223020670445 ], [ 121.50997607966211, 13.148704265303621 ], [ 121.509973977075859, 13.148770135162092 ], [ 121.509969052460434, 13.14882630201808 ], [ 121.509957395197389, 13.14889309200556 ], [ 121.509950413091204, 13.148919464454718 ], [ 121.509939388172157, 13.148949771771266 ], [ 121.509930570561082, 13.148969708424413 ], [ 121.509910346430843, 13.149007945069524 ], [ 121.509892103357416, 13.149035946904174 ], [ 121.50987340836285, 13.149058175537114 ], [ 121.509902645421306, 13.149102295510451 ], [ 121.509933229806308, 13.149154236918461 ], [ 121.509969695516318, 13.149222180458111 ], [ 121.51000845325693, 13.149303240313264 ], [ 121.510045355404031, 13.14939217659793 ], [ 121.510079747714855, 13.14948746746601 ], [ 121.510106675380626, 13.149572431600836 ], [ 121.510129720407107, 13.149657364669533 ], [ 121.510147515946571, 13.149740131455946 ], [ 121.510158657483359, 13.149815952881616 ], [ 121.510163815923548, 13.149885597428336 ], [ 121.510164497734479, 13.149964413346936 ], [ 121.510157409512757, 13.150367659397267 ], [ 121.510155147851449, 13.150452451653653 ], [ 121.510151073450032, 13.150528427810313 ], [ 121.510144702228672, 13.150604212872871 ], [ 121.510135738804991, 13.150679652926382 ], [ 121.510123185941964, 13.150758445136136 ], [ 121.510107636300333, 13.15083652051039 ], [ 121.510089229904125, 13.150913674539041 ], [ 121.510067844366418, 13.150989597781795 ], [ 121.51004731876283, 13.151051951629508 ], [ 121.510023851284302, 13.151112751511908 ], [ 121.50999404254452, 13.151177097875433 ], [ 121.509959658380964, 13.151238520780586 ], [ 121.509920265731054, 13.15129634595599 ], [ 121.509879056720663, 13.151345901655379 ], [ 121.509833508717108, 13.151391620053605 ], [ 121.509783948973762, 13.15143329270901 ], [ 121.509730108933596, 13.151471056939108 ], [ 121.509673125496732, 13.151504936688331 ], [ 121.509613646772991, 13.151535380814799 ], [ 121.509552168794286, 13.151562629714817 ], [ 121.509476070146462, 13.151591227310425 ], [ 121.509398052978995, 13.151614977907707 ], [ 121.50931837457874, 13.151633185345808 ], [ 121.509229747595057, 13.151645985310628 ], [ 121.509139928138154, 13.151652383611445 ], [ 121.509071600502935, 13.151653575061795 ], [ 121.509003085142069, 13.151651863763114 ], [ 121.508934548407552, 13.151647270843059 ], [ 121.508851689285677, 13.151637843944433 ], [ 121.508769153905078, 13.151624709173666 ], [ 121.508687076945094, 13.151608291032236 ], [ 121.508605610495437, 13.151588719418207 ], [ 121.508523707840951, 13.151565715475819 ], [ 121.508442453234252, 13.151540240473434 ], [ 121.508361720535746, 13.151512986814001 ], [ 121.508199804735852, 13.151454280940051 ], [ 121.508118709871297, 13.151422993525038 ], [ 121.508038308720572, 13.151390310028845 ], [ 121.507958833067434, 13.15135579102706 ], [ 121.507886902656267, 13.151322124639963 ], [ 121.507815914139385, 13.15128668676771 ], [ 121.507745834461559, 13.151249638628446 ], [ 121.50767669110104, 13.151211023265594 ], [ 121.507608572447992, 13.151170771461938 ], [ 121.507462840882155, 13.15107737162969 ], [ 121.507196153650028, 13.150898742431199 ], [ 121.507133304346652, 13.150859764795918 ], [ 121.507067956901125, 13.15082222232602 ], [ 121.507001403834408, 13.150786722671709 ], [ 121.506933843248945, 13.150753003953602 ], [ 121.506852615999676, 13.150714915548498 ], [ 121.50663128176754, 13.150615512793715 ], [ 121.506562240340898, 13.150582882818247 ], [ 121.506494426437499, 13.150548775442216 ], [ 121.50636097002652, 13.150476486579228 ], [ 121.506187589663242, 13.150375702785244 ], [ 121.506016829500467, 13.150272627107192 ], [ 121.50590629644023, 13.150203511305447 ], [ 121.505852670474269, 13.150167029016142 ], [ 121.50578639891377, 13.150117570468012 ], [ 121.505725026764608, 13.150069231757579 ], [ 121.50554151597828, 13.149920269934412 ], [ 121.505404182370143, 13.149811587065669 ], [ 121.505264597997964, 13.149705104039885 ], [ 121.505063767416615, 13.14955503703138 ], [ 121.504998159044092, 13.14950391467309 ], [ 121.50493418247251, 13.149451280094196 ], [ 121.504873554489535, 13.149397503425492 ], [ 121.504815532537322, 13.149341459709918 ], [ 121.504760604692521, 13.149282890849785 ], [ 121.504709483072077, 13.149221356811177 ], [ 121.50465978172106, 13.149152127854089 ], [ 121.504614056724563, 13.149079883670426 ], [ 121.504571165800471, 13.149005472346664 ], [ 121.504530215496644, 13.148929551438494 ], [ 121.504456610859535, 13.148784543811303 ], [ 121.504386151953454, 13.148637396180867 ], [ 121.504318897613985, 13.148488620963706 ], [ 121.504256118837546, 13.148338046923094 ], [ 121.504088783744152, 13.14789640388395 ], [ 121.504040092891231, 13.147780362047147 ], [ 121.504014129969292, 13.147726063932719 ], [ 121.503987238447337, 13.147675235497248 ], [ 121.503954564860166, 13.147619670708215 ], [ 121.503919709005814, 13.147566077571874 ], [ 121.503882619808493, 13.147513870450048 ], [ 121.503843586657965, 13.147463159249208 ], [ 121.503802894180097, 13.147414003917287 ], [ 121.503760633801434, 13.147366009714219 ], [ 121.503672029777562, 13.14727310530759 ], [ 121.503578467268923, 13.147184769028813 ], [ 121.503513664350564, 13.14712859770613 ], [ 121.503429308629464, 13.147061866021094 ], [ 121.503340975850364, 13.146999459350008 ], [ 121.503267283987569, 13.146952773312023 ], [ 121.503207696234014, 13.146918173419857 ], [ 121.503028621689879, 13.146819912421037 ], [ 121.502980939563898, 13.146791299919055 ], [ 121.502916603674933, 13.146748239201836 ], [ 121.502731183143069, 13.146610773665413 ], [ 121.50266882462121, 13.146568003854641 ], [ 121.502604592804872, 13.146530067096236 ], [ 121.502530614621733, 13.146496189638524 ], [ 121.502453901437974, 13.146471755737311 ], [ 121.502375142312545, 13.146458103757594 ], [ 121.502295570278989, 13.146456593434301 ], [ 121.502215503869579, 13.14646615503813 ], [ 121.502136302248189, 13.146485400712244 ], [ 121.502057775628472, 13.146512479076595 ], [ 121.501998368240791, 13.14653724323472 ], [ 121.501691274063148, 13.146680395317711 ], [ 121.501543427301385, 13.146744521757149 ], [ 121.501468535098937, 13.146773436344789 ], [ 121.501392814441076, 13.146799146188998 ], [ 121.50131605564664, 13.146820584651261 ], [ 121.501238582142761, 13.146836818108417 ], [ 121.501160119405796, 13.146848749141336 ], [ 121.501080915166469, 13.146857333473822 ], [ 121.500992414281981, 13.146863822883979 ], [ 121.500903456763055, 13.14686784042533 ], [ 121.50072482921, 13.146870235442407 ], [ 121.500547353641394, 13.146865954772368 ], [ 121.50045952508269, 13.146860996840703 ], [ 121.500374163984588, 13.14685385954995 ], [ 121.500289377881572, 13.146843960541865 ], [ 121.500208010633088, 13.146831107828428 ], [ 121.500130197165689, 13.146814980739034 ], [ 121.500056834763441, 13.146795596038185 ], [ 121.499988719733196, 13.146773329751932 ], [ 121.499926210197529, 13.146748882793313 ], [ 121.499885709525543, 13.146730954253616 ], [ 121.499820399412044, 13.146698946930695 ], [ 121.499756043533978, 13.146664516175646 ], [ 121.49951845713187, 13.146530363836877 ], [ 121.499393342385176, 13.146466845029549 ], [ 121.499330235531616, 13.146437719185872 ], [ 121.499246658140834, 13.146402848990597 ], [ 121.499203655680972, 13.146386994210154 ], [ 121.499141593754814, 13.146367046361847 ], [ 121.499075286459131, 13.146349734836225 ], [ 121.499005455566632, 13.146335955769857 ], [ 121.498933190537286, 13.14632641140915 ], [ 121.498859776127389, 13.14632160106148 ], [ 121.498786620480473, 13.146321859778038 ], [ 121.498715224562403, 13.14632737451543 ], [ 121.498647146583025, 13.14633814115712 ], [ 121.498583914950771, 13.146353861285059 ], [ 121.498526470008215, 13.146374112970095 ], [ 121.498471871733358, 13.146400748963753 ], [ 121.498433667344969, 13.146423660496126 ], [ 121.498396788690329, 13.146448918601598 ], [ 121.498353847595411, 13.146481994457991 ], [ 121.498311709966529, 13.146518055531727 ], [ 121.49826723854801, 13.146559738212062 ], [ 121.49810689687817, 13.146723986602506 ], [ 121.498062412200028, 13.146764474603204 ], [ 121.49802919707777, 13.146791447256804 ], [ 121.497992935186971, 13.146817594270928 ], [ 121.497956684066182, 13.146840097025612 ], [ 121.497924206150543, 13.146856417167383 ], [ 121.497901195883813, 13.146863881880249 ], [ 121.497889234893833, 13.146861392370408 ], [ 121.497828748554198, 13.146880805874618 ], [ 121.497798629571079, 13.146892972636923 ], [ 121.49777223651283, 13.146905870909167 ], [ 121.497743124478774, 13.146924970681823 ], [ 121.497725342225834, 13.14693949055069 ], [ 121.49770982035497, 13.14695486678999 ], [ 121.497688965918343, 13.146980133994262 ], [ 121.497676405730658, 13.146998857164597 ], [ 121.497659764758069, 13.147028372714693 ], [ 121.497636174021906, 13.147082023490309 ], [ 121.497616353555998, 13.147138544401427 ], [ 121.497576166936, 13.147265266665986 ], [ 121.497540935115694, 13.14735775558427 ], [ 121.497537637906731, 13.147364933823093 ], [ 121.497536911209323, 13.147377738258413 ], [ 121.497539333659745, 13.147420873629379 ], [ 121.497544690623002, 13.147467052806258 ], [ 121.497592580621784, 13.147801906189382 ], [ 121.497606057555416, 13.147911175775867 ], [ 121.497623402660224, 13.148076503040352 ], [ 121.497634498983004, 13.148213881080601 ], [ 121.497640947474935, 13.148320704477033 ], [ 121.49764452544099, 13.148434274943858 ], [ 121.49764374625002, 13.148501047548256 ], [ 121.497640009120261, 13.148558585876509 ], [ 121.49763350593058, 13.148605994869754 ], [ 121.49762445608421, 13.148645761602719 ], [ 121.497607699187924, 13.148693138664491 ], [ 121.497597005372995, 13.148715626865481 ], [ 121.49757686467008, 13.14875030484226 ], [ 121.497550930316251, 13.148787508361455 ], [ 121.497480542716346, 13.148880037575863 ], [ 121.497461223590179, 13.14890950320393 ], [ 121.497445778380069, 13.14893725932491 ], [ 121.497435355371991, 13.148959743962321 ], [ 121.497419241904282, 13.149006588970485 ], [ 121.497413204642896, 13.149031966107579 ], [ 121.497404300742701, 13.149092188150856 ], [ 121.49740048109507, 13.14914886579384 ], [ 121.497399400994809, 13.149251427275326 ], [ 121.497413167213011, 13.149716275563716 ], [ 121.497418250238638, 13.150062347264498 ], [ 121.49741873519099, 13.150367383305216 ], [ 121.497416305025538, 13.15099739094526 ], [ 121.497509079540251, 13.151000329715661 ], [ 121.497551354992765, 13.151000088632912 ], [ 121.497577600999918, 13.150995950502541 ], [ 121.497584659278388, 13.150992923438059 ], [ 121.497590359933838, 13.150988570361921 ], [ 121.497597107610119, 13.150975716567711 ], [ 121.497600160275127, 13.150959156108259 ], [ 121.497606646184593, 13.150840117736328 ], [ 121.497611282381541, 13.150803497569164 ], [ 121.497618321948636, 13.15076747892353 ], [ 121.49762636103145, 13.150740178924529 ], [ 121.497634667692168, 13.150719219240075 ], [ 121.497651153840167, 13.150686443112765 ], [ 121.497665324300968, 13.150665117171524 ], [ 121.497667005298737, 13.150653457494826 ], [ 121.497668629826705, 13.150567821023255 ], [ 121.497666249637717, 13.150328385835772 ], [ 121.497659938389432, 13.150129213806494 ], [ 121.497644711463721, 13.149829887144266 ], [ 121.49764279744916, 13.14974659850162 ], [ 121.497644533175887, 13.149681815495494 ], [ 121.49764988822507, 13.14961755848231 ], [ 121.497659548790537, 13.149553998497471 ], [ 121.497678979127599, 13.149473782130169 ], [ 121.49770536107367, 13.149395058958916 ], [ 121.497731315882518, 13.149331513326658 ], [ 121.497848580401168, 13.149077886326998 ], [ 121.497876856343709, 13.149013316667393 ], [ 121.497922991353676, 13.148900170204616 ], [ 121.49800767422893, 13.14868366745541 ], [ 121.498035861811331, 13.148606921979319 ], [ 121.498060135491585, 13.14853000154328 ], [ 121.498077694214615, 13.148452144348283 ], [ 121.498085718904392, 13.148381460186522 ], [ 121.498087039548381, 13.148305474102086 ], [ 121.498082651102877, 13.148231728163594 ], [ 121.498074638142157, 13.148161336854031 ], [ 121.498046090264381, 13.147963503747983 ], [ 121.498039007340196, 13.147897380915728 ], [ 121.498034444177293, 13.147828982195989 ], [ 121.498033191981719, 13.147759396402829 ], [ 121.498035769618838, 13.147689833915518 ], [ 121.498042383180518, 13.147621555031064 ], [ 121.498052888105605, 13.147555792090575 ], [ 121.498066774769015, 13.147493610067292 ], [ 121.498083245777309, 13.147435627575227 ], [ 121.498111496329315, 13.147354528581234 ], [ 121.498187629667598, 13.147170089712045 ], [ 121.498217164663544, 13.147104858788529 ], [ 121.498249175076609, 13.14704258256087 ], [ 121.498285232364054, 13.146984749516138 ], [ 121.498322825443182, 13.146937362830936 ], [ 121.498365080451777, 13.146896164107346 ], [ 121.498414630629171, 13.146860518201386 ], [ 121.498468099450875, 13.14683374499991 ], [ 121.49850541201981, 13.146821072838756 ], [ 121.498545646026017, 13.146811632900048 ], [ 121.498586264589278, 13.146805307987867 ], [ 121.498645092060585, 13.146800801309166 ], [ 121.498703297239388, 13.146804254842866 ], [ 121.498770163074369, 13.146822516477004 ], [ 121.498805756608391, 13.146839601358133 ], [ 121.498839565194373, 13.1468613541798 ], [ 121.498892180214824, 13.146908034808087 ], [ 121.498938885858465, 13.146964538703321 ], [ 121.49897105093028, 13.147013293883203 ], [ 121.499000227634227, 13.147065363513592 ], [ 121.499026756264399, 13.147119805926684 ], [ 121.499052879328147, 13.147181163973936 ], [ 121.499075558488897, 13.147243740420006 ], [ 121.499092592973298, 13.147301179164653 ], [ 121.499105587234766, 13.14735873553 ], [ 121.499113774518065, 13.147415998271212 ], [ 121.499116560859619, 13.14747139768952 ], [ 121.499114776892696, 13.147525387060574 ], [ 121.499100758739942, 13.147654059526694 ], [ 121.499099115958515, 13.147714638342311 ], [ 121.499102725220084, 13.147748476452911 ], [ 121.499119159176658, 13.147811213911252 ], [ 121.49913386921034, 13.147845484459046 ], [ 121.499151706183156, 13.147876593750754 ], [ 121.499171437887199, 13.147902659911844 ], [ 121.499192145077984, 13.147923087403163 ], [ 121.499213073648335, 13.147937863922543 ], [ 121.499234337343907, 13.14794760646974 ], [ 121.499256118330209, 13.147952485479461 ], [ 121.499277861000309, 13.147952211638341 ], [ 121.499298661793731, 13.147946652391857 ], [ 121.499317708196088, 13.147935960750313 ], [ 121.499332003671185, 13.147923123653444 ], [ 121.499359713552664, 13.147878737733789 ], [ 121.499380493698865, 13.147820051107074 ], [ 121.49942901336658, 13.147628935729701 ], [ 121.499477591161622, 13.147455730683278 ], [ 121.499493830622399, 13.147391520449876 ], [ 121.499505876609348, 13.147327569033903 ], [ 121.499511666948521, 13.14726370449735 ], [ 121.499510195097685, 13.147201262364945 ], [ 121.499501936707034, 13.147145112891502 ], [ 121.499488323430995, 13.147092052339271 ], [ 121.499447516487706, 13.146976696686044 ], [ 121.499437253721638, 13.146937989201225 ], [ 121.499432632965849, 13.146901826490359 ], [ 121.499435291681351, 13.146869385985674 ], [ 121.499445348502888, 13.146844185392816 ], [ 121.499462769033457, 13.146824506349546 ], [ 121.499502910139981, 13.146807139979455 ], [ 121.499547666451477, 13.146803917860526 ], [ 121.499599220531664, 13.146809893065138 ], [ 121.499646692078386, 13.146821048102046 ], [ 121.499696779662216, 13.146836793559382 ], [ 121.499748797879519, 13.146856303302615 ], [ 121.49981452930308, 13.146884371038324 ], [ 121.499881739311277, 13.146915684075724 ], [ 121.500172550825724, 13.147059648743587 ], [ 121.500241750775388, 13.147091879524377 ], [ 121.500311790746863, 13.147121181168153 ], [ 121.500383116490752, 13.147146055665383 ], [ 121.500458514254149, 13.147165891167178 ], [ 121.500535380195544, 13.147180672342536 ], [ 121.500623168395578, 13.147192758893761 ], [ 121.50071192992398, 13.147201270506359 ], [ 121.500801360190223, 13.147207190547984 ], [ 121.500981397536066, 13.14721407998521 ], [ 121.501521898291344, 13.147224459527866 ], [ 121.501698482713621, 13.147232193215155 ], [ 121.501783746780731, 13.147238075937281 ], [ 121.501868730755163, 13.147245817655204 ], [ 121.501950444049783, 13.147255431054621 ], [ 121.50202896438131, 13.147266980755106 ], [ 121.502103537135042, 13.147280201480161 ], [ 121.502173533750778, 13.147294530275332 ], [ 121.502443221360977, 13.14735563391986 ], [ 121.502736048484863, 13.147415697449627 ], [ 121.502812800792782, 13.147436559643847 ], [ 121.502891868079203, 13.14746616755871 ], [ 121.502968925496077, 13.147503661552825 ], [ 121.503044731057258, 13.147550480902494 ], [ 121.503116879215284, 13.147606503507397 ], [ 121.503165569349306, 13.147652333074298 ], [ 121.503209658394965, 13.147700990072641 ], [ 121.503247895025908, 13.147750391693844 ], [ 121.503292257046638, 13.147820284458101 ], [ 121.503320961591825, 13.147879133107617 ], [ 121.503334002468392, 13.147915241987151 ], [ 121.503339862015551, 13.147939650192445 ], [ 121.503340808139455, 13.147952707702551 ], [ 121.503338308995282, 13.147958416791395 ], [ 121.50334341756249, 13.14795690557373 ], [ 121.503356098715443, 13.147960918998736 ], [ 121.503379890854944, 13.147974635276816 ], [ 121.503396584463431, 13.147986535827821 ], [ 121.50345170901852, 13.148033459970959 ], [ 121.503505312003099, 13.148087238624521 ], [ 121.503560735102681, 13.148152096829536 ], [ 121.503601773887695, 13.148207404423516 ], [ 121.503644598224199, 13.148271615421139 ], [ 121.503685798600713, 13.148338527395833 ], [ 121.50375328936623, 13.148454652131294 ], [ 121.50380844692522, 13.14855827924119 ], [ 121.503839615184248, 13.14863058444503 ], [ 121.503919105564009, 13.148857878564574 ], [ 121.5039436500672, 13.148917208110706 ], [ 121.503983893980617, 13.148997191526403 ], [ 121.504048115671992, 13.149107833620434 ], [ 121.504087237096286, 13.149181052282181 ], [ 121.504135704049048, 13.149280558159635 ], [ 121.504215666724633, 13.149456596047484 ], [ 121.504248335227743, 13.149524462212149 ], [ 121.504281814721736, 13.149587424182423 ], [ 121.504315121338962, 13.149642577008544 ], [ 121.504346461545055, 13.149687973073299 ], [ 121.504384839902841, 13.149736269700876 ], [ 121.504426355205737, 13.149781414042501 ], [ 121.504471060222372, 13.149823631879055 ], [ 121.504519030130112, 13.149862940567163 ], [ 121.504560588932151, 13.149892883368247 ], [ 121.504605191733475, 13.149921652080447 ], [ 121.504652179024816, 13.149949044244392 ], [ 121.504749002531639, 13.149998877856953 ], [ 121.504830019277989, 13.150035616842915 ], [ 121.504871887502588, 13.150053062459873 ], [ 121.504938538190828, 13.150078925778777 ], [ 121.505145830736694, 13.150153013525317 ], [ 121.505212777050701, 13.150178948587412 ], [ 121.505267198945532, 13.150202503102507 ], [ 121.505318093661856, 13.150227467482692 ], [ 121.505364914967814, 13.150253731788597 ], [ 121.505407787344822, 13.150281188581939 ], [ 121.505457744909236, 13.150317860141602 ], [ 121.505506075114411, 13.150358170380382 ], [ 121.505568611049981, 13.150416203747307 ], [ 121.505822723059055, 13.150673761398263 ], [ 121.505914927472219, 13.150763073379727 ], [ 121.505962146904565, 13.150806647549549 ], [ 121.506070766830575, 13.150900021317831 ], [ 121.506126870754088, 13.150944602478756 ], [ 121.506204054267116, 13.151001938791827 ], [ 121.506270769246285, 13.151048555898932 ], [ 121.506544454509807, 13.151233467337729 ], [ 121.506708994429388, 13.151339700024918 ], [ 121.506826198698406, 13.151409413764325 ], [ 121.507250842144785, 13.151653621475861 ], [ 121.507333715215722, 13.1517043891503 ], [ 121.507590708082603, 13.15186697442893 ], [ 121.507686277631819, 13.15192282806993 ], [ 121.507747103134236, 13.151955932360153 ], [ 121.507869974976686, 13.15201824702682 ], [ 121.507950722205791, 13.152056202425715 ], [ 121.508047510574045, 13.152097654578885 ], [ 121.508166856507316, 13.152142641098736 ], [ 121.508289861104373, 13.152184371765966 ], [ 121.508475442412006, 13.152242888231484 ], [ 121.508542028938038, 13.152261952042155 ], [ 121.508612944683321, 13.152280100601105 ], [ 121.508688909142677, 13.152296720737844 ], [ 121.508769335576574, 13.152311186947655 ], [ 121.508853421148913, 13.152323188707264 ], [ 121.508940352949779, 13.152332692247281 ], [ 121.509029390455197, 13.152339840091466 ], [ 121.509128232185489, 13.152345207174283 ], [ 121.5092061278458, 13.152347799464682 ], [ 121.509360930718501, 13.152349072139019 ], [ 121.509443896822916, 13.152347437415848 ], [ 121.509525498394424, 13.152343796857961 ], [ 121.509605072511192, 13.152337568915998 ], [ 121.509681701435341, 13.152327829336553 ], [ 121.509754120128605, 13.152313210469789 ], [ 121.509820854001532, 13.152291456126909 ], [ 121.509884572756391, 13.152253168198248 ], [ 121.509922640859912, 13.152218352560455 ], [ 121.509974378419699, 13.152157274608715 ], [ 121.510003083040345, 13.152118318082993 ], [ 121.510125946083221, 13.151940567775991 ], [ 121.510263736887055, 13.151748166527241 ], [ 121.510316430908219, 13.151677572997936 ] ] ] ] } },
{ "type": "Feature", "properties": { "Class_name": "Corals", "ID": 1, "Province": "Oriental Mindoro", "Region": "R4B", "Class_Code": "C", "Area": 123.10405189700001, "Area (Ha)": 128.008, "Area_3(ha)": 128.003 }, "geometry": { "type": "MultiPolygon", "coordinates": [ [ [ [ 121.433805337056853, 13.227498654060671 ], [ 121.434138895497853, 13.227589019230734 ], [ 121.43427674141904, 13.227561559099001 ], [ 121.434362581364482, 13.227545907729226 ], [ 121.434440569216065, 13.227533787724072 ], [ 121.434522135184963, 13.227523872386929 ], [ 121.43460465128922, 13.227517224688812 ], [ 121.434685070304127, 13.22751453559361 ], [ 121.434760336868848, 13.227515993994176 ], [ 121.434827778399693, 13.227521260029251 ], [ 121.434887110155444, 13.227529377784441 ], [ 121.434953830286872, 13.227540766020223 ], [ 121.43516768239175, 13.227582870366115 ], [ 121.435327192005303, 13.227615975489652 ], [ 121.435407058281328, 13.22763454795016 ], [ 121.435485748331047, 13.227655586335388 ], [ 121.435560621581274, 13.227679483127513 ], [ 121.43563031206223, 13.227706517304892 ], [ 121.435693640583864, 13.227736371874625 ], [ 121.435750458898639, 13.227768431353512 ], [ 121.43579257266893, 13.227795778039036 ], [ 121.435833378664412, 13.227825138494332 ], [ 121.435912700664204, 13.227888683317845 ], [ 121.43598975118897, 13.227955189246821 ], [ 121.436104425447908, 13.2280599078011 ], [ 121.436177491900921, 13.228132015206613 ], [ 121.436322731169412, 13.228280769783366 ], [ 121.436416205710273, 13.22836972021749 ], [ 121.436511929188725, 13.228455805277434 ], [ 121.436608774042256, 13.228538688963152 ], [ 121.436658820038204, 13.228577988084607 ], [ 121.436710143766817, 13.228614547378006 ], [ 121.436753648800746, 13.228642374096419 ], [ 121.436800359590308, 13.228669285183317 ], [ 121.436850174069633, 13.228695144812171 ], [ 121.436907018203399, 13.228721866209586 ], [ 121.436964918400619, 13.228746867958113 ], [ 121.43702358443872, 13.228770633585336 ], [ 121.437154117870691, 13.228820148537295 ], [ 121.43726405489268, 13.22885880496246 ], [ 121.43750580627416, 13.228940191695646 ], [ 121.437577116169678, 13.22896796269387 ], [ 121.437643352405786, 13.228997939300349 ], [ 121.437684206164832, 13.229019249588299 ], [ 121.437722168464973, 13.229041497284667 ], [ 121.437757437774081, 13.229064630200114 ], [ 121.437797317197507, 13.22909395288441 ], [ 121.437835957164381, 13.229125645772438 ], [ 121.437873879092123, 13.229159654327157 ], [ 121.437946989093021, 13.229231245649428 ], [ 121.438168778273322, 13.229461775125614 ], [ 121.438260617522928, 13.229551661147413 ], [ 121.438307874556386, 13.22959523099334 ], [ 121.438361857499714, 13.229642217478833 ], [ 121.438417339958249, 13.229687373523817 ], [ 121.438474423595252, 13.229730444354468 ], [ 121.438553960508898, 13.229784534704111 ], [ 121.438648119006686, 13.229840787634563 ], [ 121.438745091831166, 13.229892487343394 ], [ 121.438825259665407, 13.229931477767089 ], [ 121.438931405505301, 13.22997742820831 ], [ 121.439000370246859, 13.23000395725259 ], [ 121.439144339894582, 13.23005349805876 ], [ 121.439351030047575, 13.230117089184416 ], [ 121.43941766688549, 13.230135141107381 ], [ 121.439482860707344, 13.230150618986089 ], [ 121.439552251786182, 13.230164319017943 ], [ 121.439625371167494, 13.230175529395961 ], [ 121.439701537566791, 13.230183705831124 ], [ 121.43978250386256, 13.230188551835537 ], [ 121.4398282217375, 13.230189569441935 ], [ 121.439922861821856, 13.230187872896193 ], [ 121.440021391628534, 13.23018086619458 ], [ 121.440070866970331, 13.230175402768154 ], [ 121.440166586558433, 13.230161243178561 ], [ 121.440254370330933, 13.230144259064389 ], [ 121.440330444171494, 13.230126742841236 ], [ 121.440488782393729, 13.230086310658098 ], [ 121.440548447553027, 13.230073654520726 ], [ 121.440670624654075, 13.230053732218428 ], [ 121.440852006930314, 13.230028223107533 ], [ 121.440948860241988, 13.230011951692344 ], [ 121.441042798291519, 13.229991709456868 ], [ 121.441128892463851, 13.229967384315518 ], [ 121.441211467471874, 13.229937049184212 ], [ 121.44127616948002, 13.229907450542154 ], [ 121.441320306363934, 13.229884187971821 ], [ 121.441385259744436, 13.229846295822227 ], [ 121.441536717589926, 13.229752916113366 ], [ 121.441766166526534, 13.229616980812652 ], [ 121.441840139240924, 13.229569956312281 ], [ 121.442009608023696, 13.229455844417513 ], [ 121.442100870969895, 13.22939941257882 ], [ 121.442152015312686, 13.229370635008284 ], [ 121.442205714218176, 13.229342174657036 ], [ 121.442423130859254, 13.229233381059506 ], [ 121.442599280681634, 13.229142795396443 ], [ 121.442737576895837, 13.229074385284084 ], [ 121.442841991220646, 13.229027396543811 ], [ 121.443076316765357, 13.228930623144675 ], [ 121.443179613699968, 13.228883126946728 ], [ 121.443219234295753, 13.228862761031525 ], [ 121.443295018872703, 13.228819551405055 ], [ 121.443350302392915, 13.228783787299044 ], [ 121.443402909778584, 13.228745189459751 ], [ 121.443451367138607, 13.228704019315007 ], [ 121.443495001958283, 13.2286603265868 ], [ 121.443529626311005, 13.228619521670181 ], [ 121.443562459091609, 13.228574369732607 ], [ 121.443593330764088, 13.228524951220837 ], [ 121.443621962593056, 13.228472075742868 ], [ 121.443647936400254, 13.228417501619091 ], [ 121.443671614092324, 13.228361602612571 ], [ 121.443692533383725, 13.228306532396026 ], [ 121.443713701086466, 13.228243431015668 ], [ 121.443731836769615, 13.228179400788568 ], [ 121.443746989351794, 13.228111165646428 ], [ 121.443758192584852, 13.228038518834401 ], [ 121.443764518518051, 13.227962726387991 ], [ 121.443765461853801, 13.227885365374451 ], [ 121.443760948893001, 13.22780809926801 ], [ 121.443751325018596, 13.227732553383136 ], [ 121.443737354728356, 13.227660187014076 ], [ 121.443720179010299, 13.227592054115025 ], [ 121.443700870684552, 13.227527631571654 ], [ 121.443679726867245, 13.227463922625754 ], [ 121.443609983365647, 13.227266046597725 ], [ 121.443567516676083, 13.2271394269211 ], [ 121.443549215226653, 13.227077363442264 ], [ 121.443535083505623, 13.22702204160611 ], [ 121.443522786750407, 13.226964467069957 ], [ 121.443512683254639, 13.226905501435111 ], [ 121.443504825633468, 13.226846331919852 ], [ 121.44349895208957, 13.226788322382568 ], [ 121.44348245337072, 13.226577857199231 ], [ 121.443476294371862, 13.226529077556227 ], [ 121.443468316315801, 13.226481346619197 ], [ 121.443446876538005, 13.226385667670499 ], [ 121.443407206063057, 13.226236797669877 ], [ 121.443388480154127, 13.226159855024722 ], [ 121.443351326551081, 13.225967954620939 ], [ 121.443332711801773, 13.225884961036439 ], [ 121.443310588265859, 13.225805447676784 ], [ 121.443264580825982, 13.225657940186071 ], [ 121.443255527864977, 13.225623788984423 ], [ 121.44324335924874, 13.225566569690471 ], [ 121.443234569314058, 13.225506546921592 ], [ 121.443228097690522, 13.225438536846303 ], [ 121.443213176115549, 13.225240268104859 ], [ 121.443204750376708, 13.225166664731866 ], [ 121.44319312795065, 13.225092920559607 ], [ 121.443177983027823, 13.225020978937012 ], [ 121.443159562180952, 13.224952478172838 ], [ 121.443138636229122, 13.224888433409811 ], [ 121.443115915435015, 13.224828062639341 ], [ 121.443040664411811, 13.224649125021116 ], [ 121.443009003697242, 13.224569607695999 ], [ 121.442994521175265, 13.224528922891141 ], [ 121.442978512569837, 13.224477740375891 ], [ 121.442964514855589, 13.224423539254387 ], [ 121.442953196598708, 13.224366643927606 ], [ 121.442945100886178, 13.224307691448615 ], [ 121.442940581997533, 13.224247476332541 ], [ 121.44294017075309, 13.224171757030661 ], [ 121.442945425168929, 13.224097132749176 ], [ 121.442951803437694, 13.22404878824018 ], [ 121.442960164101237, 13.224002058488468 ], [ 121.442970148780944, 13.223957236351225 ], [ 121.442994040165047, 13.223871646660104 ], [ 121.443027684794714, 13.223773297459443 ], [ 121.443049974297182, 13.22371566839738 ], [ 121.443074054902198, 13.223658701572417 ], [ 121.443100143536881, 13.223602604519401 ], [ 121.443127927023042, 13.22354874319486 ], [ 121.443157043511377, 13.223498050384363 ], [ 121.443187198782766, 13.223450738013662 ], [ 121.443247292543361, 13.223367546249698 ], [ 121.443311869228964, 13.223286551366508 ], [ 121.44347941335981, 13.223082330703921 ], [ 121.443542751295197, 13.22300971255561 ], [ 121.443601915040404, 13.222946414967641 ], [ 121.443647863292327, 13.222900249974774 ], [ 121.443727493895949, 13.222826866417435 ], [ 121.443785973185243, 13.222778349736835 ], [ 121.443846557732314, 13.222732609144668 ], [ 121.443900550559391, 13.222695682311462 ], [ 121.443957797791583, 13.222660374541526 ], [ 121.444018471186411, 13.222626804689851 ], [ 121.444060134789979, 13.222605732343872 ], [ 121.444144463836977, 13.222567357441049 ], [ 121.444207379681032, 13.222542327051023 ], [ 121.444272001992303, 13.222520148138706 ], [ 121.444341330934748, 13.222500693109735 ], [ 121.444415907069185, 13.222484819951006 ], [ 121.444494665523067, 13.222473504639852 ], [ 121.444576156226759, 13.222467389785599 ], [ 121.444646981158172, 13.222466558427913 ], [ 121.444717626631103, 13.222469895802378 ], [ 121.444787068397702, 13.222477378814689 ], [ 121.444854299612842, 13.222488853812886 ], [ 121.444918376531916, 13.222503990553124 ], [ 121.444978522398216, 13.222522247264251 ], [ 121.445034339935731, 13.222542915322897 ], [ 121.445095008610878, 13.222569453448566 ], [ 121.44515370793539, 13.222598800947868 ], [ 121.445211424722217, 13.222630619230539 ], [ 121.445268346650735, 13.222664349679851 ], [ 121.445379478306009, 13.222734812772051 ], [ 121.44549311966712, 13.222809890190142 ], [ 121.445604678233138, 13.222887698790286 ], [ 121.445709329670734, 13.222966534257626 ], [ 121.445965223192246, 13.223167785504154 ], [ 121.446075429935576, 13.223246700097331 ], [ 121.446142934825318, 13.223290225396111 ], [ 121.446207916426673, 13.223328339814788 ], [ 121.446277450480849, 13.223365426874963 ], [ 121.446346451682203, 13.22339916489792 ], [ 121.446416058891899, 13.223430770747299 ], [ 121.446483247228187, 13.223457719682672 ], [ 121.446545489016856, 13.223479586979197 ], [ 121.446596125070712, 13.223495423824085 ], [ 121.446673745163181, 13.223515907869571 ], [ 121.446751904780797, 13.223531314878995 ], [ 121.446834439650061, 13.223543092373687 ], [ 121.446916214463826, 13.223551256009367 ], [ 121.447010826302389, 13.223557218584192 ], [ 121.447096955834311, 13.223559910728858 ], [ 121.44717060060735, 13.223560353042416 ], [ 121.44727675224263, 13.22355835312943 ], [ 121.44729162116073, 13.223558443455916 ], [ 121.447292548711332, 13.223558449090429 ], [ 121.447294319489856, 13.223558459847567 ], [ 121.44729393235275, 13.223559954031982 ], [ 121.447297874903782, 13.22356347709831 ], [ 121.447316930060325, 13.223575982550658 ], [ 121.44737395680275, 13.22360514713213 ], [ 121.447454260739136, 13.223637896071121 ], [ 121.447508517901241, 13.223656616211914 ], [ 121.447567988321978, 13.223674670014637 ], [ 121.447677331916424, 13.223702031816835 ], [ 121.447794392437359, 13.223723578073674 ], [ 121.447909597558493, 13.223736743764251 ], [ 121.448013866960665, 13.223740656005322 ], [ 121.448100414298466, 13.223736385662773 ], [ 121.448186680551274, 13.223722109120763 ], [ 121.448262088286754, 13.223700674223231 ], [ 121.448329934524907, 13.223673906892037 ], [ 121.448389796920125, 13.223642933156658 ], [ 121.448425904659373, 13.223620227234761 ], [ 121.448459913299601, 13.223595647938584 ], [ 121.448522654437198, 13.223540806663035 ], [ 121.448551270856868, 13.223510797170682 ], [ 121.448578012714378, 13.223479098688783 ], [ 121.44861500972759, 13.223427777874127 ], [ 121.448647942749943, 13.223372249131112 ], [ 121.448675444778743, 13.22331533917775 ], [ 121.448697816932793, 13.223256976094911 ], [ 121.448713651900377, 13.223201557849869 ], [ 121.448723571626587, 13.223147306385027 ], [ 121.448727111708166, 13.223103276091582 ], [ 121.448726232980064, 13.223058810261108 ], [ 121.448720660699195, 13.223014915449779 ], [ 121.448710527728622, 13.222972610675447 ], [ 121.448696278838838, 13.222932557242361 ], [ 121.448673071656188, 13.222885076216503 ], [ 121.448648557390456, 13.222846039137414 ], [ 121.448620298593823, 13.222808749612009 ], [ 121.448594581214039, 13.222779522095609 ], [ 121.448566400492069, 13.222751202193066 ], [ 121.448519087431364, 13.222709903370333 ], [ 121.448466067328525, 13.222669962049366 ], [ 121.448409195505363, 13.222631920873875 ], [ 121.448350789904239, 13.222596247254144 ], [ 121.448292045196666, 13.222562895495578 ], [ 121.448181519731648, 13.222506141809337 ], [ 121.448102373580582, 13.222469749294838 ], [ 121.448022039097665, 13.22243550979125 ], [ 121.447969101681451, 13.222414167865297 ], [ 121.447838265300703, 13.222366088017049 ], [ 121.447776132821446, 13.222346247376583 ], [ 121.447709948166576, 13.2223273546771 ], [ 121.447637205714202, 13.222308927650618 ], [ 121.447547409519998, 13.222288772635853 ], [ 121.447457863496467, 13.222270606155872 ], [ 121.447278920239043, 13.222237235983618 ], [ 121.447124592486631, 13.222210215091726 ], [ 121.447043498293752, 13.22219800059518 ], [ 121.4469694510464, 13.222191317914975 ], [ 121.446920992247456, 13.222192259596273 ], [ 121.446578746376147, 13.222083654364186 ], [ 121.446491227823074, 13.222025721146295 ], [ 121.446413352823811, 13.221986980296517 ], [ 121.446316190846602, 13.221909854633628 ], [ 121.446258087546539, 13.221832966346234 ], [ 121.446248565213907, 13.221794640901612 ], [ 121.446258753923459, 13.221727734587935 ], [ 121.446454713211381, 13.221623689750336 ], [ 121.446621257287433, 13.221538599788952 ], [ 121.446787861814542, 13.221443943179548 ], [ 121.446944641032729, 13.221358793651255 ], [ 121.447101359605256, 13.221283210541888 ], [ 121.447248555609434, 13.221169301901542 ], [ 121.447307748758917, 13.221073992467529 ], [ 121.447416249229704, 13.220902447297791 ], [ 121.44743692852893, 13.220720801840134 ], [ 121.447496666213965, 13.220539393569121 ], [ 121.447527594180386, 13.220281275143273 ], [ 121.447509699112558, 13.220022860231037 ], [ 121.447511091119978, 13.219802830027804 ], [ 121.447472940645369, 13.219659094890762 ], [ 121.447376263330654, 13.21950543744053 ], [ 121.447289108577536, 13.219390105385981 ], [ 121.447104550481598, 13.219235914139464 ], [ 121.446851459160001, 13.219110007165241 ], [ 121.446568529502954, 13.219070020733099 ], [ 121.445629254725247, 13.219165395243799 ], [ 121.4454742871837, 13.219160234833462 ], [ 121.445026968356231, 13.219250791882613 ], [ 121.443962754173242, 13.219610250596796 ], [ 121.443669544539461, 13.219651516879834 ], [ 121.443376380356696, 13.219685607931437 ], [ 121.443097771923433, 13.219734137597134 ], [ 121.442863240497715, 13.219761409925322 ], [ 121.442060908564642, 13.219917065298741 ], [ 121.441866117178378, 13.219934713882656 ], [ 121.441858975987145, 13.219905969735555 ], [ 121.441844830279308, 13.219826956805379 ], [ 121.44183791687675, 13.219762338265078 ], [ 121.441882267354416, 13.219698032149273 ], [ 121.441926617807752, 13.219633726022881 ], [ 121.44198547839683, 13.21959103377988 ], [ 121.442066354737847, 13.219541300519044 ], [ 121.442558474743322, 13.219384811113134 ], [ 121.442607388572043, 13.219356157943658 ], [ 121.442789499297476, 13.219256832730819 ], [ 121.443041599759226, 13.219126226560759 ], [ 121.443158927196848, 13.219060679516668 ], [ 121.443275836269933, 13.218990283491527 ], [ 121.443332282533049, 13.218953522606011 ], [ 121.443385940653727, 13.218916241616629 ], [ 121.443633097547959, 13.218728674229993 ], [ 121.443912914056654, 13.218530172206377 ], [ 121.443965402494158, 13.218490695076124 ], [ 121.444017104869971, 13.218449519543746 ], [ 121.444066093792287, 13.218406989821062 ], [ 121.444111049933355, 13.218363344515316 ], [ 121.444147011281473, 13.218324084609222 ], [ 121.44418535890884, 13.218277086780759 ], [ 121.444224314057848, 13.218223484425435 ], [ 121.444269582819047, 13.218153916433895 ], [ 121.444311680759768, 13.218083111597835 ], [ 121.444436310218421, 13.217860942725375 ], [ 121.444474816064442, 13.217803277696271 ], [ 121.444558921474794, 13.217699027597684 ], [ 121.444663103242064, 13.217559731261691 ], [ 121.444708742597939, 13.217505280140653 ], [ 121.444761579208475, 13.21745047092373 ], [ 121.444800558721099, 13.217415329860952 ], [ 121.444841861615728, 13.217382569276776 ], [ 121.444884937440122, 13.217352842205976 ], [ 121.444944791932599, 13.217317998311632 ], [ 121.445006220684746, 13.217288471103572 ], [ 121.445068386053023, 13.217263241626203 ], [ 121.445133767758463, 13.217239952813124 ], [ 121.445332568415722, 13.217174701218941 ], [ 121.445394725119399, 13.217152341978034 ], [ 121.445452992435534, 13.21712928647533 ], [ 121.445514381889097, 13.217102374555209 ], [ 121.445573979634304, 13.217073566275699 ], [ 121.445633511114437, 13.217042071153536 ], [ 121.445691608397738, 13.217008317799259 ], [ 121.445747222803334, 13.216972606142599 ], [ 121.445799523516584, 13.216935413992633 ], [ 121.445839834175487, 13.216904204344365 ], [ 121.445879707040561, 13.216871379586898 ], [ 121.446028825982339, 13.216742080485197 ], [ 121.44610910762654, 13.216675354994774 ], [ 121.446315962453184, 13.21651429866971 ], [ 121.446354818120966, 13.216480972253452 ], [ 121.44638826041674, 13.216448513157216 ], [ 121.446415650815297, 13.216417378044843 ], [ 121.446437015042108, 13.216388322008815 ], [ 121.446462281107301, 13.216344425758813 ], [ 121.446481858054199, 13.216297360550517 ], [ 121.446498456462905, 13.216240808096508 ], [ 121.446509826856911, 13.216188467724452 ], [ 121.446520357317468, 13.216128612754229 ], [ 121.446554642582896, 13.215914922565997 ], [ 121.446606542961291, 13.21563852708309 ], [ 121.446625716605425, 13.215508036780902 ], [ 121.446635059416323, 13.21542469169046 ], [ 121.446643192564281, 13.215321601574654 ], [ 121.446649617665813, 13.215185417112622 ], [ 121.446652450696178, 13.215079825508163 ], [ 121.446654421067919, 13.214869384403132 ], [ 121.446651207477288, 13.214514984550926 ], [ 121.446648210558294, 13.214515779729018 ], [ 121.446644861259799, 13.214513329050352 ], [ 121.446635163465587, 13.214499327532778 ], [ 121.446617309812709, 13.214463887882166 ], [ 121.446539521534334, 13.214285805983295 ], [ 121.446480563191585, 13.214160979451034 ], [ 121.446454156171626, 13.214110466251219 ], [ 121.446419907108023, 13.214050148836264 ], [ 121.446388776017855, 13.214000290144703 ], [ 121.446356288822145, 13.213953145924837 ], [ 121.446304982122228, 13.213888861460676 ], [ 121.446251884380359, 13.213836132567705 ], [ 121.446220338268034, 13.213811921725199 ], [ 121.446191421420849, 13.213794460673801 ], [ 121.446155361087193, 13.213777066603694 ], [ 121.446117182342107, 13.213762627269746 ], [ 121.446076333627857, 13.213750489770636 ], [ 121.446030241274826, 13.213739435474878 ], [ 121.445795378406359, 13.213692477970072 ], [ 121.445476772237484, 13.213618428964679 ], [ 121.445341110095768, 13.213582485038668 ], [ 121.44527425791351, 13.213561946239414 ], [ 121.445210368386896, 13.213539626612254 ], [ 121.445150322618403, 13.21351563088734 ], [ 121.445094639557098, 13.213490348283145 ], [ 121.445036234813955, 13.213460562606228 ], [ 121.444979760022932, 13.213428895886418 ], [ 121.444924192711909, 13.213395566093402 ], [ 121.444761326854916, 13.213292450441154 ], [ 121.444650200903823, 13.213227060145831 ], [ 121.444573653597061, 13.213188102177375 ], [ 121.44453360584555, 13.213170243701843 ], [ 121.444468814845649, 13.213145255722045 ], [ 121.444397369527763, 13.213122953712976 ], [ 121.444319714596531, 13.213104086313631 ], [ 121.44423682411761, 13.213088932690699 ], [ 121.444162444974964, 13.213078740200855 ], [ 121.444085146219464, 13.213070689218897 ], [ 121.444007237985659, 13.213064402215856 ], [ 121.443687423460403, 13.213043546299943 ], [ 121.443596081125335, 13.213034754026388 ], [ 121.443507716852608, 13.213022903457402 ], [ 121.443440156580408, 13.213010688480825 ], [ 121.443376275837366, 13.212995775408114 ], [ 121.443316899318106, 13.212978144239891 ], [ 121.443262723561531, 13.212958027908156 ], [ 121.44321411502618, 13.212935867127257 ], [ 121.443177543614937, 13.212916058541431 ], [ 121.443143715246407, 13.212894876612054 ], [ 121.443104993480105, 13.212866563738977 ], [ 121.443069701570622, 13.212835882043688 ], [ 121.443033683428396, 13.21279750800039 ], [ 121.443013575128873, 13.212771190060824 ], [ 121.442996662073512, 13.212744521117646 ], [ 121.442980722401913, 13.212712598975791 ], [ 121.442969088811765, 13.212679796319684 ], [ 121.442961933692487, 13.212644048515282 ], [ 121.442960432969755, 13.212620749909316 ], [ 121.442961459322333, 13.212597453795668 ], [ 121.442965023364891, 13.212574128685691 ], [ 121.442975424197897, 13.212538211966065 ], [ 121.442990041350541, 13.212505332327778 ], [ 121.443008854744448, 13.212473268072284 ], [ 121.443028040476065, 13.212446427542647 ], [ 121.443050423828325, 13.212419527103288 ], [ 121.443081639350538, 13.212387020869937 ], [ 121.443117345970109, 13.21235434822472 ], [ 121.443197985020561, 13.212290005379165 ], [ 121.443275949171479, 13.212233603874051 ], [ 121.443404627343369, 13.212146499222348 ], [ 121.443537911934257, 13.212062661987167 ], [ 121.443624839541414, 13.212011775692666 ], [ 121.444126581751419, 13.211736536236968 ], [ 121.444242011583896, 13.211668735201926 ], [ 121.444410363892104, 13.211566436115774 ], [ 121.444523389803663, 13.211501252232992 ], [ 121.444619625195216, 13.211451463458637 ], [ 121.444669902312697, 13.211427695314898 ], [ 121.444771178844761, 13.211383975626104 ], [ 121.444854826892097, 13.211352151695536 ], [ 121.444897967963726, 13.211337538922985 ], [ 121.444961485076959, 13.211318478201337 ], [ 121.445029784355285, 13.211301147566704 ], [ 121.445102269916049, 13.211285926665964 ], [ 121.445178080462284, 13.211272854065934 ], [ 121.445256288078411, 13.211261644919794 ], [ 121.445575324674749, 13.211223793561523 ], [ 121.445652357931564, 13.211212940530677 ], [ 121.445726567859865, 13.211200641282295 ], [ 121.44579712110901, 13.211186902484906 ], [ 121.445863374935627, 13.211172055993709 ], [ 121.445997904122038, 13.211137269142888 ], [ 121.446286566113926, 13.211056089926632 ], [ 121.446617602709296, 13.210952421883956 ], [ 121.446687239687648, 13.210933992846018 ], [ 121.446792435934881, 13.210910429007617 ], [ 121.446902752115861, 13.21089028711974 ], [ 121.447013315730814, 13.210874575128036 ], [ 121.447098215633545, 13.210865924121306 ], [ 121.447158711014637, 13.210862035400709 ], [ 121.447215164596898, 13.210860646760548 ], [ 121.447265168881856, 13.21086181944508 ], [ 121.447326511333344, 13.210867657457168 ], [ 121.447370718568251, 13.210876761524212 ], [ 121.44739102989945, 13.21088367170133 ], [ 121.447403468929366, 13.21088996051428 ], [ 121.447409927108907, 13.210895112075962 ], [ 121.447412433955947, 13.210898953302445 ], [ 121.447412163040397, 13.210903776034201 ], [ 121.447555473260564, 13.210771288931186 ], [ 121.447854255433313, 13.210501050998031 ], [ 121.447973778820398, 13.210385736045817 ], [ 121.448119670292428, 13.210237555116072 ], [ 121.448206820816083, 13.210143143690443 ], [ 121.448246913794236, 13.210094573002708 ], [ 121.448284813515258, 13.210043545380309 ], [ 121.448320982206866, 13.209988989507139 ], [ 121.448354826168753, 13.209931914330012 ], [ 121.448386040943362, 13.209873328626504 ], [ 121.448414176079851, 13.20981451697542 ], [ 121.448439990993379, 13.209753519462241 ], [ 121.448464164301924, 13.209687430253091 ], [ 121.448486483717701, 13.209615708573804 ], [ 121.448506761925643, 13.20953941970413 ], [ 121.448578712260797, 13.209217961239139 ], [ 121.448598227104441, 13.209140846974451 ], [ 121.448619163182997, 13.209067691936042 ], [ 121.448641146970729, 13.208999360644667 ], [ 121.448663770657163, 13.208935174475652 ], [ 121.448784688662997, 13.208611025913694 ], [ 121.448805799059826, 13.208548308420751 ], [ 121.448824691129687, 13.208485035961216 ], [ 121.44884106311487, 13.208418227685803 ], [ 121.448853780240697, 13.208347409452946 ], [ 121.44886163045372, 13.208273705346089 ], [ 121.448863789067914, 13.208198656694043 ], [ 121.448859883487813, 13.208123968745721 ], [ 121.448850019065929, 13.208051358437466 ], [ 121.448834806440857, 13.207982386897603 ], [ 121.44881531854206, 13.207918157797026 ], [ 121.448792523629081, 13.207858130032909 ], [ 121.448766419799341, 13.207799591552291 ], [ 121.448730556208702, 13.207729103874488 ], [ 121.448691077508968, 13.207660134313809 ], [ 121.44866340700905, 13.20761576946737 ], [ 121.448635136717741, 13.20757301233238 ], [ 121.448526140299151, 13.207416117750386 ], [ 121.4484921228281, 13.20736288952715 ], [ 121.448466064543553, 13.207318030970908 ], [ 121.44844083348832, 13.20726990543394 ], [ 121.448416659457834, 13.207218407749075 ], [ 121.448393775459948, 13.207163986504794 ], [ 121.448368709133916, 13.207097536993908 ], [ 121.448323748083681, 13.206962107159248 ], [ 121.448262383630421, 13.206755911444288 ], [ 121.448230126735027, 13.20662899593645 ], [ 121.448216730470662, 13.206564910671059 ], [ 121.448204837853751, 13.206497555765088 ], [ 121.448194671955847, 13.206427441440548 ], [ 121.448179536414983, 13.206280982075075 ], [ 121.448169922160901, 13.206116221665976 ], [ 121.448165319252936, 13.205912194210462 ], [ 121.448166868333871, 13.205708054312456 ], [ 121.4481717196105, 13.205572274529439 ], [ 121.448177158800021, 13.205483879812226 ], [ 121.448184944495637, 13.205395889882025 ], [ 121.448195406107416, 13.205310793033405 ], [ 121.4482089493861, 13.205228810486481 ], [ 121.44822571305815, 13.205150880306242 ], [ 121.448245485517688, 13.205077943421443 ], [ 121.448267648251417, 13.205010675556586 ], [ 121.44829165643533, 13.204948279030159 ], [ 121.44831789609043, 13.20488763570976 ], [ 121.44834685069533, 13.204826625276004 ], [ 121.448378099600419, 13.204766051677517 ], [ 121.448411489442179, 13.204706505150188 ], [ 121.448445924172816, 13.204650064756706 ], [ 121.448518250524344, 13.204543637263631 ], [ 121.44855648105306, 13.204491508599066 ], [ 121.448635318618273, 13.204389233502507 ], [ 121.448775166856365, 13.204216109102342 ], [ 121.44884257893294, 13.204137286397096 ], [ 121.448970763365537, 13.203993102336824 ], [ 121.449011500155052, 13.203944318351585 ], [ 121.449050769529649, 13.203893688954524 ], [ 121.449089024213734, 13.20384015812779 ], [ 121.449125678741211, 13.203784656531049 ], [ 121.449160514326394, 13.203727971223485 ], [ 121.449203441010269, 13.203652322368862 ], [ 121.449223973247555, 13.203613314551419 ], [ 121.449250028117291, 13.203560586486352 ], [ 121.449300892782901, 13.203447038928154 ], [ 121.449502403233339, 13.202968534132037 ], [ 121.449553008931318, 13.202839975990374 ], [ 121.449583190327047, 13.20275654063826 ], [ 121.449616458432445, 13.202649015581635 ], [ 121.449633921896037, 13.202579439593741 ], [ 121.449649108894675, 13.202505569887366 ], [ 121.449661751067993, 13.202428145538045 ], [ 121.44967187374651, 13.202347918387707 ], [ 121.449679768339294, 13.202264942008723 ], [ 121.449685655803592, 13.202181628725103 ], [ 121.449693291662186, 13.202010186509542 ], [ 121.449698884940005, 13.201749903316641 ], [ 121.449703520493529, 13.201313414427748 ], [ 121.449703162952517, 13.201052256147172 ], [ 121.449698023898691, 13.200876595036251 ], [ 121.449692443223228, 13.200787849815848 ], [ 121.449685549939915, 13.200714457386885 ], [ 121.449676073801768, 13.20064170499929 ], [ 121.449663880287247, 13.200572225597991 ], [ 121.449648694493519, 13.200506015423725 ], [ 121.449630546942728, 13.200443753133237 ], [ 121.449609739922565, 13.200385997824732 ], [ 121.449586788986295, 13.2003329490474 ], [ 121.449547252768468, 13.200257342589975 ], [ 121.449514095657207, 13.200203080068325 ], [ 121.449453188938534, 13.200115704192601 ], [ 121.449373841770807, 13.200014977628925 ], [ 121.449209811124646, 13.199816683483592 ], [ 121.449166579464247, 13.199761202754615 ], [ 121.449125377685732, 13.199705013143896 ], [ 121.449086747180331, 13.199648052514595 ], [ 121.44904088780784, 13.199572016709514 ], [ 121.449018091081527, 13.19952949015736 ], [ 121.448988656794512, 13.19946887515629 ], [ 121.448945988762503, 13.199367865102609 ], [ 121.44890270957805, 13.199249195968395 ], [ 121.448877614239962, 13.19919591570169 ], [ 121.448859340585187, 13.199170252203011 ], [ 121.448846909989257, 13.199156690072737 ], [ 121.44882798438249, 13.199139664906516 ], [ 121.448801924471695, 13.199120698828214 ], [ 121.448768838428123, 13.199101089466952 ], [ 121.448717449485315, 13.19907608426537 ], [ 121.448538742359446, 13.199002094126289 ], [ 121.448478926043904, 13.198974112077988 ], [ 121.448413286596391, 13.198937911668356 ], [ 121.448361969147641, 13.19890407350462 ], [ 121.448313829803311, 13.198866807691006 ], [ 121.448268611151292, 13.198825862341364 ], [ 121.448226649805122, 13.198781348884836 ], [ 121.448187319698349, 13.198732348430674 ], [ 121.448150428922673, 13.198678522349539 ], [ 121.448116679031671, 13.198621384177573 ], [ 121.448086151259943, 13.198561970689742 ], [ 121.448059316697822, 13.198502072689534 ], [ 121.448035289731891, 13.198439621405139 ], [ 121.448013479169674, 13.198371608387848 ], [ 121.447994224364862, 13.198297466353914 ], [ 121.44797778044483, 13.198218208039417 ], [ 121.447963822628324, 13.198135193162262 ], [ 121.447926989746705, 13.19787818821707 ], [ 121.447912182065124, 13.197794802374585 ], [ 121.447894162685216, 13.197715129793046 ], [ 121.447872273901751, 13.197640741167609 ], [ 121.44784648449793, 13.197573018032681 ], [ 121.447817387153449, 13.19751273205091 ], [ 121.447785364448691, 13.197458875600061 ], [ 121.447749930096819, 13.197409149144152 ], [ 121.447710787115128, 13.19736248306261 ], [ 121.44766894058408, 13.197319771013717 ], [ 121.447624597437354, 13.197280809664647 ], [ 121.447578987791474, 13.197246011226607 ], [ 121.447531742263379, 13.197214486860299 ], [ 121.447484942102463, 13.197187101417644 ], [ 121.447436953065647, 13.197162296292264 ], [ 121.44730445797515, 13.197100896177526 ], [ 121.447273158073727, 13.197083931231386 ], [ 121.447248507705567, 13.19706748162417 ], [ 121.44722890018474, 13.197050568394548 ], [ 121.447213720881905, 13.197033000154949 ], [ 121.447201267162754, 13.197012526185519 ], [ 121.447191584113511, 13.196986517630727 ], [ 121.447186761308629, 13.196955253771966 ], [ 121.447188098577527, 13.196920145215273 ], [ 121.447195847113008, 13.196881759124384 ], [ 121.447211006466361, 13.196837232493845 ], [ 121.447231680721032, 13.19679139176994 ], [ 121.447256685333116, 13.196744487721128 ], [ 121.447287182298879, 13.196693156249461 ], [ 121.447566592112153, 13.19626402452478 ], [ 121.447632347591295, 13.196158012547492 ], [ 121.44771786589429, 13.196011092236821 ], [ 121.447836324450975, 13.195797849098843 ], [ 121.447913570684321, 13.195648962749319 ], [ 121.447997038058048, 13.195481488286076 ], [ 121.448054528785548, 13.19535567030797 ], [ 121.448107726236913, 13.195227536344317 ], [ 121.44815418402041, 13.19510150813529 ], [ 121.448175696307075, 13.195033863667074 ], [ 121.448195846363149, 13.194961802956222 ], [ 121.448214426171006, 13.194886000538043 ], [ 121.448231091625317, 13.194809857023404 ], [ 121.44827813266474, 13.194572199750811 ], [ 121.448296335360283, 13.19449297956349 ], [ 121.448318332001406, 13.194415545893888 ], [ 121.448346118756618, 13.194340657504032 ], [ 121.448382493849778, 13.194266718529084 ], [ 121.448425426908642, 13.194195581779853 ], [ 121.448466579178316, 13.194135807508459 ], [ 121.448510703084935, 13.194077401988995 ], [ 121.448557310650898, 13.19402025269118 ], [ 121.448608152610788, 13.193961979349586 ], [ 121.448660956249185, 13.193904936451203 ], [ 121.448715487411192, 13.193849112503329 ], [ 121.448769598126844, 13.193796452886028 ], [ 121.44888152517413, 13.193694427807896 ], [ 121.448997941954914, 13.193597049447684 ], [ 121.449059284374613, 13.193549434205659 ], [ 121.449185396012624, 13.1934585572976 ], [ 121.44925008141702, 13.19341534181485 ], [ 121.449320259189719, 13.193370954146269 ], [ 121.449463021168469, 13.193285673394175 ], [ 121.449979894653083, 13.19298460733093 ], [ 121.450045892297396, 13.192947435999741 ], [ 121.450189798860592, 13.192871120497511 ], [ 121.450335796368435, 13.192798457916796 ], [ 121.450654239789927, 13.192646432510781 ], [ 121.450794782227177, 13.192577156854306 ], [ 121.450933887370681, 13.192505398273251 ], [ 121.451211468150916, 13.19235328337866 ], [ 121.451286528081795, 13.192314756383038 ], [ 121.451362474548162, 13.192278232708166 ], [ 121.451439235857109, 13.192243882971084 ], [ 121.45151678348644, 13.192212045801812 ], [ 121.451595128390039, 13.192183251122708 ], [ 121.451677776882306, 13.192157016663398 ], [ 121.451760893024741, 13.192134735390299 ], [ 121.451844026186748, 13.192116512537865 ], [ 121.451926691556253, 13.192102740273125 ], [ 121.452008329513987, 13.19209409553468 ], [ 121.452213014306764, 13.192085862820392 ], [ 121.452276321360486, 13.192077838738788 ], [ 121.452335881031075, 13.192061544472068 ], [ 121.452397601360772, 13.192029852358932 ], [ 121.45242631374002, 13.192009133016843 ], [ 121.452459689686222, 13.191979946693344 ], [ 121.452492044067156, 13.191946325907322 ], [ 121.452523198522115, 13.191909173376303 ], [ 121.452553135711156, 13.191869477747034 ], [ 121.452615568366511, 13.19177641984823 ], [ 121.452681478641026, 13.191665051843176 ], [ 121.452840199749104, 13.191367002852699 ], [ 121.452995310850298, 13.191060856994939 ], [ 121.453048388557704, 13.190952022430265 ], [ 121.45311693753483, 13.190798501707585 ], [ 121.453162216694565, 13.190685007551675 ], [ 121.453184733068511, 13.1906210447469 ], [ 121.453205649922836, 13.190552560449511 ], [ 121.453224294154751, 13.190478768143777 ], [ 121.453239898178751, 13.190400358846698 ], [ 121.453252039911163, 13.190318302346808 ], [ 121.453260590255454, 13.19023360340338 ], [ 121.453265584292026, 13.190147210015068 ], [ 121.45326710031253, 13.190059999423095 ], [ 121.453265181886437, 13.189972802841142 ], [ 121.453259813305806, 13.18988644631126 ], [ 121.453250949598214, 13.18980179187384 ], [ 121.453238598229007, 13.189719763388362 ], [ 121.453222940369642, 13.189641334650231 ], [ 121.453204455122972, 13.189567440419534 ], [ 121.45318396341095, 13.189498733229501 ], [ 121.453162198639546, 13.189434383600364 ], [ 121.453040262093822, 13.189110970517577 ], [ 121.452996864418495, 13.188984574500413 ], [ 121.45297928811803, 13.188923380206056 ], [ 121.452963648100976, 13.188858232097832 ], [ 121.452950603268903, 13.188789598908897 ], [ 121.452940553190544, 13.188718260166313 ], [ 121.452933604527715, 13.188645140518219 ], [ 121.452929592296329, 13.188571242889505 ], [ 121.452928108246624, 13.188497632829872 ], [ 121.452931493621691, 13.188283597964046 ], [ 121.45293117557847, 13.188209102847285 ], [ 121.452926156468962, 13.188129608405395 ], [ 121.452915986250318, 13.188050981193999 ], [ 121.45290069784636, 13.187973664919308 ], [ 121.452879980096128, 13.187898200236157 ], [ 121.452853158793246, 13.187825250373155 ], [ 121.452832065725104, 13.187779587933139 ], [ 121.452789275565834, 13.187702629142322 ], [ 121.452700382404799, 13.187554096043566 ], [ 121.452662881561466, 13.187480675466551 ], [ 121.452645478242076, 13.187441192717507 ], [ 121.452629730647629, 13.187400933754862 ], [ 121.452615567655769, 13.187359504156404 ], [ 121.452603148478786, 13.187317397115722 ], [ 121.452583945554139, 13.187234702184238 ], [ 121.452570472208677, 13.187152263496039 ], [ 121.452561048449624, 13.187066635987117 ], [ 121.452554944894857, 13.186978366099588 ], [ 121.452551452068477, 13.186889423467212 ], [ 121.452549441616711, 13.186734109524016 ], [ 121.452550103099469, 13.186343973819621 ], [ 121.452545124558242, 13.186165293503782 ], [ 121.45253956350696, 13.186078120679381 ], [ 121.452531306840925, 13.185993181659498 ], [ 121.452520012967398, 13.185911239953429 ], [ 121.452505577604128, 13.185833168039977 ], [ 121.452488252465457, 13.185759842091164 ], [ 121.452468686803982, 13.185691886678454 ], [ 121.452447490457217, 13.185628461170177 ], [ 121.452424462545295, 13.185566327224448 ], [ 121.452372488847658, 13.185439366575057 ], [ 121.452338689562126, 13.185363437075466 ], [ 121.452287245142642, 13.185255379000223 ], [ 121.452197282613767, 13.185073557245671 ], [ 121.452045079610343, 13.184772129590415 ], [ 121.451793886323415, 13.184266998941482 ], [ 121.451738372120147, 13.18415859140663 ], [ 121.451674803137365, 13.18403884341439 ], [ 121.451606693355487, 13.183917163725939 ], [ 121.451548089580442, 13.183822543943917 ], [ 121.451499330345342, 13.183751163075792 ], [ 121.451461101135209, 13.183699086252402 ], [ 121.451421549260388, 13.183648665401519 ], [ 121.451381327195435, 13.183601065356518 ], [ 121.451339745419119, 13.183555752130749 ], [ 121.451305446841261, 13.183521477641259 ], [ 121.451270564692862, 13.183489829344802 ], [ 121.451234333881402, 13.183460770370367 ], [ 121.451198374688019, 13.183436046566714 ], [ 121.451162285407221, 13.183415406831807 ], [ 121.451131186269137, 13.183400847478893 ], [ 121.451098386480439, 13.183388486148917 ], [ 121.451063784881313, 13.18337846096861 ], [ 121.451009210945344, 13.183368130537996 ], [ 121.450952850508713, 13.183363366060517 ], [ 121.450914721868841, 13.183362912758701 ], [ 121.450833734866436, 13.183367416790365 ], [ 121.450775996412304, 13.18337378507988 ], [ 121.450649036743442, 13.183393705954384 ], [ 121.45058254444362, 13.183406906251122 ], [ 121.450516706051602, 13.183422110568477 ], [ 121.450451990394455, 13.183439657099401 ], [ 121.450388921773794, 13.183460042805343 ], [ 121.450322510222094, 13.18348636598401 ], [ 121.450264547623561, 13.183515071981153 ], [ 121.450216596051206, 13.183544481875245 ], [ 121.450178818988576, 13.183572492539788 ], [ 121.450157906445398, 13.183590234417702 ], [ 121.450105396804588, 13.183642216974418 ], [ 121.450015140043263, 13.183741203966298 ], [ 121.449970199843804, 13.183784698851577 ], [ 121.4499171787227, 13.183828443085867 ], [ 121.449887656008244, 13.183849335092193 ], [ 121.449855902929698, 13.183869148110789 ], [ 121.449802586831325, 13.183896691459472 ], [ 121.449741709706146, 13.183920423290958 ], [ 121.449674330894311, 13.183938456259025 ], [ 121.449602493108216, 13.183949260504889 ], [ 121.449528770024799, 13.18395180637018 ], [ 121.449456019027082, 13.183945514085591 ], [ 121.449387192293528, 13.183930277973968 ], [ 121.449325059987075, 13.183906641682652 ], [ 121.449268971958205, 13.183874151180786 ], [ 121.449216692175085, 13.18382999396713 ], [ 121.449167806609807, 13.18377050925433 ], [ 121.449144700537218, 13.183733674994516 ], [ 121.449124178392125, 13.183694814416844 ], [ 121.449104963300442, 13.183652173164035 ], [ 121.449072225198236, 13.183564509441567 ], [ 121.449031237751484, 13.183441296998462 ], [ 121.449007657457898, 13.183379203079033 ], [ 121.448983047331467, 13.183327501486202 ], [ 121.448955276553036, 13.183281941996457 ], [ 121.448894832644058, 13.183195247657304 ], [ 121.44884729526504, 13.183122365151263 ], [ 121.448797674465808, 13.183041903566833 ], [ 121.448679240804267, 13.182843839785372 ], [ 121.448626330982066, 13.182764970220509 ], [ 121.448601245839612, 13.182731179000438 ], [ 121.44854823087762, 13.182666388699634 ], [ 121.448490899193587, 13.182604870397286 ], [ 121.448460805440959, 13.182575965998639 ], [ 121.448429623164571, 13.182548399649633 ], [ 121.448363759176942, 13.182497445834128 ], [ 121.448294259169387, 13.182453529484684 ], [ 121.448257471314847, 13.182434347421824 ], [ 121.448213927593216, 13.182415184040508 ], [ 121.448165967653537, 13.182398173140388 ], [ 121.448113938374178, 13.182384032550955 ], [ 121.448058645539888, 13.182373315739857 ], [ 121.448001073235773, 13.182366300329122 ], [ 121.447942259721046, 13.182363009332683 ], [ 121.447883248967713, 13.182363258517714 ], [ 121.447825072166481, 13.182366687233769 ], [ 121.44776872406679, 13.182372767439068 ], [ 121.447715092907814, 13.182380811198833 ], [ 121.447578002393755, 13.182407665830778 ], [ 121.44753178757685, 13.182414997739857 ], [ 121.447474535211384, 13.182420621102976 ], [ 121.447411874480608, 13.182422265429425 ], [ 121.447345576242256, 13.182418736909318 ], [ 121.447278223861332, 13.182409335020605 ], [ 121.447212769911019, 13.182394106821047 ], [ 121.447151985650223, 13.182373931246168 ], [ 121.447093550809029, 13.182348219692718 ], [ 121.447037497855092, 13.182316789291235 ], [ 121.446991041624088, 13.182284951896609 ], [ 121.446949346885461, 13.182251331809548 ], [ 121.446915505326615, 13.182220175529739 ], [ 121.446888841129635, 13.182192987136997 ], [ 121.446855686181877, 13.182154521739875 ], [ 121.446855530849547, 13.182192290463545 ], [ 121.446862331194779, 13.182289893403038 ], [ 121.446873079360259, 13.182383742612837 ], [ 121.446880526548242, 13.182434967814794 ], [ 121.446898497622584, 13.182535181571085 ], [ 121.446917477630365, 13.182619876505651 ], [ 121.446942603264432, 13.182718785569485 ], [ 121.446951671606797, 13.18276152462319 ], [ 121.446957917054931, 13.182802019262857 ], [ 121.446961614258868, 13.1828441728032 ], [ 121.446962464847374, 13.182887051122428 ], [ 121.446960698735921, 13.182929424743948 ], [ 121.446957033654058, 13.182970054376984 ], [ 121.446945085395711, 13.183075537718988 ], [ 121.446943829734053, 13.183106653646979 ], [ 121.446945050203794, 13.183137265525145 ], [ 121.446949242047921, 13.183167493856031 ], [ 121.446956560382588, 13.183196917993559 ], [ 121.446967125289518, 13.183226022581772 ], [ 121.4469817584759, 13.183256678521532 ], [ 121.446999136059944, 13.183286426618713 ], [ 121.447020616382332, 13.183317786350521 ], [ 121.447044454966914, 13.183348049036955 ], [ 121.447071152750993, 13.183377817792419 ], [ 121.44710030322041, 13.183406561282938 ], [ 121.447131812318887, 13.183434363827702 ], [ 121.447164845817355, 13.183460765468075 ], [ 121.447199264446496, 13.183485781264579 ], [ 121.447234989831799, 13.183509115595955 ], [ 121.447272667520579, 13.183530732215484 ], [ 121.447318932024288, 13.18355328749462 ], [ 121.447369916299266, 13.18357396951774 ], [ 121.447424696427305, 13.183592796586042 ], [ 121.447566385467226, 13.183636759271749 ], [ 121.447619547515316, 13.183656050697374 ], [ 121.447644830059502, 13.183666677087819 ], [ 121.447690452849514, 13.183689337761429 ], [ 121.447727078678653, 13.18371181422531 ], [ 121.447766192826748, 13.183743088336696 ], [ 121.447795263616044, 13.183772991955681 ], [ 121.447823241674755, 13.183807317405508 ], [ 121.447849462484498, 13.183845063795825 ], [ 121.447868448533214, 13.183876506667982 ], [ 121.447885702629151, 13.183908900392533 ], [ 121.447901120188632, 13.183941933380618 ], [ 121.447925575518994, 13.184006767141037 ], [ 121.447941231543908, 13.184064615069776 ], [ 121.447946086407555, 13.184089282269039 ], [ 121.447950786745935, 13.184125042807885 ], [ 121.447951468269494, 13.184143545024694 ], [ 121.447950138115544, 13.18414986174807 ], [ 121.448053720815352, 13.184146733707721 ], [ 121.448083014835149, 13.184149698840564 ], [ 121.448100386669211, 13.184154911110461 ], [ 121.448107020305656, 13.184158301008397 ], [ 121.448117697499953, 13.184167054267878 ], [ 121.448125362833935, 13.184179094652187 ], [ 121.448128158668666, 13.184186409885456 ], [ 121.448132978714582, 13.184213653581468 ], [ 121.448135524725245, 13.184269778862513 ], [ 121.448137882340177, 13.18428767324386 ], [ 121.448142934190159, 13.184303945784078 ], [ 121.448146422700603, 13.184310392693916 ], [ 121.448155134379135, 13.184320272080313 ], [ 121.448168228303274, 13.184328051199449 ], [ 121.448176231201685, 13.18433091284774 ], [ 121.448192507405722, 13.184334405989162 ], [ 121.448208677830237, 13.184335993153054 ], [ 121.448241593513913, 13.184336230309098 ], [ 121.448317998976918, 13.184332880989036 ], [ 121.448373051516668, 13.184358769986366 ], [ 121.448546568708622, 13.184446308969134 ], [ 121.448704878618685, 13.184528950902742 ], [ 121.44882750223401, 13.184595517287287 ], [ 121.449006326486952, 13.184695864840126 ], [ 121.449113336992298, 13.18475898373406 ], [ 121.449377688062484, 13.184928122680667 ], [ 121.449488873173777, 13.184994785567746 ], [ 121.449584241655529, 13.185045264115894 ], [ 121.44963424464791, 13.185069200196944 ], [ 121.449735214438192, 13.185112877989685 ], [ 121.449818842510965, 13.185144267123849 ], [ 121.44986209957024, 13.18515850975604 ], [ 121.449931543007253, 13.185178278977896 ], [ 121.450006909346087, 13.18519557005702 ], [ 121.450087457375176, 13.185209822538379 ], [ 121.450172178463305, 13.185220929443437 ], [ 121.450260064350502, 13.185229179085292 ], [ 121.450350745310359, 13.185235166976597 ], [ 121.450718406251497, 13.185251328135994 ], [ 121.450807985488112, 13.185257510182511 ], [ 121.450896916106473, 13.185266326200761 ], [ 121.450981639135478, 13.185278285819992 ], [ 121.451061781217845, 13.185293871331542 ], [ 121.451136140823934, 13.185313060556705 ], [ 121.4512038248523, 13.185335335241897 ], [ 121.451245439375839, 13.185351613807239 ], [ 121.451324220683162, 13.185388256909913 ], [ 121.451392602445111, 13.185426869119397 ], [ 121.451457029572609, 13.185470639501085 ], [ 121.451496312682565, 13.185502105214086 ], [ 121.451532433606573, 13.185535299348784 ], [ 121.451574220829642, 13.185580178355117 ], [ 121.451613235910969, 13.1856298449802 ], [ 121.451649070140832, 13.185683499380765 ], [ 121.451681265552892, 13.185739727180048 ], [ 121.451709524293818, 13.185797254135601 ], [ 121.451734551054017, 13.185857678499193 ], [ 121.451755876872184, 13.185920579233455 ], [ 121.451774315016408, 13.18598936027041 ], [ 121.451789366559026, 13.186063309946661 ], [ 121.451800930235606, 13.186141447460821 ], [ 121.451809251118391, 13.186222786736703 ], [ 121.451814793624393, 13.18630645576421 ], [ 121.451819860027626, 13.186478056733201 ], [ 121.45182085768397, 13.186825826423403 ], [ 121.451823813129479, 13.186997715430193 ], [ 121.451832373494284, 13.187165696125115 ], [ 121.451839444635695, 13.18724680713551 ], [ 121.451848541651827, 13.187325446632563 ], [ 121.451859555091247, 13.187401001358042 ], [ 121.451872123931821, 13.18747285429118 ], [ 121.451929200274279, 13.187746394468927 ], [ 121.451942926629926, 13.187822050400673 ], [ 121.45195519000147, 13.187901650825319 ], [ 121.451965617547827, 13.187984471307443 ], [ 121.451974111814636, 13.188069811677384 ], [ 121.451985855688562, 13.188245727552918 ], [ 121.451992093074139, 13.188425816488277 ], [ 121.451994065180912, 13.188562388277891 ], [ 121.451993177625425, 13.188766998493829 ], [ 121.451989480537165, 13.188902812317728 ], [ 121.451980520679285, 13.189058685632986 ], [ 121.451972238329887, 13.18914635779432 ], [ 121.451961147431831, 13.18923102715573 ], [ 121.451946830465403, 13.189312438560409 ], [ 121.451929170208473, 13.189389614438284 ], [ 121.451908432049009, 13.189461584326466 ], [ 121.451885309570187, 13.189527674577711 ], [ 121.451860408835046, 13.189588701198794 ], [ 121.451833459717747, 13.189647584284542 ], [ 121.451798350621033, 13.189717390032968 ], [ 121.451760869804573, 13.189785802595061 ], [ 121.451624699508585, 13.19000984012353 ], [ 121.451588873856636, 13.190076740977466 ], [ 121.451555496933324, 13.190151127397646 ], [ 121.451500696915872, 13.190289246410545 ], [ 121.451459452248557, 13.19038714576107 ], [ 121.451395984794075, 13.1905242388567 ], [ 121.451347347775652, 13.190616645168271 ], [ 121.451326132698298, 13.19065348552961 ], [ 121.451281241358558, 13.190725789981258 ], [ 121.451244452978088, 13.190780234908305 ], [ 121.451205622211873, 13.19083318963299 ], [ 121.451164705529877, 13.190883965155395 ], [ 121.451122243157315, 13.190931466569998 ], [ 121.45107739438474, 13.190976746428975 ], [ 121.451029465529345, 13.19102105563854 ], [ 121.450979536283612, 13.191064388620768 ], [ 121.450529982464474, 13.191436289582519 ], [ 121.450432265399556, 13.191519751166133 ], [ 121.450335381391028, 13.191606368715473 ], [ 121.450289190330679, 13.191651004884896 ], [ 121.450245592296184, 13.191696522966792 ], [ 121.450203303617499, 13.191744494763528 ], [ 121.450059623642531, 13.191923756259802 ], [ 121.449991670221436, 13.19200169205685 ], [ 121.449919984665144, 13.192073070672386 ], [ 121.449881538241257, 13.192107782969387 ], [ 121.449802262788708, 13.192174596895494 ], [ 121.449701469590423, 13.192253799703494 ], [ 121.449649476617054, 13.192292497051485 ], [ 121.449525760451394, 13.192379463563176 ], [ 121.449444783821136, 13.192432476317199 ], [ 121.449223343399083, 13.192570845746545 ], [ 121.448748662749878, 13.192877859630119 ], [ 121.44866960225643, 13.192933076780175 ], [ 121.448612069600856, 13.192976057042991 ], [ 121.448555713635017, 13.193020516816881 ], [ 121.448500547821382, 13.193066406657938 ], [ 121.448404538700757, 13.193152063200349 ], [ 121.448311712645378, 13.19324114143719 ], [ 121.448221609195045, 13.19333347611216 ], [ 121.448000557651056, 13.1935723644017 ], [ 121.447909979365534, 13.19366313580562 ], [ 121.44781496612471, 13.193753198679474 ], [ 121.447738873672236, 13.193828364582334 ], [ 121.447695613077002, 13.19387458307828 ], [ 121.447654210208853, 13.193922236997659 ], [ 121.447602415007367, 13.193988515542181 ], [ 121.44757295856472, 13.194030746981705 ], [ 121.447544600784298, 13.194075305220101 ], [ 121.447517596146056, 13.19412181054539 ], [ 121.447492370420434, 13.194169291859074 ], [ 121.447469084208336, 13.19421713676369 ], [ 121.447442837202715, 13.194277009770749 ], [ 121.447419203978669, 13.19433897041986 ], [ 121.447397756532141, 13.194406130776665 ], [ 121.447379027282693, 13.194479251162457 ], [ 121.447363575460997, 13.194557582436948 ], [ 121.447351491853155, 13.194640095727136 ], [ 121.447342455548281, 13.194725753798968 ], [ 121.447331369391918, 13.194894871186028 ], [ 121.447320198686015, 13.195139141809157 ], [ 121.447308563844345, 13.195298664550592 ], [ 121.447299691345805, 13.195376523501407 ], [ 121.447288362312236, 13.195450782212275 ], [ 121.447274336311708, 13.195521461157529 ], [ 121.447257757353654, 13.195587816611665 ], [ 121.44723908207159, 13.195649330298206 ], [ 121.447216595148689, 13.19571220732584 ], [ 121.447191694124569, 13.195773233594595 ], [ 121.447163721668446, 13.195834848090493 ], [ 121.447133354400648, 13.195895396210259 ], [ 121.447100474845598, 13.195954699764819 ], [ 121.447066088699927, 13.196010672067644 ], [ 121.447030229177912, 13.196063661005315 ], [ 121.446992388028676, 13.196115100628688 ], [ 121.44695269948464, 13.196165356080735 ], [ 121.446868767121373, 13.196262457262511 ], [ 121.44678030904231, 13.196356006635556 ], [ 121.446688543181295, 13.196446905626191 ], [ 121.446594280243175, 13.196535386818999 ], [ 121.446497620917043, 13.196621120813461 ], [ 121.446446614544882, 13.196663221325668 ], [ 121.44638813417312, 13.19670647717493 ], [ 121.44632285083236, 13.196749638584413 ], [ 121.446244886305749, 13.19679517279512 ], [ 121.446164198419567, 13.196836399248953 ], [ 121.446081462869557, 13.196873179725642 ], [ 121.446010624237573, 13.196900461884551 ], [ 121.445939631289519, 13.196923938533887 ], [ 121.445851834597406, 13.196947560667043 ], [ 121.44577506722203, 13.196963073423376 ], [ 121.445716363589113, 13.19697118840398 ], [ 121.445678944621648, 13.196973954235609 ], [ 121.445660818549683, 13.196973812879937 ], [ 121.445655022707001, 13.196972161533239 ], [ 121.445649595560511, 13.197096093246191 ], [ 121.445651135785823, 13.197179282492449 ], [ 121.445654372965649, 13.197222567723895 ], [ 121.445659523833712, 13.197262902606496 ], [ 121.44566694301389, 13.197300234816792 ], [ 121.445675700902072, 13.197329823953178 ], [ 121.445686546609224, 13.197354647518337 ], [ 121.445696905876915, 13.197370578899662 ], [ 121.445708773581259, 13.19738373810795 ], [ 121.445728801737232, 13.197398859779469 ], [ 121.445744505733231, 13.197406328063588 ], [ 121.445761778909272, 13.197411407249009 ], [ 121.445780536507783, 13.197414192077467 ], [ 121.445800278823256, 13.197414906854032 ], [ 121.445886057570419, 13.197409455747582 ], [ 121.445908278044143, 13.197409854106855 ], [ 121.445930853196487, 13.197412227337411 ], [ 121.445953212343781, 13.197416890591382 ], [ 121.44597492406659, 13.197423896370816 ], [ 121.445996306002996, 13.197433368660636 ], [ 121.446018908986247, 13.197446214300562 ], [ 121.446040599458399, 13.197461197300127 ], [ 121.446061388249618, 13.197477953355113 ], [ 121.446082580112062, 13.197497558224274 ], [ 121.446102476656662, 13.197518757067531 ], [ 121.446121095551277, 13.197541920828051 ], [ 121.44613800038266, 13.197567055476064 ], [ 121.446155409646067, 13.197599343238453 ], [ 121.446170582039983, 13.197636205617304 ], [ 121.446177272925922, 13.197656588471725 ], [ 121.446192841098963, 13.197722100990191 ], [ 121.446198022959436, 13.197753953682952 ], [ 121.44620564381124, 13.197818612070181 ], [ 121.446223359472754, 13.198017615819269 ], [ 121.446230256340556, 13.198064411083392 ], [ 121.446239180377006, 13.198108515003586 ], [ 121.446250092686057, 13.198149222747533 ], [ 121.44626254790424, 13.198186202771922 ], [ 121.446321807944557, 13.198334726928991 ], [ 121.446352304105531, 13.198427866024208 ], [ 121.446368283685388, 13.198491175646145 ], [ 121.446378262281414, 13.198543503062735 ], [ 121.4463828687351, 13.198579051224716 ], [ 121.446383889002306, 13.198597283117426 ], [ 121.446382779216862, 13.198603702213616 ], [ 121.446402586021733, 13.198614485544125 ], [ 121.446486548212775, 13.198673995945505 ], [ 121.44659754813128, 13.198759428895142 ], [ 121.446708075906756, 13.198848610492542 ], [ 121.446927624041308, 13.199033221589634 ], [ 121.44714700469595, 13.199226406420991 ], [ 121.447288005161326, 13.199356093848431 ], [ 121.44737453300354, 13.199442614848355 ], [ 121.447414452237027, 13.199486796398423 ], [ 121.447450756319867, 13.199531718957754 ], [ 121.447481668976891, 13.199576557073346 ], [ 121.44750655346617, 13.199620981229053 ], [ 121.447522866963837, 13.199657698239918 ], [ 121.447536343304705, 13.19969668939528 ], [ 121.447546817827671, 13.199737867863712 ], [ 121.447769732575878, 13.199933484744923 ], [ 121.447841510123354, 13.200163539192824 ], [ 121.447913469021685, 13.200364892324025 ], [ 121.447970782484816, 13.200566156652636 ], [ 121.447998895544274, 13.200752892738286 ], [ 121.448070945307833, 13.200939895195509 ], [ 121.448142813944031, 13.20115559895083 ], [ 121.448169567971235, 13.201557594844893 ], [ 121.448124090703587, 13.201801289589307 ], [ 121.448005475820096, 13.202030189665951 ], [ 121.447901325066653, 13.202287879770575 ], [ 121.447841473583438, 13.202488433644193 ], [ 121.447766613745273, 13.202746301271999 ], [ 121.447735600112026, 13.203018785975933 ], [ 121.447733968419868, 13.20327709766425 ], [ 121.447747707613985, 13.203420692980224 ], [ 121.447555409537642, 13.203720901791957 ], [ 121.44742160324401, 13.204035816441511 ], [ 121.447303258471692, 13.204221664025972 ], [ 121.447155712683497, 13.204392983161215 ], [ 121.446802672374943, 13.20463481107023 ], [ 121.446611460830965, 13.20476281123346 ], [ 121.446346657209091, 13.204947769220748 ], [ 121.446345659024999, 13.205105626235895 ], [ 121.446344933064722, 13.205220431336503 ], [ 121.446417345402523, 13.205350031650488 ], [ 121.446592006346009, 13.205523306217684 ], [ 121.446752021702025, 13.205696491794548 ], [ 121.446750751540421, 13.205897400749457 ], [ 121.44670581597741, 13.206054991082427 ], [ 121.446821621952793, 13.206270961863021 ], [ 121.446894125525176, 13.206386211454047 ], [ 121.446966447725018, 13.206530162311646 ], [ 121.446965449815167, 13.206688019353658 ], [ 121.446964633333764, 13.206817175113809 ], [ 121.447006756656677, 13.207104454586517 ], [ 121.447019316002041, 13.207434608192846 ], [ 121.447018227332279, 13.207606815866955 ], [ 121.447016140671892, 13.207936880568964 ], [ 121.447044525365641, 13.208080564751016 ], [ 121.44702815557811, 13.208353137992129 ], [ 121.446953201680699, 13.208625355612098 ], [ 121.446878156844193, 13.208911923823068 ], [ 121.446759536666548, 13.209140822689005 ], [ 121.446641007007173, 13.209355370836578 ], [ 121.446314190445008, 13.209450777262004 ], [ 121.446307080956316, 13.209489141694494 ], [ 121.446277021942578, 13.20959878265942 ], [ 121.446248192240873, 13.20969106218431 ], [ 121.446188320283198, 13.209867708245751 ], [ 121.446154988507857, 13.209959584886208 ], [ 121.446090412158711, 13.210123743988902 ], [ 121.446056717431972, 13.210201535680961 ], [ 121.446023960314946, 13.210271920687703 ], [ 121.445991587133022, 13.210335789832751 ], [ 121.445957367559856, 13.210397729612858 ], [ 121.445920810461331, 13.210456660503541 ], [ 121.445881762737642, 13.21051042513727 ], [ 121.445854551198437, 13.210542373505435 ], [ 121.445826511179988, 13.210570930060147 ], [ 121.445797508149283, 13.21059630216647 ], [ 121.44575775947574, 13.210625199691313 ], [ 121.445714154628291, 13.210650494853308 ], [ 121.445667047716356, 13.210671763905774 ], [ 121.445617816079007, 13.210688456128276 ], [ 121.445569503717692, 13.210700075654612 ], [ 121.445520856400051, 13.210707360094538 ], [ 121.445470230737484, 13.210710188311502 ], [ 121.445420343867383, 13.210707703894981 ], [ 121.44537162789635, 13.210699307909906 ], [ 121.445324777492885, 13.210684901019974 ], [ 121.4452878563376, 13.210669223147525 ], [ 121.445164882443734, 13.210603540719333 ], [ 121.445125799141806, 13.210585441004371 ], [ 121.44509056349338, 13.210572920032835 ], [ 121.445057947831884, 13.210565104294295 ], [ 121.445025131967469, 13.210560977130037 ], [ 121.444989956340976, 13.210560463880935 ], [ 121.44492190604366, 13.21056935027315 ], [ 121.444853359454413, 13.210589360642087 ], [ 121.444802646558969, 13.210610509530197 ], [ 121.444752621100335, 13.210636284004986 ], [ 121.444702833011689, 13.210666199012545 ], [ 121.444507140382342, 13.210799603609992 ], [ 121.444393990008862, 13.210871042852022 ], [ 121.444323766695831, 13.210912547024154 ], [ 121.444206878207652, 13.210977894464211 ], [ 121.444016182096433, 13.211077053446708 ], [ 121.443952383675025, 13.211111209566623 ], [ 121.443892105691589, 13.211145607997848 ], [ 121.443793210462786, 13.211208397181673 ], [ 121.443624858423476, 13.211325784702868 ], [ 121.443570796571393, 13.211361372794105 ], [ 121.443514173080118, 13.211396408238238 ], [ 121.443396862003823, 13.21146257570382 ], [ 121.443278202786971, 13.211521594202907 ], [ 121.443223798197707, 13.211545701219126 ], [ 121.443105892499531, 13.211592391062947 ], [ 121.442716970712567, 13.211733103232133 ], [ 121.442546287187312, 13.21179266569413 ], [ 121.442351361918455, 13.211855372353151 ], [ 121.442199984521693, 13.211900737587275 ], [ 121.442091821428988, 13.211929100290078 ], [ 121.442004837995825, 13.211945793180366 ], [ 121.44193480568795, 13.211954418368409 ], [ 121.441887794564252, 13.211956924931672 ], [ 121.441869675538172, 13.21195482468149 ], [ 121.44182250590616, 13.211953667071425 ], [ 121.441786319658533, 13.21195705758147 ], [ 121.441756032317343, 13.211964058027043 ], [ 121.441744839040027, 13.211968219669233 ], [ 121.44172823143883, 13.21197722208729 ], [ 121.441717916495406, 13.211986115840183 ], [ 121.441705434964589, 13.21200462209608 ], [ 121.44168068168392, 13.212067802375016 ], [ 121.441669155630606, 13.212089998852777 ], [ 121.441662547544411, 13.212098928184046 ], [ 121.441646726683999, 13.212113369987561 ], [ 121.441636433752677, 13.212119517809686 ], [ 121.441610663006685, 13.212129031122679 ], [ 121.44159512406334, 13.212132330459166 ], [ 121.441562579150784, 13.212136042836946 ], [ 121.441513168672202, 13.212137366764159 ], [ 121.441130444414014, 13.212131111493402 ], [ 121.441129266790341, 13.212179586004353 ], [ 121.441133976846558, 13.212223358127499 ], [ 121.44113941895813, 13.212245160665088 ], [ 121.441147798726647, 13.212265216245379 ], [ 121.441154091076015, 13.212275200215394 ], [ 121.441168338813256, 13.212289557999958 ], [ 121.441183276546042, 13.212297789389558 ], [ 121.441199789032652, 13.212302792723365 ], [ 121.441250900199876, 13.212314332479991 ], [ 121.441266509786601, 13.21231924736535 ], [ 121.441280368294869, 13.212325784204635 ], [ 121.441291719905905, 13.212334707741041 ], [ 121.441298962050226, 13.212344702732645 ], [ 121.441304275132481, 13.212356559557708 ], [ 121.441308108956505, 13.212369845679454 ], [ 121.441314045308275, 13.212417643612287 ], [ 121.44131525879969, 13.212479598132415 ], [ 121.441309227062632, 13.213036156090801 ], [ 121.441496647321827, 13.213030707900424 ], [ 121.441595944291464, 13.213030603575643 ], [ 121.441642171656852, 13.213032326467285 ], [ 121.441682987687841, 13.213035745964293 ], [ 121.441717052348437, 13.213041276547578 ], [ 121.441748250548343, 13.213049524341983 ], [ 121.441768279523345, 13.213057278366877 ], [ 121.441786666577457, 13.213067021766328 ], [ 121.441805429968142, 13.21308115866707 ], [ 121.441819130088774, 13.213096062572889 ], [ 121.441831073294196, 13.21311461798024 ], [ 121.441841482415825, 13.213138115012677 ], [ 121.441849910345596, 13.213165920083318 ], [ 121.44187260192021, 13.213285394002616 ], [ 121.441880257111293, 13.213312768885839 ], [ 121.441890825235234, 13.21333719741766 ], [ 121.441905632046215, 13.213357483646915 ], [ 121.44192761313208, 13.213373803028205 ], [ 121.441954522772093, 13.213385467306781 ], [ 121.441984817329157, 13.21339404705596 ], [ 121.442084419660318, 13.213413635839842 ], [ 121.442117303815849, 13.21342181755222 ], [ 121.442149592281723, 13.213433248329837 ], [ 121.442175032259456, 13.21344649129399 ], [ 121.442195303515433, 13.21346137172781 ], [ 121.442209521009062, 13.213474566085061 ], [ 121.442259710747408, 13.21352753136715 ], [ 121.442279490776386, 13.213543319004867 ], [ 121.442294960519391, 13.213552763505971 ], [ 121.442318447552708, 13.213563583345648 ], [ 121.442348672848297, 13.213573407829687 ], [ 121.442447873308311, 13.213596514415125 ], [ 121.442483263222343, 13.213608548726064 ], [ 121.442516621062438, 13.213624048288365 ], [ 121.442545776719868, 13.21364342888134 ], [ 121.442566064254294, 13.213663334759861 ], [ 121.442577315905098, 13.213679147259048 ], [ 121.442585271296352, 13.21369434111454 ], [ 121.442594163681704, 13.213720048793961 ], [ 121.442598151396894, 13.213742603249136 ], [ 121.442598536180071, 13.213759158345853 ], [ 121.442596290774318, 13.2137671603501 ], [ 121.443271183134158, 13.213775457817032 ], [ 121.443336205505474, 13.21377430531367 ], [ 121.443391058382801, 13.213769598323799 ], [ 121.443434312422781, 13.2137604202311 ], [ 121.443453006348349, 13.213753715014748 ], [ 121.44346929683995, 13.213745733231091 ], [ 121.443483290355388, 13.213736690977866 ], [ 121.443505531135116, 13.213716654577254 ], [ 121.443539690054166, 13.213675619823828 ], [ 121.443555086922558, 13.213659469216326 ], [ 121.443573314817499, 13.213643311599897 ], [ 121.4435940467487, 13.213628348355451 ], [ 121.443617127812217, 13.213615217373198 ], [ 121.443641376940008, 13.213604707618114 ], [ 121.443664221331829, 13.213597486713004 ], [ 121.443695443996276, 13.213592053910247 ], [ 121.443704569860401, 13.213593115070822 ], [ 121.444130932967525, 13.213592876407128 ], [ 121.444172898715536, 13.213595018031315 ], [ 121.444199386028515, 13.213599121702938 ], [ 121.444210670210481, 13.213602217552397 ], [ 121.444622241711173, 13.213591052169766 ], [ 121.445023582024504, 13.213954653529626 ], [ 121.445074352193117, 13.213999082251261 ], [ 121.445113424940089, 13.21404549918541 ], [ 121.445146989128105, 13.214095684628903 ], [ 121.445176265878487, 13.214149672095912 ], [ 121.445200002959211, 13.214203951944407 ], [ 121.445219388025734, 13.214259967070925 ], [ 121.445236462442338, 13.214328252234214 ], [ 121.445242097712693, 13.214361321215153 ], [ 121.445247387733872, 13.214411981529249 ], [ 121.44524887706342, 13.214463959517783 ], [ 121.445246855528907, 13.214517396533356 ], [ 121.445241569496247, 13.214575345448743 ], [ 121.445233018685713, 13.214640185895602 ], [ 121.445221463531738, 13.214711005178334 ], [ 121.445206986038571, 13.21478720150966 ], [ 121.445190473643862, 13.214863371246798 ], [ 121.445171789335731, 13.214939274860424 ], [ 121.445150724276203, 13.215014341455085 ], [ 121.445127762671291, 13.215086144222621 ], [ 121.445103475856072, 13.215153557304685 ], [ 121.445078313656509, 13.215217006860373 ], [ 121.445029522041523, 13.215330079358308 ], [ 121.444994428706408, 13.215406990945308 ], [ 121.444933927021481, 13.215532528275547 ], [ 121.444772381308653, 13.215848827004715 ], [ 121.444620556814371, 13.216135905554015 ], [ 121.444554542254977, 13.216256348746169 ], [ 121.444460040406895, 13.216415278818342 ], [ 121.444444605156292, 13.216439090632738 ], [ 121.443847992554623, 13.21691886591168 ], [ 121.443722904466327, 13.217011381788035 ], [ 121.443509708717031, 13.217139237122474 ], [ 121.443038329698084, 13.217559701972551 ], [ 121.442441322219722, 13.218292226089861 ], [ 121.442160293111414, 13.218587576957733 ], [ 121.44207186601237, 13.218673140066752 ], [ 121.441983575498526, 13.218737178498705 ], [ 121.441865991402025, 13.218801038381066 ], [ 121.441748270579836, 13.21888642283861 ], [ 121.441623271850005, 13.218964587717711 ], [ 121.441520197652551, 13.219050061323873 ], [ 121.441438865731911, 13.219171543195321 ], [ 121.441387055157833, 13.21925732922254 ], [ 121.441312271787936, 13.219500828590329 ], [ 121.441242320658915, 13.219900672970747 ], [ 121.441222641072528, 13.219965465677062 ], [ 121.441206375957194, 13.220027252340708 ], [ 121.441194061836157, 13.220085434417586 ], [ 121.441185906112864, 13.220141683279479 ], [ 121.441182993293282, 13.220179475875725 ], [ 121.441182433921313, 13.220217665810427 ], [ 121.441184454948981, 13.220255823980203 ], [ 121.441189119623075, 13.220293445678154 ], [ 121.441196320102677, 13.220330075594946 ], [ 121.44120582474018, 13.220365445820496 ], [ 121.441217456705218, 13.220399810195344 ], [ 121.441243585057748, 13.220460784880563 ], [ 121.441275112572782, 13.220520351442216 ], [ 121.441306632414722, 13.220572111036969 ], [ 121.441341097339105, 13.220623679710391 ], [ 121.44149032742169, 13.220831192610289 ], [ 121.441527056099119, 13.220884681391952 ], [ 121.441584308422549, 13.220975390265261 ], [ 121.441611813500074, 13.221023038245406 ], [ 121.441662681742386, 13.221119443123108 ], [ 121.44169986813624, 13.221199268445154 ], [ 121.441716936201331, 13.221240398492103 ], [ 121.44174090771503, 13.221306176568769 ], [ 121.441762315479494, 13.221377867080122 ], [ 121.44178218564511, 13.221472561895045 ], [ 121.441791438382836, 13.221534876003917 ], [ 121.441798865935084, 13.221600472070227 ], [ 121.441805044675874, 13.221675086862996 ], [ 121.441809331748246, 13.221750910834077 ], [ 121.441813165373773, 13.221905843985324 ], [ 121.441812880454549, 13.221997767337983 ], [ 121.441811226543464, 13.222080855651214 ], [ 121.441804258896525, 13.222259513317811 ], [ 121.441805097347512, 13.222268035086872 ], [ 121.441803291236127, 13.222317615594109 ], [ 121.441792781979871, 13.222423877373554 ], [ 121.4417781005791, 13.222518773086923 ], [ 121.441757658741381, 13.222617003582171 ], [ 121.441734305564395, 13.222705139672986 ], [ 121.441714318007257, 13.222768604160931 ], [ 121.44168271074706, 13.222859787608948 ], [ 121.441667548088276, 13.22290813456372 ], [ 121.441653292410422, 13.222960310886416 ], [ 121.44163423568699, 13.223044448797301 ], [ 121.441595058993869, 13.223249665677535 ], [ 121.441575927359409, 13.223333750401194 ], [ 121.4415538177184, 13.223412142399274 ], [ 121.441494454801543, 13.223583422173084 ], [ 121.441478902971397, 13.223633211378653 ], [ 121.44145814625233, 13.223715758568025 ], [ 121.441442219548762, 13.223805261004005 ], [ 121.441434243875392, 13.223868277661849 ], [ 121.441426292604106, 13.223955260298478 ], [ 121.441410603636996, 13.224211052736935 ], [ 121.441400966004849, 13.224327948594393 ], [ 121.441393674363098, 13.224389610540076 ], [ 121.44136713736377, 13.224566634664239 ], [ 121.441361314301233, 13.224617656740516 ], [ 121.441357580531658, 13.224669523791372 ], [ 121.441356947295745, 13.224722440540173 ], [ 121.441360336818775, 13.224775763866447 ], [ 121.441367938210547, 13.224826768838923 ], [ 121.441378643410673, 13.22487192750236 ], [ 121.441390536441418, 13.224909050915308 ], [ 121.441409972372611, 13.224955449853905 ], [ 121.441417973999535, 13.224969021750619 ], [ 121.441420940992089, 13.224968630044927 ], [ 121.441424378294826, 13.224971018337925 ], [ 121.441434267254095, 13.224983766756113 ], [ 121.441451999741886, 13.22501656449586 ], [ 121.441478046697284, 13.225077869820097 ], [ 121.441510569974852, 13.225169839728787 ], [ 121.441546347516621, 13.225286322467365 ], [ 121.44159536149607, 13.225464758769784 ], [ 121.441716743390984, 13.2259384919582 ], [ 121.441732533034155, 13.226009661883037 ], [ 121.441746971740002, 13.2260857997169 ], [ 121.441759440797128, 13.22616614504077 ], [ 121.441769695179431, 13.226249814315183 ], [ 121.441777779196002, 13.226335997698262 ], [ 121.441783942832586, 13.226424565111468 ], [ 121.4417914120326, 13.226603765707345 ], [ 121.441793502296719, 13.226830583214095 ], [ 121.441790862806258, 13.226966712336424 ], [ 121.441787018987398, 13.227056090753962 ], [ 121.441780988159906, 13.227145114960441 ], [ 121.441772326568127, 13.227231885179123 ], [ 121.441760510337446, 13.227316061991029 ], [ 121.441745159941249, 13.227396714259992 ], [ 121.441726167536459, 13.22747279862711 ], [ 121.441703850820588, 13.227543317100151 ], [ 121.441678965241863, 13.22760769087939 ], [ 121.441661256805631, 13.227647628472255 ], [ 121.441622708380365, 13.227724371737883 ], [ 121.441557893972572, 13.227836475304105 ], [ 121.441488599442337, 13.227945364668004 ], [ 121.44141454022639, 13.22805724506369 ], [ 121.441337238506605, 13.228167075951259 ], [ 121.441257950722516, 13.228269198269022 ], [ 121.441160990535465, 13.228382959586835 ], [ 121.441103993578253, 13.228444906310884 ], [ 121.44104574588367, 13.228504793621536 ], [ 121.440988434084161, 13.228560247376913 ], [ 121.440929733962193, 13.228612618427951 ], [ 121.440869150308416, 13.228660791470444 ], [ 121.440815682134144, 13.228697286911217 ], [ 121.440760477042829, 13.228727834756592 ], [ 121.440715201291894, 13.228748529495849 ], [ 121.440656317866015, 13.228771690120171 ], [ 121.440586817430571, 13.228795564361626 ], [ 121.440430822477907, 13.228842183016219 ], [ 121.440307986212829, 13.228874574735469 ], [ 121.440246598562823, 13.228888872836071 ], [ 121.440156402193011, 13.228906603216982 ], [ 121.44007181488621, 13.228919013264642 ], [ 121.439990322176712, 13.228926677247715 ], [ 121.439906544115189, 13.228929842186448 ], [ 121.439821970571359, 13.228927727378355 ], [ 121.439738059615621, 13.228919555822852 ], [ 121.439656262341273, 13.228904475784528 ], [ 121.439578052948917, 13.228881577103538 ], [ 121.439505461783625, 13.228851107469396 ], [ 121.439435221937543, 13.228813972287124 ], [ 121.439366705352725, 13.22877196549099 ], [ 121.439299403323929, 13.228726495752731 ], [ 121.439232899311122, 13.228678669586081 ], [ 121.43903680350796, 13.228531664057575 ], [ 121.43869578155639, 13.228281336573131 ], [ 121.438537389738343, 13.228163091915521 ], [ 121.43843661616846, 13.22808674934746 ], [ 121.438312462176654, 13.227987811883413 ], [ 121.438192658340142, 13.227885011862611 ], [ 121.437869271894812, 13.227593629828165 ], [ 121.437754993060338, 13.227486166077011 ], [ 121.437573984126189, 13.227307801539904 ], [ 121.437508556801887, 13.227245924663322 ], [ 121.437158573984206, 13.226924068061306 ], [ 121.437101038172116, 13.226873423972959 ], [ 121.43704228863993, 13.226824204720121 ], [ 121.436982205027078, 13.226776661907866 ], [ 121.436920580985088, 13.226731162586347 ], [ 121.436855132066711, 13.226686687302667 ], [ 121.436788018803313, 13.226644633863456 ], [ 121.436719429123727, 13.226604881808303 ], [ 121.436649444269094, 13.226567481998586 ], [ 121.436587472874706, 13.226536986331359 ], [ 121.436524544179449, 13.226508348508551 ], [ 121.436460716949014, 13.226481582139886 ], [ 121.436379138346283, 13.226450544095746 ], [ 121.436296488025164, 13.226422034940352 ], [ 121.436213009851443, 13.226395650181367 ], [ 121.436128866031567, 13.226371183860547 ], [ 121.435607990351897, 13.226230849531552 ], [ 121.435523105500508, 13.226209572093191 ], [ 121.435437853439893, 13.226190603638084 ], [ 121.435355094136085, 13.22617537705022 ], [ 121.435271937163066, 13.226163227283807 ], [ 121.43518851048789, 13.226154188518088 ], [ 121.435104922697718, 13.226148552455571 ], [ 121.435032800381904, 13.226146746092468 ], [ 121.434960733879095, 13.226147793407634 ], [ 121.434888828439256, 13.22615176573176 ], [ 121.434817194788764, 13.226158899920115 ], [ 121.434746541216356, 13.226169222207592 ], [ 121.434605821290461, 13.226196325356275 ], [ 121.434308671135213, 13.226258805606841 ], [ 121.433976609494707, 13.226316237687259 ], [ 121.43380049845446, 13.22635118266753 ], [ 121.433542751762943, 13.226408974615708 ], [ 121.433462469016433, 13.226428543035214 ], [ 121.433382892460969, 13.226450057726787 ], [ 121.433305794588804, 13.226473662457929 ], [ 121.433077092154875, 13.226550668791882 ], [ 121.433001765923123, 13.226574660893437 ], [ 121.432926014183977, 13.226596389600651 ], [ 121.432849623280731, 13.226614836978738 ], [ 121.432783137981076, 13.226627548431969 ], [ 121.432501815066701, 13.226669664966211 ], [ 121.432422366082747, 13.226684833591882 ], [ 121.432343867954657, 13.2267038055522 ], [ 121.432270689312176, 13.226726156485595 ], [ 121.432198412958783, 13.226752032095934 ], [ 121.432126737607135, 13.226780426231489 ], [ 121.431976565463188, 13.226845113127702 ], [ 121.431710317092424, 13.226963539112328 ], [ 121.431439681498134, 13.227076226722545 ], [ 121.43137217654774, 13.227106887179524 ], [ 121.431307220650808, 13.227139513744927 ], [ 121.431243631863779, 13.227174530955754 ], [ 121.4311814102917, 13.227211711549529 ], [ 121.431120643823434, 13.22725095707348 ], [ 121.431069771721653, 13.227286322288027 ], [ 121.431020296389846, 13.227323347592332 ], [ 121.430972472556519, 13.227362226197684 ], [ 121.430913080066119, 13.227415862979299 ], [ 121.430859528605325, 13.227469654144302 ], [ 121.430808092455081, 13.227525362623233 ], [ 121.430622846593323, 13.227738060668313 ], [ 121.430573859040322, 13.227796434488011 ], [ 121.43046444849638, 13.227935956992805 ], [ 121.430424459151467, 13.227984478813134 ], [ 121.430383407186355, 13.228030226126346 ], [ 121.430349043849318, 13.228065114755001 ], [ 121.430312366560798, 13.228099291519316 ], [ 121.430253065024601, 13.228149346073614 ], [ 121.430191045658177, 13.228196834345907 ], [ 121.430113549536713, 13.228251048272714 ], [ 121.430069641125797, 13.228279993703151 ], [ 121.429997353339317, 13.228325825704161 ], [ 121.429680934420077, 13.228520597480818 ], [ 121.429508746660545, 13.228631378141779 ], [ 121.429427054118946, 13.22868664298691 ], [ 121.429439340152612, 13.228687917238553 ], [ 121.429472467741363, 13.228685020313444 ], [ 121.42952313024287, 13.228677290451659 ], [ 121.42958795474155, 13.228663781611049 ], [ 121.429653310156226, 13.228646674589042 ], [ 121.42972486418995, 13.228624748348826 ], [ 121.429800706618792, 13.228598535555379 ], [ 121.429878959625057, 13.228568697313149 ], [ 121.429985176792812, 13.228523882292093 ], [ 121.430087678561634, 13.228475367932774 ], [ 121.430159383434486, 13.228437601033143 ], [ 121.430224739847503, 13.228399999170469 ], [ 121.430282439339535, 13.228363827639566 ], [ 121.430554427873389, 13.228184151130419 ], [ 121.430630429928982, 13.228135359111244 ], [ 121.430707160896091, 13.228088098729016 ], [ 121.430929973855228, 13.22795622746894 ], [ 121.430990045543425, 13.22791716475361 ], [ 121.431048975424574, 13.227876443947906 ], [ 121.431237495657044, 13.227739729702696 ], [ 121.431299111530961, 13.227698191872481 ], [ 121.431362040582215, 13.227658844015576 ], [ 121.431426390190751, 13.227622120288601 ], [ 121.431492349686309, 13.227588615208443 ], [ 121.431561335005583, 13.227558373496541 ], [ 121.43163192716203, 13.227531881404774 ], [ 121.43170387045717, 13.227508967515364 ], [ 121.431776995805592, 13.22748968267291 ], [ 121.431857530789912, 13.227472759459033 ], [ 121.432102677620193, 13.227431504663818 ], [ 121.432185468870003, 13.227415531818444 ], [ 121.432267925372543, 13.227397317080612 ], [ 121.432349907440326, 13.227376806374595 ], [ 121.432426612851856, 13.227355448312444 ], [ 121.43265586782816, 13.227288375418299 ], [ 121.432739586877872, 13.227266710399983 ], [ 121.43282370193225, 13.227247655245328 ], [ 121.432908079732158, 13.227231686818239 ], [ 121.43299259066363, 13.227219630038835 ], [ 121.433077094749365, 13.227212757202338 ], [ 121.433155133306528, 13.227212227919003 ], [ 121.433236725495917, 13.227219688755261 ], [ 121.433326220334152, 13.227238858630901 ], [ 121.433419766272351, 13.227269531073473 ], [ 121.433503622109384, 13.227305973763883 ], [ 121.433585481102824, 13.227348923056029 ], [ 121.433663267578723, 13.227396046452681 ], [ 121.433734945635024, 13.227445001125393 ], [ 121.433805337056853, 13.227498654060671 ] ] ] ] } },
{ "type": "Feature", "properties": { "Class_name": "Seagrass/Seaweeds", "ID": 2, "Province": "Oriental Mindoro", "Region": "R4B", "Class_Code": "Sg", "Area": 30.893702908400002, "Area (Ha)": 30.899, "Area_3(ha)": 30.898 }, "geometry": { "type": "MultiPolygon", "coordinates": [ [ [ [ 121.540852427722811, 13.132053249249662 ], [ 121.540938871583037, 13.131817393205409 ], [ 121.541105436458452, 13.131713091148672 ], [ 121.541252704336387, 13.131570407998016 ], [ 121.541536744206297, 13.131409364425146 ], [ 121.54173276205141, 13.131276525219091 ], [ 121.541850575878613, 13.131162378363529 ], [ 121.542007547927554, 13.131029317592709 ], [ 121.542174337601566, 13.130886744451528 ], [ 121.542233639363999, 13.130762697911063 ], [ 121.5422342601194, 13.130657454628222 ], [ 121.542206194685662, 13.130527339726811 ], [ 121.542149222774952, 13.13055648137264 ], [ 121.542097073624745, 13.130578926900768 ], [ 121.542043796265133, 13.130597592615048 ], [ 121.541989615865177, 13.130612163727111 ], [ 121.541923858445003, 13.130623764803412 ], [ 121.541857766047784, 13.130628897871389 ], [ 121.541796062716159, 13.130627819207211 ], [ 121.541735244536483, 13.130621570186499 ], [ 121.541675948310115, 13.130610664647891 ], [ 121.541623588298705, 13.130597200970119 ], [ 121.541523788015084, 13.130566790428865 ], [ 121.541467833380182, 13.130551395319024 ], [ 121.541414029974376, 13.130541614377371 ], [ 121.54136254709438, 13.130540761786417 ], [ 121.541330179930284, 13.130546542265606 ], [ 121.541299204939264, 13.13055723993128 ], [ 121.541254203661012, 13.1305820074815 ], [ 121.541115273206671, 13.130686231465861 ], [ 121.541072758725576, 13.130712549196836 ], [ 121.541024174670667, 13.130738424214252 ], [ 121.540969993400594, 13.13076382193197 ], [ 121.540911136687143, 13.130789068648523 ], [ 121.540613014549407, 13.130914561771666 ], [ 121.540300747880522, 13.131037165576108 ], [ 121.540101959058106, 13.131121070519459 ], [ 121.540023531473906, 13.131156665821011 ], [ 121.539947308266377, 13.13119517176821 ], [ 121.539874401945298, 13.131238328173872 ], [ 121.53985205109818, 13.131253376468187 ], [ 121.539801867983627, 13.131290645382679 ], [ 121.539753663112535, 13.131330668032129 ], [ 121.539707183908405, 13.13137275473248 ], [ 121.539625917637196, 13.131453371422442 ], [ 121.53948237257589, 13.13160291362848 ], [ 121.539296605837947, 13.131783088890469 ], [ 121.539207972498858, 13.131875020114506 ], [ 121.539151459181667, 13.131938710474799 ], [ 121.539091384439459, 13.132012100197816 ], [ 121.538995722167599, 13.132139832936012 ], [ 121.538777589984676, 13.132441418101426 ], [ 121.538679895475212, 13.132568113542391 ], [ 121.538628860627583, 13.132629697778093 ], [ 121.538576076939307, 13.132689582311084 ], [ 121.538521794835304, 13.132748271920986 ], [ 121.538299224735283, 13.132979258318562 ], [ 121.538244064312778, 13.133038177688634 ], [ 121.538136076696489, 13.133158233074001 ], [ 121.53803556659085, 13.133276804998637 ], [ 121.537942442751714, 13.133393557213797 ], [ 121.537897183479387, 13.133452876221751 ], [ 121.537811523833525, 13.13357119043004 ], [ 121.537732188640007, 13.133689687395085 ], [ 121.537694545567177, 13.133749835843695 ], [ 121.537657442322157, 13.133812745040835 ], [ 121.537622778926604, 13.133876553898221 ], [ 121.537591341773592, 13.133941517493048 ], [ 121.537563823935287, 13.134008034377272 ], [ 121.53754040060393, 13.134075748855313 ], [ 121.537521177666591, 13.134144440387431 ], [ 121.537506740968254, 13.134212335546408 ], [ 121.53749687688358, 13.134280785670022 ], [ 121.537492060497001, 13.134349602988422 ], [ 121.537492895861647, 13.134421306258014 ], [ 121.537499229812738, 13.134492958987558 ], [ 121.537510614715501, 13.134564295354776 ], [ 121.537526907563503, 13.134635041487137 ], [ 121.537548300550711, 13.134706133248939 ], [ 121.537573290615342, 13.134776603838523 ], [ 121.537654066509447, 13.134980942618174 ], [ 121.537678507496764, 13.135045417357274 ], [ 121.537701023446758, 13.135110323044929 ], [ 121.537720660653108, 13.135175833923068 ], [ 121.537740552737247, 13.135261903324077 ], [ 121.537753985931687, 13.135348917092818 ], [ 121.537760661675563, 13.135436526427993 ], [ 121.537760685196943, 13.135512410964253 ], [ 121.537756197510646, 13.13558837641637 ], [ 121.537748056344768, 13.135664290432537 ], [ 121.537736846933214, 13.135740010528858 ], [ 121.53772293959625, 13.135815101605878 ], [ 121.53770629639493, 13.135889622137059 ], [ 121.537686663321537, 13.135963310548801 ], [ 121.537663213048987, 13.136037065330434 ], [ 121.53763589273926, 13.136109313614355 ], [ 121.537604149166228, 13.136179642054188 ], [ 121.537565817158736, 13.13625057708261 ], [ 121.537522951295074, 13.136319250506585 ], [ 121.537477674051459, 13.13638432663274 ], [ 121.537429773737841, 13.136447820737372 ], [ 121.53737989910644, 13.136509951806072 ], [ 121.537257708351675, 13.136652864636918 ], [ 121.537197823478266, 13.136725615842733 ], [ 121.537133386786678, 13.136812320209533 ], [ 121.537085966935209, 13.13688502908753 ], [ 121.537041357565258, 13.13696220743814 ], [ 121.537001025833433, 13.13703933643847 ], [ 121.536873791106572, 13.137296368181268 ], [ 121.536817753394502, 13.137402693757057 ], [ 121.53676462243412, 13.137498967479058 ], [ 121.536710022856852, 13.137591215197522 ], [ 121.536675598170262, 13.137645894184963 ], [ 121.536521334093592, 13.13787970745922 ], [ 121.536426583885174, 13.138030960629651 ], [ 121.536289667807836, 13.138260775889496 ], [ 121.536088228900951, 13.138607148089438 ], [ 121.536025954622119, 13.138721141631018 ], [ 121.535988402216745, 13.138798532537384 ], [ 121.535970979591397, 13.138838652504743 ], [ 121.535948435108025, 13.138896917050923 ], [ 121.535927584854164, 13.138959967462906 ], [ 121.535908872882061, 13.139027363172701 ], [ 121.535892438920754, 13.139098173192487 ], [ 121.535877980314638, 13.139171698225431 ], [ 121.535818695615532, 13.139524043660575 ], [ 121.535803781517473, 13.139596386256105 ], [ 121.535784794609015, 13.139663509410909 ], [ 121.535757899030543, 13.139723367971756 ], [ 121.535737667929908, 13.139753229092884 ], [ 121.535713866293804, 13.13977971246795 ], [ 121.535685699222711, 13.139803434867369 ], [ 121.535654537178317, 13.139823150408064 ], [ 121.53562236150789, 13.139838131728339 ], [ 121.535588274647012, 13.139849177798034 ], [ 121.535529342541054, 13.139858453225477 ], [ 121.535468059009503, 13.139856808486012 ], [ 121.535400926326119, 13.139843278843594 ], [ 121.53533298109744, 13.139821058172465 ], [ 121.535163096682226, 13.13975554321568 ], [ 121.535083513112497, 13.139727824909572 ], [ 121.53500174696309, 13.139701809795342 ], [ 121.534918333852346, 13.139678020153406 ], [ 121.534833637238677, 13.139657070198448 ], [ 121.534747878253782, 13.139639724207894 ], [ 121.534695420318556, 13.139631270145253 ], [ 121.53457464414366, 13.139616651474293 ], [ 121.534399978888132, 13.139598829895316 ], [ 121.53424417038093, 13.139578722645247 ], [ 121.534136553805197, 13.139561812440395 ], [ 121.533887881327914, 13.139518685380517 ], [ 121.533804226825353, 13.139506108849321 ], [ 121.533720370940969, 13.139496078726745 ], [ 121.533637929256102, 13.139489245472213 ], [ 121.533308799578649, 13.139469763108634 ], [ 121.532999364869028, 13.13944628007504 ], [ 121.53285426442504, 13.139437981907694 ], [ 121.532709166354024, 13.139434791594267 ], [ 121.532634057038038, 13.139436171612861 ], [ 121.532548185091784, 13.13944136656105 ], [ 121.532445610940613, 13.139451496034143 ], [ 121.532337994628605, 13.139465826281912 ], [ 121.532275247095953, 13.13947584112411 ], [ 121.532150281337294, 13.139499625249805 ], [ 121.532089899120635, 13.13951317895096 ], [ 121.532033730927282, 13.139527234720967 ], [ 121.531937349223611, 13.139555562486319 ], [ 121.531898033963202, 13.13956926067816 ], [ 121.531842764647962, 13.139592190817652 ], [ 121.531812879532893, 13.13960843018751 ], [ 121.531800762437371, 13.13961798811332 ], [ 121.531798179273906, 13.139621763198546 ], [ 121.531798659829946, 13.139625064126898 ], [ 121.531800266541268, 13.139630347541067 ], [ 121.531798045748118, 13.13964231876173 ], [ 121.531790355913159, 13.139664777282873 ], [ 121.531775134992628, 13.139698393223782 ], [ 121.531751112133335, 13.139742117647042 ], [ 121.531717602983335, 13.139794337022995 ], [ 121.53167525856567, 13.139852150872471 ], [ 121.531626009445674, 13.139911984760362 ], [ 121.531573380000921, 13.139969326873432 ], [ 121.531507948519248, 13.140032326078822 ], [ 121.531449459769405, 13.14008076865594 ], [ 121.53139852388837, 13.14011639651371 ], [ 121.531351395496884, 13.140143526386577 ], [ 121.531320737738639, 13.140158071863738 ], [ 121.531289772243639, 13.14017029550276 ], [ 121.531258662572213, 13.140180144277009 ], [ 121.531227565817616, 13.140187639449447 ], [ 121.531161016065212, 13.140198308375883 ], [ 121.531000819767442, 13.140220620075022 ], [ 121.530942984933247, 13.140231030750751 ], [ 121.530885655443228, 13.140243628636815 ], [ 121.530830125599365, 13.140258367396099 ], [ 121.530737668462791, 13.140288794640789 ], [ 121.530659518464773, 13.140319432990358 ], [ 121.53041984455632, 13.140423686050129 ], [ 121.530212737744407, 13.140509078869558 ], [ 121.530138368702623, 13.140541544934342 ], [ 121.530073989016287, 13.140572721609713 ], [ 121.530010564081124, 13.140605829767454 ], [ 121.529779417288864, 13.140731719418001 ], [ 121.529725115919362, 13.140758249931983 ], [ 121.529670042178296, 13.140782854945327 ], [ 121.529614257531364, 13.140805370065509 ], [ 121.529429203449013, 13.140869875886652 ], [ 121.529348659052474, 13.140900430134391 ], [ 121.52927025155914, 13.140934311619697 ], [ 121.52919494402289, 13.140972040627142 ], [ 121.529129707634965, 13.141010501966933 ], [ 121.529068925939541, 13.14105292871194 ], [ 121.529014758215837, 13.141098528026909 ], [ 121.528966997063193, 13.141148281771454 ], [ 121.528933646900938, 13.141191096138064 ], [ 121.528871513292614, 13.141279180117639 ], [ 121.52883834833662, 13.141322007791134 ], [ 121.52878532940845, 13.141379742280764 ], [ 121.52872678178889, 13.141434303848074 ], [ 121.528664744600931, 13.141486528076658 ], [ 121.528539021238984, 13.141584015007838 ], [ 121.528476128336706, 13.14162728101625 ], [ 121.528411376176848, 13.141663992905016 ], [ 121.528374347424943, 13.14168031983262 ], [ 121.528336322615672, 13.141693082524393 ], [ 121.528270742451213, 13.141705228559102 ], [ 121.528217362712638, 13.141706830130312 ], [ 121.52816277763489, 13.14170305793674 ], [ 121.528082065444153, 13.141691776126498 ], [ 121.527937386388089, 13.141666960145644 ], [ 121.527874803476649, 13.141657727695854 ], [ 121.527811691156842, 13.141650502282015 ], [ 121.527737278368264, 13.141645684930197 ], [ 121.527662880353731, 13.141645805432827 ], [ 121.527588941152572, 13.141652064173726 ], [ 121.527523546713027, 13.141663631599858 ], [ 121.52745866382277, 13.141679909748822 ], [ 121.527394091787244, 13.141699704068225 ], [ 121.527318067031516, 13.141726251008425 ], [ 121.527182094052151, 13.141778977525785 ], [ 121.527038547856179, 13.141838034034951 ], [ 121.526955461301412, 13.141873765429747 ], [ 121.526873373119443, 13.141911234475748 ], [ 121.526792995208169, 13.141951327751586 ], [ 121.526725566800394, 13.141988820001441 ], [ 121.52666040400716, 13.142029215140209 ], [ 121.526597994814182, 13.14207279360722 ], [ 121.526545747195627, 13.142114149352844 ], [ 121.52649639934593, 13.142158301498256 ], [ 121.526450335114006, 13.142205331372182 ], [ 121.526408113054231, 13.142255474783298 ], [ 121.526372958552216, 13.142304758567635 ], [ 121.526341235093156, 13.142356534426415 ], [ 121.526312591432173, 13.142410402727426 ], [ 121.526282552711422, 13.142475755738124 ], [ 121.526255723544793, 13.142542983098192 ], [ 121.526231569430152, 13.142611621864221 ], [ 121.526207417632918, 13.142688577002682 ], [ 121.526144472953135, 13.142907969759372 ], [ 121.526124733207197, 13.142971321353262 ], [ 121.52610283528854, 13.143033356951998 ], [ 121.526077424630245, 13.143094448885924 ], [ 121.526048346952635, 13.1431531232554 ], [ 121.526015097142476, 13.143208762442269 ], [ 121.525973580556851, 13.14326503522094 ], [ 121.525926530157008, 13.143316336560471 ], [ 121.5258734029007, 13.14336263058302 ], [ 121.525812930805813, 13.143404359983064 ], [ 121.525777233469498, 13.143425019265379 ], [ 121.525714857267545, 13.14345736652457 ], [ 121.525649622084174, 13.143488160268179 ], [ 121.525424964007058, 13.143588147956889 ], [ 121.525338293733427, 13.14362838072552 ], [ 121.525259030901736, 13.143667909319152 ], [ 121.525187200043703, 13.143707575180832 ], [ 121.52513051446671, 13.14374304596933 ], [ 121.525097237293267, 13.143767291562181 ], [ 121.525077734697447, 13.143785047513781 ], [ 121.525073722914954, 13.143794897986789 ], [ 121.525113679082551, 13.143784098466528 ], [ 121.525221401662492, 13.143761582205206 ], [ 121.52530278862622, 13.143747507930218 ], [ 121.525395333235579, 13.143733756877023 ], [ 121.52549552602153, 13.143721148746248 ], [ 121.525599841861634, 13.143710435581678 ], [ 121.525704747963999, 13.14370235139145 ], [ 121.525798764290087, 13.143697774040444 ], [ 121.52588749931634, 13.143696051564598 ], [ 121.525968164976675, 13.143697160562677 ], [ 121.526041697140627, 13.143700663086314 ], [ 121.526188028412093, 13.143711481815433 ], [ 121.526327293229897, 13.143725575610919 ], [ 121.52646629939558, 13.143742284690489 ], [ 121.526821906807683, 13.143790539110324 ], [ 121.526882921067966, 13.143797098358323 ], [ 121.526970064300585, 13.143803150186754 ], [ 121.527057491265609, 13.143805422395547 ], [ 121.527142682448172, 13.143804336265724 ], [ 121.52722796838458, 13.143800974908153 ], [ 121.527482497235056, 13.143786114378825 ], [ 121.527648764874428, 13.143773510302866 ], [ 121.527730373304664, 13.143764074881362 ], [ 121.527813800250769, 13.143750288225915 ], [ 121.52789448028355, 13.143731055763173 ], [ 121.527971278836503, 13.143704519552106 ], [ 121.528042938695208, 13.143668937878337 ], [ 121.528108702542795, 13.143624724006939 ], [ 121.528167544517302, 13.143572313001991 ], [ 121.52821426019473, 13.143517434885357 ], [ 121.528254376082941, 13.143456925205783 ], [ 121.528287951294487, 13.143391782914803 ], [ 121.528314609891254, 13.143322673499082 ], [ 121.528334932717939, 13.143246523743905 ], [ 121.528349460680758, 13.143167605050257 ], [ 121.528360501618508, 13.143086878033404 ], [ 121.528379739622594, 13.142924585055342 ], [ 121.528402156797014, 13.142765278465063 ], [ 121.528415990283676, 13.142688023548477 ], [ 121.528432495000999, 13.142613615633213 ], [ 121.528452203790764, 13.142544573586708 ], [ 121.528476589668728, 13.142480990645774 ], [ 121.528507185928504, 13.142424810782908 ], [ 121.528545942550295, 13.142378514893105 ], [ 121.528595047175457, 13.142343947565445 ], [ 121.528652179197195, 13.142321036554071 ], [ 121.528714987451806, 13.142308854933706 ], [ 121.528736626907033, 13.142307153511787 ], [ 121.52878023801351, 13.142307422643205 ], [ 121.528803878004581, 13.142309504107169 ], [ 121.52887748218663, 13.142322862273868 ], [ 121.528953021639225, 13.142343974176869 ], [ 121.52924223376759, 13.142443373910133 ], [ 121.529308592240795, 13.142464800140308 ], [ 121.529456469502477, 13.142507174592314 ], [ 121.529613724094162, 13.142545874743147 ], [ 121.529698654070259, 13.142563397906507 ], [ 121.529776282991733, 13.142576481844127 ], [ 121.529854152516023, 13.142586664869956 ], [ 121.529941772853974, 13.142594427080761 ], [ 121.530029432643232, 13.142597841108456 ], [ 121.530117006601202, 13.142596415721727 ], [ 121.530204362983213, 13.142590545011178 ], [ 121.530286598314916, 13.142581229866659 ], [ 121.530368377017766, 13.142568296245908 ], [ 121.530443416456933, 13.142553131641364 ], [ 121.530518034651621, 13.142535451288786 ], [ 121.530577481704228, 13.142519901850939 ], [ 121.530695850130229, 13.142486042988164 ], [ 121.530846994097843, 13.142439009883729 ], [ 121.53138828388839, 13.142261133559083 ], [ 121.531463698812246, 13.142234841477997 ], [ 121.531538324076109, 13.142206682159943 ], [ 121.53161642336363, 13.142174274328017 ], [ 121.531693750966724, 13.142139965735046 ], [ 121.531966012273472, 13.142016028149568 ], [ 121.532045620496291, 13.141982135012269 ], [ 121.532249916016227, 13.141900557697811 ], [ 121.532378683905577, 13.141846733548165 ], [ 121.532576860114659, 13.141754310125251 ], [ 121.532642504324713, 13.141724649948891 ], [ 121.532708526775494, 13.141697286068972 ], [ 121.532775933260822, 13.141672809424747 ], [ 121.532832941519118, 13.14165452587774 ], [ 121.533017883970842, 13.141601176683782 ], [ 121.533078305582947, 13.141580710520785 ], [ 121.533135339354402, 13.141556538969262 ], [ 121.533177454749207, 13.141533539217894 ], [ 121.533205886773089, 13.141514405231543 ], [ 121.533233573834252, 13.14149289368922 ], [ 121.53330624042232, 13.141429463272145 ], [ 121.533356668765848, 13.141387625520954 ], [ 121.533392794130847, 13.141360399154225 ], [ 121.533437216087748, 13.14132969275809 ], [ 121.533490172791801, 13.141296435384804 ], [ 121.533545394714821, 13.141265039231522 ], [ 121.533620557110297, 13.141227141351226 ], [ 121.53369870857081, 13.141193537491509 ], [ 121.533771591908319, 13.141167416916947 ], [ 121.533843684401276, 13.141146011812099 ], [ 121.533914350153552, 13.141128475170639 ], [ 121.533988518916956, 13.141112663481216 ], [ 121.534213705063422, 13.141070008314658 ], [ 121.534286803042022, 13.141054701738202 ], [ 121.534356963271236, 13.141037947642571 ], [ 121.534423258447447, 13.141019625333463 ], [ 121.534485086605756, 13.140999951746172 ], [ 121.534548717799652, 13.140976968422178 ], [ 121.534610817550117, 13.1409520685039 ], [ 121.534673489898353, 13.140924724569677 ], [ 121.534735853080278, 13.140895270565936 ], [ 121.534797195896459, 13.140863811200076 ], [ 121.534892571546905, 13.140809060580269 ], [ 121.534965105423922, 13.140762656179939 ], [ 121.535071789718017, 13.140688350480547 ], [ 121.535140801067882, 13.140636785954879 ], [ 121.535227038032062, 13.140568554730168 ], [ 121.535471480353422, 13.140357434253144 ], [ 121.535524926642225, 13.140313865325213 ], [ 121.53571004437083, 13.14016932476909 ], [ 121.535761226177115, 13.140127602631654 ], [ 121.535810634925724, 13.140084647660592 ], [ 121.535857537047576, 13.14003985074255 ], [ 121.535902847028538, 13.139990731775193 ], [ 121.535944153528973, 13.13993891137077 ], [ 121.535980893901822, 13.139884301625299 ], [ 121.536010293813632, 13.139831340266911 ], [ 121.536035574341227, 13.139776286716247 ], [ 121.53605701136145, 13.139719526952973 ], [ 121.536072133065645, 13.139671464655189 ], [ 121.536114470592807, 13.139516616384936 ], [ 121.536138968779696, 13.139434918421125 ], [ 121.536167232202274, 13.139353890605335 ], [ 121.536191861504079, 13.139292904454386 ], [ 121.536218784008739, 13.139232561029818 ], [ 121.536282703050517, 13.139103077035129 ], [ 121.536387312123267, 13.138905719086425 ], [ 121.536454434027391, 13.138783212842972 ], [ 121.536597461486224, 13.13852949447436 ], [ 121.536664492838355, 13.138402745850835 ], [ 121.536731167446305, 13.138262540286197 ], [ 121.536819574934839, 13.138066117224788 ], [ 121.536877790938519, 13.137941323842439 ], [ 121.536915959150619, 13.137864252055302 ], [ 121.537073137349708, 13.137559079872895 ], [ 121.537191816254406, 13.137310707596244 ], [ 121.537223558635375, 13.137248314636583 ], [ 121.537260401929601, 13.137182888897113 ], [ 121.537307684874136, 13.137109303586763 ], [ 121.537358873428971, 13.137037878305749 ], [ 121.537412863620617, 13.136967984314781 ], [ 121.53746878241671, 13.136899122561026 ], [ 121.537583753434632, 13.136762967892643 ], [ 121.537700059357462, 13.136628294161053 ], [ 121.537759370293401, 13.136561901688831 ], [ 121.537820163113224, 13.136496326727629 ], [ 121.538019173663074, 13.136290734639331 ], [ 121.538073290809166, 13.136231201601998 ], [ 121.538125261255374, 13.136170013703225 ], [ 121.538177186230655, 13.136103991006298 ], [ 121.53822691425421, 13.136036506544031 ], [ 121.538321551734583, 13.135899063675776 ], [ 121.538410836705637, 13.135760797876662 ], [ 121.538469063881436, 13.135660458397231 ], [ 121.538497963135953, 13.135600925596778 ], [ 121.538523153855749, 13.135539508567124 ], [ 121.538544817256721, 13.135476491243521 ], [ 121.538562963534417, 13.135412081905498 ], [ 121.538580892775315, 13.135329977899566 ], [ 121.538595209688665, 13.13524651219317 ], [ 121.538632644508581, 13.135000114245731 ], [ 121.538675753877683, 13.134768377498304 ], [ 121.538708305703693, 13.13461433854312 ], [ 121.538745572323378, 13.134453187630196 ], [ 121.538830156298715, 13.134117956640146 ], [ 121.53885587430716, 13.134034812984861 ], [ 121.538883321659171, 13.133964476679523 ], [ 121.538915178522757, 13.133895646364033 ], [ 121.538950593780399, 13.133828093665629 ], [ 121.538988945802473, 13.133761683654672 ], [ 121.539028453086217, 13.133698442897531 ], [ 121.539070011483815, 13.133636205451969 ], [ 121.539113465912507, 13.133575028962799 ], [ 121.539158813854129, 13.133515062050854 ], [ 121.539209541377176, 13.133452427242572 ], [ 121.539262443297829, 13.133391512165675 ], [ 121.539317538998546, 13.13333251261183 ], [ 121.539375963527405, 13.133274949588799 ], [ 121.539445784679245, 13.13321187991442 ], [ 121.539690227949251, 13.133001618987704 ], [ 121.539777605817818, 13.132923184124964 ], [ 121.539924906003876, 13.132784534181061 ], [ 121.540011281712808, 13.132698127727361 ], [ 121.540022031947103, 13.132684607962032 ], [ 121.540032148474012, 13.132672839409253 ], [ 121.540075455694577, 13.132634600941829 ], [ 121.540155279202239, 13.132570954324438 ], [ 121.540406598719827, 13.132384308189536 ], [ 121.540746549534674, 13.13212828911718 ], [ 121.540852427722811, 13.132053249249662 ] ] ] ] } },
{ "type": "Feature", "properties": { "Class_name": "Seagrass/Seaweeds", "ID": 2, "Province": "Oriental Mindoro", "Region": "R4B", "Class_Code": "Sg", "Area": 21.2781586969, "Area (Ha)": 21.282, "Area_3(ha)": 21.281 }, "geometry": { "type": "MultiPolygon", "coordinates": [ [ [ [ 121.50997766677699, 13.148223020670423 ], [ 121.509975808147246, 13.148208510709269 ], [ 121.509978898014865, 13.148168457954039 ], [ 121.509987787979469, 13.148107655438443 ], [ 121.51000375212621, 13.148030895798 ], [ 121.510026848663287, 13.147945485402309 ], [ 121.510055870662939, 13.147852866587048 ], [ 121.510120063382828, 13.147658222395249 ], [ 121.51014284324026, 13.147583257438189 ], [ 121.510176596679415, 13.147455255184557 ], [ 121.51018719564307, 13.147403340939446 ], [ 121.510195032346346, 13.147347814555097 ], [ 121.510199757706715, 13.147292953314176 ], [ 121.510205250735225, 13.147154834694105 ], [ 121.510210112687858, 13.14708836261987 ], [ 121.510220541098334, 13.147024586155261 ], [ 121.510238237304975, 13.146967573195449 ], [ 121.510255664786428, 13.146930868832042 ], [ 121.510270474631483, 13.1469070499494 ], [ 121.51029257139264, 13.14687856421118 ], [ 121.510325983376859, 13.146844605727397 ], [ 121.510371685009332, 13.146807928885375 ], [ 121.510430992895067, 13.146769499570496 ], [ 121.510495281362708, 13.146734350601447 ], [ 121.51056313464882, 13.146701482969226 ], [ 121.510632303628725, 13.146670695629933 ], [ 121.51070393266825, 13.146640920886297 ], [ 121.51077705441557, 13.146612691329912 ], [ 121.510915142626743, 13.146565494770471 ], [ 121.511061744571151, 13.146521366834799 ], [ 121.511203304724546, 13.146481180850305 ], [ 121.511337888165613, 13.146445957344605 ], [ 121.511407962272784, 13.14643032975661 ], [ 121.511482904843646, 13.146416258656865 ], [ 121.511562010733925, 13.146404307658155 ], [ 121.511644428127227, 13.146394710317887 ], [ 121.511730151010283, 13.146387349063911 ], [ 121.51181611418815, 13.146382126064744 ], [ 121.511993758672844, 13.146376366404436 ], [ 121.512172900890519, 13.146374829033102 ], [ 121.513525507899416, 13.146385065800231 ], [ 121.513705424343158, 13.146388820886459 ], [ 121.513884514175942, 13.146396765992147 ], [ 121.513981400162209, 13.146404186809141 ], [ 121.514084972182658, 13.14641561764101 ], [ 121.514189737073394, 13.146431809296971 ], [ 121.514290308866705, 13.14645279008435 ], [ 121.514381716192773, 13.146477513606905 ], [ 121.51445983399266, 13.146503692798307 ], [ 121.514521869293034, 13.146528142845934 ], [ 121.514566882255195, 13.146547856500158 ], [ 121.514717373327173, 13.146618048697384 ], [ 121.514827326644678, 13.146666182199464 ], [ 121.514875729228351, 13.14668455096472 ], [ 121.514925958421586, 13.14670137774112 ], [ 121.514975786276381, 13.146715898440823 ], [ 121.515023637072545, 13.146728030604283 ], [ 121.515123883937193, 13.146749033896599 ], [ 121.515433993925811, 13.14679993205614 ], [ 121.515530347699851, 13.146817894737179 ], [ 121.515774858968967, 13.146871520147009 ], [ 121.515812138084698, 13.146877426961112 ], [ 121.515851365397339, 13.146881693477585 ], [ 121.515892037512131, 13.146883631375673 ], [ 121.515933241124941, 13.146882616917393 ], [ 121.515973896773218, 13.146878201707459 ], [ 121.516012875242325, 13.146870182403102 ], [ 121.516049082608873, 13.146858664444913 ], [ 121.516081578185734, 13.146844110274115 ], [ 121.516109793084908, 13.146827278812413 ], [ 121.516133959272793, 13.146808787460529 ], [ 121.516154723604956, 13.146788966153647 ], [ 121.516174617736425, 13.146765566855636 ], [ 121.516193626784286, 13.146738024199982 ], [ 121.516211756299754, 13.146705655746141 ], [ 121.516230392492758, 13.14666438224547 ], [ 121.516248151445311, 13.146615854584072 ], [ 121.516297570406664, 13.146457467558836 ], [ 121.516318645531271, 13.146412814327318 ], [ 121.516345570080276, 13.14638443109064 ], [ 121.516348618873508, 13.146382771848275 ], [ 121.516360023173348, 13.146378680741732 ], [ 121.516371434996401, 13.146377272272399 ], [ 121.516386798469256, 13.146378598765914 ], [ 121.516406161829025, 13.146384334780821 ], [ 121.516430387682846, 13.146396436264967 ], [ 121.516455496036897, 13.14641358309526 ], [ 121.516483966160976, 13.146437802670897 ], [ 121.516513708996683, 13.146467966314638 ], [ 121.516550026606225, 13.14651101780364 ], [ 121.51658589144597, 13.146559638560607 ], [ 121.516647843247128, 13.146655083716865 ], [ 121.516710991803379, 13.146761707871903 ], [ 121.516850705371311, 13.147012997382252 ], [ 121.516899809974504, 13.147098033147328 ], [ 121.517014093615089, 13.147283998008566 ], [ 121.517115039195701, 13.147438581165249 ], [ 121.517148201974891, 13.147485667065624 ], [ 121.517183520620222, 13.147531427792416 ], [ 121.51722120598285, 13.147573736243851 ], [ 121.517261544767322, 13.147610829117303 ], [ 121.517324129571733, 13.147653828663973 ], [ 121.517393205476964, 13.147688712019876 ], [ 121.517467122845673, 13.147717359816641 ], [ 121.517544603155969, 13.147741139031957 ], [ 121.517624668367333, 13.147760972344177 ], [ 121.517703963395306, 13.147776814719856 ], [ 121.517784631681309, 13.147789009564901 ], [ 121.517870721567547, 13.147797420500273 ], [ 121.517957644893343, 13.147801854974517 ], [ 121.51804505795721, 13.147802858903852 ], [ 121.518132686925938, 13.147800633842257 ], [ 121.518220848563089, 13.147795168431566 ], [ 121.51830883184715, 13.14778681126182 ], [ 121.518396475912667, 13.147775765147948 ], [ 121.518473055425886, 13.147763814555152 ], [ 121.518549124099579, 13.147749675828971 ], [ 121.518624541325167, 13.147733127121374 ], [ 121.518699132444624, 13.147713773052727 ], [ 121.518786770456245, 13.147686494197638 ], [ 121.518863016979509, 13.147658842493975 ], [ 121.518938332593251, 13.147628679177423 ], [ 121.519160682337173, 13.147533897179388 ], [ 121.519239010473171, 13.147503160858413 ], [ 121.519318112814759, 13.14747420354629 ], [ 121.519477971522832, 13.147420473632044 ], [ 121.519597035216563, 13.14738439086492 ], [ 121.51966278836835, 13.147366485337674 ], [ 121.519940396975656, 13.147298164451845 ], [ 121.520068642046752, 13.147263525257115 ], [ 121.52029268393315, 13.147194739140117 ], [ 121.520398461712261, 13.147159993991313 ], [ 121.520455622601659, 13.147139628497492 ], [ 121.520511814234965, 13.147117717166141 ], [ 121.520564642460329, 13.147094677322476 ], [ 121.520613753027675, 13.147070462516275 ], [ 121.520651864539118, 13.147049399563373 ], [ 121.520723713956926, 13.147003141279408 ], [ 121.520758537753238, 13.146976935076191 ], [ 121.520819040651972, 13.146923773685723 ], [ 121.520875066181304, 13.146865522258675 ], [ 121.520927214166079, 13.146803227468299 ], [ 121.520975748804233, 13.146737599420534 ], [ 121.521020605609806, 13.146669051566899 ], [ 121.521057058610154, 13.146606019501347 ], [ 121.521090284524462, 13.146541045883696 ], [ 121.521122628199635, 13.146468526425684 ], [ 121.521151612113258, 13.146394360185901 ], [ 121.521177709096094, 13.146318935908138 ], [ 121.521202136858577, 13.146238867028718 ], [ 121.521223280402381, 13.146157796237201 ], [ 121.521237824570179, 13.14609091569209 ], [ 121.521261197811285, 13.145955842890471 ], [ 121.521303873180713, 13.145643568938219 ], [ 121.521322874492938, 13.145558311548353 ], [ 121.521350883934403, 13.145474472873772 ], [ 121.521388390271994, 13.145390570000606 ], [ 121.521434725543145, 13.145310164064169 ], [ 121.521489020221651, 13.145236694723952 ], [ 121.521544515639462, 13.145177770294524 ], [ 121.521602266424253, 13.145128352340185 ], [ 121.521658864982598, 13.145089294960503 ], [ 121.521710866429288, 13.145061244031957 ], [ 121.521755211155821, 13.145044021318602 ], [ 121.521786591661723, 13.145036943099601 ], [ 121.521800844861005, 13.145039045755043 ], [ 121.521792135414444, 13.145026146594967 ], [ 121.521769594540061, 13.145017332584645 ], [ 121.521734886809341, 13.145014400713704 ], [ 121.521675824768067, 13.145023125433804 ], [ 121.521622267331097, 13.145039766158705 ], [ 121.521563259998402, 13.145064380782667 ], [ 121.521493994644004, 13.145099438187382 ], [ 121.521422601143783, 13.145141006743827 ], [ 121.521270187765253, 13.145240451033326 ], [ 121.52119644899534, 13.145286732166017 ], [ 121.521115692928674, 13.145329320956662 ], [ 121.521067040890344, 13.14534894281341 ], [ 121.521017089285223, 13.145364154768679 ], [ 121.520968772370637, 13.145374689857082 ], [ 121.520919395301561, 13.145382000090825 ], [ 121.520850787048133, 13.145387508004871 ], [ 121.520781166897549, 13.145388533133215 ], [ 121.52069666883223, 13.145384849782417 ], [ 121.520325015623229, 13.145353835869084 ], [ 121.520241884593872, 13.1453457226065 ], [ 121.520160011906214, 13.145335671698216 ], [ 121.520080016482311, 13.145322695985724 ], [ 121.520002659314002, 13.145305565640715 ], [ 121.519928889622662, 13.145282744239589 ], [ 121.519859894279847, 13.145252318005465 ], [ 121.519805884331674, 13.145219631729063 ], [ 121.519754647309128, 13.145182454990387 ], [ 121.519654316210449, 13.145104282314293 ], [ 121.519593191169747, 13.145062208567046 ], [ 121.519556273005563, 13.145040983466757 ], [ 121.519518081789869, 13.145022347070467 ], [ 121.519467117079785, 13.145002435106505 ], [ 121.51941465105115, 13.144987651687593 ], [ 121.519361002223064, 13.144978624600897 ], [ 121.51929805347217, 13.144976158558535 ], [ 121.519245761265722, 13.144980467522334 ], [ 121.519193491377848, 13.144990029186262 ], [ 121.519139248812479, 13.145004992651574 ], [ 121.519085243141674, 13.145023900522602 ], [ 121.51884428617042, 13.145123898846309 ], [ 121.518781702344569, 13.145146447641199 ], [ 121.518718257881304, 13.145166099739749 ], [ 121.518661537042988, 13.145180389458796 ], [ 121.518604284376522, 13.145191304456015 ], [ 121.518546594899092, 13.145198312458216 ], [ 121.518491553821676, 13.145200880415292 ], [ 121.518436369206086, 13.145199442146231 ], [ 121.518362072732074, 13.145191516110797 ], [ 121.518287773925834, 13.145178207770797 ], [ 121.518213406721571, 13.145161127089564 ], [ 121.51815431531243, 13.145145803792154 ], [ 121.517944015891331, 13.145087040504968 ], [ 121.517817245175209, 13.1450536353245 ], [ 121.517735351823717, 13.14503511857105 ], [ 121.517669071048644, 13.145023515673843 ], [ 121.517602312334446, 13.145015023091105 ], [ 121.517535213644166, 13.145009606912556 ], [ 121.517448873728128, 13.145007256307743 ], [ 121.517361259427389, 13.145009987883773 ], [ 121.517273769416818, 13.145017079249964 ], [ 121.517186620658521, 13.145027896985475 ], [ 121.517114633303379, 13.145039539642468 ], [ 121.517043264607068, 13.145053692591109 ], [ 121.516972761761792, 13.145070656288077 ], [ 121.516903431004408, 13.145090920312954 ], [ 121.516825082588682, 13.145119170055615 ], [ 121.51674917464517, 13.145152714291081 ], [ 121.516677911113845, 13.145190470557358 ], [ 121.516609070973701, 13.145232260170415 ], [ 121.516544955901452, 13.145275490564961 ], [ 121.516483334431825, 13.145321601004049 ], [ 121.516424832960382, 13.145370871453849 ], [ 121.516370268516894, 13.145423787080217 ], [ 121.516321773977964, 13.145478531170509 ], [ 121.516184094892637, 13.145649257140731 ], [ 121.516138105474241, 13.145699347519553 ], [ 121.516089463193168, 13.145746348423025 ], [ 121.516038183856708, 13.145789620522448 ], [ 121.515984160003953, 13.145828312391181 ], [ 121.515934350052689, 13.145857731648491 ], [ 121.515882436019851, 13.145882381013733 ], [ 121.51582853226941, 13.14590167419062 ], [ 121.51575105565118, 13.145918810359186 ], [ 121.515671039924413, 13.145926248635048 ], [ 121.515589481068787, 13.145925312760411 ], [ 121.515507233935509, 13.145916628498858 ], [ 121.515449464751526, 13.145906048190305 ], [ 121.515391832734039, 13.145892269053805 ], [ 121.515334429990304, 13.14587578124276 ], [ 121.515269308378947, 13.14585426016256 ], [ 121.515008329027296, 13.145757401059786 ], [ 121.514941493612696, 13.145734531193915 ], [ 121.514874326010428, 13.145713883732752 ], [ 121.514806749959092, 13.145696277969337 ], [ 121.514729507379357, 13.145680927050686 ], [ 121.514651955747539, 13.145670795612382 ], [ 121.514580162581467, 13.145665964546033 ], [ 121.514371105320379, 13.145661251742053 ], [ 121.514305575663087, 13.145657186252542 ], [ 121.514240986468977, 13.145648977372582 ], [ 121.514164863755113, 13.1456318893676 ], [ 121.514090153731814, 13.145608424831078 ], [ 121.514016598350068, 13.145580716819939 ], [ 121.513908524865499, 13.145537465980903 ], [ 121.513838182051984, 13.14551324533543 ], [ 121.513765887397753, 13.145492291674746 ], [ 121.51369203569233, 13.145474461622291 ], [ 121.513631452438361, 13.145462346654128 ], [ 121.513570222992911, 13.145452317745127 ], [ 121.513508487314766, 13.145444489466481 ], [ 121.513436525435822, 13.145438230436335 ], [ 121.5132720386611, 13.145430313999023 ], [ 121.513005275239507, 13.145424172280897 ], [ 121.512923624901575, 13.145419337542053 ], [ 121.512859448440224, 13.145411953242549 ], [ 121.512804062512089, 13.145400815684887 ], [ 121.512759102138233, 13.1453855903596 ], [ 121.512720271662744, 13.145363048294708 ], [ 121.512698760464986, 13.145340883448414 ], [ 121.512695230983041, 13.145323691823423 ], [ 121.512574413506968, 13.145387396154568 ], [ 121.512439342606783, 13.145453278401082 ], [ 121.51228226245567, 13.145525469716134 ], [ 121.512200067542537, 13.145561071126195 ], [ 121.512113469743454, 13.14559634079867 ], [ 121.512024886675832, 13.145629781930747 ], [ 121.511938769090875, 13.1456596728554 ], [ 121.511860665955453, 13.145684452634013 ], [ 121.511720137353663, 13.145725303986033 ], [ 121.511631254357241, 13.145749178838924 ], [ 121.511518016762309, 13.14577494523421 ], [ 121.511445362743245, 13.145787985348157 ], [ 121.511368602797262, 13.145798861922145 ], [ 121.511288473373057, 13.145807397567538 ], [ 121.511205704284677, 13.145813685891603 ], [ 121.511034762420721, 13.145820833814797 ], [ 121.510684701005175, 13.145826384851661 ], [ 121.510597371102079, 13.145829003236949 ], [ 121.510512180496818, 13.14583322685476 ], [ 121.510427450301592, 13.145839761665451 ], [ 121.510345909863858, 13.145849070215425 ], [ 121.5102677896964, 13.14586161626619 ], [ 121.51019405394824, 13.145877555498513 ], [ 121.510125598073373, 13.145896676895784 ], [ 121.510062928461281, 13.145918403245163 ], [ 121.510021882491287, 13.145934987274185 ], [ 121.509956317276206, 13.145965296439112 ], [ 121.509892394800559, 13.145999047820903 ], [ 121.50983007134252, 13.146035731803803 ], [ 121.509775971112177, 13.146070562022791 ], [ 121.509723175638413, 13.146107136713193 ], [ 121.509670914109705, 13.146145957367482 ], [ 121.509620014337756, 13.146187010446521 ], [ 121.509572197949694, 13.146229866466285 ], [ 121.509528591231444, 13.146274339430843 ], [ 121.509488627922522, 13.14632155396847 ], [ 121.509451785755417, 13.146372501840597 ], [ 121.509419087119895, 13.146425689400795 ], [ 121.509390437881621, 13.146480947649994 ], [ 121.509360821299921, 13.146560093171118 ], [ 121.509349533243011, 13.146604326445905 ], [ 121.509337127481004, 13.146677759858424 ], [ 121.509330898694529, 13.146758370371396 ], [ 121.509331027289292, 13.146842454135813 ], [ 121.509336514174677, 13.146925834167238 ], [ 121.50934231540235, 13.146979728818232 ], [ 121.509357308412874, 13.147085846856472 ], [ 121.509390090955648, 13.147291410994239 ], [ 121.509394218154625, 13.147330918935859 ], [ 121.509393996721911, 13.147346761796532 ], [ 121.509390713332721, 13.147351479519275 ], [ 121.509395253221996, 13.147354969713145 ], [ 121.509403381795423, 13.147366538279369 ], [ 121.509414025502878, 13.14738524116733 ], [ 121.509434839524886, 13.14743263685609 ], [ 121.509483179303658, 13.147583634775769 ], [ 121.509507667278726, 13.147650854127262 ], [ 121.509520354037164, 13.147679863753918 ], [ 121.509534850122108, 13.147708245675911 ], [ 121.50959752360562, 13.147819951363976 ], [ 121.509624649066083, 13.147878995590258 ], [ 121.509660269781065, 13.147970393656914 ], [ 121.509703898789553, 13.14809072140782 ], [ 121.509722932403335, 13.148149688613156 ], [ 121.509730834846451, 13.148179385308428 ], [ 121.509737073694268, 13.148209317270567 ], [ 121.509741362116344, 13.148240618778726 ], [ 121.509743605385424, 13.148272151402217 ], [ 121.509742667839078, 13.148335518777246 ], [ 121.509739524134631, 13.148367173548845 ], [ 121.509728131956734, 13.148430144673977 ], [ 121.509688618615982, 13.14858429800671 ], [ 121.509675725522342, 13.148645423926883 ], [ 121.509671557543413, 13.148676100873551 ], [ 121.509669591626519, 13.148705990393228 ], [ 121.509669563371588, 13.148735929174538 ], [ 121.509671634696673, 13.148766839449145 ], [ 121.509676786094843, 13.148801334054019 ], [ 121.509684934502374, 13.148838410719501 ], [ 121.509698116842515, 13.148884294257829 ], [ 121.509730746745362, 13.148974153541076 ], [ 121.509785717613198, 13.149099857852708 ], [ 121.50978796299303, 13.149086976999344 ], [ 121.509791367618135, 13.149082968271506 ], [ 121.509815271941832, 13.149081991462086 ], [ 121.509833505022087, 13.149077704078927 ], [ 121.509849220174601, 13.149071813757065 ], [ 121.50987340836285, 13.149058175537116 ], [ 121.509892103357416, 13.149035946904162 ], [ 121.509910346430843, 13.149007945069524 ], [ 121.509930570561082, 13.148969708424397 ], [ 121.509939388172157, 13.148949771771267 ], [ 121.509950413091204, 13.148919464454682 ], [ 121.509957395197389, 13.14889309200554 ], [ 121.509969052460448, 13.14882630201808 ], [ 121.509973977075859, 13.148770135162083 ], [ 121.50997607966211, 13.148704265303634 ], [ 121.50997766677699, 13.148223020670423 ] ] ] ] } },
{ "type": "Feature", "properties": { "Class_name": "Seagrass/Seaweeds", "ID": 2, "Province": "Oriental Mindoro", "Region": "R4B", "Class_Code": "Sg", "Area": 13.835189634700001, "Area (Ha)": 13.837, "Area_3(ha)": 13.836 }, "geometry": { "type": "MultiPolygon", "coordinates": [ [ [ [ 121.449206702500661, 13.189041963163698 ], [ 121.449289931704357, 13.189178997707048 ], [ 121.449290251426476, 13.189181521102505 ], [ 121.449347624806904, 13.18937321801228 ], [ 121.449424705691413, 13.189536331747505 ], [ 121.449482742544348, 13.189622790348455 ], [ 121.449624435142766, 13.189721265758164 ], [ 121.449655293805819, 13.189780919608697 ], [ 121.449685457165856, 13.189846677493794 ], [ 121.449717419213854, 13.189929201114825 ], [ 121.449740117137253, 13.190003203177838 ], [ 121.449753398850532, 13.190061511115237 ], [ 121.449759014003263, 13.190099999157537 ], [ 121.449759782069563, 13.19011959956568 ], [ 121.44975755179162, 13.190126936559754 ], [ 121.449768978754463, 13.190131120852291 ], [ 121.449788324569042, 13.190126084149512 ], [ 121.449812925642121, 13.190111196708614 ], [ 121.449832563546295, 13.190093424907031 ], [ 121.449851893495008, 13.190071101169911 ], [ 121.449875570951775, 13.190037403662243 ], [ 121.449901298456126, 13.189992499068813 ], [ 121.449922684520459, 13.189947575312781 ], [ 121.449942364712143, 13.189898234602762 ], [ 121.449959997776233, 13.189844298416586 ], [ 121.449980762408572, 13.189757728270843 ], [ 121.449993091944336, 13.189670702827833 ], [ 121.449997517368715, 13.189589488631936 ], [ 121.449996128160919, 13.18951492698462 ], [ 121.449990809995214, 13.1894485734769 ], [ 121.449982659397136, 13.189380260593978 ], [ 121.449964037650787, 13.189231995831653 ], [ 121.449942434616332, 13.189076703700152 ], [ 121.449929916238418, 13.188999693936793 ], [ 121.449915731101385, 13.188924133636695 ], [ 121.449899703033125, 13.188851295494285 ], [ 121.449881875234652, 13.18878223779868 ], [ 121.449862623313592, 13.188717931272192 ], [ 121.44984265433601, 13.18865907100896 ], [ 121.449783529325302, 13.188502516387715 ], [ 121.449767423345889, 13.188453027220094 ], [ 121.449756270004897, 13.188407343248503 ], [ 121.449750774404436, 13.188371455441619 ], [ 121.449748509878461, 13.188335225603456 ], [ 121.449749715640408, 13.188298827227131 ], [ 121.449754401797051, 13.18826270604816 ], [ 121.449762372555313, 13.188227003671873 ], [ 121.449773569947126, 13.188190870890461 ], [ 121.44978809084482, 13.18815317643732 ], [ 121.449805728645302, 13.188113420621081 ], [ 121.449892271006448, 13.187933364917617 ], [ 121.449939315898988, 13.187823417544463 ], [ 121.449982091839487, 13.187709562067473 ], [ 121.45000058679733, 13.187654468466489 ], [ 121.45002461033954, 13.1875723807242 ], [ 121.450034443053028, 13.187531498983816 ], [ 121.450044743863884, 13.187477340732157 ], [ 121.450051766404314, 13.187421550854484 ], [ 121.450054944886574, 13.18736521302108 ], [ 121.450054123881316, 13.187309672579905 ], [ 121.450049622247988, 13.187256316221344 ], [ 121.450042203015173, 13.187206327746635 ], [ 121.450032909220837, 13.187160312502808 ], [ 121.450013680466313, 13.187081965307335 ], [ 121.449998209967973, 13.187009315541902 ], [ 121.449994584668701, 13.186974220098431 ], [ 121.449993728213087, 13.186945682427639 ], [ 121.449997457734042, 13.186888952065852 ], [ 121.450008714647666, 13.186828112260821 ], [ 121.450035831396832, 13.186738534927029 ], [ 121.450057846676245, 13.186681041811434 ], [ 121.450109866669649, 13.186556787468403 ], [ 121.450131979655481, 13.186499139958705 ], [ 121.450147404085627, 13.186450320336245 ], [ 121.450154208681923, 13.186422225372189 ], [ 121.450160488413076, 13.186377074922154 ], [ 121.450160631505057, 13.186360662256966 ], [ 121.450154529294267, 13.186335317450924 ], [ 121.450150479843785, 13.186332681200311 ], [ 121.450130565369705, 13.186324842453139 ], [ 121.450014080816572, 13.186271454333522 ], [ 121.44997016797025, 13.18625338966563 ], [ 121.449907606980176, 13.186231798291747 ], [ 121.449851200062028, 13.186216120507218 ], [ 121.449772139442757, 13.186198379427463 ], [ 121.449689190308121, 13.186183520341862 ], [ 121.449436068216215, 13.186148562083197 ], [ 121.449375302723894, 13.186139017404757 ], [ 121.449317243893603, 13.1861273883585 ], [ 121.44927980962197, 13.186117656891501 ], [ 121.449238139851659, 13.186102592178241 ], [ 121.449195832943971, 13.186083127875539 ], [ 121.449175566482438, 13.186072310265523 ], [ 121.449127913744562, 13.186042086737713 ], [ 121.449100596649771, 13.186019137169463 ], [ 121.44908542133507, 13.185996108061174 ], [ 121.449052087030779, 13.185952054611638 ], [ 121.449016982154831, 13.185910398455997 ], [ 121.448982260514242, 13.185872947574207 ], [ 121.448943290230375, 13.185834577331427 ], [ 121.448901322349499, 13.185796960647636 ], [ 121.448857608650059, 13.185761620709039 ], [ 121.448813252444864, 13.185729923611381 ], [ 121.448769214818753, 13.185703038570885 ], [ 121.448740064218327, 13.185688090675317 ], [ 121.448682192804242, 13.185664012677178 ], [ 121.448619982038835, 13.185642440368865 ], [ 121.448457582645432, 13.185591707844718 ], [ 121.448396181703657, 13.185568524822319 ], [ 121.448367828458558, 13.185555784715488 ], [ 121.448315619079352, 13.185527014852562 ], [ 121.448292003528834, 13.185510828122027 ], [ 121.448270856077443, 13.185493989109869 ], [ 121.448251066805952, 13.185475710994487 ], [ 121.448232784801007, 13.185456069648419 ], [ 121.448215949969281, 13.185435113796485 ], [ 121.448199821723378, 13.185411844579795 ], [ 121.44817107541013, 13.185360611419096 ], [ 121.448145996906945, 13.185303349066459 ], [ 121.448090724000863, 13.185148522715624 ], [ 121.448066990798267, 13.185088852537767 ], [ 121.448040341480464, 13.185034026338425 ], [ 121.448026000916286, 13.185009179482671 ], [ 121.447995855777464, 13.184964909171475 ], [ 121.447963972354941, 13.184926362137695 ], [ 121.447922552596751, 13.184883833592755 ], [ 121.447871594217162, 13.18483735093597 ], [ 121.44772039526417, 13.184704279070335 ], [ 121.447650235837969, 13.184637420998952 ], [ 121.4476116570915, 13.184598116686743 ], [ 121.447524138060331, 13.18450204474893 ], [ 121.447459367015028, 13.184423601687092 ], [ 121.447413744157942, 13.184361896110749 ], [ 121.447398638151782, 13.18433748490405 ], [ 121.447395463263902, 13.184330444118375 ], [ 121.447395496445836, 13.18432729441299 ], [ 121.447392109061141, 13.184327802691472 ], [ 121.447385627716812, 13.184325288997652 ], [ 121.447353854749153, 13.184304473023207 ], [ 121.447325014802573, 13.184281314876152 ], [ 121.44729117527875, 13.184251166289929 ], [ 121.447250190466065, 13.184211067124645 ], [ 121.44720571086404, 13.184163259327178 ], [ 121.447150913303986, 13.184097975966434 ], [ 121.447098210655042, 13.184028180290047 ], [ 121.447053782082961, 13.183963852072397 ], [ 121.447012384928044, 13.183899480627268 ], [ 121.44697832222262, 13.183843304692642 ], [ 121.446942112570952, 13.183779645994068 ], [ 121.446911458451112, 13.183721210770086 ], [ 121.446611662731456, 13.18310492679303 ], [ 121.446550326229413, 13.182989083892927 ], [ 121.446496983818051, 13.182894107413778 ], [ 121.446468608289209, 13.182847087672203 ], [ 121.446439082395187, 13.182801916251043 ], [ 121.446408630331206, 13.182759723941841 ], [ 121.446382379875402, 13.182726784228887 ], [ 121.446345444907038, 13.182685052435712 ], [ 121.446306170004206, 13.182645569004107 ], [ 121.446264597492345, 13.182608506530883 ], [ 121.446231767696091, 13.18258237493345 ], [ 121.446189637357222, 13.182552426006323 ], [ 121.446144169568697, 13.182523838758469 ], [ 121.446096141760265, 13.182496899262361 ], [ 121.446046813140342, 13.182471876995006 ], [ 121.445993072977046, 13.182447031606907 ], [ 121.445941233038539, 13.182425189002428 ], [ 121.44588854382485, 13.182405141121928 ], [ 121.445829775294712, 13.18238548951075 ], [ 121.445747989173199, 13.182362855222998 ], [ 121.445662678880439, 13.182344427495655 ], [ 121.445579353515598, 13.18233043703632 ], [ 121.445370659045622, 13.182302875837284 ], [ 121.445284108640422, 13.182287562932878 ], [ 121.445215948809548, 13.182272608671896 ], [ 121.445136581564483, 13.182252317709438 ], [ 121.445065752886947, 13.182231903968365 ], [ 121.444991765683042, 13.182208633580082 ], [ 121.44484083601165, 13.182156497486588 ], [ 121.444723647442459, 13.182111939796243 ], [ 121.444688341157374, 13.182095957597385 ], [ 121.444735032321887, 13.18212608220966 ], [ 121.445124596244938, 13.182364512752839 ], [ 121.445301211851756, 13.182475292263439 ], [ 121.445377718164352, 13.182525129606496 ], [ 121.44544592705121, 13.182571972594083 ], [ 121.445505516093235, 13.18261640686984 ], [ 121.445558315465888, 13.18265941504502 ], [ 121.44561661443052, 13.182711460147148 ], [ 121.445672681080509, 13.18276584855861 ], [ 121.445726772549548, 13.182822156547227 ], [ 121.445778984915705, 13.182880120244349 ], [ 121.445829267701313, 13.182939611208525 ], [ 121.445877433125247, 13.183000617576267 ], [ 121.445996441390918, 13.183160838273663 ], [ 121.446047156622797, 13.183225816206392 ], [ 121.446103564729327, 13.183294697734135 ], [ 121.446161806396859, 13.183362158779335 ], [ 121.4462218893987, 13.183427894807823 ], [ 121.446388900633977, 13.183602221642204 ], [ 121.446440439952184, 13.183662312660646 ], [ 121.446466492734231, 13.183696150362794 ], [ 121.446513588805558, 13.183766159261117 ], [ 121.446553319121321, 13.183839272273641 ], [ 121.446570041863993, 13.183877162387677 ], [ 121.446589156964095, 13.183930792679995 ], [ 121.446603873494666, 13.183988220751447 ], [ 121.446613193909585, 13.184048572018748 ], [ 121.446616403374406, 13.184110484649528 ], [ 121.44661317781862, 13.184172376709144 ], [ 121.446603615286378, 13.184232632974895 ], [ 121.446588243179662, 13.18428978865149 ], [ 121.446567957530831, 13.184342783681849 ], [ 121.446543744100936, 13.184391376958885 ], [ 121.446512154097107, 13.184442442250759 ], [ 121.446475615995993, 13.184491986924026 ], [ 121.44643508706794, 13.184540266125646 ], [ 121.446356090087505, 13.184623695476096 ], [ 121.446279817964083, 13.184695097222733 ], [ 121.446239870707032, 13.184728827800766 ], [ 121.446198730073263, 13.184760815497588 ], [ 121.446144466349793, 13.184798991851656 ], [ 121.446086375766583, 13.184835611647159 ], [ 121.446025953486128, 13.184870135692663 ], [ 121.445964283908935, 13.184902577714869 ], [ 121.445841774178632, 13.184960745258531 ], [ 121.445786876170985, 13.18498439649267 ], [ 121.445569301529417, 13.185072473944325 ], [ 121.445502686994544, 13.185102567983543 ], [ 121.445443053982331, 13.185136000095067 ], [ 121.445393603955665, 13.185175790349966 ], [ 121.445359542630328, 13.185221402115825 ], [ 121.445338688249279, 13.185273398910788 ], [ 121.44532826331762, 13.18533107341394 ], [ 121.44532600344219, 13.185393255529217 ], [ 121.445331720399778, 13.185457732802067 ], [ 121.445345207734533, 13.18553147632268 ], [ 121.445367010210092, 13.18561739782238 ], [ 121.445395261160797, 13.185707414038488 ], [ 121.445433417677478, 13.185810059317379 ], [ 121.445476049109828, 13.185909142828011 ], [ 121.445520795289482, 13.186000226248725 ], [ 121.44555959694263, 13.186070404185543 ], [ 121.445594910950874, 13.186128749171054 ], [ 121.445648577263469, 13.186208159829011 ], [ 121.445649023195202, 13.186214163020905 ], [ 121.445654750608654, 13.186233012606458 ], [ 121.445667370226616, 13.186264781747663 ], [ 121.445684304970797, 13.186299978843612 ], [ 121.445814544420216, 13.186406849733368 ], [ 121.44581020384328, 13.186385965468109 ], [ 121.445807399654925, 13.186362396723979 ], [ 121.445805808918166, 13.186337903357833 ], [ 121.445805125569649, 13.186314202842748 ], [ 121.44580506038551, 13.186292975691524 ], [ 121.445805742857274, 13.186261170431129 ], [ 121.445805084770001, 13.186255407274563 ], [ 121.445806650879305, 13.186242467565485 ], [ 121.445811136827317, 13.186224710289757 ], [ 121.445819039211116, 13.186204283552478 ], [ 121.445829560164711, 13.18618204217921 ], [ 121.445842866312205, 13.186159795097183 ], [ 121.445859292980245, 13.186139516777253 ], [ 121.445877790213089, 13.186121807407714 ], [ 121.445898162512165, 13.186108114848226 ], [ 121.445918642034982, 13.186098332558387 ], [ 121.445938231680714, 13.186090096967339 ], [ 121.445956770970341, 13.18608077206283 ], [ 121.445973698851233, 13.186069796700227 ], [ 121.445989917442105, 13.186058067653558 ], [ 121.446020317385404, 13.186032459340787 ], [ 121.446053604413578, 13.186002067142264 ], [ 121.446064197489179, 13.18599239529822 ], [ 121.446079161521794, 13.185979626316806 ], [ 121.446094205092933, 13.185967263694069 ], [ 121.446110523358513, 13.185956695021725 ], [ 121.446129370472875, 13.185949461018003 ], [ 121.446150124105856, 13.185945354518292 ], [ 121.446171780439343, 13.185943951806971 ], [ 121.446193395807825, 13.185945091681472 ], [ 121.446214011081253, 13.185948870473975 ], [ 121.446232581577362, 13.185955638010769 ], [ 121.446248403483565, 13.18596552652297 ], [ 121.446262077676252, 13.18597746575105 ], [ 121.446272980629104, 13.185991583893109 ], [ 121.44628125761237, 13.186007228267856 ], [ 121.446285802200819, 13.186024883921256 ], [ 121.446286558946511, 13.186040327371764 ], [ 121.446286725670547, 13.186043729829496 ], [ 121.446284358490303, 13.186062565730799 ], [ 121.446279275090319, 13.186080710810911 ], [ 121.44626733568083, 13.186117064348013 ], [ 121.446263029875524, 13.18613581075471 ], [ 121.446260794044079, 13.186154444964989 ], [ 121.446260650267078, 13.186171661796285 ], [ 121.446262783051552, 13.186186000666048 ], [ 121.446267565834901, 13.18619573908493 ], [ 121.446275074235729, 13.186199274792315 ], [ 121.446284084386093, 13.186196990878075 ], [ 121.446294512262938, 13.186190797801467 ], [ 121.446317458547185, 13.186170222702728 ], [ 121.446346154929842, 13.186147912510483 ], [ 121.446390875388516, 13.186111656458372 ], [ 121.446407195293332, 13.1861011203194 ], [ 121.44642605877705, 13.186093632380899 ], [ 121.446446963480255, 13.186088978974677 ], [ 121.446469068441758, 13.186086658728929 ], [ 121.446485791884299, 13.186086427261243 ], [ 121.446491641371466, 13.186086346298765 ], [ 121.44651401723462, 13.186087876748196 ], [ 121.446536058135223, 13.186090734888719 ], [ 121.446559157913256, 13.186093040799427 ], [ 121.446583274981805, 13.186094367559319 ], [ 121.446607944276508, 13.186094731332208 ], [ 121.446632744438972, 13.186094093405448 ], [ 121.446657282179672, 13.186092352863726 ], [ 121.446681157251319, 13.186089341856498 ], [ 121.446704446491836, 13.186085310342325 ], [ 121.446728702962091, 13.186081945482401 ], [ 121.446754044136568, 13.186079490249474 ], [ 121.446780157543756, 13.186077755629865 ], [ 121.446833669698478, 13.18607600265511 ], [ 121.446860606703126, 13.186075912800359 ], [ 121.446887352730116, 13.186076409358797 ], [ 121.446913636600186, 13.186077630800629 ], [ 121.446939126572062, 13.186079810144999 ], [ 121.446963399779591, 13.186083293757749 ], [ 121.446985905160716, 13.186088568245641 ], [ 121.44700592167581, 13.186096302689137 ], [ 121.447023015092128, 13.186106890391597 ], [ 121.447038042248494, 13.18611948682433 ], [ 121.447050636602924, 13.186134430559186 ], [ 121.447061237314685, 13.186151278605841 ], [ 121.44706905924545, 13.186170770165079 ], [ 121.447071019072638, 13.186178367077158 ], [ 121.447074630719882, 13.186192366967214 ], [ 121.447062327438374, 13.186283756818828 ], [ 121.447060722165475, 13.186295681092398 ], [ 121.447045089479303, 13.186355379622237 ], [ 121.447023449376289, 13.186400093203664 ], [ 121.447010673741644, 13.186408327481804 ], [ 121.447086460221058, 13.186419915582974 ], [ 121.447164565224853, 13.186420388904596 ], [ 121.447281722736264, 13.18642109884248 ], [ 121.447369590874345, 13.186421631260734 ], [ 121.447476864542949, 13.186441416175237 ], [ 121.447564551614889, 13.186470649861505 ], [ 121.447613005110085, 13.186528348269711 ], [ 121.447671040690906, 13.186614807151567 ], [ 121.447748734830682, 13.186828194460505 ], [ 121.447748530892824, 13.186860519061788 ], [ 121.447761137613782, 13.186888121906323 ], [ 121.447786951654678, 13.186956137642804 ], [ 121.447908075434484, 13.187304256227014 ], [ 121.447895691647773, 13.187374390626958 ], [ 121.447933718350768, 13.187537268093248 ], [ 121.447991512851672, 13.18766199538446 ], [ 121.448059251631932, 13.187758080465846 ], [ 121.448097640555659, 13.187863555245469 ], [ 121.448106981319171, 13.18793058416909 ], [ 121.448125904240158, 13.188026373565037 ], [ 121.448193703504941, 13.188112891512237 ], [ 121.448339789443949, 13.188171181131592 ], [ 121.448476534589929, 13.188162441754102 ], [ 121.448483453863616, 13.18816429478894 ], [ 121.448622741298081, 13.188201596992883 ], [ 121.448720011387465, 13.188259590826112 ], [ 121.448777866757567, 13.188374750880573 ], [ 121.448794938418473, 13.188506421508659 ], [ 121.448796488348449, 13.188518375833702 ], [ 121.448824993817652, 13.188642925665981 ], [ 121.448902436081383, 13.188748636809473 ], [ 121.448989882905394, 13.18881613857697 ], [ 121.449009288732668, 13.188835391017959 ], [ 121.449098562667245, 13.188879808985293 ], [ 121.449134037728612, 13.188928894611928 ], [ 121.449206702500661, 13.189041963163698 ] ] ] ] } },
{ "type": "Feature", "properties": { "Class_name": "Seagrass/Seaweeds", "ID": 2, "Province": "Oriental Mindoro", "Region": "R4B", "Class_Code": "Sg", "Area": 12.590761094799999, "Area (Ha)": 12.045, "Area_3(ha)": 12.044 }, "geometry": { "type": "MultiPolygon", "coordinates": [ [ [ [ 121.442565789751157, 13.210341959020855 ], [ 121.442677764178995, 13.210516759161923 ], [ 121.442689514422227, 13.210588582325441 ], [ 121.442689059428943, 13.210660331191889 ], [ 121.44259901641945, 13.210974382825141 ], [ 121.442593117858536, 13.211017766163735 ], [ 121.442585008228932, 13.211044963291039 ], [ 121.442575675021487, 13.211053581975472 ], [ 121.442798010859121, 13.211056521197531 ], [ 121.442796392250699, 13.211048654017779 ], [ 121.442801691724497, 13.211029664672154 ], [ 121.44281939558897, 13.210991025536462 ], [ 121.442853947849429, 13.21093179080288 ], [ 121.442931742392673, 13.210807608628185 ], [ 121.442983450415312, 13.210722105473801 ], [ 121.443030520448815, 13.210639146224429 ], [ 121.443076920173041, 13.210551122628988 ], [ 121.443119524377352, 13.210464186189705 ], [ 121.443235712292363, 13.210208652051794 ], [ 121.443295042599033, 13.21008897869495 ], [ 121.443326977878868, 13.210028528323519 ], [ 121.443360524347554, 13.209968070354689 ], [ 121.443395721415442, 13.209908568586286 ], [ 121.443431696809867, 13.2098522741774 ], [ 121.443468671397, 13.209798802831099 ], [ 121.443507260345854, 13.209746785420016 ], [ 121.44356136060054, 13.20967886967504 ], [ 121.443632297848751, 13.20959712063112 ], [ 121.44372174864472, 13.209502772967484 ], [ 121.443815568554271, 13.209412879199796 ], [ 121.443864119306539, 13.209370078548613 ], [ 121.443913760019626, 13.2093289945088 ], [ 121.443964639989389, 13.209290046365362 ], [ 121.443999461265278, 13.209265452686033 ], [ 121.444062103699579, 13.209225617445199 ], [ 121.444126847611855, 13.209190571044166 ], [ 121.444184391044345, 13.209164960893119 ], [ 121.444246497604951, 13.209143311114614 ], [ 121.444313958730376, 13.209126540407748 ], [ 121.44438565982135, 13.209115839217663 ], [ 121.444459813941833, 13.209111929227186 ], [ 121.444534385221758, 13.209114961779488 ], [ 121.444607336175466, 13.209124532706289 ], [ 121.444676861203135, 13.209139705791197 ], [ 121.444741777063527, 13.209159116563598 ], [ 121.444782726406501, 13.209173800119141 ], [ 121.444862681217344, 13.209206838751154 ], [ 121.445062682840458, 13.209299401331169 ], [ 121.44516431017496, 13.209341653544232 ], [ 121.445229757658453, 13.20936466847723 ], [ 121.445302139460892, 13.209385740332714 ], [ 121.445388735941208, 13.209404655541636 ], [ 121.445492388556858, 13.209421293627573 ], [ 121.445556117385692, 13.209429170017458 ], [ 121.445620965146176, 13.209435735267661 ], [ 121.445763656781764, 13.209446027999713 ], [ 121.445947127400331, 13.209452648200426 ], [ 121.446097576885336, 13.209453278304194 ], [ 121.446162267485732, 13.209451625096623 ], [ 121.446314190445008, 13.209450777262004 ], [ 121.446641007007173, 13.209355370836578 ], [ 121.446759536666548, 13.209140822689005 ], [ 121.446878156844193, 13.208911923823068 ], [ 121.446953201680699, 13.208625355612098 ], [ 121.44702815557811, 13.208353137992129 ], [ 121.447044525365641, 13.208080564751016 ], [ 121.447016140671892, 13.207936880568964 ], [ 121.447018227332279, 13.207606815866955 ], [ 121.447019316002041, 13.207434608192846 ], [ 121.447006756656677, 13.207104454586517 ], [ 121.446964633333764, 13.206817175113809 ], [ 121.446965449815167, 13.206688019353658 ], [ 121.446966447725018, 13.206530162311646 ], [ 121.446894125525176, 13.206386211454047 ], [ 121.446821621952793, 13.206270961863021 ], [ 121.44670581597741, 13.206054991082427 ], [ 121.446750751540421, 13.205897400749457 ], [ 121.446752021702025, 13.205696491794548 ], [ 121.446592006346009, 13.205523306217684 ], [ 121.446417345402523, 13.205350031650488 ], [ 121.446344933064722, 13.205220431336503 ], [ 121.446345659024999, 13.205105626235895 ], [ 121.446346657209091, 13.204947769220748 ], [ 121.446611460830965, 13.20476281123346 ], [ 121.446802672374943, 13.20463481107023 ], [ 121.447155712683497, 13.204392983161215 ], [ 121.447303258471692, 13.204221664025972 ], [ 121.44742160324401, 13.204035816441511 ], [ 121.447555409537642, 13.203720901791957 ], [ 121.447484538273741, 13.203347340767126 ], [ 121.447375913832602, 13.202979239617072 ], [ 121.44704703468993, 13.202456294438822 ], [ 121.447031957208452, 13.202528090203678 ], [ 121.446983543993383, 13.202734317437196 ], [ 121.446931472901539, 13.202965156620817 ], [ 121.446912410819436, 13.203042528403783 ], [ 121.446890708811395, 13.20311799417083 ], [ 121.446863872897239, 13.203188878122996 ], [ 121.446824660595439, 13.203256034870421 ], [ 121.446775476345763, 13.203315515285578 ], [ 121.446719450472955, 13.203365778775332 ], [ 121.446661895086791, 13.203405356272778 ], [ 121.446595858178938, 13.203440598846687 ], [ 121.446522222140331, 13.203470777710603 ], [ 121.446444647253699, 13.203494845424407 ], [ 121.446368612885223, 13.203512401564646 ], [ 121.446300412791047, 13.203523872878614 ], [ 121.446246489650946, 13.203530297515954 ], [ 121.446200710619493, 13.203533635585691 ], [ 121.446022172019056, 13.203564978422223 ], [ 121.445958353340771, 13.203578398792065 ], [ 121.445913068612072, 13.203593056295619 ], [ 121.445899058897993, 13.203599862486197 ], [ 121.445873023005859, 13.203617549077887 ], [ 121.445837329654324, 13.20364990276653 ], [ 121.44580366949701, 13.203685339972134 ], [ 121.445771971667796, 13.203722632324805 ], [ 121.445743950359557, 13.203762672845077 ], [ 121.445710842189868, 13.203819052509987 ], [ 121.445652630527576, 13.203926282748585 ], [ 121.445618693541434, 13.203995964963964 ], [ 121.445610281158238, 13.20401758896079 ], [ 121.445610432066474, 13.204022759608003 ], [ 121.445611599514436, 13.204046140992595 ], [ 121.445610669266259, 13.204105971564871 ], [ 121.445608719532956, 13.204144945415955 ], [ 121.4456017337654, 13.204225409071947 ], [ 121.445591263417029, 13.204301166100251 ], [ 121.44558442804815, 13.204338999023561 ], [ 121.445569103599809, 13.204406391921641 ], [ 121.445553392730233, 13.204460223322288 ], [ 121.445538922436526, 13.204501262433833 ], [ 121.445525583721135, 13.204534217099871 ], [ 121.445486570533305, 13.204620943748752 ], [ 121.445459433216769, 13.204690980898382 ], [ 121.445434081044752, 13.204771249083516 ], [ 121.445397878675962, 13.204898090070094 ], [ 121.445371776169708, 13.204977460968321 ], [ 121.44534404107624, 13.205046852011829 ], [ 121.445293002036507, 13.205161608746781 ], [ 121.445267771370382, 13.205231548770293 ], [ 121.445256715256448, 13.205270893227787 ], [ 121.44524723635179, 13.205312779228196 ], [ 121.445239560333036, 13.205356714255617 ], [ 121.445233780249453, 13.205402197642341 ], [ 121.445229896405763, 13.205449089227269 ], [ 121.445227979455595, 13.205495996792312 ], [ 121.445228071018946, 13.205543794439983 ], [ 121.44523037277699, 13.205591212564894 ], [ 121.445235202406465, 13.205638006638205 ], [ 121.445241384042419, 13.205675548946731 ], [ 121.445249999873866, 13.205712284283379 ], [ 121.44526157175963, 13.205747978395452 ], [ 121.44528292728036, 13.205795141795265 ], [ 121.445309324606853, 13.205840381239334 ], [ 121.445339299944749, 13.205884154585643 ], [ 121.445428768190538, 13.206003399509502 ], [ 121.445452851824612, 13.206039221405431 ], [ 121.445478726228245, 13.206082508494941 ], [ 121.44550412389313, 13.206130804544484 ], [ 121.445530473329271, 13.206186178323366 ], [ 121.445610865864865, 13.206369319722228 ], [ 121.445631109659502, 13.206411906780442 ], [ 121.445659226754685, 13.206465350723528 ], [ 121.445685457414214, 13.206510416091769 ], [ 121.445707421901218, 13.206545027813746 ], [ 121.445722807356589, 13.206567076186388 ], [ 121.445729470879556, 13.206574359453324 ], [ 121.445740977687862, 13.206584414397257 ], [ 121.446146826116234, 13.206737889045657 ], [ 121.446410339413987, 13.20722571783759 ], [ 121.446476143926063, 13.207435393341902 ], [ 121.446510490386444, 13.207794360705815 ], [ 121.446491388583141, 13.207919810327446 ], [ 121.446441811737756, 13.208039095602482 ], [ 121.44639818613355, 13.208182334250473 ], [ 121.446360738682586, 13.208313651771048 ], [ 121.446305286028604, 13.208397025443944 ], [ 121.446225233909757, 13.208510146284626 ], [ 121.44609651238396, 13.208599054270465 ], [ 121.446022713998701, 13.208688295759535 ], [ 121.44588201414156, 13.208741254996504 ], [ 121.445759697652306, 13.208782367196813 ], [ 121.445613159992192, 13.208793435633 ], [ 121.445466887229742, 13.208762650416858 ], [ 121.445393996855913, 13.208708393753644 ], [ 121.444987414735763, 13.208161482827258 ], [ 121.444953607348637, 13.208136591414373 ], [ 121.444918119369731, 13.208113611082938 ], [ 121.444859984719116, 13.208082353766265 ], [ 121.444794908857062, 13.208055533654083 ], [ 121.44473173182206, 13.208036448700074 ], [ 121.444664634821507, 13.208022572531762 ], [ 121.444594945003715, 13.208014299219775 ], [ 121.444524097397846, 13.208011772675226 ], [ 121.444453550553462, 13.2080149405735 ], [ 121.444384730212875, 13.208023566566915 ], [ 121.444318959121759, 13.208037197704847 ], [ 121.44425732531171, 13.208055128577639 ], [ 121.444200422879391, 13.208076457886655 ], [ 121.444160501233242, 13.208094280693803 ], [ 121.444103081936419, 13.208124003704395 ], [ 121.444047212144014, 13.208157308177864 ], [ 121.443975376305332, 13.208206201968709 ], [ 121.44394068040117, 13.208232172140191 ], [ 121.443872990906769, 13.208286722453888 ], [ 121.443823480413528, 13.208329385236443 ], [ 121.443774889698176, 13.20837332745856 ], [ 121.443680596796412, 13.208464090185965 ], [ 121.443589764428097, 13.208557720029214 ], [ 121.443503067123231, 13.208654470082113 ], [ 121.443461648925037, 13.208703953906152 ], [ 121.44339611460299, 13.208788862549573 ], [ 121.443353204316367, 13.208850840517302 ], [ 121.443313445244854, 13.208914562301672 ], [ 121.443281750944834, 13.208971450291909 ], [ 121.44325137682749, 13.209032915411701 ], [ 121.443222216747571, 13.209099577221981 ], [ 121.443176448467867, 13.20921957821108 ], [ 121.443189974259283, 13.209429251473178 ], [ 121.443194522809492, 13.209481897032649 ], [ 121.443155011398986, 13.209553408265132 ], [ 121.443125233795413, 13.209629762164457 ], [ 121.443075927857521, 13.20970599722096 ], [ 121.443016857727955, 13.209782172843029 ], [ 121.442948144702441, 13.209839155988133 ], [ 121.442903872380995, 13.209891504419176 ], [ 121.442645631659616, 13.210052624125302 ], [ 121.442627000475255, 13.210088476013405 ], [ 121.442604752449412, 13.210140756838712 ], [ 121.4425829119442, 13.210210712772108 ], [ 121.442569463883686, 13.210289303225128 ], [ 121.442565789751157, 13.210341959020855 ] ] ] ] } },
{ "type": "Feature", "properties": { "Class_name": "Seagrass/Seaweeds", "ID": 2, "Province": "Oriental Mindoro", "Region": "R4B", "Class_Code": "Sg", "Area": 2.3366569995500002, "Area (Ha)": 2.279, "Area_3(ha)": 2.279 }, "geometry": { "type": "MultiPolygon", "coordinates": [ [ [ [ 121.44071286458778, 13.21144354043442 ], [ 121.440310540574544, 13.211568546152753 ], [ 121.440282857577429, 13.211575343427938 ], [ 121.440241693881632, 13.211582875140108 ], [ 121.440219651923456, 13.211584749861693 ], [ 121.440211285651003, 13.211583135410979 ], [ 121.440207438290571, 13.212084309027828 ], [ 121.440201512248464, 13.212477508738777 ], [ 121.440203844036361, 13.212531975283445 ], [ 121.440206773388155, 13.212558065363368 ], [ 121.440211620288508, 13.212582881065051 ], [ 121.440216442189836, 13.212598836859085 ], [ 121.440222787978925, 13.212613683908938 ], [ 121.440232342940817, 13.212629014954953 ], [ 121.440243467876925, 13.212641045579312 ], [ 121.44025870027761, 13.212652098326185 ], [ 121.440273805044612, 13.212659573480751 ], [ 121.440290517798715, 13.212665335726124 ], [ 121.440318892652428, 13.212670909204832 ], [ 121.440352507324363, 13.212674166713523 ], [ 121.440389345093067, 13.212675597917473 ], [ 121.440464780592734, 13.212674799029191 ], [ 121.440573437700309, 13.212670089390327 ], [ 121.44056938199374, 13.212486730270525 ], [ 121.440569699109645, 13.212449935295258 ], [ 121.440572118353501, 13.212415798129831 ], [ 121.440577151320227, 13.212388207221482 ], [ 121.440584470186209, 13.212366955511294 ], [ 121.440596875371767, 13.212346793166667 ], [ 121.440605192874159, 13.212338277339123 ], [ 121.440623924772581, 13.212326138197017 ], [ 121.44063638311961, 13.212321101800589 ], [ 121.440665200284371, 13.21231424622694 ], [ 121.440717777561943, 13.21230996157429 ], [ 121.440818785982884, 13.212307763847486 ], [ 121.440853872482649, 13.212303722911887 ], [ 121.440881858120264, 13.212296404966873 ], [ 121.440904252783582, 13.212285410669153 ], [ 121.440921094194351, 13.212271192155258 ], [ 121.440935991346535, 13.212250795853535 ], [ 121.440967720625309, 13.212185591449398 ], [ 121.440976066010009, 13.212174359394202 ], [ 121.440985917936459, 13.212164712730631 ], [ 121.440997171358035, 13.212156459249876 ], [ 121.441012738410819, 13.212148042551801 ], [ 121.441032646293579, 13.212140509988355 ], [ 121.441055416404453, 13.212134853575508 ], [ 121.441098981071747, 13.21213001283296 ], [ 121.441130444414014, 13.212131111493402 ], [ 121.441513168672202, 13.212137366764159 ], [ 121.441562579150784, 13.212136042836946 ], [ 121.44159512406334, 13.212132330459166 ], [ 121.441610663006685, 13.212129031122679 ], [ 121.441636433752677, 13.212119517809686 ], [ 121.441646726683999, 13.212113369987561 ], [ 121.441662547544411, 13.212098928184046 ], [ 121.441669155630606, 13.212089998852777 ], [ 121.44168068168392, 13.212067802375016 ], [ 121.441705434964589, 13.21200462209608 ], [ 121.441717916495406, 13.211986115840183 ], [ 121.44172823143883, 13.21197722208729 ], [ 121.441744839040027, 13.211968219669233 ], [ 121.441756032317343, 13.211964058027043 ], [ 121.441786319658533, 13.21195705758147 ], [ 121.44182250590616, 13.211953667071425 ], [ 121.441869675538172, 13.21195482468149 ], [ 121.441870740693389, 13.211950309216595 ], [ 121.441867133759487, 13.211939177657662 ], [ 121.441849294891938, 13.211904601817062 ], [ 121.441815915076504, 13.211854373927252 ], [ 121.441754290130476, 13.211771760641433 ], [ 121.44174350364564, 13.211755098953738 ], [ 121.441731885829668, 13.211731182107451 ], [ 121.441726278619527, 13.211709629624536 ], [ 121.441725738957103, 13.211691114006983 ], [ 121.441729083161249, 13.211674682542027 ], [ 121.441736070748249, 13.21165938508171 ], [ 121.441746671687568, 13.211645369022285 ], [ 121.441754565283489, 13.211637794512326 ], [ 121.441774318041539, 13.211623890287184 ], [ 121.441799648159986, 13.211611490395955 ], [ 121.441832727582536, 13.211599568345855 ], [ 121.441927083756156, 13.211570815982521 ], [ 121.441971900755163, 13.211552466917373 ], [ 121.442009260500001, 13.211531555711453 ], [ 121.442082760032335, 13.211479315756103 ], [ 121.442104450918251, 13.211465590238459 ], [ 121.442131817341448, 13.211451385466237 ], [ 121.442162598854182, 13.211439274362705 ], [ 121.442214986264034, 13.211425794341771 ], [ 121.442257842564501, 13.211419406409039 ], [ 121.442315372215191, 13.211414345161209 ], [ 121.442471845209482, 13.21140498312597 ], [ 121.442512733906369, 13.211396454219043 ], [ 121.442534060322927, 13.211389731216979 ], [ 121.44255272199382, 13.21138200044822 ], [ 121.442574962632236, 13.21136861848014 ], [ 121.442600215798379, 13.211345727452155 ], [ 121.442655648848586, 13.211279975074055 ], [ 121.442733175642616, 13.211202633969735 ], [ 121.442749788526044, 13.211184206754064 ], [ 121.442764300784262, 13.211165269899189 ], [ 121.442777643592123, 13.211142908817859 ], [ 121.442786709305039, 13.211120268533893 ], [ 121.442795182197457, 13.211087502411106 ], [ 121.442798090249767, 13.211065870893931 ], [ 121.442798010859121, 13.211056521197531 ], [ 121.442575675021487, 13.211053581975472 ], [ 121.44228388484909, 13.211047680788001 ], [ 121.441699234325512, 13.211096122179395 ], [ 121.44146655136943, 13.211147554920652 ], [ 121.441123373125265, 13.211223411341582 ], [ 121.44071286458778, 13.21144354043442 ] ] ] ] } },
{ "type": "Feature", "properties": { "Class_name": "Seagrass/Seaweeds", "ID": 2, "Province": "Oriental Mindoro", "Region": "R4B", "Class_Code": "Sg", "Area": 5.2857529207100002, "Area (Ha)": 4.854, "Area_3(ha)": 4.854 }, "geometry": { "type": "MultiPolygon", "coordinates": [ [ [ [ 121.442441322219722, 13.218292226089861 ], [ 121.443038329698084, 13.217559701972551 ], [ 121.443509708717031, 13.217139237122474 ], [ 121.443722904466327, 13.217011381788035 ], [ 121.443847992554623, 13.21691886591168 ], [ 121.444444605156292, 13.216439090632738 ], [ 121.444460040406895, 13.216415278818342 ], [ 121.444554542254977, 13.216256348746169 ], [ 121.444620556814371, 13.216135905554015 ], [ 121.444772381308653, 13.215848827004715 ], [ 121.444933927021481, 13.215532528275547 ], [ 121.444994428706408, 13.215406990945308 ], [ 121.445029522041523, 13.215330079358308 ], [ 121.445078313656509, 13.215217006860373 ], [ 121.445103475856072, 13.215153557304685 ], [ 121.445127762671291, 13.215086144222621 ], [ 121.445150724276203, 13.215014341455085 ], [ 121.445171789335731, 13.214939274860424 ], [ 121.445190473643862, 13.214863371246798 ], [ 121.445206986038571, 13.21478720150966 ], [ 121.445221463531738, 13.214711005178334 ], [ 121.445233018685713, 13.214640185895602 ], [ 121.445241569496247, 13.214575345448743 ], [ 121.445246855528907, 13.214517396533356 ], [ 121.44524887706342, 13.214463959517783 ], [ 121.445247387733872, 13.214411981529249 ], [ 121.445242097712693, 13.214361321215153 ], [ 121.445236462442338, 13.214328252234214 ], [ 121.445219388025734, 13.214259967070925 ], [ 121.445200002959211, 13.214203951944407 ], [ 121.445176265878487, 13.214149672095912 ], [ 121.445146989128105, 13.214095684628903 ], [ 121.445113424940089, 13.21404549918541 ], [ 121.445074352193117, 13.213999082251261 ], [ 121.445023582024504, 13.213954653529626 ], [ 121.444622241711173, 13.213591052169766 ], [ 121.444210670210481, 13.213602217552397 ], [ 121.444199386028515, 13.213599121702938 ], [ 121.444172898715536, 13.213595018031315 ], [ 121.444130932967525, 13.213592876407128 ], [ 121.443704569860401, 13.213593115070822 ], [ 121.443700917609974, 13.213640317674727 ], [ 121.443700043172726, 13.213674150910794 ], [ 121.443701890761233, 13.213704205759988 ], [ 121.443706042974327, 13.213724858645653 ], [ 121.443713058048886, 13.21374035536274 ], [ 121.443724398603067, 13.213753836930174 ], [ 121.443740301236957, 13.213764031087418 ], [ 121.443750889963297, 13.21376816454787 ], [ 121.443762174144823, 13.213771260417271 ], [ 121.443788661464708, 13.21377536413274 ], [ 121.443830627234277, 13.213777505816211 ], [ 121.444256990685929, 13.213777266977829 ], [ 121.444252408205443, 13.214500403792297 ], [ 121.444255737945355, 13.214499209071466 ], [ 121.444261480230352, 13.2145006546027 ], [ 121.444271812802171, 13.214505960829662 ], [ 121.444287667883188, 13.214516962824105 ], [ 121.444309096680769, 13.214535123916617 ], [ 121.444349205111735, 13.214577173776767 ], [ 121.444538021408889, 13.214738704243436 ], [ 121.444552334583392, 13.214791409186009 ], [ 121.444571590559278, 13.214834577299472 ], [ 121.444595607502308, 13.214896908146009 ], [ 121.444600216934546, 13.214939987182495 ], [ 121.444585146088698, 13.21500686375304 ], [ 121.444570226766629, 13.215049824019459 ], [ 121.444550364635234, 13.215102321111912 ], [ 121.444334696702455, 13.215367754695226 ], [ 121.444283479736228, 13.215435513523129 ], [ 121.444200243817193, 13.215533807281968 ], [ 121.444156607545082, 13.21558133333299 ], [ 121.444066575447479, 13.215674460205038 ], [ 121.443880381814935, 13.215855710694646 ], [ 121.443502670225499, 13.21621201813085 ], [ 121.4433161678662, 13.216391420639363 ], [ 121.443180043374099, 13.216528722537666 ], [ 121.44309278114396, 13.216622926679845 ], [ 121.443050651177614, 13.21667102507544 ], [ 121.44300978282412, 13.216720014257996 ], [ 121.442970231856009, 13.216770372386538 ], [ 121.442932254421137, 13.216822054824615 ], [ 121.442896103556421, 13.216874908231606 ], [ 121.44286158216093, 13.216929526515095 ], [ 121.442803659193785, 13.217031951258415 ], [ 121.442689439236531, 13.217250043510008 ], [ 121.442637963192439, 13.217337000923763 ], [ 121.442590727877686, 13.21740831607347 ], [ 121.442514157359767, 13.217511385683265 ], [ 121.442432195804088, 13.217609414533973 ], [ 121.442345763713689, 13.217704341557909 ], [ 121.442301195675583, 13.217750599758821 ], [ 121.442209847008158, 13.217841086571221 ], [ 121.442115590553556, 13.21792848976377 ], [ 121.442018137821876, 13.218011791808417 ], [ 121.441933799449757, 13.218076966973383 ], [ 121.441881126927782, 13.218113768761764 ], [ 121.441827076392144, 13.218148324159982 ], [ 121.441751991481084, 13.21819067938622 ], [ 121.441697649009171, 13.21821720723424 ], [ 121.441637217030504, 13.218243332247226 ], [ 121.44140002691303, 13.218336385176471 ], [ 121.441305159258761, 13.21837567821226 ], [ 121.441209144530404, 13.218419516780614 ], [ 121.441120694488035, 13.21846531645218 ], [ 121.441046074079793, 13.218509787186749 ], [ 121.441000864738257, 13.21854044589676 ], [ 121.440965025309438, 13.218567677236612 ], [ 121.440938419553575, 13.218590526223966 ], [ 121.440914302261604, 13.218615388469498 ], [ 121.440904766414278, 13.218629576357195 ], [ 121.440903460458102, 13.218636050112163 ], [ 121.440904590047595, 13.218638209747519 ], [ 121.440921952961318, 13.218639317142078 ], [ 121.440939765051183, 13.218638599671422 ], [ 121.441014364514032, 13.218630271758625 ], [ 121.441068878367375, 13.218619777470664 ], [ 121.441124357307558, 13.218605054297932 ], [ 121.441151053339425, 13.218596311844088 ], [ 121.441197061253817, 13.218578267120549 ], [ 121.441230429924744, 13.218562489398172 ], [ 121.44130068458071, 13.218523649275104 ], [ 121.441351787010987, 13.21850043283442 ], [ 121.441383904006798, 13.21848970406857 ], [ 121.441445103327709, 13.218475917400257 ], [ 121.441497632162239, 13.218469036221213 ], [ 121.441553930311088, 13.218465018445258 ], [ 121.441619940347877, 13.218463089087212 ], [ 121.441875489674118, 13.218461776516568 ], [ 121.441932694193312, 13.218458865268135 ], [ 121.441987036994348, 13.218453467364498 ], [ 121.442051413135914, 13.218441962205631 ], [ 121.442086223267182, 13.218432425054909 ], [ 121.442117822458371, 13.218421144894467 ], [ 121.44216834226313, 13.218397167641792 ], [ 121.442232999490045, 13.218359624747071 ], [ 121.442281284864492, 13.21833442476767 ], [ 121.442310384989, 13.218322206680805 ], [ 121.442342892366199, 13.218311181515745 ], [ 121.442384273760936, 13.218300771322415 ], [ 121.442441322219722, 13.218292226089861 ] ] ] ] } },
{ "type": "Feature", "properties": { "Class_name": "Seagrass/Seaweeds", "ID": 2, "Province": "Oriental Mindoro", "Region": "R4B", "Class_Code": "Sg", "Area": 1.55957839607, "Area (Ha)": 1.56, "Area_3(ha)": 1.56 }, "geometry": { "type": "MultiPolygon", "coordinates": [ [ [ [ 121.44277737271581, 13.214310636343134 ], [ 121.442780874880597, 13.214254169102395 ], [ 121.442780468726696, 13.214222093394493 ], [ 121.442779127312036, 13.214206674158572 ], [ 121.442774613444726, 13.214184233162484 ], [ 121.442766238919603, 13.214166718516163 ], [ 121.442754384500901, 13.214153736398586 ], [ 121.442738174462548, 13.214144095174708 ], [ 121.442716206860183, 13.214137024849656 ], [ 121.4426528019861, 13.214124301010369 ], [ 121.442632074667245, 13.214116351730025 ], [ 121.442623878862776, 13.214111381162658 ], [ 121.442611042821511, 13.214099170730492 ], [ 121.442600997827086, 13.214081179931446 ], [ 121.442593599889108, 13.214051437845196 ], [ 121.442590720984811, 13.214005359811573 ], [ 121.442596290774318, 13.2137671603501 ], [ 121.442598536180071, 13.213759158345839 ], [ 121.442598151396894, 13.21374260324912 ], [ 121.442594163681704, 13.213720048793961 ], [ 121.442585271296352, 13.213694341114522 ], [ 121.442577315905098, 13.213679147259048 ], [ 121.442566064254279, 13.213663334759861 ], [ 121.44254577671984, 13.21364342888134 ], [ 121.44251662106241, 13.213624048288365 ], [ 121.442483263222343, 13.213608548726047 ], [ 121.442447873308311, 13.213596514415125 ], [ 121.442348672848297, 13.213573407829669 ], [ 121.44231844755268, 13.21356358334563 ], [ 121.442294960519362, 13.213552763505954 ], [ 121.442279490776386, 13.213543319004867 ], [ 121.442259710747408, 13.213527531367118 ], [ 121.442209521009062, 13.213474566085061 ], [ 121.442195303515433, 13.21346137172781 ], [ 121.442175032259456, 13.213446491293956 ], [ 121.442149592281723, 13.213433248329803 ], [ 121.442117303815849, 13.213421817552202 ], [ 121.442084419660318, 13.213413635839842 ], [ 121.441984817329157, 13.21339404705598 ], [ 121.441954522772093, 13.213385467306765 ], [ 121.441927613132052, 13.213373803028205 ], [ 121.441905632046186, 13.213357483646915 ], [ 121.441890825235234, 13.213337197417644 ], [ 121.441880257111293, 13.213312768885839 ], [ 121.44187260192021, 13.213285394002597 ], [ 121.441849910345567, 13.2131659200833 ], [ 121.441841482415825, 13.213138115012677 ], [ 121.441831073294196, 13.21311461798024 ], [ 121.441819130088746, 13.213096062572856 ], [ 121.441805429968142, 13.21308115866707 ], [ 121.441786666577457, 13.213067021766292 ], [ 121.441768279523345, 13.213057278366877 ], [ 121.441748250548343, 13.213049524341965 ], [ 121.441717052348437, 13.213041276547562 ], [ 121.441682987687841, 13.213035745964293 ], [ 121.441642171656852, 13.213032326467303 ], [ 121.441595944291464, 13.213030603575627 ], [ 121.441496647321827, 13.213030707900407 ], [ 121.441309227062632, 13.213036156090782 ], [ 121.44098360096082, 13.213034171605473 ], [ 121.44075566272123, 13.213032782219262 ], [ 121.440751185581831, 13.213134231878881 ], [ 121.440753848448225, 13.213162970398129 ], [ 121.440758952586094, 13.21318005564458 ], [ 121.440762330009605, 13.213186597199041 ], [ 121.440771131078208, 13.213197167066957 ], [ 121.440783324309407, 13.213204826729104 ], [ 121.440790755490738, 13.213207656749189 ], [ 121.440818500363577, 13.21321271717359 ], [ 121.44087574970689, 13.213215907670506 ], [ 121.440893983302871, 13.213218439507383 ], [ 121.440910528254648, 13.213223590993298 ], [ 121.440917064648886, 13.213227088911619 ], [ 121.440927039418781, 13.213235746949232 ], [ 121.44093481632936, 13.213248672571158 ], [ 121.440937637655892, 13.213256549132346 ], [ 121.440941000885061, 13.213272539544715 ], [ 121.440942420205943, 13.213288402687843 ], [ 121.440942254069896, 13.213320655782171 ], [ 121.440937888324697, 13.213395474757039 ], [ 121.440942444087582, 13.213394690100559 ], [ 121.440949294537219, 13.213398242612984 ], [ 121.440960912215274, 13.213407454738491 ], [ 121.440981095152054, 13.213427733448301 ], [ 121.441009136438026, 13.213460633222676 ], [ 121.441093129636783, 13.21356806145333 ], [ 121.441124253677316, 13.213605052557783 ], [ 121.441163198791514, 13.21364561850536 ], [ 121.441197373749887, 13.213674630526828 ], [ 121.441227701904623, 13.213694594715875 ], [ 121.44126054503333, 13.213711138945779 ], [ 121.441297295437309, 13.213725997874155 ], [ 121.441459052172263, 13.213778380635524 ], [ 121.441496427534275, 13.213793480288306 ], [ 121.441530318373808, 13.213810376957928 ], [ 121.441560220425529, 13.213828997486559 ], [ 121.441586421808793, 13.213849244370849 ], [ 121.441611431818856, 13.213872905142962 ], [ 121.441635351830925, 13.213899879110686 ], [ 121.441704622398774, 13.21399100480089 ], [ 121.441728144255492, 13.214019351339356 ], [ 121.441752491379049, 13.214044928800616 ], [ 121.441778775655166, 13.214068477266665 ], [ 121.441808166983876, 13.214090905016171 ], [ 121.441840569291429, 13.214112331994111 ], [ 121.441875026658579, 13.214132785618355 ], [ 121.442062028247761, 13.214236111145432 ], [ 121.44212603558347, 13.214265391338023 ], [ 121.442164667131635, 13.21427909532601 ], [ 121.442229771079411, 13.214296081427769 ], [ 121.442309067678124, 13.214308692263613 ], [ 121.442377973425408, 13.214314241193694 ], [ 121.442465731589536, 13.214316705409546 ], [ 121.442614960509658, 13.214315425232536 ], [ 121.44277737271581, 13.214310636343134 ] ] ] ] } },
{ "type": "Feature", "properties": { "Class_name": "Seagrass/Seaweeds", "ID": 2, "Province": "Oriental Mindoro", "Region": "R4B", "Class_Code": "Sg", "Area": 3.6926722064400002, "Area (Ha)": 3.693, "Area_3(ha)": 3.693 }, "geometry": { "type": "MultiPolygon", "coordinates": [ [ [ [ 121.441417973999506, 13.224969021750585 ], [ 121.441409972372611, 13.224955449853905 ], [ 121.441390536441389, 13.22490905091529 ], [ 121.441378643410673, 13.22487192750236 ], [ 121.441367938210547, 13.224826768838923 ], [ 121.441360336818775, 13.224775763866431 ], [ 121.441356947295745, 13.224722440540157 ], [ 121.44135758053163, 13.224669523791352 ], [ 121.441361314301233, 13.224617656740516 ], [ 121.44136713736377, 13.224566634664239 ], [ 121.44139367436307, 13.22438961054006 ], [ 121.441400966004835, 13.224327948594393 ], [ 121.441410603636967, 13.224211052736901 ], [ 121.441426292604106, 13.223955260298478 ], [ 121.441434243875364, 13.223868277661849 ], [ 121.441442219548762, 13.223805261003985 ], [ 121.44145814625233, 13.223715758568005 ], [ 121.441478902971397, 13.223633211378653 ], [ 121.441494454801543, 13.223583422173084 ], [ 121.4415538177184, 13.223412142399258 ], [ 121.441575927359409, 13.223333750401194 ], [ 121.441595058993869, 13.223249665677516 ], [ 121.441634235686962, 13.223044448797301 ], [ 121.441653292410422, 13.222960310886416 ], [ 121.441667548088247, 13.222908134563685 ], [ 121.44168271074706, 13.222859787608948 ], [ 121.441714318007243, 13.222768604160915 ], [ 121.441734305564395, 13.222705139672986 ], [ 121.441757658741381, 13.222617003582153 ], [ 121.4417781005791, 13.222518773086891 ], [ 121.441792781979871, 13.222423877373521 ], [ 121.441803291236099, 13.222317615594109 ], [ 121.441805097347512, 13.222268035086854 ], [ 121.441804258896497, 13.222259513317809 ], [ 121.441700660278585, 13.222262637025636 ], [ 121.441671361927447, 13.222259670674305 ], [ 121.441653987678436, 13.222254457698739 ], [ 121.441647353182205, 13.222251067538801 ], [ 121.441636674750967, 13.222242313876157 ], [ 121.441629008785355, 13.22223027323526 ], [ 121.441626212850352, 13.222222957925325 ], [ 121.441621393282006, 13.222195714181796 ], [ 121.441618849376638, 13.222139589117386 ], [ 121.441616492199188, 13.222121694739302 ], [ 121.44161144030835, 13.222105422077941 ], [ 121.441607951557586, 13.222098975056671 ], [ 121.441599239003821, 13.222089095355823 ], [ 121.441586143451687, 13.222081315722154 ], [ 121.441578139474586, 13.222078453747757 ], [ 121.441561860973906, 13.2220749599282 ], [ 121.441545688184306, 13.222073372077636 ], [ 121.441512767553107, 13.222073133500009 ], [ 121.44143635043136, 13.222076479464361 ], [ 121.441437981409848, 13.222079207327214 ], [ 121.441437732571146, 13.222086230981766 ], [ 121.441433421968057, 13.222105193982895 ], [ 121.441421862681082, 13.222139248419225 ], [ 121.441399565822906, 13.222192092173657 ], [ 121.441260150997749, 13.222488898283666 ], [ 121.441184711150981, 13.222664237786189 ], [ 121.441116438473856, 13.222835938037376 ], [ 121.440997637169474, 13.223144614043504 ], [ 121.440755674095982, 13.223754800748438 ], [ 121.440662878908952, 13.223975201472028 ], [ 121.440523647549981, 13.224290728595102 ], [ 121.440457937228103, 13.224450270569646 ], [ 121.440427732985484, 13.224530891585884 ], [ 121.440371883544543, 13.224693933195194 ], [ 121.440320883630449, 13.224858645460383 ], [ 121.440280761274451, 13.22500409033375 ], [ 121.440263194683226, 13.225077149479704 ], [ 121.440248064530877, 13.225150443745072 ], [ 121.440234743486428, 13.225233119439567 ], [ 121.440225623230504, 13.225315794861544 ], [ 121.440221188075725, 13.22539812210483 ], [ 121.440222377840016, 13.225479676460163 ], [ 121.440227854985551, 13.225541774370603 ], [ 121.440237284984548, 13.225602816419633 ], [ 121.440250614553193, 13.225662451329274 ], [ 121.440265989186614, 13.225714247734874 ], [ 121.440284974905637, 13.225764144569181 ], [ 121.440309031780359, 13.225813479070265 ], [ 121.440337881561561, 13.225859615749465 ], [ 121.44037009122583, 13.225900007796529 ], [ 121.440406605780993, 13.22593678341074 ], [ 121.440458230657399, 13.225977944433204 ], [ 121.440515018591114, 13.226013304281864 ], [ 121.440576136479066, 13.226042792694715 ], [ 121.44064444745382, 13.226067478350291 ], [ 121.440715711072798, 13.226086962994744 ], [ 121.440849591052, 13.226120341396129 ], [ 121.440922866796171, 13.226141285829556 ], [ 121.441011964001646, 13.226171473002065 ], [ 121.441098520254442, 13.226208183105726 ], [ 121.441183872341981, 13.226255009080099 ], [ 121.441258039119674, 13.22630809518882 ], [ 121.44131642966596, 13.226362429527713 ], [ 121.441361260790941, 13.226414783151785 ], [ 121.441392344314522, 13.226459939512706 ], [ 121.441409272059943, 13.226492925286623 ], [ 121.441410998740992, 13.226509460572483 ], [ 121.441411290314534, 13.22648040559201 ], [ 121.441406395640158, 13.226407194638984 ], [ 121.441400809362662, 13.226361464447431 ], [ 121.441392610085302, 13.226312004617489 ], [ 121.441381277264242, 13.226259854095971 ], [ 121.44136699692605, 13.226208331384948 ], [ 121.441349097385299, 13.226157286600598 ], [ 121.441329062972173, 13.226111794682671 ], [ 121.441299868758563, 13.226060127980727 ], [ 121.441259863680486, 13.225999247615393 ], [ 121.441137553186977, 13.22582857227547 ], [ 121.441113835139419, 13.22579239062734 ], [ 121.441092332195424, 13.225755392853957 ], [ 121.441077883787415, 13.22572589598996 ], [ 121.441062956322696, 13.225686462195716 ], [ 121.441050842438102, 13.225637934155079 ], [ 121.441044326799457, 13.225597468370466 ], [ 121.441040036849117, 13.225556416435595 ], [ 121.441036549315669, 13.225473775269645 ], [ 121.44103916138647, 13.225392652803407 ], [ 121.441043330308446, 13.225352660143436 ], [ 121.441050006207334, 13.225314782576783 ], [ 121.441063027653883, 13.225271789105848 ], [ 121.441071261841344, 13.225254226712297 ], [ 121.441080349163016, 13.225239722408851 ], [ 121.441089900092862, 13.225228320341765 ], [ 121.441099647371828, 13.225219664326616 ], [ 121.441119334956653, 13.225208724865647 ], [ 121.441130666518944, 13.225205385165378 ], [ 121.441142675144675, 13.225203703228576 ], [ 121.441167065835742, 13.225205235531801 ], [ 121.441178983201254, 13.225208090330392 ], [ 121.441203759041542, 13.225217612293852 ], [ 121.441268880093631, 13.225249607792872 ], [ 121.441293766127231, 13.225257074069189 ], [ 121.441306872804105, 13.225258314303609 ], [ 121.441320183193767, 13.225256952200292 ], [ 121.441333086818588, 13.22525298321032 ], [ 121.441345067017579, 13.225246691797528 ], [ 121.441355968247223, 13.225238402101304 ], [ 121.441367047114866, 13.225226894983253 ], [ 121.441377921667652, 13.225211711119547 ], [ 121.441388436777558, 13.22519200642895 ], [ 121.441399073023717, 13.225164457928301 ], [ 121.441408311773841, 13.225129543503524 ], [ 121.441415008604366, 13.225089921217284 ], [ 121.441418683304633, 13.225051939147972 ], [ 121.441419950204846, 13.224992952374787 ], [ 121.441417973999506, 13.224969021750585 ] ] ] ] } },
{ "type": "Feature", "properties": { "Class_name": "Rock Bottom", "ID": 5, "Province": "Oriental Mindoro", "Region": "R4B", "Class_Code": "Rb", "Area": 40.425436526699997, "Area (Ha)": 40.433, "Area_3(ha)": 11.041 }, "geometry": { "type": "MultiPolygon", "coordinates": [ [ [ [ 121.556794464243808, 13.120344063134318 ], [ 121.556681169707304, 13.120313358326959 ], [ 121.556651031148732, 13.120356116177547 ], [ 121.556636115093355, 13.12038253178201 ], [ 121.556627160601977, 13.120408181041062 ], [ 121.556631332197526, 13.120419988519892 ], [ 121.55662536785367, 13.120421237357593 ], [ 121.556606538032696, 13.120430008217042 ], [ 121.556534200913759, 13.120468389374434 ], [ 121.556334758947855, 13.120581589976835 ], [ 121.556196652209721, 13.120665276343878 ], [ 121.555884498694212, 13.120861958678743 ], [ 121.5557798343863, 13.120922828545011 ], [ 121.555681392847532, 13.120974052607757 ], [ 121.555581183640172, 13.121021702466056 ], [ 121.555498750975957, 13.121058049819238 ], [ 121.555391427917158, 13.121100869711467 ], [ 121.555317177180896, 13.121127745437477 ], [ 121.555242433578996, 13.121152814359203 ], [ 121.555167305442936, 13.121176010825403 ], [ 121.555091865667222, 13.121197101342302 ], [ 121.555016158545243, 13.121215673936547 ], [ 121.554940204961596, 13.121231119056169 ], [ 121.554864006334213, 13.121242602387987 ], [ 121.554788516877863, 13.121249196167724 ], [ 121.554713034979898, 13.121250764692858 ], [ 121.554628583876152, 13.121246377499414 ], [ 121.554544846698079, 13.121236189673921 ], [ 121.554312873818574, 13.12119212652058 ], [ 121.554235508086464, 13.121181188474626 ], [ 121.554171277116765, 13.121176633595077 ], [ 121.554106785622096, 13.121176234152484 ], [ 121.554042256393132, 13.121179833678063 ], [ 121.553968260114047, 13.121188509057072 ], [ 121.553744918886665, 13.121225472709691 ], [ 121.553662437985508, 13.121236197783702 ], [ 121.553579096782912, 13.12124440000923 ], [ 121.553495110416208, 13.121250569277715 ], [ 121.553333144696708, 13.121258019395603 ], [ 121.55278225825262, 13.121268428292021 ], [ 121.552543174315389, 13.121277457322311 ], [ 121.552462044629834, 13.12128249689378 ], [ 121.552300073355255, 13.121295681100618 ], [ 121.552138587071155, 13.121312774191827 ], [ 121.552058100918686, 13.121322995892429 ], [ 121.55189660539466, 13.121348094151939 ], [ 121.551735047008279, 13.121379665496633 ], [ 121.551654782393953, 13.121397655921525 ], [ 121.551517943463466, 13.12143222701885 ], [ 121.551087104720267, 13.121551259884706 ], [ 121.551020030124974, 13.121568345207271 ], [ 121.550948320867263, 13.121584571760758 ], [ 121.550871500033381, 13.121599264076821 ], [ 121.550790295603036, 13.121611882780746 ], [ 121.550705646822578, 13.121622304155091 ], [ 121.55061850504552, 13.121630784803113 ], [ 121.550262341131301, 13.121658487193276 ], [ 121.550175651175451, 13.121667899830989 ], [ 121.550091792416751, 13.121679809176642 ], [ 121.550011851726424, 13.121694603226835 ], [ 121.549936895902832, 13.121712260535954 ], [ 121.549867707925273, 13.121732295056148 ], [ 121.549824559463801, 13.121746691508045 ], [ 121.54974111926667, 13.121778410365224 ], [ 121.54964060953732, 13.121822668753492 ], [ 121.549590975332293, 13.121847048387203 ], [ 121.549496752402518, 13.121898782093657 ], [ 121.549387611726985, 13.12196813058892 ], [ 121.54928163216168, 13.122042851238557 ], [ 121.549003920564118, 13.122249640504489 ], [ 121.548804912052674, 13.122394243975458 ], [ 121.548752742991056, 13.122434667436501 ], [ 121.548686861829907, 13.122489642443131 ], [ 121.548639283457348, 13.122532508327026 ], [ 121.548593202429686, 13.122576771502962 ], [ 121.548527374008216, 13.122645116752594 ], [ 121.548477251319525, 13.122700958294155 ], [ 121.548429239744422, 13.122758146225799 ], [ 121.548383906160652, 13.122816882453733 ], [ 121.548342021063092, 13.122877486430166 ], [ 121.548304594165074, 13.122940407273349 ], [ 121.548272801327045, 13.123005404103663 ], [ 121.548245959672713, 13.123072696416918 ], [ 121.548223674211997, 13.123141859074639 ], [ 121.548205832801273, 13.123212585741042 ], [ 121.548190337085273, 13.123297940993181 ], [ 121.548179843561542, 13.123384636601095 ], [ 121.548173333748252, 13.123472238011074 ], [ 121.548170148492204, 13.123560407750825 ], [ 121.548169705903078, 13.12364659181457 ], [ 121.548173282637038, 13.123904635488341 ], [ 121.548172526977012, 13.123989710075705 ], [ 121.548170348268002, 13.124049292294261 ], [ 121.548166144715239, 13.124108302213708 ], [ 121.548159209485576, 13.124166592538183 ], [ 121.548144643122981, 13.124242963075341 ], [ 121.548123668113078, 13.124317313146433 ], [ 121.548095775905551, 13.124389083903326 ], [ 121.548066874470408, 13.124446598348568 ], [ 121.54803364704253, 13.124502247630179 ], [ 121.54799703721325, 13.12455637894208 ], [ 121.547949771072226, 13.124619682069302 ], [ 121.547899910742942, 13.124681607022934 ], [ 121.547690782428717, 13.124925918900313 ], [ 121.547642192108057, 13.124988006486142 ], [ 121.547608944558689, 13.125034829838162 ], [ 121.547578837011116, 13.125082933900114 ], [ 121.547549075486828, 13.125139315299668 ], [ 121.547468492312518, 13.125314021382925 ], [ 121.547438225999471, 13.12537074806227 ], [ 121.547405021222502, 13.125426728415869 ], [ 121.547369399964239, 13.125482057076235 ], [ 121.547325116877062, 13.125546303054007 ], [ 121.547278891763327, 13.125610037570269 ], [ 121.547036727001114, 13.125931388852287 ], [ 121.546936695674404, 13.126061119596383 ], [ 121.546675790051793, 13.126375324116275 ], [ 121.546440155861958, 13.126675727343267 ], [ 121.546329663126428, 13.126812209590788 ], [ 121.546216999226715, 13.126947039540092 ], [ 121.546102881555129, 13.127080656422422 ], [ 121.545950672502087, 13.127253413876575 ], [ 121.545845769563456, 13.127365292838727 ], [ 121.545560593982955, 13.127645217006899 ], [ 121.545477981316864, 13.127729772135643 ], [ 121.545397954662945, 13.127815600821558 ], [ 121.545305735514162, 13.127921103175098 ], [ 121.545216517389932, 13.128031078039141 ], [ 121.545179561861929, 13.128080149524903 ], [ 121.545155270772938, 13.128115573844847 ], [ 121.545150541109962, 13.128123844956015 ], [ 121.545148980872327, 13.128129761212664 ], [ 121.545146596025091, 13.128129223723835 ], [ 121.545142331841163, 13.128130899269905 ], [ 121.545134164455533, 13.128135905724028 ], [ 121.545085754559992, 13.128175579909747 ], [ 121.545000872370977, 13.128256616214632 ], [ 121.544947281597928, 13.128311355409908 ], [ 121.544773980115238, 13.128494951154304 ], [ 121.544676715405487, 13.128595760263423 ], [ 121.544544743766934, 13.128728272178241 ], [ 121.544362413281391, 13.128914465552258 ], [ 121.544278424600478, 13.128992120566631 ], [ 121.544196641650572, 13.129058843271537 ], [ 121.544127883755678, 13.129108948156622 ], [ 121.54408079440455, 13.129140630508271 ], [ 121.543929344193273, 13.129236853169344 ], [ 121.543880099275967, 13.129269617354206 ], [ 121.543833655410907, 13.129302792074737 ], [ 121.543790386643025, 13.129336461875056 ], [ 121.543751993796974, 13.129368995352124 ], [ 121.543677235639237, 13.129439428339619 ], [ 121.543604960968892, 13.129513660333521 ], [ 121.543383710479731, 13.129746772477525 ], [ 121.54329283700784, 13.129838153674523 ], [ 121.54319947624802, 13.129926967766387 ], [ 121.543102996894561, 13.130011905961089 ], [ 121.543053343360242, 13.130052497277719 ], [ 121.54300227076061, 13.130091643685754 ], [ 121.542914081427057, 13.130153011776281 ], [ 121.542840370052332, 13.130198307157766 ], [ 121.542789612256556, 13.130226440682748 ], [ 121.542735632727783, 13.130254099610417 ], [ 121.542507680661814, 13.13036078976509 ], [ 121.542453973683081, 13.130387256037753 ], [ 121.542375325769171, 13.130429206975275 ], [ 121.542206194685662, 13.130527339726846 ], [ 121.5422342601194, 13.130657454628222 ], [ 121.542233639363999, 13.130762697911063 ], [ 121.542204711683112, 13.130823208421264 ], [ 121.542595204315575, 13.13069777120289 ], [ 121.54283037927361, 13.130546017074664 ], [ 121.543056074610746, 13.130346369545405 ], [ 121.54329113619535, 13.130213750079196 ], [ 121.543477503657201, 13.13006171890968 ], [ 121.543663983640883, 13.12989055242361 ], [ 121.543811474467262, 13.129709597204956 ], [ 121.54399801031245, 13.12952886284056 ], [ 121.544174671878963, 13.129367208238181 ], [ 121.544351333216028, 13.129205553488239 ], [ 121.544527712642392, 13.129091736501804 ], [ 121.5446945559396, 13.128939593833111 ], [ 121.544861849608012, 13.12871091036202 ], [ 121.545048383934301, 13.128530175062886 ], [ 121.545254046390454, 13.128416523074295 ], [ 121.545462297736876, 13.128270394809286 ], [ 121.545880459380456, 13.128220641886802 ], [ 121.546010401329156, 13.128136501452456 ], [ 121.546082547192469, 13.128084780058861 ], [ 121.546149710921839, 13.128031183806316 ], [ 121.546226146581745, 13.127962415061337 ], [ 121.54643621697484, 13.127755704399439 ], [ 121.546633058700436, 13.127566408523379 ], [ 121.546703512655867, 13.127492245452199 ], [ 121.546745100114421, 13.127443791444886 ], [ 121.546785855166249, 13.127392417070281 ], [ 121.546825561019958, 13.127339004319145 ], [ 121.546900675914941, 13.127231588132032 ], [ 121.547026521475217, 13.127041917699685 ], [ 121.547087364969997, 13.126954073283949 ], [ 121.547125736284258, 13.126902279353947 ], [ 121.547205992231554, 13.126801886700795 ], [ 121.547290630125005, 13.126705139872385 ], [ 121.547378483972906, 13.1266112039439 ], [ 121.547650029367503, 13.126335927492397 ], [ 121.547782527817404, 13.126195962676938 ], [ 121.54782502743501, 13.126148168906242 ], [ 121.547893193683123, 13.12606641852439 ], [ 121.547944951148807, 13.125998359451264 ], [ 121.54799355122303, 13.125928263772051 ], [ 121.548016858283404, 13.125891915913103 ], [ 121.548075891259586, 13.12579055320978 ], [ 121.548191624756527, 13.125574307935022 ], [ 121.548242804459846, 13.125487313734874 ], [ 121.548324901230131, 13.12536186557465 ], [ 121.548435322678898, 13.125205062323314 ], [ 121.548507849227846, 13.125099015382437 ], [ 121.54857604484485, 13.12498981811021 ], [ 121.548632611405992, 13.124887059354815 ], [ 121.548741435887493, 13.124668861936163 ], [ 121.548882914387164, 13.124397360433633 ], [ 121.548908272863784, 13.124342697145606 ], [ 121.54893052696147, 13.124287295339283 ], [ 121.548950251702067, 13.124226390830815 ], [ 121.548998569369544, 13.124039792606075 ], [ 121.54901445176489, 13.123985282333603 ], [ 121.549032145645015, 13.123931259435833 ], [ 121.549078130494593, 13.123805532940839 ], [ 121.549151351784786, 13.123598191276834 ], [ 121.549179869127585, 13.123529101496738 ], [ 121.549211993394408, 13.123461413713033 ], [ 121.54924834964028, 13.12339570508763 ], [ 121.549296567365772, 13.123322378923366 ], [ 121.549350163182581, 13.123252013070612 ], [ 121.549408045080469, 13.123184188897477 ], [ 121.549461991535125, 13.12312623074917 ], [ 121.549575155603449, 13.123013691131822 ], [ 121.549793709694455, 13.122807174164327 ], [ 121.549967576902134, 13.122645466957847 ], [ 121.550028695532177, 13.122591204115679 ], [ 121.550081838731188, 13.122546292596999 ], [ 121.550136102350152, 13.122502967627 ], [ 121.550191687304547, 13.12246157020564 ], [ 121.550248865326296, 13.122422542867611 ], [ 121.550325612555753, 13.122376003957433 ], [ 121.550404848042959, 13.122333378245948 ], [ 121.55048599687764, 13.122293971741966 ], [ 121.550568656176708, 13.122257368021257 ], [ 121.550842999238952, 13.122147173513488 ], [ 121.550910783423902, 13.122117810624641 ], [ 121.550975475057015, 13.122087335903489 ], [ 121.551102614160882, 13.122021481994608 ], [ 121.551438394856916, 13.121832690199385 ], [ 121.551568889390779, 13.121765043629535 ], [ 121.551635314510705, 13.121734042752388 ], [ 121.551702825533937, 13.12170570256211 ], [ 121.551776773196863, 13.121678760739982 ], [ 121.551851965003209, 13.121654956316647 ], [ 121.551928127819735, 13.121633678554833 ], [ 121.552005054364926, 13.121614490891755 ], [ 121.552082593257978, 13.121597110876049 ], [ 121.552237909978487, 13.121567225638731 ], [ 121.552394533247778, 13.121542526318088 ], [ 121.552569509517056, 13.121520312245226 ], [ 121.552920269756669, 13.121479283985034 ], [ 121.55330569431645, 13.121424788985564 ], [ 121.55344717810128, 13.121406183173127 ], [ 121.553780587325306, 13.121365702212557 ], [ 121.553922758972661, 13.121351250272483 ], [ 121.553996740302438, 13.121346150340468 ], [ 121.554070206444109, 13.121343850246378 ], [ 121.554135873601595, 13.121344977628253 ], [ 121.554200867810337, 13.121349809657753 ], [ 121.554237264675564, 13.121354439947257 ], [ 121.55431879842034, 13.121369635475153 ], [ 121.554481448376407, 13.121405903830386 ], [ 121.554554829938638, 13.121418156399471 ], [ 121.554629245589254, 13.121426675701999 ], [ 121.55469484546424, 13.121431041454334 ], [ 121.5547608237394, 13.121432554770243 ], [ 121.554827007005002, 13.121431138226251 ], [ 121.554897027446756, 13.121426314632398 ], [ 121.554966931153984, 13.121418170008532 ], [ 121.55503655134568, 13.121406721590422 ], [ 121.555106868403058, 13.121391721955163 ], [ 121.555176790796551, 13.121373928537018 ], [ 121.555315692969941, 13.121332340631183 ], [ 121.555395484744608, 13.121305658966255 ], [ 121.555474777822397, 13.121277231342725 ], [ 121.555553366203966, 13.12124685705597 ], [ 121.555630968530977, 13.121214120128759 ], [ 121.555697826247524, 13.121183177580756 ], [ 121.555763709680846, 13.121150217591914 ], [ 121.55582862537976, 13.12111540118528 ], [ 121.555898490126182, 13.121075305893827 ], [ 121.555967213092487, 13.121033340548088 ], [ 121.556032362879307, 13.120991060325343 ], [ 121.556102762779147, 13.120941234206244 ], [ 121.556182785637958, 13.120880389703775 ], [ 121.556264931180209, 13.120815113177516 ], [ 121.556350789035349, 13.120744785701406 ], [ 121.556431679815248, 13.120674857844364 ], [ 121.556503850717931, 13.120606685283827 ], [ 121.55656265785511, 13.120543610152955 ], [ 121.556789124370454, 13.120420331739567 ], [ 121.556803231433676, 13.120415417941729 ], [ 121.556809104885531, 13.120409530398394 ], [ 121.556814312505779, 13.120398547374844 ], [ 121.556817247643465, 13.120380500274271 ], [ 121.556815660999717, 13.120369815147402 ], [ 121.556821780206931, 13.120363001900401 ], [ 121.556794464243808, 13.120344063134318 ] ] ] ] } },
{ "type": "Feature", "properties": { "Class_name": "Sand Bottom", "ID": 6, "Province": "Oriental Mindoro", "Region": "R4B", "Class_Code": "Sb", "Area": 8.6454320345600006, "Area (Ha)": 8.647, "Area_3(ha)": 8.646 }, "geometry": { "type": "MultiPolygon", "coordinates": [ [ [ [ 121.521800844861005, 13.145039045755043 ], [ 121.521939448630633, 13.145156051591945 ], [ 121.521978738865002, 13.145185774993896 ], [ 121.52200629565084, 13.145203599964805 ], [ 121.522093834157104, 13.145249959902303 ], [ 121.522524430473069, 13.145463026960023 ], [ 121.522561265389854, 13.145436839636494 ], [ 121.522609264930267, 13.145409221345426 ], [ 121.522663685287014, 13.145383463119229 ], [ 121.5227695986367, 13.145341087571328 ], [ 121.522809657138225, 13.145319518535885 ], [ 121.522835540756347, 13.145300919584857 ], [ 121.522860141967101, 13.145278166276844 ], [ 121.522891612730831, 13.145239598380254 ], [ 121.522915237907327, 13.145203005857633 ], [ 121.522973598287479, 13.14510080260122 ], [ 121.522992687241327, 13.145072397863752 ], [ 121.523003074245707, 13.145059055413808 ], [ 121.523022258917209, 13.145038546974982 ], [ 121.523046053727924, 13.145019964953532 ], [ 121.523060274371275, 13.145012060170101 ], [ 121.523082488083745, 13.145003882891032 ], [ 121.523114742534375, 13.144998865294767 ], [ 121.523183214759612, 13.144997119541026 ], [ 121.523261828535254, 13.145000119268545 ], [ 121.523263702945044, 13.145000130038152 ], [ 121.523264684778738, 13.145000135679364 ], [ 121.523280423870474, 13.14500022610927 ], [ 121.523278485792915, 13.144934888636923 ], [ 121.523282031425609, 13.144891601518092 ], [ 121.523286457365913, 13.144871465227252 ], [ 121.523294054267254, 13.144852671490934 ], [ 121.52330286137331, 13.144840819572849 ], [ 121.523314223558131, 13.144832952088016 ], [ 121.523330200399386, 13.144827033043802 ], [ 121.523345469715409, 13.144823850313724 ], [ 121.523378570473469, 13.144820880900184 ], [ 121.523523163556575, 13.144822537720735 ], [ 121.523576281811486, 13.144820828947189 ], [ 121.523607522536722, 13.144815557908309 ], [ 121.523620761372968, 13.14481056446396 ], [ 121.52363159730163, 13.144803190832755 ], [ 121.523639494440289, 13.144792904731952 ], [ 121.523644970444664, 13.14478021720937 ], [ 121.523648673506386, 13.144765766735551 ], [ 121.523652645013115, 13.144733411767209 ], [ 121.523656077045914, 13.144644586230722 ], [ 121.523658463710404, 13.144619032073084 ], [ 121.523663689063838, 13.144595235794684 ], [ 121.523669414999191, 13.144580419291932 ], [ 121.523687275824344, 13.144549657125088 ], [ 121.523699120510173, 13.144534750611566 ], [ 121.523714020075943, 13.144519384178885 ], [ 121.523729432102684, 13.144506260401718 ], [ 121.523750421482973, 13.14449192636701 ], [ 121.523767022572457, 13.144483291314083 ], [ 121.523774244431664, 13.144481138742156 ], [ 121.52393352093128, 13.144316050960269 ], [ 121.524005077494934, 13.144248187300876 ], [ 121.524051157428403, 13.144211235996998 ], [ 121.52407354756464, 13.144195897994464 ], [ 121.524144156702874, 13.144154596442057 ], [ 121.524217761992745, 13.144117958133299 ], [ 121.524268148916377, 13.144096170310613 ], [ 121.524318988326499, 13.144077295120457 ], [ 121.524473742271752, 13.144025698751772 ], [ 121.524549289967169, 13.143997041654092 ], [ 121.524623366755748, 13.143965599777003 ], [ 121.524797554604802, 13.143886407779274 ], [ 121.52485848299284, 13.143860640374916 ], [ 121.524892652901926, 13.143847553298885 ], [ 121.52495928263977, 13.143825095158984 ], [ 121.525016557010915, 13.143808748412152 ], [ 121.525073722914954, 13.143794897986753 ], [ 121.525077734697447, 13.143785047513765 ], [ 121.525097237293267, 13.143767291562142 ], [ 121.52513051446671, 13.143743045969332 ], [ 121.525187200043632, 13.143707575180834 ], [ 121.525259030901708, 13.143667909319152 ], [ 121.525338293733427, 13.143628380725502 ], [ 121.525424964007058, 13.143588147956876 ], [ 121.525649622084146, 13.143488160268165 ], [ 121.525714857267516, 13.143457366524546 ], [ 121.525777233469469, 13.143425019265374 ], [ 121.525812930805813, 13.143404359983066 ], [ 121.525873402900672, 13.143362630583013 ], [ 121.525926530157008, 13.143316336560462 ], [ 121.525973580556851, 13.143265035220931 ], [ 121.526015097142476, 13.143208762442272 ], [ 121.526048346952606, 13.143153123255399 ], [ 121.526077424630245, 13.143094448885902 ], [ 121.52610283528854, 13.143033356952019 ], [ 121.526124733207197, 13.14297132135326 ], [ 121.526144472953135, 13.14290796975936 ], [ 121.526207417632918, 13.142688577002676 ], [ 121.526231569430152, 13.142611621864191 ], [ 121.526255723544793, 13.142542983098197 ], [ 121.526282552711422, 13.142475755738101 ], [ 121.526312591432131, 13.142410402727409 ], [ 121.526341235093156, 13.142356534426408 ], [ 121.526372958552187, 13.14230475856761 ], [ 121.526408113054231, 13.142255474783267 ], [ 121.526450335114006, 13.142205331372161 ], [ 121.52649639934593, 13.142158301498249 ], [ 121.526545747195627, 13.142114149352834 ], [ 121.526597994814182, 13.14207279360722 ], [ 121.52666040400716, 13.142029215140193 ], [ 121.526725566800394, 13.141988820001446 ], [ 121.526792995208169, 13.141951327751606 ], [ 121.526873373119443, 13.141911234475735 ], [ 121.526955461301412, 13.141873765429741 ], [ 121.527038547856179, 13.141838034034944 ], [ 121.527182094052151, 13.141778977525757 ], [ 121.527318067031516, 13.141726251008404 ], [ 121.527394091787244, 13.141699704068232 ], [ 121.52745866382277, 13.141679909748811 ], [ 121.527523546713027, 13.141663631599867 ], [ 121.527588941152544, 13.141652064173686 ], [ 121.527662880353731, 13.14164580543283 ], [ 121.527737278368264, 13.141645684930205 ], [ 121.527811691156842, 13.141650502282022 ], [ 121.527874803476621, 13.141657727695836 ], [ 121.527937386388089, 13.141666960145651 ], [ 121.528082065444153, 13.141691776126507 ], [ 121.528162777634861, 13.141703057936732 ], [ 121.52821736271261, 13.141706830130294 ], [ 121.528270742451213, 13.141705228559085 ], [ 121.528336322615672, 13.14169308252438 ], [ 121.528374347424915, 13.141680319832611 ], [ 121.528411376176848, 13.141663992904979 ], [ 121.528476128336706, 13.141627281016254 ], [ 121.528539021238984, 13.141584015007835 ], [ 121.528664744600917, 13.141486528076666 ], [ 121.528726781788862, 13.141434303848067 ], [ 121.528785329408421, 13.141379742280781 ], [ 121.52883834833662, 13.141322007791141 ], [ 121.528871513292614, 13.141279180117639 ], [ 121.528933646900938, 13.141191096138051 ], [ 121.528966997063193, 13.141148281771448 ], [ 121.529014758215837, 13.141098528026889 ], [ 121.529068925939541, 13.141052928711922 ], [ 121.529129707634965, 13.141010501966925 ], [ 121.52919494402289, 13.140972040627123 ], [ 121.52927025155914, 13.140934311619684 ], [ 121.529348659052445, 13.140900430134415 ], [ 121.529429203448998, 13.140869875886633 ], [ 121.529614257531364, 13.140805370065483 ], [ 121.529670042178267, 13.140782854945318 ], [ 121.529725115919319, 13.140758249931963 ], [ 121.529779417288864, 13.140731719417991 ], [ 121.530010564081124, 13.140605829767436 ], [ 121.530073989016287, 13.140572721609681 ], [ 121.53013836870258, 13.140541544934306 ], [ 121.530212737744407, 13.14050907886956 ], [ 121.53041984455632, 13.140423686050131 ], [ 121.530659518464745, 13.140319432990346 ], [ 121.530737668462791, 13.140288794640794 ], [ 121.530830125599337, 13.140258367396063 ], [ 121.5308856554432, 13.140243628636789 ], [ 121.530942984933219, 13.14023103075073 ], [ 121.531000819767442, 13.140220620075022 ], [ 121.531161016065212, 13.140198308375856 ], [ 121.531227565817616, 13.140187639449451 ], [ 121.531258662572199, 13.140180144277039 ], [ 121.531289772243639, 13.140170295502754 ], [ 121.531320737738611, 13.140158071863738 ], [ 121.531351395496856, 13.140143526386547 ], [ 121.53139852388837, 13.140116396513704 ], [ 121.531449459769405, 13.140080768655924 ], [ 121.531507948519192, 13.140032326078826 ], [ 121.531573380000921, 13.139969326873434 ], [ 121.531626009445645, 13.139911984760349 ], [ 121.53167525856567, 13.139852150872454 ], [ 121.531717602983335, 13.139794337022964 ], [ 121.531751112133307, 13.139742117647046 ], [ 121.5317751349926, 13.139698393223759 ], [ 121.531790355913131, 13.139664777282839 ], [ 121.531798045748118, 13.13964231876173 ], [ 121.531800266541268, 13.13963034754107 ], [ 121.531798659829946, 13.139625064126903 ], [ 121.53179737995751, 13.139624060574896 ], [ 121.531789419601751, 13.139624461494252 ], [ 121.531767055216349, 13.139630348920125 ], [ 121.531725380482044, 13.139645184367469 ], [ 121.531663785730245, 13.139670600108444 ], [ 121.531489687680946, 13.139750800131321 ], [ 121.531203432431539, 13.139887253082872 ], [ 121.531024864922003, 13.139967603488808 ], [ 121.530777331853827, 13.140072459831242 ], [ 121.530455487803209, 13.140201820001696 ], [ 121.530296453073703, 13.140261568258227 ], [ 121.530140880666167, 13.140315420780663 ], [ 121.529984136521477, 13.140365936189355 ], [ 121.529729596489233, 13.140444143723762 ], [ 121.529561272510065, 13.140499693697748 ], [ 121.529479688843992, 13.140529640970019 ], [ 121.529398780687657, 13.140561338068716 ], [ 121.529238734052115, 13.1406290577603 ], [ 121.529081134872669, 13.140702215622973 ], [ 121.529013477809954, 13.140735918337919 ], [ 121.528879659905783, 13.140806237165428 ], [ 121.528747563013169, 13.140879669314993 ], [ 121.528377926769181, 13.141096863153765 ], [ 121.528304148405397, 13.141138499097194 ], [ 121.528229253729023, 13.141177824150287 ], [ 121.528148097727311, 13.141216155955847 ], [ 121.528065513008443, 13.141251577361277 ], [ 121.527981948820639, 13.141284880530723 ], [ 121.527897782970555, 13.141316694808937 ], [ 121.52756749357539, 13.141436594327727 ], [ 121.527509061468038, 13.141460438612606 ], [ 121.52740217534523, 13.141510248952088 ], [ 121.527181839111748, 13.141621890345288 ], [ 121.527104075769287, 13.141659109995873 ], [ 121.527026854957029, 13.141693318403357 ], [ 121.526953573844182, 13.141723411024712 ], [ 121.526744095854411, 13.141805558001916 ], [ 121.526679158279123, 13.141832901345998 ], [ 121.526557577173747, 13.141889146022194 ], [ 121.52649674270026, 13.141919880080673 ], [ 121.526436476321379, 13.141952517279266 ], [ 121.526377801238795, 13.141987192979485 ], [ 121.526323140342853, 13.142023047420031 ], [ 121.526288834319288, 13.14204772955247 ], [ 121.526223731450912, 13.142099983668073 ], [ 121.52616295369404, 13.142156363243235 ], [ 121.526134437881467, 13.142186021190042 ], [ 121.526107209850025, 13.142216724463635 ], [ 121.52606273629759, 13.142272994150883 ], [ 121.526022772052826, 13.142332121198464 ], [ 121.52599231561787, 13.142385324048153 ], [ 121.525970290005276, 13.14243056395002 ], [ 121.525945634302417, 13.142490852381407 ], [ 121.525881802862756, 13.142676879323531 ], [ 121.525856671918277, 13.142742515642956 ], [ 121.525828379301487, 13.142806757344797 ], [ 121.525796299141433, 13.14286896934024 ], [ 121.525759617594275, 13.142928411385356 ], [ 121.525713134195328, 13.142990047602179 ], [ 121.525661280789336, 13.143048106403196 ], [ 121.525605206627787, 13.143103216687798 ], [ 121.52554576507697, 13.143155796838363 ], [ 121.525496105713245, 13.143196313535846 ], [ 121.525392043115772, 13.14327443691587 ], [ 121.525286131628945, 13.143347438530069 ], [ 121.525225132745987, 13.143386335975629 ], [ 121.525162953839271, 13.143423453641876 ], [ 121.525060285701045, 13.143478673435695 ], [ 121.525007148701206, 13.143504114439949 ], [ 121.524891683001925, 13.143553426511019 ], [ 121.524656928143429, 13.143644469348507 ], [ 121.524184931402516, 13.143831643771266 ], [ 121.52408566403399, 13.143869152538622 ], [ 121.523843301181074, 13.143954893209445 ], [ 121.523727534255229, 13.143997835414979 ], [ 121.523258109393964, 13.144185617987636 ], [ 121.523149538214312, 13.144226288965234 ], [ 121.52300752654628, 13.144274450051739 ], [ 121.522597858224302, 13.144404876004369 ], [ 121.522520547510766, 13.144427316574694 ], [ 121.522184366315173, 13.144519805562485 ], [ 121.521967156552975, 13.144584969148807 ], [ 121.521901230032583, 13.144602298826452 ], [ 121.521702134923828, 13.144649728888812 ], [ 121.521626678527028, 13.144672307806911 ], [ 121.521580515157297, 13.144689383207036 ], [ 121.521539695188622, 13.14470740839041 ], [ 121.52150521233591, 13.14472528123116 ], [ 121.521475808563238, 13.144742603955528 ], [ 121.521416164738298, 13.144782596367859 ], [ 121.521317349610356, 13.144856592613987 ], [ 121.521153329237748, 13.144991415708317 ], [ 121.521084599321298, 13.145043280908398 ], [ 121.521048888511004, 13.145067960325173 ], [ 121.521005525515008, 13.145093624630608 ], [ 121.520937180090726, 13.145122544298941 ], [ 121.520863441253667, 13.145142788528682 ], [ 121.520785713808067, 13.145156188087689 ], [ 121.520705134686452, 13.145164016761129 ], [ 121.520649523639335, 13.145166571477436 ], [ 121.520593284891646, 13.145167109105909 ], [ 121.520535779474827, 13.14516567436751 ], [ 121.520478076190372, 13.145162263277502 ], [ 121.520422476581174, 13.145157053762841 ], [ 121.520367073227177, 13.14514986104132 ], [ 121.520317022468205, 13.145141468690683 ], [ 121.520267440071024, 13.145131174336207 ], [ 121.52018527187164, 13.145109033840111 ], [ 121.520116499591552, 13.145084672040463 ], [ 121.520054117433645, 13.145057050898222 ], [ 121.519997471996291, 13.145026748481007 ], [ 121.519943305615783, 13.144992645015206 ], [ 121.519901093729075, 13.144962086484201 ], [ 121.519842511748351, 13.144913114139305 ], [ 121.51967769240207, 13.144757359070917 ], [ 121.519621385200111, 13.144710084225869 ], [ 121.519561814294761, 13.144669279135977 ], [ 121.519501897835411, 13.14463904932138 ], [ 121.51943845045065, 13.144616849979945 ], [ 121.519374731972974, 13.144603051188879 ], [ 121.519309086065363, 13.144596419891144 ], [ 121.519242988830968, 13.144596505206023 ], [ 121.519175814216695, 13.144601717402496 ], [ 121.519107721981541, 13.144610533215985 ], [ 121.519021898426416, 13.144624733063857 ], [ 121.518935166522894, 13.144641273444401 ], [ 121.518583254541028, 13.144714249305016 ], [ 121.518494498355125, 13.144730931958517 ], [ 121.518405453825153, 13.144745678766748 ], [ 121.518316065163745, 13.14475766979071 ], [ 121.518239148388659, 13.144765220490999 ], [ 121.518084629123521, 13.144774224526484 ], [ 121.517929504873393, 13.14477770477507 ], [ 121.517761103203497, 13.144777679116803 ], [ 121.517255239299985, 13.1447706508427 ], [ 121.51708762503516, 13.144771389602969 ], [ 121.51699660476568, 13.144774127089901 ], [ 121.51690652937107, 13.144779435318243 ], [ 121.516819545795187, 13.144788092630618 ], [ 121.516736334487575, 13.144800952204049 ], [ 121.51665821906461, 13.144818712041006 ], [ 121.516586629122244, 13.144841723780486 ], [ 121.516522843018265, 13.144869771461535 ], [ 121.516467503912736, 13.144902065412035 ], [ 121.516419808663699, 13.144937942644844 ], [ 121.516376619145746, 13.144978736368767 ], [ 121.516335361628393, 13.145026419800576 ], [ 121.516295733555097, 13.145080532301145 ], [ 121.51625784491462, 13.145138649553077 ], [ 121.516150074603289, 13.145311054057427 ], [ 121.516113549371795, 13.145364076421377 ], [ 121.516074523793534, 13.145415739059178 ], [ 121.516032920046314, 13.145464312611221 ], [ 121.515989106537077, 13.145507757509622 ], [ 121.515942908582602, 13.145545309677891 ], [ 121.515891900941256, 13.145578114890746 ], [ 121.515833670785455, 13.14560649724084 ], [ 121.515768128778532, 13.145629306578432 ], [ 121.5156965021459, 13.145645462799786 ], [ 121.515620628178482, 13.145654428865743 ], [ 121.515542558473399, 13.1456561822444 ], [ 121.515464350749639, 13.145651084611313 ], [ 121.515387947048069, 13.145639811884154 ], [ 121.515315042040115, 13.145623355977319 ], [ 121.515246827590275, 13.145603003266549 ], [ 121.515203862244945, 13.145587850195737 ], [ 121.515120151939712, 13.145553905711143 ], [ 121.515056862408741, 13.145525152863307 ], [ 121.51499374046719, 13.145494275110625 ], [ 121.514871536687096, 13.145428724190296 ], [ 121.514692847535159, 13.145325592762912 ], [ 121.514628355789981, 13.145290265658986 ], [ 121.514562962976157, 13.145257263143771 ], [ 121.514522399390458, 13.145238682077734 ], [ 121.514460871311272, 13.14521363320401 ], [ 121.514393929765433, 13.145190642138701 ], [ 121.514321889057413, 13.145170428163073 ], [ 121.514245491070895, 13.14515341711537 ], [ 121.514165590424284, 13.145139692922443 ], [ 121.514083005031324, 13.145129084228147 ], [ 121.513998455772622, 13.145121282116927 ], [ 121.51391229361468, 13.145115922263013 ], [ 121.513825821912533, 13.145112713574102 ], [ 121.513738762440326, 13.145111405799293 ], [ 121.513651612811699, 13.145111880503727 ], [ 121.513565065197199, 13.145114200626736 ], [ 121.513469342513446, 13.145120867711302 ], [ 121.5133657451088, 13.145132812609832 ], [ 121.513259214467411, 13.145149591328485 ], [ 121.513154812267175, 13.145170406799416 ], [ 121.513057030703195, 13.145194072603855 ], [ 121.512969438186914, 13.145219040525001 ], [ 121.512894278162634, 13.145243590660886 ], [ 121.512774162798237, 13.14528919292648 ], [ 121.512695230983041, 13.145323691823423 ], [ 121.512698760464986, 13.145340883448414 ], [ 121.512720271662744, 13.145363048294708 ], [ 121.512759102138233, 13.1453855903596 ], [ 121.512804062512089, 13.145400815684887 ], [ 121.512859448440224, 13.145411953242549 ], [ 121.512923624901575, 13.145419337542053 ], [ 121.513005275239507, 13.145424172280897 ], [ 121.5132720386611, 13.145430313999023 ], [ 121.513436525435822, 13.145438230436335 ], [ 121.513508487314766, 13.145444489466481 ], [ 121.513570222992911, 13.145452317745127 ], [ 121.513631452438361, 13.145462346654128 ], [ 121.51369203569233, 13.145474461622291 ], [ 121.513765887397753, 13.145492291674746 ], [ 121.513838182051984, 13.14551324533543 ], [ 121.513908524865499, 13.145537465980903 ], [ 121.514016598350068, 13.145580716819939 ], [ 121.514090153731814, 13.145608424831078 ], [ 121.514164863755113, 13.1456318893676 ], [ 121.514240986468977, 13.145648977372582 ], [ 121.514305575663087, 13.145657186252542 ], [ 121.514371105320379, 13.145661251742053 ], [ 121.514580162581467, 13.145665964546033 ], [ 121.514651955747539, 13.145670795612382 ], [ 121.514729507379357, 13.145680927050686 ], [ 121.514806749959092, 13.145696277969337 ], [ 121.514874326010428, 13.145713883732752 ], [ 121.514941493612696, 13.145734531193915 ], [ 121.515008329027296, 13.145757401059786 ], [ 121.515269308378947, 13.14585426016256 ], [ 121.515334429990304, 13.14587578124276 ], [ 121.515391832734039, 13.145892269053805 ], [ 121.515449464751526, 13.145906048190305 ], [ 121.515507233935509, 13.145916628498858 ], [ 121.515589481068787, 13.145925312760411 ], [ 121.515671039924413, 13.145926248635048 ], [ 121.51575105565118, 13.145918810359186 ], [ 121.51582853226941, 13.14590167419062 ], [ 121.515882436019851, 13.145882381013733 ], [ 121.515934350052689, 13.145857731648491 ], [ 121.515984160003953, 13.145828312391181 ], [ 121.516038183856708, 13.145789620522448 ], [ 121.516089463193168, 13.145746348423025 ], [ 121.516138105474241, 13.145699347519553 ], [ 121.516184094892637, 13.145649257140731 ], [ 121.516321773977964, 13.145478531170509 ], [ 121.516370268516894, 13.145423787080217 ], [ 121.516424832960382, 13.145370871453849 ], [ 121.516483334431825, 13.145321601004049 ], [ 121.516544955901452, 13.145275490564961 ], [ 121.516609070973701, 13.145232260170415 ], [ 121.516677911113845, 13.145190470557358 ], [ 121.51674917464517, 13.145152714291081 ], [ 121.516825082588682, 13.145119170055615 ], [ 121.516903431004408, 13.145090920312954 ], [ 121.516972761761792, 13.145070656288077 ], [ 121.517043264607068, 13.145053692591109 ], [ 121.517114633303379, 13.145039539642468 ], [ 121.517186620658521, 13.145027896985475 ], [ 121.517273769416818, 13.145017079249964 ], [ 121.517361259427389, 13.145009987883773 ], [ 121.517448873728128, 13.145007256307743 ], [ 121.517535213644166, 13.145009606912556 ], [ 121.517602312334446, 13.145015023091105 ], [ 121.517669071048644, 13.145023515673843 ], [ 121.517735351823717, 13.14503511857105 ], [ 121.517817245175209, 13.1450536353245 ], [ 121.517944015891331, 13.145087040504968 ], [ 121.51815431531243, 13.145145803792154 ], [ 121.518213406721571, 13.145161127089564 ], [ 121.518287773925834, 13.145178207770797 ], [ 121.518362072732074, 13.145191516110797 ], [ 121.518436369206086, 13.145199442146231 ], [ 121.518491553821676, 13.145200880415292 ], [ 121.518546594899092, 13.145198312458216 ], [ 121.518604284376522, 13.145191304456015 ], [ 121.518661537042988, 13.145180389458796 ], [ 121.518718257881304, 13.145166099739749 ], [ 121.518781702344569, 13.145146447641199 ], [ 121.51884428617042, 13.145123898846309 ], [ 121.519085243141674, 13.145023900522602 ], [ 121.519139248812479, 13.145004992651574 ], [ 121.519193491377848, 13.144990029186262 ], [ 121.519245761265722, 13.144980467522334 ], [ 121.51929805347217, 13.144976158558535 ], [ 121.519361002223064, 13.144978624600897 ], [ 121.51941465105115, 13.144987651687593 ], [ 121.519467117079785, 13.145002435106505 ], [ 121.519518081789869, 13.145022347070467 ], [ 121.519556273005563, 13.145040983466757 ], [ 121.519593191169747, 13.145062208567046 ], [ 121.519654316210449, 13.145104282314293 ], [ 121.519754647309128, 13.145182454990387 ], [ 121.519805884331674, 13.145219631729063 ], [ 121.519859894279847, 13.145252318005465 ], [ 121.519928889622662, 13.145282744239589 ], [ 121.520002659314002, 13.145305565640715 ], [ 121.520080016482311, 13.145322695985724 ], [ 121.520160011906214, 13.145335671698216 ], [ 121.520241884593872, 13.1453457226065 ], [ 121.520325015623229, 13.145353835869084 ], [ 121.52069666883223, 13.145384849782417 ], [ 121.520781166897549, 13.145388533133215 ], [ 121.520850787048133, 13.145387508004871 ], [ 121.520919395301561, 13.145382000090825 ], [ 121.520968772370637, 13.145374689857082 ], [ 121.521017089285223, 13.145364154768679 ], [ 121.521067040890344, 13.14534894281341 ], [ 121.521115692928674, 13.145329320956662 ], [ 121.52119644899534, 13.145286732166017 ], [ 121.521270187765253, 13.145240451033326 ], [ 121.521422601143783, 13.145141006743827 ], [ 121.521493994644004, 13.145099438187382 ], [ 121.521563259998402, 13.145064380782667 ], [ 121.521622267331097, 13.145039766158705 ], [ 121.521675824768067, 13.145023125433804 ], [ 121.521734886809341, 13.145014400713704 ], [ 121.521769594540061, 13.145017332584645 ], [ 121.521792135414444, 13.145026146594967 ], [ 121.521800844861005, 13.145039045755043 ] ] ] ] } },
{ "type": "Feature", "properties": { "Class_name": "Rock Bottom", "ID": 5, "Province": "Oriental Mindoro", "Region": "R4B", "Class_Code": "Rb", "Area": 3.2246217714199998, "Area (Ha)": 3.225, "Area_3(ha)": 3.225 }, "geometry": { "type": "MultiPolygon", "coordinates": [ [ [ [ 121.482864242514097, 13.142053795770764 ], [ 121.48331907443179, 13.141648910402878 ], [ 121.483379643615194, 13.141591804674514 ], [ 121.483437182040319, 13.141532292827845 ], [ 121.483464106602028, 13.141501069859077 ], [ 121.483490850232599, 13.141466682748341 ], [ 121.483540724224767, 13.141395026534832 ], [ 121.483637364594088, 13.141249212859544 ], [ 121.48368975089376, 13.141179610233307 ], [ 121.483744969743455, 13.141117849880489 ], [ 121.483830578017248, 13.141028344763679 ], [ 121.483857638922146, 13.140997846990501 ], [ 121.483882830548552, 13.140966314556866 ], [ 121.483902949907858, 13.140937277036228 ], [ 121.483920967868499, 13.140907233834319 ], [ 121.483936816042743, 13.140876349723875 ], [ 121.483950285713831, 13.140844743022713 ], [ 121.483961015354822, 13.140812490134875 ], [ 121.483968893884878, 13.140779379555973 ], [ 121.483980876567117, 13.140712115678136 ], [ 121.483989907287167, 13.140674878442933 ], [ 121.484002486452781, 13.140637385213701 ], [ 121.48401848847972, 13.140598178483019 ], [ 121.484036921572525, 13.140558245039925 ], [ 121.484085788566517, 13.140464670024652 ], [ 121.484130467574303, 13.1403875597585 ], [ 121.484163256106939, 13.140335626394906 ], [ 121.484107482640425, 13.140366490098984 ], [ 121.4840526717106, 13.140400482756196 ], [ 121.483971992471481, 13.140454850906925 ], [ 121.48389031396114, 13.140514671270724 ], [ 121.483825699269175, 13.140565070024881 ], [ 121.483760172281933, 13.14061899593162 ], [ 121.483695666974384, 13.140675092734973 ], [ 121.483633382322694, 13.14073226227586 ], [ 121.483574761637257, 13.140789106233479 ], [ 121.483521237418842, 13.1408443329539 ], [ 121.483469263100702, 13.140902374829158 ], [ 121.483379020666504, 13.141013530135574 ], [ 121.483230331264764, 13.141209668518531 ], [ 121.483187963060871, 13.141261779785504 ], [ 121.483129020076959, 13.141327955383156 ], [ 121.483067038125128, 13.14139176706712 ], [ 121.483002712151574, 13.14145370519195 ], [ 121.482936506064092, 13.141514049551374 ], [ 121.482868686570512, 13.141572884620016 ], [ 121.482750989489887, 13.141668432266679 ], [ 121.482690612035128, 13.141714228257829 ], [ 121.482629126107838, 13.141758362168311 ], [ 121.482564426878284, 13.141801876637233 ], [ 121.482498734309146, 13.141843426040655 ], [ 121.482432328899989, 13.141883082654388 ], [ 121.482364908608147, 13.141920852931641 ], [ 121.482296684213892, 13.141955561614772 ], [ 121.482227292795741, 13.14198592401501 ], [ 121.48215629547559, 13.142010330711635 ], [ 121.482101549123485, 13.142023846525163 ], [ 121.482045875577441, 13.142033432464354 ], [ 121.481988652611875, 13.142039590280193 ], [ 121.481930977170293, 13.142042475306249 ], [ 121.48187516984639, 13.142042353651684 ], [ 121.481819351867728, 13.142039487496321 ], [ 121.481768748233705, 13.142034507977105 ], [ 121.481718450647278, 13.142027237060582 ], [ 121.48163473597063, 13.142009554908782 ], [ 121.481564338062554, 13.141988616996638 ], [ 121.481500232257588, 13.141964049725511 ], [ 121.481441577307749, 13.141936510474329 ], [ 121.481385596526067, 13.141905438480201 ], [ 121.481330731717591, 13.141869986142172 ], [ 121.481268815636994, 13.141822436169342 ], [ 121.481215695532242, 13.141773333737493 ], [ 121.481165394779353, 13.141720591418441 ], [ 121.481011786843766, 13.14154890115697 ], [ 121.480953889103816, 13.141489251774315 ], [ 121.48089336180692, 13.141432207729647 ], [ 121.480833390941854, 13.141381565433012 ], [ 121.480770800683132, 13.141334088866463 ], [ 121.480705804593555, 13.141289834438666 ], [ 121.480638466593305, 13.141249052266041 ], [ 121.480571127993713, 13.141213137212635 ], [ 121.480501985685777, 13.141180332162316 ], [ 121.480431398107072, 13.141150245240842 ], [ 121.480359636846856, 13.141122641282015 ], [ 121.480286904225707, 13.141097424838931 ], [ 121.479979171244722, 13.141003497048516 ], [ 121.479904376618393, 13.140976452119062 ], [ 121.479855415638994, 13.140956038796345 ], [ 121.479806723956486, 13.14093328516422 ], [ 121.479759288626141, 13.140908464632755 ], [ 121.479713897247464, 13.140881826584598 ], [ 121.479671162874752, 13.140853690764841 ], [ 121.479637471344915, 13.14082910868056 ], [ 121.479573785781056, 13.140776172186751 ], [ 121.479514524959754, 13.140718322814768 ], [ 121.479486587162427, 13.140687625301668 ], [ 121.479446341619891, 13.140638898695427 ], [ 121.479408150773452, 13.140587353299802 ], [ 121.47937228194634, 13.140533982486751 ], [ 121.47933932905012, 13.140480285369451 ], [ 121.479296904432744, 13.140403341838585 ], [ 121.479217385082109, 13.14024620782515 ], [ 121.479176374153994, 13.140168526544528 ], [ 121.479131748440565, 13.140093206637458 ], [ 121.479088931414424, 13.140031115112567 ], [ 121.47904233487381, 13.13997159858277 ], [ 121.478992477115455, 13.139914466644107 ], [ 121.47893967825739, 13.139859682810579 ], [ 121.478884064246017, 13.13980737361473 ], [ 121.478817226294822, 13.13975078819109 ], [ 121.478747559238826, 13.139696957490864 ], [ 121.478675483304443, 13.139645059652938 ], [ 121.478592781177952, 13.139589628235175 ], [ 121.478498828921929, 13.139530049248997 ], [ 121.478398204526385, 13.139468815693915 ], [ 121.478295462668981, 13.139408435186594 ], [ 121.478100716033254, 13.139299461580757 ], [ 121.477896711931947, 13.139191169699448 ], [ 121.477915844543929, 13.139291424470604 ], [ 121.477926563608307, 13.139330741280865 ], [ 121.477932640609041, 13.139347262627508 ], [ 121.477953725347476, 13.139387601386954 ], [ 121.477996182415026, 13.139451580939578 ], [ 121.478043095237638, 13.139511746528811 ], [ 121.478092869856752, 13.139569406318385 ], [ 121.47836125077832, 13.139844518570051 ], [ 121.47837635601546, 13.139845537356747 ], [ 121.478408443964582, 13.139858199814862 ], [ 121.478453664040089, 13.139882259584695 ], [ 121.478507652038644, 13.139917937082799 ], [ 121.478565872539434, 13.139965609123388 ], [ 121.478627145700798, 13.140028755198253 ], [ 121.478686096998516, 13.14010289272092 ], [ 121.478741528150152, 13.140184567396853 ], [ 121.47879262466833, 13.14026996786566 ], [ 121.478838743000153, 13.140355127046892 ], [ 121.478875547571292, 13.140428406380831 ], [ 121.478938722398468, 13.140560158557529 ], [ 121.478971852315937, 13.140623795425338 ], [ 121.47901009750899, 13.140691027282097 ], [ 121.479050784572394, 13.140756719305887 ], [ 121.479093739272642, 13.140820773260753 ], [ 121.479138970733487, 13.140882958343163 ], [ 121.479186802131252, 13.140943091003914 ], [ 121.479237377301075, 13.141000488164451 ], [ 121.47929115915943, 13.141054477238852 ], [ 121.479342826807198, 13.141099653217772 ], [ 121.479397368726296, 13.141141328905942 ], [ 121.479454663500533, 13.141179314477808 ], [ 121.479522457069109, 13.141217456664984 ], [ 121.479593153543263, 13.141250954783622 ], [ 121.479657351250808, 13.141276878693343 ], [ 121.479723029723658, 13.141300023102668 ], [ 121.479789849088334, 13.141320869364616 ], [ 121.479855567521327, 13.141339345652122 ], [ 121.480071753586046, 13.141395895239267 ], [ 121.480154821390613, 13.141419213871869 ], [ 121.480237038501599, 13.141444624285455 ], [ 121.480317651310358, 13.141472777174179 ], [ 121.480396695930438, 13.141504125405875 ], [ 121.480473786797106, 13.141539102917797 ], [ 121.480530582973699, 13.141568367434536 ], [ 121.480585825128955, 13.141600153202315 ], [ 121.480639318150466, 13.141634606101908 ], [ 121.480695439169494, 13.1416753128266 ], [ 121.480749496831791, 13.141718891096742 ], [ 121.480801727344087, 13.14176487469943 ], [ 121.480862557434961, 13.141822778251466 ], [ 121.480981457182281, 13.141942265100864 ], [ 121.481079046057403, 13.142036748093798 ], [ 121.481129628290645, 13.142081882365956 ], [ 121.481193291421519, 13.142133806927221 ], [ 121.481259397170007, 13.142182334447295 ], [ 121.481331219090805, 13.14222916733792 ], [ 121.48140568137751, 13.142271283316362 ], [ 121.481460536344869, 13.142298028874004 ], [ 121.481516665772986, 13.14232193948272 ], [ 121.481573941129398, 13.142342965934462 ], [ 121.481653264892856, 13.142366695038399 ], [ 121.481734128261806, 13.142384929088523 ], [ 121.481806189742642, 13.142396347157598 ], [ 121.481878894157603, 13.142403770999426 ], [ 121.481951968164239, 13.142407407476947 ], [ 121.482018726860758, 13.142407389328625 ], [ 121.48208769664906, 13.142403013496578 ], [ 121.482163489418866, 13.142391407772736 ], [ 121.482237844523112, 13.142374092729003 ], [ 121.4823144212952, 13.142350909383817 ], [ 121.482391416822438, 13.142322467213408 ], [ 121.482467144224501, 13.142289621113106 ], [ 121.482540240166074, 13.142253966501436 ], [ 121.482609401260959, 13.142217221205922 ], [ 121.482678259723286, 13.142178032413154 ], [ 121.482738979414833, 13.142141102236375 ], [ 121.482789640358547, 13.142108117324131 ], [ 121.482830634853443, 13.142079399872381 ], [ 121.482864242514097, 13.142053795770764 ] ] ] ] } },
{ "type": "Feature", "properties": { "Class_name": "Rock Bottom", "ID": 5, "Province": "Oriental Mindoro", "Region": "R4B", "Class_Code": "Rb", "Area": 21.598551190799999, "Area (Ha)": 21.602, "Area_3(ha)": 21.601 }, "geometry": { "type": "MultiPolygon", "coordinates": [ [ [ [ 121.488575912550075, 13.146651162898054 ], [ 121.488464428303914, 13.146663717221546 ], [ 121.488305873102277, 13.146687368283258 ], [ 121.488021897552159, 13.146743250213969 ], [ 121.48795437589834, 13.146752323200674 ], [ 121.487802207085267, 13.146857065738113 ], [ 121.487723937275319, 13.146885308122121 ], [ 121.487645784689377, 13.146894415837805 ], [ 121.487567925213909, 13.146855686924408 ], [ 121.48750964787402, 13.146807505584134 ], [ 121.487441667444571, 13.14674969945332 ], [ 121.487383507413242, 13.146682383448894 ], [ 121.487389259870426, 13.146480448165267 ], [ 121.487370557042254, 13.146439847761171 ], [ 121.48735363122924, 13.146395196524804 ], [ 121.487338697135684, 13.146347274770111 ], [ 121.487319825377938, 13.146271142632715 ], [ 121.487304499130204, 13.146193715312357 ], [ 121.487276867025003, 13.14603132513678 ], [ 121.487264614222681, 13.145970925802466 ], [ 121.487248479552193, 13.145912662353192 ], [ 121.487223688855181, 13.145851164948454 ], [ 121.487190895807046, 13.14579419250494 ], [ 121.48714586778965, 13.145737976889862 ], [ 121.487093461205546, 13.14568647054169 ], [ 121.48703627658206, 13.14563782440476 ], [ 121.486842985208654, 13.145485743731076 ], [ 121.486794348767916, 13.145444529038498 ], [ 121.48674846720472, 13.145400574961862 ], [ 121.486695637857196, 13.145339567837942 ], [ 121.486648436434209, 13.145273654779809 ], [ 121.486606200379228, 13.145204048488205 ], [ 121.486565340297048, 13.145126026531907 ], [ 121.486459434285322, 13.144911836386607 ], [ 121.486427619699526, 13.144841806559379 ], [ 121.486370735184138, 13.144696160884221 ], [ 121.486337980299254, 13.144617518957141 ], [ 121.486311833894263, 13.144564940106839 ], [ 121.486283186657317, 13.144516572552455 ], [ 121.486265973185141, 13.144490921687678 ], [ 121.486227338604721, 13.144439636915839 ], [ 121.486207366396243, 13.144415596599041 ], [ 121.486152532235238, 13.144355344068019 ], [ 121.486094616642887, 13.144297116050096 ], [ 121.485976446874204, 13.144182669557381 ], [ 121.485919769435455, 13.144124413466336 ], [ 121.485867476216995, 13.144063940526932 ], [ 121.485822221902225, 13.143999836340758 ], [ 121.48579451452035, 13.143948532533567 ], [ 121.485772199133123, 13.143894715984509 ], [ 121.485750011132765, 13.143818694029324 ], [ 121.485737012625037, 13.143731540515402 ], [ 121.485733381880138, 13.143632001643834 ], [ 121.485738336609671, 13.143525225527984 ], [ 121.485747531090595, 13.14344042845727 ], [ 121.48576071267766, 13.143356832216815 ], [ 121.485777100928033, 13.143276776676029 ], [ 121.485831683742802, 13.143058066135151 ], [ 121.48584077880318, 13.143013593901571 ], [ 121.485844844690064, 13.142984792468518 ], [ 121.485842910167122, 13.142974448633019 ], [ 121.485611990247605, 13.1429782091418 ], [ 121.485563087578143, 13.142975043349811 ], [ 121.485520208967756, 13.142967431694666 ], [ 121.485494287465428, 13.143088959371275 ], [ 121.485480193271542, 13.14317125012786 ], [ 121.485467574386533, 13.143266691104799 ], [ 121.485459001777912, 13.143370633083235 ], [ 121.485457140165821, 13.143480839508237 ], [ 121.485464793651758, 13.143589967540631 ], [ 121.48548333901266, 13.143692274052556 ], [ 121.485510661935294, 13.143784529069734 ], [ 121.485543541382427, 13.143864189818469 ], [ 121.485579669011258, 13.14394075149068 ], [ 121.485617920865792, 13.144016970448151 ], [ 121.485859850564026, 13.14447383155373 ], [ 121.485936861209026, 13.144628402508552 ], [ 121.485973974102563, 13.144708083342369 ], [ 121.486044892942516, 13.14486899919125 ], [ 121.486181589160495, 13.145193119046732 ], [ 121.486251482182027, 13.145354603114837 ], [ 121.486325898939427, 13.145513662299329 ], [ 121.486366035390063, 13.145591228085305 ], [ 121.486403530832192, 13.145657662862789 ], [ 121.486443280431544, 13.145722371783229 ], [ 121.48648540049409, 13.145785069975517 ], [ 121.486530159197244, 13.145845334761832 ], [ 121.486582567361793, 13.145908140321522 ], [ 121.486637959788624, 13.14596737383628 ], [ 121.486695831609921, 13.146022837050287 ], [ 121.486755847230825, 13.146074072492473 ], [ 121.486874531113145, 13.146164904813684 ], [ 121.486930143952364, 13.146213050979622 ], [ 121.48698472475489, 13.146272807041939 ], [ 121.487033468090658, 13.146339085510272 ], [ 121.487069034557734, 13.146395445553532 ], [ 121.48710250203095, 13.146454016755483 ], [ 121.48719133088737, 13.146622097344494 ], [ 121.487232851192502, 13.146695145248865 ], [ 121.487277729686923, 13.146765853612743 ], [ 121.48732682889505, 13.146832973644928 ], [ 121.487381401891227, 13.146894900666911 ], [ 121.487423350486097, 13.146934067574803 ], [ 121.487468298704499, 13.146969962275334 ], [ 121.487515854967754, 13.147002718874869 ], [ 121.487579638506162, 13.14704034015497 ], [ 121.487713305904819, 13.147109331042587 ], [ 121.48778613986677, 13.147151329400794 ], [ 121.487848587114556, 13.147193457608942 ], [ 121.487911594995438, 13.147241625849947 ], [ 121.487973521774805, 13.147294613873445 ], [ 121.488041224793051, 13.147359530732681 ], [ 121.488103675996669, 13.147426488000914 ], [ 121.488159183268394, 13.147492855429633 ], [ 121.488206141011787, 13.147555977191381 ], [ 121.488243124222919, 13.147613118675137 ], [ 121.488271677233712, 13.147666356752396 ], [ 121.488286715291423, 13.147703221065212 ], [ 121.48828816343331, 13.147718827634797 ], [ 121.488288796493947, 13.147720958084614 ], [ 121.488294761898644, 13.147726357441469 ], [ 121.488304198259996, 13.147732505110797 ], [ 121.488333798773994, 13.147747817715835 ], [ 121.488381803064769, 13.147766688535112 ], [ 121.488415939399971, 13.147777098130073 ], [ 121.488456201252731, 13.147786856426061 ], [ 121.48850193557611, 13.147795101508711 ], [ 121.488552009411663, 13.147801042092022 ], [ 121.488604944555277, 13.147804073243559 ], [ 121.48865905038268, 13.147803855929148 ], [ 121.488705973769754, 13.147800974509138 ], [ 121.488751344305555, 13.147795774893142 ], [ 121.488794287106543, 13.14778861144919 ], [ 121.488834415006409, 13.147779896298882 ], [ 121.488872366352851, 13.147769837555408 ], [ 121.488927474252748, 13.147752163970639 ], [ 121.488980065074514, 13.147732121185401 ], [ 121.489013640055759, 13.147717812390047 ], [ 121.489076433064241, 13.147687913749058 ], [ 121.489187213000719, 13.147629567778379 ], [ 121.489253527648955, 13.147598443804373 ], [ 121.489301559774432, 13.147578442097602 ], [ 121.489474611137126, 13.147514864035493 ], [ 121.489528868161315, 13.147493533802367 ], [ 121.489586585133907, 13.147466903525663 ], [ 121.489640626083258, 13.147435172542282 ], [ 121.489689243337537, 13.147397944861089 ], [ 121.489718301366437, 13.147371871080564 ], [ 121.489752869103427, 13.147337475786667 ], [ 121.489786236192444, 13.147301013443263 ], [ 121.489822823118089, 13.147257672293851 ], [ 121.489959088264328, 13.14708088305928 ], [ 121.490080650995083, 13.146926315338558 ], [ 121.490126186115589, 13.14686017709689 ], [ 121.490201618475325, 13.146736841587771 ], [ 121.490240824254442, 13.146680324844999 ], [ 121.490283224996503, 13.146627190155179 ], [ 121.490329255099951, 13.146579533692696 ], [ 121.490379544480604, 13.14653988343245 ], [ 121.490439212087153, 13.146508985201843 ], [ 121.490506126023163, 13.146491448729966 ], [ 121.490574238493878, 13.146489636321286 ], [ 121.490640521725098, 13.146504759014544 ], [ 121.490696820641205, 13.146534158322263 ], [ 121.490749308486201, 13.146576000415296 ], [ 121.490798033358473, 13.146627553315756 ], [ 121.490846488561019, 13.146691422729628 ], [ 121.49089223376312, 13.146761210447922 ], [ 121.490982212731893, 13.14690912254413 ], [ 121.491022058937375, 13.146972031422731 ], [ 121.491063852232614, 13.147033869187643 ], [ 121.491108049728581, 13.147093865108854 ], [ 121.491154264124162, 13.147150317056383 ], [ 121.491203209521657, 13.147203856045007 ], [ 121.491254877108247, 13.147254014490542 ], [ 121.491309419288996, 13.147300127281907 ], [ 121.491367157419816, 13.147341293593437 ], [ 121.491430520715411, 13.147377811876737 ], [ 121.491497022426444, 13.147408491049218 ], [ 121.491566033905556, 13.147433689851733 ], [ 121.491637089193731, 13.147453414277674 ], [ 121.491713843245179, 13.147468208382238 ], [ 121.491791904512667, 13.147477541383298 ], [ 121.491870779553764, 13.147482027600297 ], [ 121.491950054327035, 13.147481903866172 ], [ 121.492029366892254, 13.147477047294508 ], [ 121.492108383434768, 13.147466981050528 ], [ 121.492189925822245, 13.14745063485562 ], [ 121.492270986766187, 13.147429629218532 ], [ 121.492351746536926, 13.14740550449849 ], [ 121.492593961811849, 13.147326828885026 ], [ 121.492667141748967, 13.147304560600666 ], [ 121.492740722855189, 13.147284218516115 ], [ 121.492814781762632, 13.147266567721831 ], [ 121.492897882258831, 13.147250869315455 ], [ 121.492981403949102, 13.147239191087275 ], [ 121.493065065675154, 13.147231382693478 ], [ 121.493148570611368, 13.147227624876157 ], [ 121.493231582733145, 13.147228456185784 ], [ 121.493313699944608, 13.147234813545783 ], [ 121.493386789963836, 13.147246156109643 ], [ 121.493458465662215, 13.147262664913361 ], [ 121.493528342644879, 13.14728419979568 ], [ 121.493595905694306, 13.14731096133646 ], [ 121.493660481938306, 13.147343499695427 ], [ 121.493729314848594, 13.147387834245661 ], [ 121.493794092919487, 13.147438733881501 ], [ 121.493855362833614, 13.147494716406758 ], [ 121.493913349672326, 13.147554765383882 ], [ 121.493967962370363, 13.147618265728727 ], [ 121.494018785472974, 13.147684957312725 ], [ 121.494065056868081, 13.147754905659671 ], [ 121.494104542654838, 13.147825244833649 ], [ 121.494139806788056, 13.147898107847483 ], [ 121.494171554571722, 13.147972888380083 ], [ 121.494200203729179, 13.148049160654027 ], [ 121.49422590937391, 13.148126649174744 ], [ 121.494248579541619, 13.148205205382149 ], [ 121.49426962617693, 13.148291372543847 ], [ 121.494287842380501, 13.148378359039095 ], [ 121.494304092709271, 13.148465877975198 ], [ 121.494373902126569, 13.148897591260408 ], [ 121.49440158794215, 13.149056659091286 ], [ 121.494433426626173, 13.149214447013822 ], [ 121.494451856422003, 13.149292591552326 ], [ 121.494472692739166, 13.149370027222405 ], [ 121.494499203280043, 13.149455073245937 ], [ 121.494528672431997, 13.149539239883794 ], [ 121.494560420023461, 13.149622711001728 ], [ 121.494629077055336, 13.149787967144224 ], [ 121.494703607676371, 13.149951026423777 ], [ 121.494742040437444, 13.150029289943269 ], [ 121.494822541124066, 13.150184165598548 ], [ 121.494907218437021, 13.150336963711336 ], [ 121.49495131937887, 13.150412400562292 ], [ 121.494996948342177, 13.150486960318721 ], [ 121.495044331387845, 13.15056040170813 ], [ 121.495093245148254, 13.150632937114072 ], [ 121.495194627033257, 13.150775838958225 ], [ 121.495246890321383, 13.150846265696197 ], [ 121.495349126516189, 13.150977477241804 ], [ 121.495449867860017, 13.151098141799451 ], [ 121.495501899673954, 13.151156975438857 ], [ 121.495555297919992, 13.151214479883471 ], [ 121.495610390635335, 13.151270264105642 ], [ 121.495667631201727, 13.151323795971182 ], [ 121.495733905829368, 13.151379903785909 ], [ 121.495802722191726, 13.1514332052499 ], [ 121.495873451938294, 13.151484256929386 ], [ 121.495945628065144, 13.151533374357024 ], [ 121.496018914563365, 13.151580636336933 ], [ 121.49609527537541, 13.151627218615374 ], [ 121.496172276284028, 13.151671372689913 ], [ 121.496249690280592, 13.151712459101528 ], [ 121.49632733280923, 13.151749396595971 ], [ 121.496405039279125, 13.151780540111533 ], [ 121.496482641980677, 13.151803510869922 ], [ 121.496559944009761, 13.151814970255185 ], [ 121.496627467207219, 13.151812690608629 ], [ 121.496689136688033, 13.151799968392645 ], [ 121.49674437484984, 13.151779527733536 ], [ 121.496795184550152, 13.151752801522758 ], [ 121.496844400441162, 13.151719798658503 ], [ 121.496893441006378, 13.151680368240903 ], [ 121.496945470628177, 13.151631690113096 ], [ 121.496999676857854, 13.151576035158353 ], [ 121.497055467943511, 13.151514987704806 ], [ 121.497138855323755, 13.151418011403505 ], [ 121.497239074054633, 13.15129303996763 ], [ 121.497289135486483, 13.151225947072623 ], [ 121.497332727270503, 13.151163206888368 ], [ 121.497367027550339, 13.151108990667101 ], [ 121.497391604053888, 13.15106522769077 ], [ 121.497409948444798, 13.151026338887283 ], [ 121.497417178676784, 13.151005142234732 ], [ 121.497417914909903, 13.150999242416578 ], [ 121.497416305025538, 13.15099739094526 ], [ 121.49741873519099, 13.150367383305216 ], [ 121.497418250238638, 13.150062347264498 ], [ 121.497413167213011, 13.149716275563716 ], [ 121.497399400994809, 13.149251427275326 ], [ 121.49740048109507, 13.14914886579384 ], [ 121.497404300742701, 13.149092188150856 ], [ 121.497413204642896, 13.149031966107579 ], [ 121.497419241904282, 13.149006588970485 ], [ 121.497435355371991, 13.148959743962321 ], [ 121.497445778380069, 13.14893725932491 ], [ 121.497461223590179, 13.14890950320393 ], [ 121.497480542716346, 13.148880037575863 ], [ 121.497550930316251, 13.148787508361455 ], [ 121.49757686467008, 13.14875030484226 ], [ 121.497597005372995, 13.148715626865481 ], [ 121.497607699187924, 13.148693138664491 ], [ 121.49762445608421, 13.148645761602719 ], [ 121.49763350593058, 13.148605994869754 ], [ 121.497640009120261, 13.148558585876509 ], [ 121.49764374625002, 13.148501047548256 ], [ 121.49764452544099, 13.148434274943858 ], [ 121.497640947474935, 13.148320704477033 ], [ 121.497634498983004, 13.148213881080601 ], [ 121.497623402660224, 13.148076503040352 ], [ 121.497606057555416, 13.147911175775867 ], [ 121.497592580621784, 13.147801906189382 ], [ 121.497544690623002, 13.147467052806258 ], [ 121.497539333659745, 13.147420873629379 ], [ 121.497536911209323, 13.147377738258413 ], [ 121.497537637906731, 13.147364933823093 ], [ 121.497540935115694, 13.14735775558427 ], [ 121.497576166936, 13.147265266665986 ], [ 121.497616353555998, 13.147138544401427 ], [ 121.497636174021906, 13.147082023490309 ], [ 121.497659764758069, 13.147028372714693 ], [ 121.497676405730658, 13.146998857164597 ], [ 121.497688965918343, 13.146980133994262 ], [ 121.49770982035497, 13.14695486678999 ], [ 121.497725342225834, 13.14693949055069 ], [ 121.497743124478774, 13.146924970681823 ], [ 121.49777223651283, 13.146905870909167 ], [ 121.497798629571079, 13.146892972636923 ], [ 121.497828748554198, 13.146880805874618 ], [ 121.497889234893833, 13.146861392370408 ], [ 121.497901195883813, 13.146863881880249 ], [ 121.497924206150543, 13.146856417167383 ], [ 121.497956684066182, 13.146840097025612 ], [ 121.497992935186971, 13.146817594270928 ], [ 121.49802919707777, 13.146791447256804 ], [ 121.498062412200028, 13.146764474603204 ], [ 121.49810689687817, 13.146723986602506 ], [ 121.49826723854801, 13.146559738212062 ], [ 121.498311709966529, 13.146518055531727 ], [ 121.498353847595411, 13.146481994457991 ], [ 121.498396788690329, 13.146448918601598 ], [ 121.498433667344969, 13.146423660496126 ], [ 121.498471871733358, 13.146400748963753 ], [ 121.498526470008215, 13.146374112970095 ], [ 121.498583914950771, 13.146353861285059 ], [ 121.498647146583025, 13.14633814115712 ], [ 121.498715224562403, 13.14632737451543 ], [ 121.498786620480473, 13.146321859778038 ], [ 121.498859776127389, 13.14632160106148 ], [ 121.498933190537286, 13.14632641140915 ], [ 121.499005455566632, 13.146335955769857 ], [ 121.499075286459131, 13.146349734836225 ], [ 121.499141593754814, 13.146367046361847 ], [ 121.499203655680972, 13.146386994210154 ], [ 121.499246658140834, 13.146402848990597 ], [ 121.499330235531616, 13.146437719185872 ], [ 121.499393342385176, 13.146466845029549 ], [ 121.49951845713187, 13.146530363836877 ], [ 121.499756043533978, 13.146664516175646 ], [ 121.499820399412044, 13.146698946930695 ], [ 121.499885709525543, 13.146730954253616 ], [ 121.499926210197529, 13.146748882793313 ], [ 121.499988719733196, 13.146773329751932 ], [ 121.500056834763441, 13.146795596038185 ], [ 121.500130197165689, 13.146814980739034 ], [ 121.500208010633088, 13.146831107828428 ], [ 121.500289377881572, 13.146843960541865 ], [ 121.500374163984588, 13.14685385954995 ], [ 121.50045952508269, 13.146860996840703 ], [ 121.500547353641394, 13.146865954772368 ], [ 121.50072482921, 13.146870235442407 ], [ 121.500903456763055, 13.14686784042533 ], [ 121.500992414281981, 13.146863822883979 ], [ 121.501080915166469, 13.146857333473822 ], [ 121.501160119405796, 13.146848749141336 ], [ 121.501238582142761, 13.146836818108417 ], [ 121.50131605564664, 13.146820584651261 ], [ 121.501392814441076, 13.146799146188998 ], [ 121.501468535098937, 13.146773436344789 ], [ 121.501543427301385, 13.146744521757149 ], [ 121.501691274063148, 13.146680395317711 ], [ 121.501998368240791, 13.14653724323472 ], [ 121.502057775628472, 13.146512479076595 ], [ 121.502136302248189, 13.146485400712244 ], [ 121.502215503869579, 13.14646615503813 ], [ 121.502295570278989, 13.146456593434301 ], [ 121.502375142312545, 13.146458103757594 ], [ 121.502453901437974, 13.146471755737311 ], [ 121.502530614621733, 13.146496189638524 ], [ 121.502604592804872, 13.146530067096236 ], [ 121.50266882462121, 13.146568003854641 ], [ 121.502731183143069, 13.146610773665413 ], [ 121.502916603674933, 13.146748239201836 ], [ 121.502980939563898, 13.146791299919055 ], [ 121.503028621689879, 13.146819912421037 ], [ 121.503207696234014, 13.146918173419857 ], [ 121.503267283987626, 13.146952773312023 ], [ 121.503340975850364, 13.146999459350008 ], [ 121.503429308629464, 13.147061866021094 ], [ 121.503513664350564, 13.14712859770613 ], [ 121.503578467268923, 13.147184769028813 ], [ 121.503672029777562, 13.14727310530759 ], [ 121.503760633801434, 13.147366009714219 ], [ 121.503802894180097, 13.147414003917287 ], [ 121.503843586657965, 13.147463159249208 ], [ 121.503882619808493, 13.147513870450048 ], [ 121.503919709005814, 13.147566077571874 ], [ 121.503954564860166, 13.147619670708215 ], [ 121.503987238447337, 13.147675235497248 ], [ 121.504014129969292, 13.147726063932719 ], [ 121.504040092891231, 13.147780362047147 ], [ 121.504088783744152, 13.14789640388395 ], [ 121.504256118837546, 13.148338046923094 ], [ 121.504318897613999, 13.148488620963711 ], [ 121.504386151953454, 13.148637396180867 ], [ 121.504456610859535, 13.148784543811303 ], [ 121.504530215496644, 13.148929551438494 ], [ 121.504571165800471, 13.149005472346664 ], [ 121.504614056724563, 13.149079883670426 ], [ 121.50465978172106, 13.149152127854089 ], [ 121.504709483072077, 13.149221356811177 ], [ 121.504760604692521, 13.149282890849785 ], [ 121.504815532537322, 13.149341459709918 ], [ 121.504873554489535, 13.149397503425492 ], [ 121.50493418247251, 13.149451280094196 ], [ 121.504998159044092, 13.14950391467309 ], [ 121.505063767416615, 13.14955503703138 ], [ 121.505264597997964, 13.149705104039885 ], [ 121.505404182370143, 13.149811587065669 ], [ 121.50554151597828, 13.149920269934412 ], [ 121.505725026764608, 13.150069231757579 ], [ 121.50578639891377, 13.150117570468012 ], [ 121.505852670474269, 13.150167029016142 ], [ 121.50590629644023, 13.150203511305447 ], [ 121.506016829500467, 13.150272627107192 ], [ 121.506187589663242, 13.150375702785244 ], [ 121.50636097002652, 13.150476486579228 ], [ 121.506494426437499, 13.150548775442216 ], [ 121.506562240340898, 13.150582882818247 ], [ 121.50663128176754, 13.150615512793715 ], [ 121.506852615999676, 13.150714915548498 ], [ 121.506933843248945, 13.150753003953602 ], [ 121.507001403834408, 13.150786722671709 ], [ 121.507067956901125, 13.15082222232602 ], [ 121.507133304346652, 13.150859764795918 ], [ 121.507196153650028, 13.150898742431199 ], [ 121.507462840882155, 13.15107737162969 ], [ 121.507608572447992, 13.151170771461938 ], [ 121.50767669110104, 13.151211023265594 ], [ 121.507745834461559, 13.151249638628446 ], [ 121.507815914139385, 13.15128668676771 ], [ 121.507886902656267, 13.151322124639963 ], [ 121.507958833067434, 13.15135579102706 ], [ 121.508038308720572, 13.151390310028845 ], [ 121.508118709871297, 13.151422993525038 ], [ 121.508199804735852, 13.151454280940051 ], [ 121.508361720535746, 13.151512986814001 ], [ 121.508442453234252, 13.151540240473434 ], [ 121.508523707840951, 13.151565715475819 ], [ 121.508605610495437, 13.151588719418207 ], [ 121.508687076945094, 13.151608291032236 ], [ 121.508769153905092, 13.151624709173666 ], [ 121.508851689285677, 13.151637843944433 ], [ 121.508934548407552, 13.151647270843059 ], [ 121.509003085142069, 13.151651863763114 ], [ 121.509071600502935, 13.151653575061795 ], [ 121.509139928138154, 13.151652383611445 ], [ 121.509229747595057, 13.151645985310628 ], [ 121.50931837457874, 13.151633185345808 ], [ 121.509398052978995, 13.151614977907707 ], [ 121.509476070146462, 13.151591227310425 ], [ 121.509552168794286, 13.151562629714817 ], [ 121.509613646772991, 13.151535380814799 ], [ 121.509673125496732, 13.151504936688331 ], [ 121.509730108933596, 13.151471056939108 ], [ 121.509783948973762, 13.15143329270901 ], [ 121.509833508717108, 13.151391620053605 ], [ 121.509879056720663, 13.151345901655379 ], [ 121.509920265731054, 13.15129634595599 ], [ 121.509959658380964, 13.151238520780586 ], [ 121.50999404254452, 13.151177097875433 ], [ 121.510023851284302, 13.151112751511908 ], [ 121.51004731876283, 13.151051951629508 ], [ 121.510067844366418, 13.150989597781795 ], [ 121.510089229904125, 13.150913674539041 ], [ 121.510107636300333, 13.15083652051039 ], [ 121.510123185941964, 13.150758445136136 ], [ 121.510135738804991, 13.150679652926382 ], [ 121.510144702228672, 13.150604212872871 ], [ 121.510151073450032, 13.150528427810313 ], [ 121.510155147851449, 13.150452451653653 ], [ 121.510157409512757, 13.150367659397267 ], [ 121.510164497734479, 13.149964413346936 ], [ 121.510163815923548, 13.149885597428336 ], [ 121.510158657483359, 13.149815952881616 ], [ 121.510147515946571, 13.149740131455946 ], [ 121.510129720407107, 13.149657364669533 ], [ 121.510106675380626, 13.149572431600836 ], [ 121.510079747714855, 13.14948746746601 ], [ 121.510045355404031, 13.14939217659793 ], [ 121.51000845325693, 13.149303240313264 ], [ 121.509969695516318, 13.149222180458111 ], [ 121.509933229806308, 13.149154236918461 ], [ 121.509902645421306, 13.149102295510451 ], [ 121.50987340836285, 13.149058175537114 ], [ 121.509849220174601, 13.149071813757066 ], [ 121.509833505022087, 13.149077704078952 ], [ 121.509815271941832, 13.14908199146211 ], [ 121.509791367618135, 13.149082968271516 ], [ 121.50978796299303, 13.149086976999362 ], [ 121.509785717613198, 13.149099857852708 ], [ 121.509797411888769, 13.149159671226636 ], [ 121.509815144229478, 13.149225364444108 ], [ 121.509837275761683, 13.149291570693586 ], [ 121.509887300498363, 13.149418217788339 ], [ 121.509906654848535, 13.149473392801703 ], [ 121.509928624108966, 13.14954899630553 ], [ 121.509946092814758, 13.149627871474548 ], [ 121.509961315537254, 13.149726200728997 ], [ 121.509970045930601, 13.149818297488812 ], [ 121.509976024682558, 13.149944957891604 ], [ 121.509979170168194, 13.150093551032597 ], [ 121.509978743264597, 13.150108123550813 ], [ 121.50998619514796, 13.150261959680437 ], [ 121.509987529900229, 13.150328888848566 ], [ 121.509986708574218, 13.150438337389348 ], [ 121.509981065462384, 13.150555373507018 ], [ 121.509969413685866, 13.150670027733755 ], [ 121.509951077573604, 13.15077647247249 ], [ 121.509926261777963, 13.15086906522415 ], [ 121.509896152171137, 13.150943986614276 ], [ 121.509862547356803, 13.151000563403255 ], [ 121.50983826976956, 13.151032638362173 ], [ 121.509812047524065, 13.151062281068013 ], [ 121.509783742661611, 13.151089826858636 ], [ 121.509753418460051, 13.151115277723459 ], [ 121.509721082470037, 13.151138611649158 ], [ 121.50968637494087, 13.151159982282726 ], [ 121.509632227655629, 13.151187102753154 ], [ 121.50957073749008, 13.151210678820345 ], [ 121.509502428586472, 13.151230049470948 ], [ 121.509428449105727, 13.151244905164507 ], [ 121.509350129835539, 13.151255328214413 ], [ 121.50926875744193, 13.151261641832685 ], [ 121.509185297547489, 13.151264260428688 ], [ 121.509101323870425, 13.151263578088185 ], [ 121.509017550876834, 13.151259875794793 ], [ 121.508933810541009, 13.151253282422001 ], [ 121.508852075445105, 13.151243954779234 ], [ 121.508772757117072, 13.151231988115102 ], [ 121.508696659067269, 13.151217609813749 ], [ 121.508624534473611, 13.15120122719528 ], [ 121.50855693485002, 13.151183462939397 ], [ 121.508421490972438, 13.151142475264484 ], [ 121.508280195092979, 13.151096270926008 ], [ 121.508135509803154, 13.151046050348397 ], [ 121.508065835779476, 13.151019861039924 ], [ 121.507957697441356, 13.150975642650213 ], [ 121.507824559469483, 13.150916575419188 ], [ 121.50767099229212, 13.150845158561186 ], [ 121.507561558064651, 13.150791680363564 ], [ 121.506883748847372, 13.150455691088617 ], [ 121.50657707322334, 13.150302076828941 ], [ 121.506399047677462, 13.150207415888516 ], [ 121.506255996293405, 13.150125538742074 ], [ 121.506164905351937, 13.150067988198492 ], [ 121.506070839704478, 13.150001625519408 ], [ 121.506013848237103, 13.149957985021933 ], [ 121.505908874294107, 13.149871200268512 ], [ 121.505812457159848, 13.149785501330266 ], [ 121.505671274368623, 13.149652723762838 ], [ 121.505532789607187, 13.149516966707584 ], [ 121.50539713360871, 13.149378679722382 ], [ 121.505309284603086, 13.149284431640613 ], [ 121.50522469226047, 13.149187936782955 ], [ 121.505144783094636, 13.149087526002877 ], [ 121.505107170941443, 13.14903575766707 ], [ 121.505071258306401, 13.148982560663731 ], [ 121.505036458171531, 13.148926529588097 ], [ 121.505002634996217, 13.148867286552859 ], [ 121.504940601386977, 13.148746451226526 ], [ 121.504885950992801, 13.14862555786298 ], [ 121.504859915996931, 13.148560870308579 ], [ 121.50483456983612, 13.148492437481494 ], [ 121.504697230618348, 13.148084083131986 ], [ 121.504598599327451, 13.147783399331258 ], [ 121.504577819408425, 13.147724600742059 ], [ 121.504540376459772, 13.147626639760876 ], [ 121.504506459899744, 13.147544412771758 ], [ 121.504451157326457, 13.147417524048024 ], [ 121.504392311220542, 13.147292759770416 ], [ 121.504362479024863, 13.147233960659163 ], [ 121.504299315331153, 13.147116449160279 ], [ 121.504230062765714, 13.146998493356074 ], [ 121.504193973765481, 13.146942894846628 ], [ 121.504156960734647, 13.146890079812371 ], [ 121.504118311392503, 13.146838761375985 ], [ 121.504077995555562, 13.146788688320052 ], [ 121.504036076191667, 13.146739891090707 ], [ 121.503992762449798, 13.146692612699514 ], [ 121.503948031408086, 13.146646607267213 ], [ 121.503901964854549, 13.146601850852695 ], [ 121.503854551095216, 13.146558486295474 ], [ 121.503805500535577, 13.146516499747454 ], [ 121.503755054631384, 13.146476148607519 ], [ 121.503703222826445, 13.146437534002752 ], [ 121.503649669356051, 13.146400634197631 ], [ 121.50355748597508, 13.146343797933056 ], [ 121.503459443890407, 13.14629043407931 ], [ 121.503328820482352, 13.146227060559003 ], [ 121.503221086415451, 13.146181490654056 ], [ 121.503151259447833, 13.146155180141596 ], [ 121.503078820673878, 13.146129996435981 ], [ 121.50300591787223, 13.146106232211066 ], [ 121.502864359492222, 13.146063297685853 ], [ 121.502730099578486, 13.146027974789272 ], [ 121.50267357216417, 13.146016012499178 ], [ 121.502614246009145, 13.146005845187887 ], [ 121.502552606390225, 13.145998050301095 ], [ 121.502489315081903, 13.145993090552199 ], [ 121.50242512015285, 13.145991302080548 ], [ 121.502356235035663, 13.14599314656431 ], [ 121.502288211365041, 13.145998990961779 ], [ 121.502222038343021, 13.146008781277256 ], [ 121.502158658540978, 13.146022260350811 ], [ 121.502098880315216, 13.146038939264496 ], [ 121.502043205506638, 13.14605812599096 ], [ 121.50199150644994, 13.146079094351277 ], [ 121.501915409074428, 13.146114640109971 ], [ 121.501802267725509, 13.146171122729967 ], [ 121.501763795262789, 13.146189190656912 ], [ 121.501702735215687, 13.146215256767602 ], [ 121.501635808095386, 13.14623972644404 ], [ 121.501562862006978, 13.146261673834598 ], [ 121.501484587990376, 13.146280391638896 ], [ 121.501401952656394, 13.146295609835047 ], [ 121.501315925264151, 13.146307444103421 ], [ 121.501226744832636, 13.14631631744189 ], [ 121.501063099499987, 13.146326158273856 ], [ 121.500914807966694, 13.146330257726383 ], [ 121.500766079724983, 13.146331461137528 ], [ 121.500616943706447, 13.146330430018612 ], [ 121.50046474163922, 13.146326463191523 ], [ 121.500378497618556, 13.146320559030924 ], [ 121.500265207750729, 13.146308779460924 ], [ 121.500148418140782, 13.146292017595441 ], [ 121.500036499464571, 13.146271046070922 ], [ 121.49993418570601, 13.146246694973332 ], [ 121.499846077962857, 13.146220421288959 ], [ 121.49977532782728, 13.146194158179968 ], [ 121.499723121346662, 13.146170019862648 ], [ 121.499688480473125, 13.146149755451436 ], [ 121.499669089924041, 13.146134309819956 ], [ 121.499664639772973, 13.146124959073104 ], [ 121.499525681977204, 13.146079595653264 ], [ 121.499426315314565, 13.14605319017668 ], [ 121.499327676264784, 13.146033182286784 ], [ 121.49928444984829, 13.146026930922583 ], [ 121.499206158456744, 13.146020844602177 ], [ 121.499167223002004, 13.146020347245628 ], [ 121.49908915782494, 13.146022890284911 ], [ 121.498737550884229, 13.14604438874127 ], [ 121.498659952897043, 13.146051903139735 ], [ 121.498622528561057, 13.146057087522669 ], [ 121.498548160401356, 13.146070328825301 ], [ 121.498511244740826, 13.146078235056356 ], [ 121.498439426507915, 13.1460963824041 ], [ 121.498198082725054, 13.146166767667037 ], [ 121.498165094383467, 13.146177837553751 ], [ 121.498133403407564, 13.146191178909177 ], [ 121.498105867993644, 13.146206299452487 ], [ 121.49807714895573, 13.146226546688945 ], [ 121.498047152179865, 13.14625161878635 ], [ 121.498016696219366, 13.146280242563064 ], [ 121.497986596656489, 13.146311139969955 ], [ 121.497927832624654, 13.146378090213707 ], [ 121.4978468195863, 13.146481934137283 ], [ 121.497797826794852, 13.146522074994142 ], [ 121.497634054960116, 13.146627705165331 ], [ 121.497575251342781, 13.146665632189647 ], [ 121.497428533423815, 13.146712612859297 ], [ 121.497388670909331, 13.146846327638622 ], [ 121.49739790852108, 13.146932490999816 ], [ 121.497426320277228, 13.147076172710431 ], [ 121.49744485377127, 13.147238932067246 ], [ 121.49745552778154, 13.147491162640309 ], [ 121.497411510674382, 13.147566225700086 ], [ 121.497391561329295, 13.147603525899791 ], [ 121.497376675813499, 13.147633938821862 ], [ 121.497353787946025, 13.147687961594533 ], [ 121.49733349665027, 13.147744085331999 ], [ 121.497314646834326, 13.147804615981906 ], [ 121.497298924881179, 13.147865929867558 ], [ 121.497292615948467, 13.147896922782078 ], [ 121.497283382175013, 13.147961253802222 ], [ 121.497275275343227, 13.14805892637343 ], [ 121.497263407995746, 13.148291298933502 ], [ 121.497257330300599, 13.14835121232792 ], [ 121.497252417435149, 13.148380419231124 ], [ 121.497245553481093, 13.148408852734068 ], [ 121.4972364557552, 13.148435685420376 ], [ 121.497225083952358, 13.148461408677354 ], [ 121.497211552482028, 13.148485839828158 ], [ 121.497195822090774, 13.148508690726151 ], [ 121.49717769166655, 13.148529546962958 ], [ 121.497155907934143, 13.148548883489047 ], [ 121.497131755216813, 13.148565933831401 ], [ 121.497105757027484, 13.148581070162168 ], [ 121.497078302049204, 13.148594519757783 ], [ 121.497049663571218, 13.148606370315211 ], [ 121.497017517987814, 13.148616942415011 ], [ 121.496978904525406, 13.14862659796346 ], [ 121.496936632366271, 13.148634954869747 ], [ 121.496848544449676, 13.148648242601917 ], [ 121.496687652992605, 13.148666187997227 ], [ 121.49669411833537, 13.1486806173021 ], [ 121.496841273377996, 13.148959646726251 ], [ 121.496893035444799, 13.149062655104414 ], [ 121.496944856844991, 13.149170202810055 ], [ 121.496993720523008, 13.14927793458156 ], [ 121.497029687530258, 13.149363609274477 ], [ 121.497060668792386, 13.14944370493056 ], [ 121.497085961098534, 13.149515861574818 ], [ 121.497130412050481, 13.149659311748325 ], [ 121.497150247004953, 13.149733164020896 ], [ 121.497167476977836, 13.149807213150677 ], [ 121.497181381239145, 13.149881421936364 ], [ 121.497190998470472, 13.149955749801228 ], [ 121.497195083473201, 13.150030145662445 ], [ 121.497192742211283, 13.150101308640012 ], [ 121.497184952457616, 13.150169461263538 ], [ 121.497173030272307, 13.15023375132761 ], [ 121.497156567690723, 13.150300223269159 ], [ 121.497136865495619, 13.150366065716016 ], [ 121.497113921176478, 13.150433143034872 ], [ 121.497087901550273, 13.150500915904709 ], [ 121.497059283848273, 13.150567120551196 ], [ 121.497028547161889, 13.150629640078638 ], [ 121.496996369434456, 13.15068683864231 ], [ 121.496962467281492, 13.150739263250856 ], [ 121.496925284567183, 13.150787844440814 ], [ 121.496883957820387, 13.150831433451707 ], [ 121.496842513364356, 13.150865544055428 ], [ 121.496797550880672, 13.150894566968828 ], [ 121.49672440189957, 13.150928319886962 ], [ 121.49665606971935, 13.150947112561427 ], [ 121.496608825512411, 13.150953979564916 ], [ 121.496560685210696, 13.150956518421234 ], [ 121.49649289212492, 13.150953267351422 ], [ 121.496424824153578, 13.150942878975613 ], [ 121.496382789391092, 13.150933118508069 ], [ 121.496341066902218, 13.150921004187136 ], [ 121.496279779805178, 13.150898709123368 ], [ 121.496215549739304, 13.150868914727074 ], [ 121.496153192301804, 13.150833964710637 ], [ 121.496092740559831, 13.150794749502996 ], [ 121.496034331371831, 13.150751855803772 ], [ 121.495999703549288, 13.150723929993134 ], [ 121.495966584072491, 13.150695234638787 ], [ 121.495926842749071, 13.150657951768459 ], [ 121.495888715199783, 13.150618929195259 ], [ 121.49584529340099, 13.150569996638811 ], [ 121.495811712266061, 13.150528492398767 ], [ 121.495778829586669, 13.15048472563063 ], [ 121.495746798727382, 13.150439450366493 ], [ 121.495685609116236, 13.15034795872956 ], [ 121.495415303278293, 13.149925227097262 ], [ 121.495363449733418, 13.149839107202068 ], [ 121.495339915699446, 13.149794833188958 ], [ 121.495312420273237, 13.149735548666325 ], [ 121.495287135592889, 13.149669998747154 ], [ 121.495264700491575, 13.149598317695729 ], [ 121.495245341086857, 13.149521585686063 ], [ 121.495228658023848, 13.14944124001919 ], [ 121.495184527728583, 13.149193777378537 ], [ 121.49516792069636, 13.149114157861634 ], [ 121.49514894449014, 13.149038398698547 ], [ 121.495127482962332, 13.148967751709282 ], [ 121.495103977945789, 13.148902949691646 ], [ 121.49507880869939, 13.148842974181697 ], [ 121.495046831892424, 13.14877514050125 ], [ 121.49501244729278, 13.148708201993065 ], [ 121.494852567955647, 13.148415608229072 ], [ 121.49473946890491, 13.148203505127967 ], [ 121.494612375774366, 13.147959752367747 ], [ 121.494522696278622, 13.147796769523218 ], [ 121.494467434062059, 13.147701647837783 ], [ 121.494438924558921, 13.147655329177603 ], [ 121.494385729574162, 13.14757500915201 ], [ 121.494343842455649, 13.147516814910606 ], [ 121.494300163719842, 13.147459832961534 ], [ 121.494254828642994, 13.147404021669249 ], [ 121.49421289180836, 13.147355011819069 ], [ 121.494125875129924, 13.147259246174402 ], [ 121.494080949996416, 13.147212442063939 ], [ 121.493988357050128, 13.147121324761974 ], [ 121.493924718814668, 13.147062424826771 ], [ 121.49384242130175, 13.146991156089182 ], [ 121.493777203430639, 13.14693845163378 ], [ 121.49371058363505, 13.146887621550889 ], [ 121.493642649346057, 13.146838801443318 ], [ 121.49357336744761, 13.14679234152451 ], [ 121.493502584515809, 13.146748835037045 ], [ 121.493430022297474, 13.146709158495774 ], [ 121.493370793685486, 13.146680972549591 ], [ 121.493310382368946, 13.146655963548769 ], [ 121.493248940149158, 13.146634286340483 ], [ 121.493187280345822, 13.14661632474791 ], [ 121.493125007434728, 13.14660174327155 ], [ 121.493062386510289, 13.146590516117577 ], [ 121.492995213937547, 13.146582449720805 ], [ 121.492928140514536, 13.146579187596789 ], [ 121.492863898681009, 13.146581347871271 ], [ 121.49280032231681, 13.146588838682442 ], [ 121.492737814284368, 13.146601824282914 ], [ 121.492660161240849, 13.146626523922334 ], [ 121.492583210229512, 13.146660132552151 ], [ 121.492509819686674, 13.146701232010058 ], [ 121.492440175044806, 13.146749014402017 ], [ 121.492304392529348, 13.146850419245824 ], [ 121.49225006301306, 13.146886887230345 ], [ 121.492194625633957, 13.146920702683046 ], [ 121.492136348232748, 13.1469527220963 ], [ 121.492077263178345, 13.146980208095108 ], [ 121.492017123217366, 13.147001293070359 ], [ 121.491942567838208, 13.147015947131296 ], [ 121.491867699562221, 13.147018252712053 ], [ 121.491805835535772, 13.147010430397456 ], [ 121.491745967990468, 13.146993596242128 ], [ 121.491696776935271, 13.146971760666034 ], [ 121.491650250687286, 13.146943639014612 ], [ 121.491612323809974, 13.146914562479179 ], [ 121.491576789677296, 13.146881605098672 ], [ 121.491543774671641, 13.146845144631186 ], [ 121.49150283425638, 13.146790473490261 ], [ 121.491465483298555, 13.146731406589527 ], [ 121.491430450424048, 13.1466692944229 ], [ 121.491312365284813, 13.146445305364194 ], [ 121.491184650960662, 13.146219466314056 ], [ 121.491160900190565, 13.146174647558745 ], [ 121.491138834940301, 13.146129288792332 ], [ 121.491106474504434, 13.146053415884689 ], [ 121.49104721542372, 13.145903390554652 ], [ 121.491014444256834, 13.1458331089694 ], [ 121.490980059599579, 13.145775123668537 ], [ 121.490940093379336, 13.145723883911975 ], [ 121.490893729566977, 13.145681514456065 ], [ 121.490837286831095, 13.145648576402156 ], [ 121.490774772346853, 13.145627427360521 ], [ 121.49070815314893, 13.145617813393343 ], [ 121.490643160972098, 13.145619377163184 ], [ 121.490577218495545, 13.145630196501935 ], [ 121.490511433333893, 13.145649399985542 ], [ 121.490446885085063, 13.14567668796321 ], [ 121.490376275563932, 13.145716988573458 ], [ 121.49030793347869, 13.145764988587215 ], [ 121.490241228670158, 13.145818379271084 ], [ 121.490175617597444, 13.14587537976611 ], [ 121.490094354026823, 13.145950109571217 ], [ 121.489887076688603, 13.146150820247843 ], [ 121.48979116204049, 13.146241721988416 ], [ 121.489742481232753, 13.146285632113019 ], [ 121.489676453688716, 13.14634192232343 ], [ 121.489642780228436, 13.14636878877905 ], [ 121.48959101167577, 13.146407267117668 ], [ 121.489537619544677, 13.146443205246603 ], [ 121.489482635506334, 13.146476107907207 ], [ 121.489425190054959, 13.14650586529801 ], [ 121.489362525040931, 13.146533009242502 ], [ 121.489130800410393, 13.146702230410042 ], [ 121.489003722029295, 13.14673018622593 ], [ 121.488915924890421, 13.146720102284405 ], [ 121.488708533820059, 13.146640103984925 ], [ 121.488575912550075, 13.146651162898054 ] ] ] ] } },
{ "type": "Feature", "properties": { "Class_name": "Rock Bottom", "ID": 5, "Province": "Oriental Mindoro", "Region": "R4B", "Class_Code": "Rb", "Area": 78.487369677299995, "Area (Ha)": 76.998, "Area_3(ha)": 76.995 }, "geometry": { "type": "MultiPolygon", "coordinates": [ [ [ [ 121.438243251361854, 13.16432917809645 ], [ 121.438142662914345, 13.164410665375517 ], [ 121.438073254325005, 13.164462146494216 ], [ 121.437982295826515, 13.164525029719552 ], [ 121.437812800961282, 13.164638767035052 ], [ 121.437759890514627, 13.164676694762928 ], [ 121.437657899987443, 13.164755985319033 ], [ 121.437577404680894, 13.164826149663615 ], [ 121.43751665313431, 13.16488513207246 ], [ 121.437473323543585, 13.164931117728097 ], [ 121.437432223607146, 13.164978717570063 ], [ 121.437406139690012, 13.165011574489577 ], [ 121.437369117680049, 13.165062745759194 ], [ 121.437335159605908, 13.165115741538322 ], [ 121.437314276678478, 13.165152280978882 ], [ 121.437294641803732, 13.165190417711326 ], [ 121.437267079683437, 13.16525252221621 ], [ 121.437242070498684, 13.165321186936914 ], [ 121.437219996820104, 13.165395598366457 ], [ 121.437200635308159, 13.165474349461665 ], [ 121.437148878721558, 13.165720270600803 ], [ 121.437129478688291, 13.165799934462104 ], [ 121.437107230997498, 13.165875726703808 ], [ 121.437081763622743, 13.165946182717779 ], [ 121.437053350717918, 13.166010263778798 ], [ 121.437022637029003, 13.166067939712583 ], [ 121.436989552411617, 13.166121354652912 ], [ 121.436953529572122, 13.166173373307743 ], [ 121.436679928329255, 13.166539122000549 ], [ 121.436642883158186, 13.166596066540379 ], [ 121.436611599200404, 13.166658837849663 ], [ 121.436588803585693, 13.166724286749028 ], [ 121.436576956182947, 13.166778648956333 ], [ 121.436571726135242, 13.166833579936331 ], [ 121.436576081691939, 13.166907243222131 ], [ 121.436593055293727, 13.166979500256552 ], [ 121.436619098975797, 13.167042965721404 ], [ 121.436653763725658, 13.167103520010038 ], [ 121.436694154869997, 13.167159636144929 ], [ 121.436783313347718, 13.167270910070341 ], [ 121.436829471781323, 13.167333246688441 ], [ 121.43694883638112, 13.167505544128545 ], [ 121.4370175851205, 13.167598673364235 ], [ 121.437076249135004, 13.16767234568225 ], [ 121.437153941574607, 13.167764668590104 ], [ 121.43723400345327, 13.167854173453211 ], [ 121.437275764036343, 13.167896279078603 ], [ 121.437322215855772, 13.167937930583031 ], [ 121.437371402739615, 13.167975653065151 ], [ 121.437415010979791, 13.168003733858519 ], [ 121.437460504620404, 13.168028856780207 ], [ 121.437535689155055, 13.168063838485507 ], [ 121.43764189310437, 13.168105038505134 ], [ 121.437718198231821, 13.168130420097384 ], [ 121.437795331737661, 13.168151240661871 ], [ 121.437857404503106, 13.168163168279934 ], [ 121.437919937266358, 13.16817001017394 ], [ 121.437954601150594, 13.168170188027787 ], [ 121.437943128523145, 13.168150800090132 ], [ 121.437865332907108, 13.168102489201516 ], [ 121.437796996414647, 13.168102073134792 ], [ 121.437690478799382, 13.168107024350936 ], [ 121.437615748941909, 13.168030262744335 ], [ 121.437593419048738, 13.168002122203481 ], [ 121.437582707061253, 13.167937859307729 ], [ 121.437594725331536, 13.167890098019422 ], [ 121.437610600056587, 13.167850013725905 ], [ 121.437646101105898, 13.167800244146729 ], [ 121.437668175889328, 13.167787581237272 ], [ 121.437688299932006, 13.167776909616444 ], [ 121.437708079556231, 13.167768473189724 ], [ 121.437748126292547, 13.167752551549803 ], [ 121.437767038806484, 13.16774396701379 ], [ 121.437786167689353, 13.167736174755557 ], [ 121.437805546818794, 13.167729505829724 ], [ 121.437826232370668, 13.167725423844095 ], [ 121.43784778257303, 13.167724059894773 ], [ 121.437869293244745, 13.167725293674614 ], [ 121.437889858588676, 13.167729259782899 ], [ 121.437908497333382, 13.167736357218818 ], [ 121.43792459858031, 13.167746766671184 ], [ 121.437938888259225, 13.167759478320068 ], [ 121.437950886204604, 13.167774713424215 ], [ 121.437961445774036, 13.167791442148101 ], [ 121.437971255025346, 13.167808808113435 ], [ 121.437979349043559, 13.167827540363534 ], [ 121.437986129369392, 13.167847014900572 ], [ 121.437991842001551, 13.167866697175953 ], [ 121.437995068408881, 13.16788756929116 ], [ 121.437995703267262, 13.167909220208745 ], [ 121.437993929121802, 13.167930793184912 ], [ 121.437989718288193, 13.167951416636567 ], [ 121.437982844316949, 13.167970141838582 ], [ 121.437973385695798, 13.167986374464565 ], [ 121.43796326725716, 13.1680013366301 ], [ 121.43795438689412, 13.168016134580197 ], [ 121.437947233682451, 13.168030305754453 ], [ 121.437943468054684, 13.168044289640733 ], [ 121.437943480965629, 13.168047962317688 ], [ 121.437960666282876, 13.168070270179909 ], [ 121.437963523987207, 13.16807066127943 ], [ 121.437989929466823, 13.168074275077291 ], [ 121.438021193664042, 13.1680706386362 ], [ 121.438046697401816, 13.168051660093893 ], [ 121.438076045485417, 13.168042271844746 ], [ 121.4381131914229, 13.168034844436248 ], [ 121.43817370667216, 13.168037126160904 ], [ 121.438232233046321, 13.168045135903643 ], [ 121.438257566988767, 13.168052943613731 ], [ 121.438341390760584, 13.168074501108785 ], [ 121.438342273764704, 13.16807576767912 ], [ 121.438442612985639, 13.168037109623514 ], [ 121.438507112750131, 13.16801430434858 ], [ 121.43857176836471, 13.167994226509965 ], [ 121.43863595100882, 13.167976545953614 ], [ 121.438757477082419, 13.167947895463477 ], [ 121.438819787320071, 13.167936087604472 ], [ 121.438881453277261, 13.167927424141627 ], [ 121.438934767529489, 13.167923270385662 ], [ 121.438988585389126, 13.167923002397965 ], [ 121.43904167107641, 13.167927336514502 ], [ 121.439092679431383, 13.167936598199708 ], [ 121.43914037528144, 13.167950662714116 ], [ 121.439197184343286, 13.167975836851573 ], [ 121.439257668648764, 13.168014135958439 ], [ 121.439369658815266, 13.168097089966158 ], [ 121.43942633993079, 13.168134320981492 ], [ 121.439476059159276, 13.168161966069052 ], [ 121.439528431828592, 13.168186603797306 ], [ 121.43959698139497, 13.168213188803753 ], [ 121.439668368783799, 13.168235902798699 ], [ 121.439741920523289, 13.168255546786204 ], [ 121.439818950113789, 13.168273222738986 ], [ 121.440127943339945, 13.168333814131213 ], [ 121.440200236861159, 13.168349313526543 ], [ 121.440271704817775, 13.168366527386178 ], [ 121.440341911306831, 13.168386182040777 ], [ 121.440410329310282, 13.168409154687982 ], [ 121.440450100101117, 13.168424814755729 ], [ 121.440526432084965, 13.16845978520065 ], [ 121.440563739806379, 13.168479130665657 ], [ 121.440619701539504, 13.168511128901166 ], [ 121.440674923050935, 13.168547297565867 ], [ 121.440726063195683, 13.168587194613924 ], [ 121.440770676767855, 13.168630582431303 ], [ 121.440815814676156, 13.168688601217228 ], [ 121.440854101757694, 13.168752657246305 ], [ 121.440887191788917, 13.168821234655248 ], [ 121.440916344414518, 13.168893161015706 ], [ 121.440941425081732, 13.168964332250225 ], [ 121.440964317116013, 13.169037165621294 ], [ 121.441004826149367, 13.169186201721056 ], [ 121.441038783815571, 13.169338127669763 ], [ 121.441054233522962, 13.169421963764114 ], [ 121.441067549001346, 13.169506227125764 ], [ 121.441078769573139, 13.169590804410602 ], [ 121.441087734006075, 13.169675634242363 ], [ 121.4410941565706, 13.169758672225113 ], [ 121.441101892708758, 13.169925097727033 ], [ 121.441105369094174, 13.170091668815889 ], [ 121.441106168579395, 13.170259468633843 ], [ 121.441104436889958, 13.17042840015295 ], [ 121.44109911715644, 13.170597120894991 ], [ 121.441094474618993, 13.170683621593351 ], [ 121.441070685302378, 13.171029387737679 ], [ 121.441061591885656, 13.171196970814066 ], [ 121.441056013631155, 13.171364562578496 ], [ 121.441055075336735, 13.171512783442781 ], [ 121.441059220943785, 13.171660583218975 ], [ 121.441065073805419, 13.171749428278909 ], [ 121.441073883018106, 13.171837834725023 ], [ 121.44108614545506, 13.171925626080963 ], [ 121.441098722355392, 13.171994509968581 ], [ 121.441113912583148, 13.172062787398694 ], [ 121.441131807137907, 13.17213035036665 ], [ 121.441152651283559, 13.172197050383955 ], [ 121.441178942939814, 13.172268481361648 ], [ 121.441208649878561, 13.172338750565302 ], [ 121.441241427962609, 13.172407878762044 ], [ 121.441278454926078, 13.172478581346134 ], [ 121.441317736568578, 13.172548375028207 ], [ 121.441531310994989, 13.172903436652138 ], [ 121.441617606442762, 13.173055634951904 ], [ 121.441659054356435, 13.173133772647052 ], [ 121.441698768144292, 13.173212620271306 ], [ 121.441736413005913, 13.173292247954912 ], [ 121.44177145791582, 13.173372795132343 ], [ 121.441802683354851, 13.173452658898483 ], [ 121.441830778574811, 13.173533452859731 ], [ 121.441855570265375, 13.173615094085129 ], [ 121.441876601663338, 13.173697571707217 ], [ 121.441893107416902, 13.173780945210209 ], [ 121.441904566615989, 13.173866135219008 ], [ 121.441911819035681, 13.173952096557196 ], [ 121.441916092530448, 13.174038612544992 ], [ 121.441918377666269, 13.174125510517749 ], [ 121.441923024086819, 13.174472902406523 ], [ 121.441926523278383, 13.174558374603707 ], [ 121.441932268891378, 13.174641660436016 ], [ 121.441940873770591, 13.174722503277236 ], [ 121.441952798728693, 13.174800067093482 ], [ 121.44196825929059, 13.174873420050497 ], [ 121.441987107037718, 13.174941654676338 ], [ 121.442008794026222, 13.175004151780145 ], [ 121.442025299208368, 13.175044586242111 ], [ 121.442062304238561, 13.175121648561763 ], [ 121.442100961929611, 13.175189329211277 ], [ 121.442144284444495, 13.175254241339102 ], [ 121.442175159422376, 13.175294810717915 ], [ 121.442207457134359, 13.175333081456802 ], [ 121.442250521390974, 13.175378919476863 ], [ 121.442297079995967, 13.175423819765868 ], [ 121.442589883268852, 13.175680905836867 ], [ 121.44268351314841, 13.175769695954004 ], [ 121.442743286981965, 13.175830646882298 ], [ 121.442801433493585, 13.175893149723537 ], [ 121.44285811688529, 13.175956979459261 ], [ 121.442913388043038, 13.176022014879861 ], [ 121.442967180165837, 13.176088234932049 ], [ 121.443056835803304, 13.176206743239689 ], [ 121.443129556609222, 13.176310467065125 ], [ 121.443244515085851, 13.176484139488206 ], [ 121.443334001259487, 13.176630035914664 ], [ 121.443376313568379, 13.176703940524087 ], [ 121.443416412542675, 13.176778605570959 ], [ 121.443453578200049, 13.176854220101886 ], [ 121.443486815621, 13.176931063130976 ], [ 121.443514796611041, 13.177009518398943 ], [ 121.443536160480349, 13.177088826415874 ], [ 121.443552605605774, 13.177171948619854 ], [ 121.443565190977196, 13.177258823771412 ], [ 121.443574736833853, 13.177346600953516 ], [ 121.443582372902171, 13.177434984995976 ], [ 121.443609046751988, 13.177786709841232 ], [ 121.44363984473847, 13.178093797677302 ], [ 121.443644872393392, 13.178155515001054 ], [ 121.443647547959614, 13.178216807581038 ], [ 121.443647193993883, 13.178264909571986 ], [ 121.443644095013923, 13.178313164295336 ], [ 121.443637945765758, 13.178360787667952 ], [ 121.44362876034765, 13.178406989055093 ], [ 121.443616825037338, 13.178451241493098 ], [ 121.44359838158023, 13.178504522968479 ], [ 121.443575143334712, 13.178559263887097 ], [ 121.443548596612303, 13.178613099812409 ], [ 121.443519362714369, 13.178666165186206 ], [ 121.443452990048982, 13.17877360550896 ], [ 121.443377844499636, 13.178884211072557 ], [ 121.443337660054198, 13.178939104853576 ], [ 121.443296459580054, 13.17899185352289 ], [ 121.443254231448705, 13.179042295195996 ], [ 121.443210392548949, 13.179091344202197 ], [ 121.443164863895618, 13.179139296200413 ], [ 121.443117880371616, 13.179185912762414 ], [ 121.443069480065546, 13.179231117084935 ], [ 121.442969102344264, 13.179317359694675 ], [ 121.442917337835297, 13.17935817876416 ], [ 121.442854287333262, 13.17940444121704 ], [ 121.44273868556067, 13.179483357880937 ], [ 121.44268298630395, 13.179523668770765 ], [ 121.442618399952053, 13.179577332396461 ], [ 121.442559975132383, 13.179634744047044 ], [ 121.442509160607628, 13.179695216071181 ], [ 121.442476624320165, 13.179743475523514 ], [ 121.442451311823078, 13.179793115127385 ], [ 121.442438829393367, 13.179828408058759 ], [ 121.442431039180008, 13.179864018567031 ], [ 121.442428625725498, 13.179914512257199 ], [ 121.442436554649873, 13.179963732744918 ], [ 121.442450734917131, 13.180002011619496 ], [ 121.442471213826835, 13.180038197117165 ], [ 121.442500663519681, 13.180075646120979 ], [ 121.442536209703107, 13.180109516726521 ], [ 121.442598501875921, 13.180152133872499 ], [ 121.442670056357443, 13.180184734138077 ], [ 121.442741299198289, 13.180204783199423 ], [ 121.442816815743512, 13.180216413407694 ], [ 121.442871681344613, 13.180219992477911 ], [ 121.44292747576327, 13.180220303897201 ], [ 121.442998676414845, 13.180216969533562 ], [ 121.443213234581776, 13.180199908508062 ], [ 121.443283839139468, 13.180198224272079 ], [ 121.443359672827214, 13.180202224095623 ], [ 121.44343121979054, 13.180212771958562 ], [ 121.443496891674769, 13.180229653338804 ], [ 121.443555399416894, 13.180252287499263 ], [ 121.443606465387418, 13.180279974552194 ], [ 121.443650601526485, 13.18031167700382 ], [ 121.44369189113381, 13.180347692383288 ], [ 121.44375065182048, 13.180406523146544 ], [ 121.443802289513044, 13.180462093665792 ], [ 121.443841596408078, 13.180507366291961 ], [ 121.44387922294996, 13.180554305764183 ], [ 121.443918857620787, 13.1806094166995 ], [ 121.443954576438529, 13.180666669552762 ], [ 121.443985288740819, 13.180726093219741 ], [ 121.444009580630791, 13.180787871637307 ], [ 121.444026753241474, 13.180855277110336 ], [ 121.444036427294193, 13.180928747852482 ], [ 121.444039811896857, 13.181003830144508 ], [ 121.444036216395361, 13.181232903992802 ], [ 121.44403740870986, 13.181293143875761 ], [ 121.44404201938805, 13.181352724129171 ], [ 121.444050526175985, 13.181407091607982 ], [ 121.444063449783371, 13.181460312980711 ], [ 121.44408120545549, 13.181511553263872 ], [ 121.444107561392059, 13.181564908555833 ], [ 121.444157120584165, 13.181640016433647 ], [ 121.444218828157091, 13.181715488381196 ], [ 121.444288644864699, 13.181789403320835 ], [ 121.444362602165512, 13.181859808363026 ], [ 121.444412330889207, 13.181903708149257 ], [ 121.444460251055915, 13.181943327073743 ], [ 121.444517791948243, 13.181987310809745 ], [ 121.444572123459707, 13.182025401064362 ], [ 121.444633445243895, 13.182064693307682 ], [ 121.444688341157374, 13.182095957597385 ], [ 121.444723647442459, 13.182111939796238 ], [ 121.444840836011679, 13.182156497486636 ], [ 121.444991765683042, 13.182208633580125 ], [ 121.445065752886961, 13.182231903968411 ], [ 121.445136581564512, 13.182252317709439 ], [ 121.445215948809576, 13.182272608671902 ], [ 121.44528410864045, 13.182287562932917 ], [ 121.445370659045622, 13.182302875837333 ], [ 121.445579353515598, 13.18233043703632 ], [ 121.445662678880467, 13.182344427495707 ], [ 121.445747989173199, 13.182362855223058 ], [ 121.445829775294726, 13.182385489510805 ], [ 121.445888543824907, 13.182405141121968 ], [ 121.445941233038539, 13.182425189002432 ], [ 121.445993072977046, 13.182447031606912 ], [ 121.446046813140342, 13.182471876994997 ], [ 121.446096141760265, 13.182496899262413 ], [ 121.446144169568726, 13.182523838758462 ], [ 121.44618963735725, 13.182552426006382 ], [ 121.446231767696091, 13.18258237493348 ], [ 121.446264597492345, 13.18260850653094 ], [ 121.446306170004206, 13.182645569004114 ], [ 121.446345444907038, 13.182685052435737 ], [ 121.446382379875402, 13.182726784228935 ], [ 121.446408630331234, 13.182759723941835 ], [ 121.446439082395216, 13.182801916251044 ], [ 121.446468608289237, 13.182847087672224 ], [ 121.446496983818051, 13.182894107413773 ], [ 121.446550326229413, 13.182989083892986 ], [ 121.446611662731485, 13.183104926793034 ], [ 121.446911458451112, 13.183721210770136 ], [ 121.446942112570952, 13.183779645994125 ], [ 121.446978322222648, 13.183843304692648 ], [ 121.447012384928072, 13.183899480627272 ], [ 121.447053782082961, 13.183963852072468 ], [ 121.447098210655042, 13.184028180290104 ], [ 121.447150913303986, 13.184097975966436 ], [ 121.44720571086404, 13.18416325932718 ], [ 121.447250190466065, 13.184211067124659 ], [ 121.44729117527875, 13.184251166289931 ], [ 121.447325014802573, 13.184281314876207 ], [ 121.447353854749153, 13.184304473023273 ], [ 121.447385627716812, 13.184325288997631 ], [ 121.447392109061141, 13.184327802691474 ], [ 121.447395496445836, 13.184327294413036 ], [ 121.44739244186492, 13.184280050982919 ], [ 121.447391995544493, 13.184246209772157 ], [ 121.447394223005276, 13.184216179792474 ], [ 121.447398635783387, 13.184195579092373 ], [ 121.447405845738487, 13.184180168962385 ], [ 121.447417355012533, 13.184166826402709 ], [ 121.447433638124409, 13.184156711690838 ], [ 121.447444470037325, 13.184152682366607 ], [ 121.447455996806241, 13.184149722713471 ], [ 121.447482983064916, 13.1841459842116 ], [ 121.447525130268588, 13.184144431729463 ], [ 121.447950138115544, 13.18414986174807 ], [ 121.447951468269494, 13.184143545024746 ], [ 121.447950786745935, 13.184125042807917 ], [ 121.447946086407555, 13.184089282269007 ], [ 121.447941231543908, 13.18406461506976 ], [ 121.447925575518966, 13.184006767141037 ], [ 121.447901120188604, 13.183941933380602 ], [ 121.447885702629122, 13.183908900392517 ], [ 121.447868448533214, 13.183876506667964 ], [ 121.447849462484484, 13.183845063795811 ], [ 121.447823241674755, 13.183807317405524 ], [ 121.447795263616044, 13.183772991955715 ], [ 121.447766192826805, 13.183743088336659 ], [ 121.447727078678625, 13.183711814225292 ], [ 121.447690452849514, 13.183689337761411 ], [ 121.447644830059502, 13.183666677087819 ], [ 121.447619547515316, 13.183656050697374 ], [ 121.447566385467226, 13.183636759271799 ], [ 121.447424696427305, 13.183592796586042 ], [ 121.447369916299266, 13.18357396951772 ], [ 121.447318932024288, 13.183553287494668 ], [ 121.447272667520579, 13.183530732215518 ], [ 121.447234989831784, 13.183509115595935 ], [ 121.447199264446496, 13.18348578126456 ], [ 121.447164845817383, 13.183460765468091 ], [ 121.447131812318887, 13.18343436382772 ], [ 121.447100303220381, 13.183406561282956 ], [ 121.447071152750965, 13.183377817792401 ], [ 121.447044454966914, 13.183348049036939 ], [ 121.447020616382332, 13.183317786350504 ], [ 121.446999136059929, 13.183286426618713 ], [ 121.4469817584759, 13.183256678521499 ], [ 121.446967125289504, 13.183226022581822 ], [ 121.446956560382574, 13.183196917993524 ], [ 121.446949242047893, 13.183167493856031 ], [ 121.446945050203794, 13.183137265525165 ], [ 121.446943829734067, 13.183106653646997 ], [ 121.446945085395683, 13.183075537718956 ], [ 121.446957033654044, 13.182970054377037 ], [ 121.446960698735921, 13.182929424743948 ], [ 121.44696246484736, 13.182887051122414 ], [ 121.446961614258868, 13.182844172803236 ], [ 121.446957917054903, 13.182802019262844 ], [ 121.446951671606797, 13.182761524623174 ], [ 121.446942603264432, 13.182718785569485 ], [ 121.446917477630336, 13.182619876505669 ], [ 121.44689849762257, 13.182535181571122 ], [ 121.446880526548242, 13.182434967814794 ], [ 121.446873079360287, 13.182383742612819 ], [ 121.446862331194765, 13.18228989340302 ], [ 121.446855530849575, 13.182192290463577 ], [ 121.446855686181877, 13.182154521739875 ], [ 121.446842767352877, 13.182158607559163 ], [ 121.446812599230114, 13.182159471735144 ], [ 121.446772990466386, 13.182156395815921 ], [ 121.446721680237047, 13.18214778219299 ], [ 121.446664062281258, 13.182132393122291 ], [ 121.446606788448662, 13.1821106159825 ], [ 121.446555653716985, 13.182084686675578 ], [ 121.446513537154829, 13.182057639025377 ], [ 121.446478314080125, 13.182030155483307 ], [ 121.446443790948521, 13.181998090805781 ], [ 121.446409646384993, 13.181960536830845 ], [ 121.446377068125315, 13.181918388302417 ], [ 121.446333317272803, 13.181850253801139 ], [ 121.446296469872408, 13.181780552097077 ], [ 121.446276320782516, 13.181736743088891 ], [ 121.44614812791518, 13.181426443966963 ], [ 121.446120859851689, 13.181364060794634 ], [ 121.44609129047484, 13.181303584974836 ], [ 121.446070147466784, 13.181265748442831 ], [ 121.446048088088034, 13.181230932979201 ], [ 121.446025460539317, 13.18119963122875 ], [ 121.446002430463778, 13.181171658272582 ], [ 121.445960506193117, 13.18112843692964 ], [ 121.44593676150221, 13.181107152224708 ], [ 121.445897931387108, 13.181075640483652 ], [ 121.445857357653125, 13.181045583164638 ], [ 121.445803563092198, 13.181008258837238 ], [ 121.445725542266501, 13.180956828787744 ], [ 121.445534844256713, 13.180838934036531 ], [ 121.445461982970741, 13.180790997438411 ], [ 121.445385267964809, 13.180734797756886 ], [ 121.445308226280332, 13.180673522362147 ], [ 121.44525539917413, 13.180620849858601 ], [ 121.445221092657889, 13.1805751617682 ], [ 121.445198353428367, 13.180539054111163 ], [ 121.445174454164359, 13.180496198605729 ], [ 121.445150704827896, 13.180448785980278 ], [ 121.445128009813232, 13.180398771435755 ], [ 121.445106832632845, 13.180346907239562 ], [ 121.445087723341842, 13.180293768936696 ], [ 121.445069249969862, 13.18023307359403 ], [ 121.445054652240557, 13.180173951991849 ], [ 121.445043414095082, 13.180116193852756 ], [ 121.445034472330931, 13.180055290606344 ], [ 121.445027989944833, 13.1799920161651 ], [ 121.445023997339447, 13.179927134008686 ], [ 121.445022450266308, 13.179861187161736 ], [ 121.445023287333356, 13.179795087495023 ], [ 121.445026470696988, 13.179729276885155 ], [ 121.445032040482076, 13.179663602143892 ], [ 121.445039857106281, 13.17960007625552 ], [ 121.445050187581813, 13.179536936226828 ], [ 121.445062640727855, 13.179476896043004 ], [ 121.44507704949622, 13.179419932626683 ], [ 121.445092953731262, 13.179366641510374 ], [ 121.445125196164923, 13.179276109295573 ], [ 121.445246595012378, 13.178981663541087 ], [ 121.445292551685796, 13.178861301959429 ], [ 121.44531907638931, 13.17877435151634 ], [ 121.44533054885963, 13.178724326024975 ], [ 121.445339397622334, 13.178671915747842 ], [ 121.44534512354177, 13.178618140090041 ], [ 121.445347544819299, 13.178564236637261 ], [ 121.445346832102743, 13.17851144701053 ], [ 121.445343010116687, 13.178455734610582 ], [ 121.445336069318444, 13.17839699994375 ], [ 121.445311164882128, 13.178241172365798 ], [ 121.445304624372255, 13.178192010098625 ], [ 121.445300541472349, 13.178146906853714 ], [ 121.445299054418129, 13.178108290782951 ], [ 121.445301570182465, 13.178049827113833 ], [ 121.445311678153828, 13.177980966140725 ], [ 121.445317029458224, 13.177930445948727 ], [ 121.445316454511527, 13.177892477020718 ], [ 121.445311234202222, 13.177845722426659 ], [ 121.445302336713752, 13.177796506994051 ], [ 121.445289296030211, 13.177738309953073 ], [ 121.445272428182079, 13.177671006186557 ], [ 121.445232192327481, 13.177522869603999 ], [ 121.445118368889851, 13.177137034964684 ], [ 121.445042097235344, 13.176842437992237 ], [ 121.445012746422222, 13.176742442877396 ], [ 121.44498005818825, 13.176650175249062 ], [ 121.444944441313424, 13.17656781422907 ], [ 121.444905074927235, 13.176491119696285 ], [ 121.444864881661942, 13.176423082153219 ], [ 121.444820598804284, 13.176357735410553 ], [ 121.444789272139303, 13.176316851095125 ], [ 121.444756708605368, 13.176278411602226 ], [ 121.444728211998139, 13.176247614753192 ], [ 121.44469806477808, 13.176217311546992 ], [ 121.444650078548349, 13.176172481662299 ], [ 121.444403402306364, 13.175960021218964 ], [ 121.444274280123295, 13.175845418521439 ], [ 121.444179359833058, 13.175757681023724 ], [ 121.444076915554177, 13.175658646220066 ], [ 121.443960641180809, 13.175541270908251 ], [ 121.443687063628659, 13.175252681603846 ], [ 121.443648362608528, 13.175206590921377 ], [ 121.443617870809192, 13.175159282098189 ], [ 121.443591959234894, 13.175109123740087 ], [ 121.443522384137452, 13.174956753728583 ], [ 121.443490400673625, 13.174897695417913 ], [ 121.443460744261316, 13.174836812588532 ], [ 121.443439102006607, 13.174770541309288 ], [ 121.443423772583756, 13.174698142143045 ], [ 121.443412685979496, 13.174621416012839 ], [ 121.443387966638923, 13.174379257363602 ], [ 121.443377375421093, 13.174298487420986 ], [ 121.443362819022468, 13.174219607219051 ], [ 121.443346200126101, 13.17415616450845 ], [ 121.443333221059518, 13.174118162490673 ], [ 121.443319736969599, 13.174085549376375 ], [ 121.443306973753678, 13.174059130140108 ], [ 121.443268388301306, 13.173992903446118 ], [ 121.44319749503056, 13.173887038655806 ], [ 121.443120131278206, 13.173789921537642 ], [ 121.443081287089058, 13.173737178565087 ], [ 121.443061857443467, 13.173706035869328 ], [ 121.443035637059495, 13.173658940928268 ], [ 121.443005674638243, 13.173598964646592 ], [ 121.442972839023454, 13.173526754965954 ], [ 121.44294162748146, 13.173451716930469 ], [ 121.442913871079597, 13.173379072495676 ], [ 121.442864023858107, 13.173234259904682 ], [ 121.442761502078397, 13.17291310738778 ], [ 121.442721389819567, 13.172779221665438 ], [ 121.442701740226155, 13.172706090210271 ], [ 121.442560933034699, 13.172121681192049 ], [ 121.442545630901108, 13.172050553491964 ], [ 121.442531701895447, 13.171974650557875 ], [ 121.442521369329867, 13.171906297130175 ], [ 121.44251276482278, 13.171835453417108 ], [ 121.44250594857543, 13.171762625789848 ], [ 121.44249735576652, 13.171612786568934 ], [ 121.442494558733955, 13.171459721376253 ], [ 121.44249517565369, 13.171369888903564 ], [ 121.442500638735041, 13.171191147023942 ], [ 121.442505340494748, 13.171102332211579 ], [ 121.442518222398206, 13.170930653357768 ], [ 121.442557078802551, 13.170555602511689 ], [ 121.442561812078438, 13.170446777792407 ], [ 121.442560379943103, 13.17037445673339 ], [ 121.442550450621354, 13.170231758330718 ], [ 121.442521175994031, 13.169917486208737 ], [ 121.442502174106281, 13.169749788036302 ], [ 121.442490262561051, 13.169666597989114 ], [ 121.442476187386248, 13.169585595777557 ], [ 121.442459752850553, 13.169507893028833 ], [ 121.442441122913635, 13.169434530089019 ], [ 121.442406770750196, 13.169323316958753 ], [ 121.442352895983234, 13.169175238313699 ], [ 121.442231193435447, 13.16885557599818 ], [ 121.442208526268814, 13.168788823561725 ], [ 121.442186568261334, 13.168717812562214 ], [ 121.442165678464207, 13.168643529618668 ], [ 121.44212689295145, 13.168490645315954 ], [ 121.44205720163049, 13.16820480985111 ], [ 121.442028099983716, 13.168070292430732 ], [ 121.442015688834744, 13.167998455708616 ], [ 121.442005161908014, 13.16792276778323 ], [ 121.441996757457758, 13.167843915030936 ], [ 121.441990437487064, 13.167762582419542 ], [ 121.441982828449795, 13.167594913416471 ], [ 121.441976519321997, 13.167339109732264 ], [ 121.441973294981906, 13.167254418874258 ], [ 121.441968231346166, 13.167170380014053 ], [ 121.441960549264763, 13.167089031195054 ], [ 121.441949430009132, 13.167010675453277 ], [ 121.441934230403476, 13.166936366134324 ], [ 121.441914599337224, 13.166867234283993 ], [ 121.441890638597314, 13.16680432544976 ], [ 121.441862938143544, 13.166748277132154 ], [ 121.441832201945161, 13.166698738309643 ], [ 121.441796042620581, 13.166651022343784 ], [ 121.441754945826503, 13.166605300435004 ], [ 121.441709697564633, 13.166561247595093 ], [ 121.441661837781396, 13.166518886133815 ], [ 121.441613014370446, 13.166478285394614 ], [ 121.44145880168287, 13.166356728998778 ], [ 121.441358858095384, 13.166273328968845 ], [ 121.44128356471299, 13.166203199666686 ], [ 121.441070187193674, 13.165992173978976 ], [ 121.441017758404897, 13.165943318289825 ], [ 121.440953326566387, 13.165886303217437 ], [ 121.440836064306112, 13.165790776757396 ], [ 121.440741260580566, 13.165719905883769 ], [ 121.440608799725993, 13.165624078652826 ], [ 121.440532877196034, 13.165565212391895 ], [ 121.440476013108494, 13.165516931482726 ], [ 121.440421822610844, 13.165466359098277 ], [ 121.440378063123987, 13.165421073250595 ], [ 121.440337134402512, 13.165373743804805 ], [ 121.440299172297628, 13.165324099645794 ], [ 121.440264682399658, 13.165272353299445 ], [ 121.440233677410504, 13.165217702358527 ], [ 121.440214628268436, 13.165178336476684 ], [ 121.440196937631399, 13.165135975526214 ], [ 121.44018085669633, 13.165090589031772 ], [ 121.440166601204496, 13.165042350811655 ], [ 121.44015429723386, 13.164991545369865 ], [ 121.44014397227906, 13.164938506969023 ], [ 121.440132049269067, 13.164855518263797 ], [ 121.440124012673706, 13.16476938389642 ], [ 121.440120087002057, 13.164700456942905 ], [ 121.440117316856046, 13.164562281074346 ], [ 121.440120236897812, 13.164421026845256 ], [ 121.440123730765094, 13.164351257075799 ], [ 121.440130057514153, 13.164266950062315 ], [ 121.440139045578007, 13.16418464368709 ], [ 121.440151417534068, 13.164105117835408 ], [ 121.440168241789635, 13.164029370939861 ], [ 121.440190989094944, 13.163958675670708 ], [ 121.44020990083709, 13.163916097623195 ], [ 121.440234766343551, 13.163872317576056 ], [ 121.440289209233725, 13.163786154544828 ], [ 121.440341601895497, 13.16369084065353 ], [ 121.440650776515511, 13.163082169436059 ], [ 121.440710526951875, 13.162957553820284 ], [ 121.440766143855583, 13.162830372882711 ], [ 121.440799004909366, 13.162746973079422 ], [ 121.440814315663758, 13.162704012801603 ], [ 121.440836078870475, 13.162635264607719 ], [ 121.44085575481148, 13.162560934153563 ], [ 121.440872630687934, 13.162481768865712 ], [ 121.44088638868574, 13.162398749486531 ], [ 121.44089703456649, 13.162312838102279 ], [ 121.440904795202556, 13.162224413556736 ], [ 121.440909821850653, 13.162135658110246 ], [ 121.44091234523242, 13.162045791515867 ], [ 121.44091237924529, 13.16195589324272 ], [ 121.440909786012568, 13.161866612455876 ], [ 121.440904318197212, 13.161778640030132 ], [ 121.440895663214533, 13.161692780724012 ], [ 121.44088353365278, 13.161609970395693 ], [ 121.440867810085464, 13.161531254144123 ], [ 121.4408486974677, 13.16145767825399 ], [ 121.440826804928335, 13.161390018597748 ], [ 121.44081097615468, 13.161347986539722 ], [ 121.440775841934368, 13.161267277716062 ], [ 121.440745753228043, 13.161207259057955 ], [ 121.440712518114637, 13.161148258185026 ], [ 121.440676645693117, 13.161091951379472 ], [ 121.440638686353253, 13.161039562238784 ], [ 121.440598550021591, 13.16099078408836 ], [ 121.44056298324702, 13.160952045555083 ], [ 121.440525543491063, 13.160914901815531 ], [ 121.440461865552322, 13.160858699037574 ], [ 121.440410224815395, 13.160818281713956 ], [ 121.440355165679605, 13.160778824992111 ], [ 121.440298628690329, 13.160740882084161 ], [ 121.44020482330545, 13.160681243791283 ], [ 121.440129883324389, 13.160635858418795 ], [ 121.440013693321433, 13.160570365426583 ], [ 121.439954671784236, 13.160539661849505 ], [ 121.439893977450723, 13.160510195296846 ], [ 121.439829334167385, 13.160481228678748 ], [ 121.439760483653714, 13.160452650089216 ], [ 121.439546783786653, 13.160368502261043 ], [ 121.43948023153358, 13.160340249255734 ], [ 121.439417881154654, 13.160311693330662 ], [ 121.439356902499114, 13.160281512386884 ], [ 121.439308481713653, 13.160255682152181 ], [ 121.439260865975683, 13.160228199067678 ], [ 121.439215045975018, 13.160199095396914 ], [ 121.439172324340177, 13.160168686266385 ], [ 121.43913338127966, 13.160137145542956 ], [ 121.439089897690181, 13.16009588342815 ], [ 121.439057743199058, 13.160059608516331 ], [ 121.439029149867437, 13.160021281146104 ], [ 121.439009350354482, 13.159989624873553 ], [ 121.438992173461259, 13.159956704372755 ], [ 121.438973787961856, 13.159911419548342 ], [ 121.438960066557954, 13.159862421482149 ], [ 121.438951777834447, 13.159810443717303 ], [ 121.438949346344074, 13.15975674840565 ], [ 121.438952696495988, 13.159702781866622 ], [ 121.438961266682938, 13.15964989433621 ], [ 121.43897414485528, 13.159599036732164 ], [ 121.438986583060142, 13.159560821045313 ], [ 121.439011991252343, 13.159496762201039 ], [ 121.439041642604508, 13.159433194887646 ], [ 121.43907427158905, 13.159369967738623 ], [ 121.439116133526625, 13.159293784490664 ], [ 121.439206634378039, 13.159133262833073 ], [ 121.439279858183369, 13.159009137387745 ], [ 121.439329924585081, 13.158932213677913 ], [ 121.439393574996927, 13.15884447721637 ], [ 121.439486627612041, 13.158725347775961 ], [ 121.439551384044023, 13.158638959777329 ], [ 121.439639663009061, 13.158509524161696 ], [ 121.439732972232378, 13.158360609091837 ], [ 121.43987047973701, 13.158123465676594 ], [ 121.439938123849714, 13.158010824651294 ], [ 121.44002575335756, 13.157874437412291 ], [ 121.440087671144482, 13.157788986895792 ], [ 121.44014129430515, 13.157723207928489 ], [ 121.440183471774432, 13.157675748932723 ], [ 121.440257130790343, 13.157599543893358 ], [ 121.440444990984631, 13.157420763837475 ], [ 121.440626262578391, 13.157234932439739 ], [ 121.440724864710802, 13.157137356348739 ], [ 121.440810720514378, 13.157057134531232 ], [ 121.440940538836088, 13.156940546342135 ], [ 121.441003469738362, 13.156882053696304 ], [ 121.441157509246139, 13.15672907112641 ], [ 121.44121934314667, 13.15666950846501 ], [ 121.441274772190113, 13.156619323060855 ], [ 121.441331887471776, 13.156570942212181 ], [ 121.44138247422292, 13.15653098072799 ], [ 121.441424727954072, 13.156499589389368 ], [ 121.441491310033598, 13.156453030217044 ], [ 121.441640602112969, 13.15635508092816 ], [ 121.441769679213948, 13.156274167645011 ], [ 121.441900178067428, 13.156198162898049 ], [ 121.441995559124805, 13.15614793779805 ], [ 121.442054576930715, 13.156119101347766 ], [ 121.442304221825751, 13.156002182917989 ], [ 121.442342628648774, 13.155982730545364 ], [ 121.44238574779979, 13.155958455018304 ], [ 121.442433873109081, 13.155925389783791 ], [ 121.442462383029437, 13.155900930943844 ], [ 121.442492381596367, 13.15586955982835 ], [ 121.44252390824154, 13.155828478484855 ], [ 121.442550616011445, 13.155785492356848 ], [ 121.442585147930373, 13.155716480119183 ], [ 121.442615302458421, 13.155643096780883 ], [ 121.442663161413094, 13.155508382220797 ], [ 121.442821855081306, 13.155040465019173 ], [ 121.442857118311522, 13.154949366578403 ], [ 121.442875321186222, 13.154906803939324 ], [ 121.442903246876185, 13.15484658609291 ], [ 121.442932644786339, 13.154788342428045 ], [ 121.442968939073438, 13.154721902979496 ], [ 121.443006987837691, 13.154657685701459 ], [ 121.443050775747409, 13.154589853130112 ], [ 121.443129524226336, 13.154473634421224 ], [ 121.443159590448559, 13.154421977236524 ], [ 121.443181357207578, 13.154377031753491 ], [ 121.443197892664628, 13.154331883545977 ], [ 121.443205963728559, 13.154298579991192 ], [ 121.443208960567659, 13.154278125860465 ], [ 121.443210422021949, 13.154245126654045 ], [ 121.443208485837218, 13.154216015061822 ], [ 121.443202654402327, 13.154178250253464 ], [ 121.44316868185328, 13.154013655384935 ], [ 121.443158125189143, 13.153943260482096 ], [ 121.443158717736338, 13.153928581971211 ], [ 121.443158346936912, 13.15392857972371 ], [ 121.443158219381914, 13.153928578950568 ], [ 121.443157836716836, 13.153928576631143 ], [ 121.443157432298264, 13.153928574179865 ], [ 121.443157333418426, 13.153928573580615 ], [ 121.443153773743745, 13.153928552004464 ], [ 121.443153594110271, 13.153928550915714 ], [ 121.443153391534381, 13.153928549687796 ], [ 121.443151520026262, 13.153928538344186 ], [ 121.443150218757012, 13.153928530456765 ], [ 121.443148695191326, 13.153928521222019 ], [ 121.443144632349345, 13.153928496596045 ], [ 121.443144378421721, 13.153928495056864 ], [ 121.443143077152513, 13.153928487169489 ], [ 121.443141763094133, 13.153928479204678 ], [ 121.443141463867647, 13.15392847739089 ], [ 121.443140823435002, 13.153928473509033 ], [ 121.443135953233465, 13.153928443989297 ], [ 121.443131083031886, 13.153928414469304 ], [ 121.443067180085293, 13.153928027123744 ], [ 121.443003277140775, 13.153927639762305 ], [ 121.44299602718219, 13.153927595814118 ], [ 121.442988777223505, 13.153927551865724 ], [ 121.442987190968353, 13.153927389670951 ], [ 121.442985324031113, 13.153921522650867 ], [ 121.442984062286357, 13.153909679194081 ], [ 121.442981906195712, 13.153774236747793 ], [ 121.442979855797162, 13.153729958361199 ], [ 121.442972582066133, 13.153680582770317 ], [ 121.442962008117092, 13.15364770057908 ], [ 121.442954054853459, 13.153631693828483 ], [ 121.442944978329294, 13.153617809556142 ], [ 121.442934910186224, 13.1536057279089 ], [ 121.442912028379041, 13.153585225205545 ], [ 121.442870991044359, 13.15355600703934 ], [ 121.44284634026387, 13.15353547989759 ], [ 121.442827027196216, 13.15351188743578 ], [ 121.442818664872561, 13.153497073553414 ], [ 121.442811475899504, 13.153480037313946 ], [ 121.4428023691855, 13.153447052707413 ], [ 121.442797496006435, 13.153418424170416 ], [ 121.442786169033425, 13.153324734637543 ], [ 121.442777839333488, 13.153287316041144 ], [ 121.442771290842046, 13.153268961764825 ], [ 121.442763662703356, 13.153253398625418 ], [ 121.442745653099593, 13.153228782726007 ], [ 121.442722324181929, 13.153207757346776 ], [ 121.442694194836122, 13.153186834460882 ], [ 121.442678261365188, 13.153172918381969 ], [ 121.442662056747267, 13.153155646002054 ], [ 121.442646919887636, 13.153135290909896 ], [ 121.442633627424016, 13.153112027622267 ], [ 121.442619078447009, 13.15307494493552 ], [ 121.442612260273464, 13.153044772672619 ], [ 121.442610786971173, 13.153030670931722 ], [ 121.442611693621998, 13.153021306240978 ], [ 121.442607726736753, 13.153020157930952 ], [ 121.442597581298187, 13.15302069262694 ], [ 121.442567861225555, 13.15302754777974 ], [ 121.442542079147145, 13.153038055715374 ], [ 121.442514673598424, 13.153054309427585 ], [ 121.442488100583333, 13.153076735042328 ], [ 121.442465096297482, 13.153104556995192 ], [ 121.442455662252613, 13.153119894820316 ], [ 121.442441902468886, 13.153151624399568 ], [ 121.442436789580611, 13.15317188972065 ], [ 121.442434016457682, 13.153191541105727 ], [ 121.442430589156757, 13.153237182775701 ], [ 121.442429677916422, 13.153315552502818 ], [ 121.442431591087612, 13.153473853466433 ], [ 121.442430534844434, 13.153523347470736 ], [ 121.442427287480555, 13.153569141608688 ], [ 121.44242114984965, 13.153609481116867 ], [ 121.442411700374493, 13.15364384423728 ], [ 121.442402315056114, 13.153665703829807 ], [ 121.442391101963821, 13.153684136627412 ], [ 121.442378285435311, 13.153699352732891 ], [ 121.442363963422721, 13.153711835209421 ], [ 121.442346722276881, 13.153722863902079 ], [ 121.442326270623639, 13.153732280644515 ], [ 121.442285316529038, 13.153743897431527 ], [ 121.442226559677806, 13.15375135934449 ], [ 121.442181011625408, 13.153753208314274 ], [ 121.442104113555885, 13.153752530583665 ], [ 121.4418424024432, 13.15374206228182 ], [ 121.441859056478663, 13.153751023170967 ], [ 121.441887774214834, 13.153780883915028 ], [ 121.441921512674256, 13.153828177332112 ], [ 121.44193960665288, 13.153860747338808 ], [ 121.441955890387604, 13.15389689443492 ], [ 121.441979058894063, 13.153973180255019 ], [ 121.441987435391809, 13.154052436461678 ], [ 121.441982895567762, 13.154102924064922 ], [ 121.441970111220158, 13.154149346473753 ], [ 121.441942372517531, 13.154199937167478 ], [ 121.441904252536929, 13.154237043097345 ], [ 121.44187257541509, 13.154253712257125 ], [ 121.441838785202862, 13.154262264681728 ], [ 121.441700653676591, 13.154264705847028 ], [ 121.441652878254018, 13.154271380277926 ], [ 121.44160591907017, 13.15428536926629 ], [ 121.441572182014653, 13.154301644242684 ], [ 121.441538218784302, 13.15432330345388 ], [ 121.441504111549605, 13.154349640976777 ], [ 121.441453772463049, 13.154394684063103 ], [ 121.441400279931685, 13.154448286042523 ], [ 121.441244960094409, 13.154997501988278 ], [ 121.441156255836987, 13.155130900449731 ], [ 121.441077434396789, 13.155245225024368 ], [ 121.440539197018381, 13.155436078825446 ], [ 121.440496083810956, 13.155450932718653 ], [ 121.439717311104715, 13.155744011868665 ], [ 121.439550751829927, 13.155838668995203 ], [ 121.439393893909013, 13.155942951861391 ], [ 121.439236612079853, 13.156114200398491 ], [ 121.439147906344317, 13.156247597988379 ], [ 121.439078906197224, 13.156352414588717 ], [ 121.438990139730251, 13.156495378641553 ], [ 121.438804511004008, 13.156713962248359 ], [ 121.438795468345219, 13.156751626619142 ], [ 121.438927994796302, 13.157059448366789 ], [ 121.43888773542254, 13.157250541746725 ], [ 121.438788964150689, 13.157431712473871 ], [ 121.438401711541218, 13.15786570138526 ], [ 121.438261716416605, 13.158022591515353 ], [ 121.438012731835769, 13.158221044866478 ], [ 121.437770574392573, 13.158446177968646 ], [ 121.437531479792128, 13.158677328084124 ], [ 121.437462417585806, 13.158791710607996 ], [ 121.437383653821726, 13.158896467164622 ], [ 121.437343756579949, 13.159030160931691 ], [ 121.437303919916971, 13.159154288157112 ], [ 121.437077996365005, 13.159372951659048 ], [ 121.436552386541067, 13.159653829185308 ], [ 121.436201949761198, 13.159735942840044 ], [ 121.436025988475791, 13.159773138600235 ], [ 121.435850027150693, 13.159810334233669 ], [ 121.435703109437938, 13.159885974264348 ], [ 121.435624587380644, 13.159952464065894 ], [ 121.435584931782273, 13.160047891340259 ], [ 121.435525509024103, 13.160181465712229 ], [ 121.435475848356631, 13.160315099551799 ], [ 121.435406299035421, 13.160506013506453 ], [ 121.435366157545573, 13.160677972877426 ], [ 121.435370374051487, 13.161149477635732 ], [ 121.435381056574698, 13.161162353125141 ], [ 121.435455999602866, 13.161244592546749 ], [ 121.435461983563457, 13.16124768396414 ], [ 121.435486328725787, 13.161255329208998 ], [ 121.435631970581554, 13.161293740907588 ], [ 121.435714405799445, 13.161316979978048 ], [ 121.435776229487274, 13.161336960314349 ], [ 121.435829093301564, 13.161357008965856 ], [ 121.435871486429818, 13.161376112787439 ], [ 121.436010011974005, 13.161445190902388 ], [ 121.436183657961834, 13.161523963724241 ], [ 121.436322386012506, 13.161591294362733 ], [ 121.436365129633458, 13.161609079312756 ], [ 121.436412935709654, 13.161625410591098 ], [ 121.436465007427856, 13.161639124266122 ], [ 121.436492187654352, 13.161644816438143 ], [ 121.436549711395458, 13.161654129992664 ], [ 121.436590255131819, 13.161658881767432 ], [ 121.436708723206522, 13.161667164224433 ], [ 121.436965452847318, 13.161677023769867 ], [ 121.43703835547619, 13.161683127436406 ], [ 121.437077367734616, 13.161688471796424 ], [ 121.437120269096141, 13.161697324731589 ], [ 121.437165148367697, 13.161709502814036 ], [ 121.437208152872628, 13.161723971919928 ], [ 121.437249700244323, 13.161740804383173 ], [ 121.437284826977375, 13.161757675895428 ], [ 121.437316406281099, 13.161775505063769 ], [ 121.437339886302112, 13.161791038532009 ], [ 121.437359448917221, 13.161806202992311 ], [ 121.437381668281205, 13.161828238230894 ], [ 121.437389893259507, 13.161840648276664 ], [ 121.437391320165489, 13.161846474111904 ], [ 121.437390224923675, 13.161848376345464 ], [ 121.437447896733943, 13.161821123147142 ], [ 121.43751452448484, 13.161794134253084 ], [ 121.437561405841151, 13.161777029189524 ], [ 121.437675306955612, 13.161740573127657 ], [ 121.437741136670624, 13.161722336910344 ], [ 121.437811812673402, 13.161704840758196 ], [ 121.437884572875561, 13.161688973019448 ], [ 121.437956098530719, 13.161675478708739 ], [ 121.438027284315879, 13.161664164220619 ], [ 121.438091162528565, 13.161655927648646 ], [ 121.438152889496166, 13.161649861619969 ], [ 121.438259225539099, 13.161644723039268 ], [ 121.438351828676062, 13.161647300024118 ], [ 121.438440427407485, 13.161654955929585 ], [ 121.438525067319929, 13.16166775975476 ], [ 121.438604236810804, 13.161686013319247 ], [ 121.438818785744246, 13.161787555472273 ], [ 121.439069780334393, 13.161906346379974 ], [ 121.439117872241169, 13.162020245784163 ], [ 121.439171952022591, 13.162152119535818 ], [ 121.439183397693867, 13.162271775426557 ], [ 121.439126024144798, 13.162660082023706 ], [ 121.438929907135687, 13.163058957822249 ], [ 121.438889734263114, 13.163185498860226 ], [ 121.438827109837675, 13.163369542163261 ], [ 121.438781544382465, 13.163490901149203 ], [ 121.438734134921333, 13.163610824616809 ], [ 121.438686264325639, 13.163727424453324 ], [ 121.438660791847994, 13.163785435644256 ], [ 121.438634157659635, 13.163841729283821 ], [ 121.438606438413728, 13.163895162178346 ], [ 121.438592483582198, 13.163919489699229 ], [ 121.438337692737065, 13.16424263465753 ], [ 121.438243251361854, 13.16432917809645 ] ], [ [ 121.437146923320711, 13.167466662726028 ], [ 121.437215320287848, 13.167457511867761 ], [ 121.437283535243509, 13.167477062226734 ], [ 121.437332164884523, 13.167506060739594 ], [ 121.437331800876677, 13.167563463212824 ], [ 121.437331315530216, 13.167639999843214 ], [ 121.437340653187633, 13.167707028849714 ], [ 121.437389161545426, 13.167755161515085 ], [ 121.43744743226452, 13.167803353624699 ], [ 121.437437487926417, 13.167831995410532 ], [ 121.437359085837571, 13.167879355177252 ], [ 121.437290688752341, 13.167888506061059 ], [ 121.437290931437019, 13.167850237747432 ], [ 121.437301057803907, 13.167792894733731 ], [ 121.437330648173813, 13.167745237709347 ], [ 121.437301603835621, 13.16770679102668 ], [ 121.437223626479621, 13.167687181206418 ], [ 121.437155532825173, 13.167648496669905 ], [ 121.437116908222777, 13.167581289275041 ], [ 121.437117211604871, 13.167533453885774 ], [ 121.437128310908676, 13.167508502946704 ], [ 121.437146923320711, 13.167466662726028 ] ] ] ] } },
{ "type": "Feature", "properties": { "Class_name": "Rock Bottom", "ID": 5, "Province": "Oriental Mindoro", "Region": "R4B", "Class_Code": "Rb", "Area": 21.639360427500002, "Area (Ha)": 21.642, "Area_3(ha)": 21.641 }, "geometry": { "type": "MultiPolygon", "coordinates": [ [ [ [ 121.447817868612276, 13.192120160517138 ], [ 121.447765414334285, 13.192157639730288 ], [ 121.447714355893197, 13.192196600163495 ], [ 121.447664186959059, 13.192236901953546 ], [ 121.447565715012175, 13.192320601233135 ], [ 121.447421667472355, 13.192451338726212 ], [ 121.447233758933066, 13.192631270163906 ], [ 121.447097162808248, 13.192770402346842 ], [ 121.447010023874483, 13.192866003252162 ], [ 121.446968070951485, 13.192915286194754 ], [ 121.446920739589302, 13.1929742193694 ], [ 121.446875621415387, 13.193034223113008 ], [ 121.446827574929145, 13.193103454463541 ], [ 121.446783609480747, 13.193174120087775 ], [ 121.44674496769845, 13.193246483234487 ], [ 121.446713358503047, 13.193320958003074 ], [ 121.446699169828008, 13.193364349809102 ], [ 121.446687216188906, 13.193408448653088 ], [ 121.446673583424385, 13.193469549248496 ], [ 121.446663151754578, 13.193531493454543 ], [ 121.446656418630141, 13.193594111982826 ], [ 121.446653911764372, 13.193662308485351 ], [ 121.446656537056668, 13.193730805608698 ], [ 121.446662593895653, 13.193787186241497 ], [ 121.446671737603779, 13.193843473018786 ], [ 121.446684477331303, 13.193904359816493 ], [ 121.446733487912468, 13.194103732920617 ], [ 121.446748718099442, 13.194173488299883 ], [ 121.446761145683652, 13.194244428314175 ], [ 121.446770389118143, 13.194315662346918 ], [ 121.446776355407749, 13.194386975498407 ], [ 121.446778758211522, 13.194454257904006 ], [ 121.446777713396926, 13.194521229188094 ], [ 121.446772767399793, 13.19458768371239 ], [ 121.446763274305468, 13.19465339481599 ], [ 121.446749951278605, 13.194713826539841 ], [ 121.446733273299813, 13.194773728341593 ], [ 121.446656193338754, 13.195012567820928 ], [ 121.44657642240837, 13.195275744355751 ], [ 121.446533291238893, 13.19540268094495 ], [ 121.446510725588965, 13.195461229991198 ], [ 121.446457306553498, 13.195583983884077 ], [ 121.446396753236385, 13.195706899542795 ], [ 121.446364008603396, 13.195767512333816 ], [ 121.446307994994683, 13.195862039144574 ], [ 121.446261313756679, 13.195934133262583 ], [ 121.446150369509155, 13.196093407086337 ], [ 121.446033700658347, 13.196253016048772 ], [ 121.445984542477902, 13.196316537272143 ], [ 121.44592350307768, 13.19638899871101 ], [ 121.445865604101769, 13.19645100672531 ], [ 121.445803533311775, 13.196511912977416 ], [ 121.445649499986374, 13.196655971108767 ], [ 121.445582042330372, 13.196721350062875 ], [ 121.44551090913167, 13.196795430997293 ], [ 121.445464713097721, 13.196847700559838 ], [ 121.445421484262496, 13.196900596147461 ], [ 121.445382974576006, 13.196951973057256 ], [ 121.445336848966264, 13.197021415165455 ], [ 121.445305774969967, 13.197077331382918 ], [ 121.44528856782452, 13.197117138248235 ], [ 121.445282536026383, 13.197139864702041 ], [ 121.445283080576374, 13.197148808875976 ], [ 121.44528486020053, 13.197150705360592 ], [ 121.445406571013848, 13.197153771540451 ], [ 121.445436380738954, 13.197151302359618 ], [ 121.445452535718218, 13.197146008345699 ], [ 121.445458574545398, 13.197141358844107 ], [ 121.445462572000878, 13.197135430867176 ], [ 121.445467065699418, 13.19712012986448 ], [ 121.44546911759241, 13.197092528461583 ], [ 121.445469774233416, 13.197033051055033 ], [ 121.445471807986038, 13.197014138260128 ], [ 121.445476805101293, 13.196996820079967 ], [ 121.445481700468306, 13.196988357557208 ], [ 121.445487485805785, 13.196982236751738 ], [ 121.445502934619171, 13.196973927379114 ], [ 121.445530243328022, 13.196969055901935 ], [ 121.445562842377711, 13.196968469263652 ], [ 121.445655022706973, 13.19697216153325 ], [ 121.445660818549655, 13.196973812879911 ], [ 121.445678944621619, 13.196973954235606 ], [ 121.445716363589113, 13.19697118840393 ], [ 121.445775067222002, 13.19696307342336 ], [ 121.445851834597377, 13.196947560667004 ], [ 121.445939631289491, 13.196923938533866 ], [ 121.446010624237545, 13.196900461884493 ], [ 121.446081462869557, 13.19687317972561 ], [ 121.446164198419538, 13.196836399248923 ], [ 121.44624488630572, 13.196795172795072 ], [ 121.446322850832331, 13.196749638584405 ], [ 121.44638813417312, 13.196706477174889 ], [ 121.446446614544882, 13.196663221325659 ], [ 121.446497620917015, 13.196621120813417 ], [ 121.446594280243175, 13.196535386818969 ], [ 121.446688543181267, 13.196446905626182 ], [ 121.446780309042282, 13.196356006635529 ], [ 121.446868767121373, 13.196262457262504 ], [ 121.446952699484626, 13.196165356080702 ], [ 121.446992388028661, 13.196115100628667 ], [ 121.447030229177912, 13.196063661005292 ], [ 121.447066088699899, 13.196010672067596 ], [ 121.447100474845584, 13.195954699764778 ], [ 121.44713335440062, 13.195895396210217 ], [ 121.447163721668417, 13.195834848090476 ], [ 121.447191694124569, 13.195773233594599 ], [ 121.447216595148689, 13.195712207325805 ], [ 121.44723908207159, 13.195649330298183 ], [ 121.447257757353626, 13.195587816611626 ], [ 121.447274336311708, 13.195521461157529 ], [ 121.447288362312221, 13.19545078221226 ], [ 121.447299691345805, 13.195376523501386 ], [ 121.447308563844345, 13.195298664550576 ], [ 121.447320198686015, 13.195139141809106 ], [ 121.447331369391918, 13.194894871185999 ], [ 121.447342455548281, 13.19472575379892 ], [ 121.447351491853127, 13.194640095727138 ], [ 121.447363575460997, 13.194557582436952 ], [ 121.447379027282693, 13.194479251162441 ], [ 121.447397756532141, 13.194406130776635 ], [ 121.44741920397864, 13.19433897041986 ], [ 121.447442837202715, 13.194277009770682 ], [ 121.447469084208336, 13.194217136763681 ], [ 121.447492370420434, 13.194169291859055 ], [ 121.447517596146028, 13.194121810545347 ], [ 121.447544600784269, 13.194075305220085 ], [ 121.44757295856472, 13.194030746981694 ], [ 121.447602415007339, 13.193988515542163 ], [ 121.447654210208853, 13.193922236997649 ], [ 121.447695613076974, 13.193874583078262 ], [ 121.447738873672208, 13.193828364582316 ], [ 121.447814966124696, 13.193753198679431 ], [ 121.447909979365534, 13.19366313580559 ], [ 121.448000557651042, 13.193572364401676 ], [ 121.448221609195016, 13.193333476112164 ], [ 121.448311712645378, 13.193241141437181 ], [ 121.448404538700728, 13.193152063200351 ], [ 121.448500547821382, 13.193066406657918 ], [ 121.448555713635017, 13.193020516816826 ], [ 121.448612069600856, 13.192976057042992 ], [ 121.448669602256402, 13.192933076780138 ], [ 121.448748662749878, 13.192877859630084 ], [ 121.449223343399055, 13.192570845746513 ], [ 121.449444783821107, 13.192432476317199 ], [ 121.449525760451394, 13.192379463563167 ], [ 121.449649476617026, 13.192292497051451 ], [ 121.449701469590394, 13.192253799703469 ], [ 121.44980226278868, 13.192174596895487 ], [ 121.449881538241257, 13.192107782969353 ], [ 121.449919984665115, 13.1920730706724 ], [ 121.449991670221436, 13.192001692056854 ], [ 121.450059623642531, 13.191923756259795 ], [ 121.450203303617471, 13.191744494763485 ], [ 121.450245592296156, 13.191696522966788 ], [ 121.450289190330679, 13.191651004884875 ], [ 121.450335381391, 13.191606368715451 ], [ 121.450432265399527, 13.19151975116611 ], [ 121.450529982464474, 13.191436289582498 ], [ 121.450979536283583, 13.191064388620738 ], [ 121.451029465529345, 13.191021055638519 ], [ 121.45107739438474, 13.190976746428944 ], [ 121.451122243157286, 13.190931466569976 ], [ 121.451164705529877, 13.190883965155326 ], [ 121.451205622211845, 13.190833189632977 ], [ 121.451244452978088, 13.190780234908253 ], [ 121.451281241358529, 13.190725789981251 ], [ 121.451326132698298, 13.190653485529602 ], [ 121.451347347775652, 13.190616645168216 ], [ 121.451395984794075, 13.190524238856657 ], [ 121.451459452248542, 13.19038714576104 ], [ 121.451500696915872, 13.190289246410535 ], [ 121.451555496933295, 13.190151127397593 ], [ 121.451588873856636, 13.190076740977446 ], [ 121.451624699508557, 13.190009840123475 ], [ 121.451760869804573, 13.189785802595033 ], [ 121.451798350621033, 13.189717390032934 ], [ 121.451833459717747, 13.189647584284485 ], [ 121.451860408835046, 13.189588701198788 ], [ 121.451885309570187, 13.189527674577665 ], [ 121.451908432048981, 13.189461584326459 ], [ 121.451929170208444, 13.189389614438282 ], [ 121.451946830465388, 13.189312438560378 ], [ 121.451961147431831, 13.189231027155703 ], [ 121.451972238329887, 13.189146357794282 ], [ 121.451980520679257, 13.189058685632945 ], [ 121.451989480537165, 13.188902812317693 ], [ 121.451993177625425, 13.188766998493806 ], [ 121.451994065180912, 13.188562388277887 ], [ 121.451992093074139, 13.188425816488257 ], [ 121.451985855688562, 13.188245727552866 ], [ 121.451974111814636, 13.188069811677352 ], [ 121.451965617547827, 13.187984471307416 ], [ 121.45195519000147, 13.187901650825312 ], [ 121.451942926629926, 13.187822050400614 ], [ 121.451929200274265, 13.187746394468929 ], [ 121.451872123931793, 13.187472854291197 ], [ 121.451859555091218, 13.187401001358031 ], [ 121.451848541651827, 13.187325446632533 ], [ 121.451839444635695, 13.187246807135494 ], [ 121.451832373494256, 13.187165696125092 ], [ 121.451823813129479, 13.186997715430163 ], [ 121.451820857683941, 13.186825826423362 ], [ 121.451819860027626, 13.186478056733156 ], [ 121.451814793624365, 13.186306455764152 ], [ 121.451809251118362, 13.186222786736712 ], [ 121.451800930235606, 13.186141447460818 ], [ 121.451789366559026, 13.186063309946654 ], [ 121.451774315016408, 13.185989360270332 ], [ 121.451755876872156, 13.1859205792334 ], [ 121.451734551054017, 13.18585767849919 ], [ 121.45170952429379, 13.185797254135579 ], [ 121.451681265552892, 13.185739727180019 ], [ 121.451649070140803, 13.185683499380742 ], [ 121.451613235910941, 13.18562984498022 ], [ 121.451574220829642, 13.185580178355075 ], [ 121.451532433606573, 13.185535299348766 ], [ 121.451496312682536, 13.185502105214074 ], [ 121.45145702957258, 13.185470639501091 ], [ 121.451392602445083, 13.185426869119345 ], [ 121.451324220683162, 13.185388256909919 ], [ 121.451245439375839, 13.185351613807224 ], [ 121.4512038248523, 13.185335335241891 ], [ 121.451136140823905, 13.185313060556659 ], [ 121.451061781217817, 13.185293871331542 ], [ 121.450981639135478, 13.185278285819972 ], [ 121.450896916106444, 13.185266326200749 ], [ 121.450807985488112, 13.185257510182518 ], [ 121.450718406251482, 13.185251328135958 ], [ 121.450350745310331, 13.185235166976584 ], [ 121.450260064350516, 13.185229179085249 ], [ 121.450172178463305, 13.185220929443412 ], [ 121.450087457375176, 13.185209822538386 ], [ 121.450006909346058, 13.185195570057033 ], [ 121.449931543007253, 13.185178278977892 ], [ 121.44986209957024, 13.185158509756045 ], [ 121.449818842510965, 13.185144267123798 ], [ 121.449735214438164, 13.185112877989688 ], [ 121.449634244647896, 13.185069200196921 ], [ 121.449584241655529, 13.185045264115898 ], [ 121.449488873173777, 13.184994785567705 ], [ 121.449377688062455, 13.184928122680608 ], [ 121.449113336992269, 13.184758983734017 ], [ 121.449006326486938, 13.184695864840121 ], [ 121.448827502233982, 13.184595517287255 ], [ 121.448704878618685, 13.184528950902711 ], [ 121.448546568708593, 13.184446308969154 ], [ 121.44837305151664, 13.184358769986359 ], [ 121.448317998976904, 13.184332880989032 ], [ 121.448315647938685, 13.184359287694175 ], [ 121.448316658732523, 13.184430544303476 ], [ 121.44832341848506, 13.184501696094467 ], [ 121.448329670642153, 13.184541825099409 ], [ 121.448337934339023, 13.18458246226516 ], [ 121.448348522300719, 13.184623761422728 ], [ 121.448360435142092, 13.184661641165899 ], [ 121.448374486283512, 13.184698836115629 ], [ 121.448403957834898, 13.184760275191067 ], [ 121.448433782240926, 13.184808120880877 ], [ 121.448464187579233, 13.184847621684858 ], [ 121.448496012087233, 13.184882225008376 ], [ 121.448586941032531, 13.184972165039015 ], [ 121.448703332785982, 13.185100747351559 ], [ 121.448733522684776, 13.185131235574197 ], [ 121.448764247951587, 13.18515911577585 ], [ 121.448796815132354, 13.185185248594923 ], [ 121.448832460687555, 13.18521049260683 ], [ 121.448871013280765, 13.185234853575624 ], [ 121.44891074784104, 13.185257752797355 ], [ 121.448951328242813, 13.185279577309261 ], [ 121.449029583916229, 13.185318624428021 ], [ 121.449108708138297, 13.185352896454059 ], [ 121.449152017951846, 13.185368492671364 ], [ 121.449199291891119, 13.18538293411701 ], [ 121.449250176952361, 13.185395909141803 ], [ 121.449303916218923, 13.185407403083779 ], [ 121.44947255232762, 13.185437399238308 ], [ 121.449528376229111, 13.185448365739441 ], [ 121.449581667050964, 13.185460959218078 ], [ 121.44963156936727, 13.185475685647557 ], [ 121.449677140452607, 13.185492621068384 ], [ 121.449721432641581, 13.18551325096718 ], [ 121.449765785112533, 13.185538765021342 ], [ 121.44980978733372, 13.185569078599228 ], [ 121.44984984136444, 13.185600717377843 ], [ 121.449887977628322, 13.185633978458075 ], [ 121.449924312442732, 13.185668105598507 ], [ 121.449999751317833, 13.185742839847244 ], [ 121.450054785952247, 13.185793908594796 ], [ 121.450082987896508, 13.185827918428158 ], [ 121.450094540795348, 13.185845969830897 ], [ 121.450109145730352, 13.185874541576394 ], [ 121.450119065312322, 13.185899395330733 ], [ 121.450132354942838, 13.185943958738571 ], [ 121.450144764357731, 13.186008534440935 ], [ 121.450151999816583, 13.18607521379546 ], [ 121.450155260265348, 13.186140618224789 ], [ 121.450155671108519, 13.186201419324119 ], [ 121.450150479843785, 13.186332681200311 ], [ 121.450154529294267, 13.186335317450924 ], [ 121.450160631505057, 13.186360662256966 ], [ 121.450160488413076, 13.186377074922154 ], [ 121.450154208681923, 13.186422225372189 ], [ 121.450147404085627, 13.186450320336245 ], [ 121.450131979655481, 13.186499139958705 ], [ 121.450109866669649, 13.186556787468403 ], [ 121.450057846676245, 13.186681041811434 ], [ 121.450035831396832, 13.186738534927029 ], [ 121.450008714647666, 13.186828112260821 ], [ 121.449997457734042, 13.186888952065852 ], [ 121.449993728213087, 13.186945682427639 ], [ 121.449994584668701, 13.186974220098431 ], [ 121.449998209967973, 13.187009315541902 ], [ 121.450013680466313, 13.187081965307335 ], [ 121.450032909220837, 13.187160312502808 ], [ 121.450042203015173, 13.187206327746635 ], [ 121.450049622247988, 13.187256316221344 ], [ 121.450054123881316, 13.187309672579905 ], [ 121.450054944886574, 13.18736521302108 ], [ 121.450051766404314, 13.187421550854484 ], [ 121.450044743863884, 13.187477340732157 ], [ 121.450034443053028, 13.187531498983816 ], [ 121.45002461033954, 13.1875723807242 ], [ 121.45000058679733, 13.187654468466489 ], [ 121.449982091839487, 13.187709562067473 ], [ 121.449939315898988, 13.187823417544463 ], [ 121.449892271006448, 13.187933364917617 ], [ 121.449805728645302, 13.188113420621081 ], [ 121.44978809084482, 13.18815317643732 ], [ 121.449773569947126, 13.188190870890461 ], [ 121.449762372555313, 13.188227003671873 ], [ 121.449754401797051, 13.18826270604816 ], [ 121.449749715640408, 13.188298827227131 ], [ 121.449748509878461, 13.188335225603456 ], [ 121.449750774404436, 13.188371455441619 ], [ 121.449756270004897, 13.188407343248503 ], [ 121.449767423345889, 13.188453027220094 ], [ 121.449783529325302, 13.188502516387715 ], [ 121.449842654335981, 13.18865907100896 ], [ 121.449862623313592, 13.188717931272192 ], [ 121.449881875234652, 13.18878223779868 ], [ 121.449899703033125, 13.188851295494285 ], [ 121.449915731101385, 13.188924133636695 ], [ 121.449929916238418, 13.188999693936793 ], [ 121.449942434616332, 13.189076703700152 ], [ 121.449964037650787, 13.189231995831653 ], [ 121.449982659397136, 13.189380260593978 ], [ 121.449990809995214, 13.1894485734769 ], [ 121.449996128160919, 13.18951492698462 ], [ 121.449997517368715, 13.189589488631936 ], [ 121.449993091944336, 13.189670702827833 ], [ 121.449980762408572, 13.189757728270843 ], [ 121.449959997776233, 13.189844298416586 ], [ 121.449942364712143, 13.189898234602762 ], [ 121.449922684520459, 13.189947575312781 ], [ 121.449901298456126, 13.189992499068813 ], [ 121.449875570951775, 13.190037403662243 ], [ 121.449851893495008, 13.190071101169911 ], [ 121.449832563546295, 13.190093424907031 ], [ 121.449812925642121, 13.190111196708614 ], [ 121.449788324569042, 13.190126084149512 ], [ 121.449768978754463, 13.190131120852291 ], [ 121.44975755179162, 13.190126936559754 ], [ 121.44976162143135, 13.19023595950925 ], [ 121.449762739883198, 13.190342534395688 ], [ 121.449758542212223, 13.190478329634136 ], [ 121.449753418270816, 13.190551296725038 ], [ 121.449745821499732, 13.190625736272965 ], [ 121.449736135356019, 13.190695838400766 ], [ 121.449723802479085, 13.190764670874186 ], [ 121.449710627441206, 13.190823290979345 ], [ 121.449695282990817, 13.190879112359404 ], [ 121.449665944626545, 13.190961737543379 ], [ 121.449647033758282, 13.191003505230064 ], [ 121.449613262383977, 13.191065784926224 ], [ 121.44957616828188, 13.191126208422073 ], [ 121.449536325313971, 13.191185016074115 ], [ 121.449498789631306, 13.191236126527865 ], [ 121.449471766982384, 13.191364005647765 ], [ 121.449402820530693, 13.191459263115691 ], [ 121.44927493207787, 13.191611568621571 ], [ 121.449108533004875, 13.191677533564635 ], [ 121.44897136355776, 13.191753242859718 ], [ 121.448804964325817, 13.191819207585132 ], [ 121.448599571964039, 13.191875368550795 ], [ 121.448364829120678, 13.191940919026866 ], [ 121.448159315866846, 13.192016213836308 ], [ 121.447854079603346, 13.192096174421158 ], [ 121.447817868612276, 13.192120160517138 ] ] ] ] } },
{ "type": "Feature", "properties": { "Class_name": "Rock Bottom", "ID": 5, "Province": "Oriental Mindoro", "Region": "R4B", "Class_Code": "Rb", "Area": 4.1332420221800001, "Area (Ha)": 3.978, "Area_3(ha)": 3.978 }, "geometry": { "type": "MultiPolygon", "coordinates": [ [ [ [ 121.446783562955659, 13.199882805637996 ], [ 121.447070863017217, 13.200026896815892 ], [ 121.447109624110396, 13.200078715764628 ], [ 121.447217442970597, 13.200222856560641 ], [ 121.447235447896659, 13.200270800315637 ], [ 121.447253339505338, 13.200336681339991 ], [ 121.447283322557936, 13.200420573655881 ], [ 121.447294960708945, 13.200510334028321 ], [ 121.44715277477772, 13.201475007280035 ], [ 121.447129221239592, 13.201695824701849 ], [ 121.447092900524495, 13.202130424763325 ], [ 121.447073330502619, 13.202299422472317 ], [ 121.447060995474104, 13.202379819085543 ], [ 121.44704703468993, 13.202456294438806 ], [ 121.447375913832602, 13.202979239617056 ], [ 121.447484538273741, 13.20334734076711 ], [ 121.447555409537642, 13.203720901791957 ], [ 121.447747707613985, 13.203420692980208 ], [ 121.447733968419868, 13.203277097664232 ], [ 121.447735600112026, 13.203018785975933 ], [ 121.447766613745273, 13.202746301271983 ], [ 121.447841473583438, 13.202488433644206 ], [ 121.447901325066653, 13.202287879770559 ], [ 121.448005475820068, 13.202030189665951 ], [ 121.448124090703587, 13.201801289589307 ], [ 121.448169567971206, 13.201557594844859 ], [ 121.448142813944003, 13.20115559895083 ], [ 121.448070945307833, 13.200939895195527 ], [ 121.447998895544274, 13.200752892738286 ], [ 121.447970782484788, 13.200566156652636 ], [ 121.447913469021657, 13.200364892324011 ], [ 121.447841510123354, 13.200163539192808 ], [ 121.44776973257585, 13.199933484744887 ], [ 121.447546817827643, 13.199737867863679 ], [ 121.447536343304705, 13.199696689395244 ], [ 121.447522866963837, 13.199657698239918 ], [ 121.44750655346617, 13.199620981229021 ], [ 121.447481668976891, 13.19957655707333 ], [ 121.447450756319867, 13.199531718957722 ], [ 121.447414452236998, 13.199486796398423 ], [ 121.447374533003511, 13.199442614848339 ], [ 121.447288005161298, 13.199356093848413 ], [ 121.44714700469595, 13.199226406420973 ], [ 121.446927624041308, 13.199033221589634 ], [ 121.446708075906756, 13.198848610492526 ], [ 121.446597548131251, 13.198759428895125 ], [ 121.446486548212775, 13.198673995945487 ], [ 121.446402586021705, 13.198614485544091 ], [ 121.446382779216833, 13.198603702213582 ], [ 121.446371426910517, 13.198813148438123 ], [ 121.446370891430902, 13.198911155776964 ], [ 121.446375386979483, 13.198963168453066 ], [ 121.446380229131577, 13.198990909393871 ], [ 121.446387287428749, 13.199017469199175 ], [ 121.446396332475118, 13.199040780853714 ], [ 121.446407327354891, 13.199060941188044 ], [ 121.446419940160425, 13.199077838944676 ], [ 121.446434046378442, 13.199091916672369 ], [ 121.446449515682644, 13.199103600777706 ], [ 121.446467950985138, 13.199114210224328 ], [ 121.446489398714888, 13.19912363941526 ], [ 121.446513360301381, 13.199131860976921 ], [ 121.446617388183299, 13.199160211144072 ], [ 121.4466408810611, 13.199168743561591 ], [ 121.446661757035912, 13.199178528624312 ], [ 121.446679604970456, 13.199189494599951 ], [ 121.446694562521913, 13.199201546728293 ], [ 121.446707516865672, 13.199215226486654 ], [ 121.446719149002561, 13.199231457658184 ], [ 121.446729352601835, 13.199250597038773 ], [ 121.446737863959356, 13.19927253389265 ], [ 121.446744562176704, 13.199296903968206 ], [ 121.446752947946621, 13.199351100694455 ], [ 121.44675511478448, 13.199380402278804 ], [ 121.446756653527657, 13.199440118688198 ], [ 121.446755335417876, 13.199526315164082 ], [ 121.446743804145868, 13.199871433649838 ], [ 121.446749814714963, 13.199868810563341 ], [ 121.44676197905666, 13.199871722959434 ], [ 121.446783562955659, 13.199882805637996 ] ] ] ] } },
{ "type": "Feature", "properties": { "Class_name": "Rock Bottom", "ID": 5, "Province": "Oriental Mindoro", "Region": "R4B", "Class_Code": "Rb", "Area": 3.0924444005999998, "Area (Ha)": 3.093, "Area_3(ha)": 3.093 }, "geometry": { "type": "MultiPolygon", "coordinates": [ [ [ [ 121.446162267485732, 13.209451625096637 ], [ 121.446097576885336, 13.209453278304176 ], [ 121.445947127400331, 13.20945264820041 ], [ 121.445763656781764, 13.209446027999693 ], [ 121.445620965146148, 13.209435735267641 ], [ 121.445556117385664, 13.209429170017456 ], [ 121.445492388556858, 13.209421293627557 ], [ 121.445388735941208, 13.209404655541602 ], [ 121.445302139460864, 13.209385740332714 ], [ 121.445229757658453, 13.209364668477212 ], [ 121.44516431017496, 13.209341653544195 ], [ 121.445062682840458, 13.209299401331169 ], [ 121.444862681217344, 13.209206838751118 ], [ 121.444782726406501, 13.209173800119121 ], [ 121.444741777063498, 13.20915911656358 ], [ 121.444676861203135, 13.209139705791197 ], [ 121.444607336175466, 13.209124532706289 ], [ 121.444534385221758, 13.209114961779454 ], [ 121.444459813941833, 13.209111929227186 ], [ 121.44438565982135, 13.209115839217663 ], [ 121.444313958730376, 13.209126540407748 ], [ 121.444246497604951, 13.209143311114596 ], [ 121.444184391044345, 13.209164960893101 ], [ 121.444126847611855, 13.209190571044166 ], [ 121.444062103699579, 13.209225617445199 ], [ 121.443999461265278, 13.209265452686012 ], [ 121.443964639989389, 13.209290046365362 ], [ 121.443913760019598, 13.2093289945088 ], [ 121.443864119306539, 13.209370078548597 ], [ 121.443815568554271, 13.209412879199796 ], [ 121.44372174864472, 13.209502772967468 ], [ 121.443632297848751, 13.209597120631102 ], [ 121.44356136060054, 13.209678869675024 ], [ 121.443507260345839, 13.20974678542 ], [ 121.443468671397, 13.209798802831115 ], [ 121.443431696809867, 13.2098522741774 ], [ 121.443395721415442, 13.209908568586284 ], [ 121.443360524347554, 13.209968070354671 ], [ 121.443326977878868, 13.210028528323484 ], [ 121.443295042599033, 13.210088978694916 ], [ 121.443235712292335, 13.210208652051811 ], [ 121.443119524377337, 13.210464186189688 ], [ 121.443076920173041, 13.210551122628988 ], [ 121.443030520448815, 13.210639146224429 ], [ 121.442983450415312, 13.210722105473819 ], [ 121.442931742392673, 13.210807608628169 ], [ 121.442853947849429, 13.210931790802865 ], [ 121.44281939558897, 13.210991025536462 ], [ 121.442801691724497, 13.211029664672154 ], [ 121.442796392250699, 13.211048654017779 ], [ 121.442798010859093, 13.211056521197516 ], [ 121.442798090249767, 13.211065870893931 ], [ 121.442795182197429, 13.211087502411088 ], [ 121.442786709305039, 13.211120268533861 ], [ 121.442777643592123, 13.211142908817825 ], [ 121.442764300784262, 13.211165269899157 ], [ 121.442749788526029, 13.211184206754064 ], [ 121.442733175642587, 13.211202633969723 ], [ 121.442655648848586, 13.211279975074037 ], [ 121.442600215798379, 13.211345727452139 ], [ 121.442574962632236, 13.21136861848014 ], [ 121.44255272199382, 13.21138200044822 ], [ 121.442534060322913, 13.211389731216979 ], [ 121.442512733906341, 13.211396454219027 ], [ 121.442471845209482, 13.211404983125936 ], [ 121.442488230659777, 13.211411421535409 ], [ 121.442532944298449, 13.2114152104407 ], [ 121.442600091514365, 13.211412557747442 ], [ 121.442672439027163, 13.211401827383305 ], [ 121.44274709071324, 13.21138396851951 ], [ 121.442842186593396, 13.211353169601248 ], [ 121.442939899377279, 13.211313236048175 ], [ 121.443023266392345, 13.211272565660016 ], [ 121.443102766881964, 13.211227567915671 ], [ 121.443175788898387, 13.211179611662095 ], [ 121.443236519289698, 13.211132905201293 ], [ 121.443287845231637, 13.211086144038093 ], [ 121.443335189154027, 13.211037773204795 ], [ 121.443402724586377, 13.210960329202766 ], [ 121.443448104074207, 13.210903033637132 ], [ 121.443491810663687, 13.210844317994257 ], [ 121.443543551295491, 13.210770702774454 ], [ 121.443593153448489, 13.210695785748953 ], [ 121.443717585652905, 13.210497787490086 ], [ 121.443756568544345, 13.210440097219593 ], [ 121.443797473715946, 13.210384768300717 ], [ 121.443841072563032, 13.210332700766044 ], [ 121.443887543783504, 13.210285358265924 ], [ 121.443937459429691, 13.210242797662044 ], [ 121.443990923672246, 13.210205813759774 ], [ 121.444056177980343, 13.210171604145788 ], [ 121.444125603635896, 13.210146181148144 ], [ 121.444201899147927, 13.210129148945569 ], [ 121.4442810849783, 13.210120064035545 ], [ 121.444362299859435, 13.210117085211097 ], [ 121.444433925205189, 13.21011828799378 ], [ 121.444731083186724, 13.210135447440571 ], [ 121.44480976435463, 13.210137790707124 ], [ 121.444888215677963, 13.210137398290192 ], [ 121.444966194731364, 13.210133169047007 ], [ 121.445037531396537, 13.21012496955248 ], [ 121.4451081348777, 13.210112782896246 ], [ 121.445177862272658, 13.210096840208156 ], [ 121.445246509932559, 13.210077145354401 ], [ 121.445313798561813, 13.210053461565122 ], [ 121.445379395117072, 13.210025584505489 ], [ 121.445443506142752, 13.209994014906638 ], [ 121.445510748928271, 13.209955887248883 ], [ 121.445579702238717, 13.209912160160167 ], [ 121.445651860057282, 13.209862885055223 ], [ 121.445798791293385, 13.209754968699464 ], [ 121.446006063931193, 13.20959190665063 ], [ 121.446103417869296, 13.209509759912518 ], [ 121.446136142581452, 13.209479335806078 ], [ 121.446162267485732, 13.209451625096637 ] ] ] ] } },
{ "type": "Feature", "properties": { "Class_name": "Rock Bottom", "ID": 5, "Province": "Oriental Mindoro", "Region": "R4B", "Class_Code": "Rb", "Area": 4.67123198071, "Area (Ha)": 4.32, "Area_3(ha)": 4.32 }, "geometry": { "type": "MultiPolygon", "coordinates": [ [ [ [ 121.441242320658915, 13.219900672970747 ], [ 121.441312271787936, 13.219500828590329 ], [ 121.441387055157833, 13.21925732922254 ], [ 121.441438865731911, 13.219171543195321 ], [ 121.441520197652551, 13.219050061323873 ], [ 121.441623271850005, 13.218964587717711 ], [ 121.441748270579836, 13.21888642283861 ], [ 121.441865991402025, 13.218801038381066 ], [ 121.441983575498526, 13.218737178498705 ], [ 121.44207186601237, 13.218673140066752 ], [ 121.442160293111414, 13.218587576957733 ], [ 121.442441322219722, 13.218292226089861 ], [ 121.442384273760936, 13.218300771322415 ], [ 121.442342892366199, 13.218311181515745 ], [ 121.442310384989, 13.218322206680805 ], [ 121.442281284864492, 13.21833442476767 ], [ 121.442232999490045, 13.218359624747071 ], [ 121.44216834226313, 13.218397167641792 ], [ 121.442117822458371, 13.218421144894467 ], [ 121.442086223267182, 13.218432425054909 ], [ 121.442051413135914, 13.218441962205631 ], [ 121.441987036994348, 13.218453467364498 ], [ 121.441932694193312, 13.218458865268135 ], [ 121.441875489674118, 13.218461776516568 ], [ 121.441619940347877, 13.218463089087212 ], [ 121.441553930311088, 13.218465018445258 ], [ 121.441497632162239, 13.218469036221213 ], [ 121.441445103327709, 13.218475917400257 ], [ 121.441383904006798, 13.21848970406857 ], [ 121.441351787010987, 13.21850043283442 ], [ 121.44130068458071, 13.218523649275104 ], [ 121.441230429924744, 13.218562489398172 ], [ 121.441197061253817, 13.218578267120549 ], [ 121.441151053339425, 13.218596311844088 ], [ 121.441124357307558, 13.218605054297932 ], [ 121.441068878367375, 13.218619777470664 ], [ 121.441014364514032, 13.218630271758625 ], [ 121.440939765051183, 13.218638599671422 ], [ 121.440921952961318, 13.218639317142078 ], [ 121.440904590047595, 13.218638209747519 ], [ 121.440786027724755, 13.218861195052659 ], [ 121.440704889780108, 13.219021270504888 ], [ 121.440642646168428, 13.219149646951909 ], [ 121.44058006708029, 13.219288952715047 ], [ 121.440546654820054, 13.219370270872092 ], [ 121.440517856062769, 13.219445556187244 ], [ 121.440376002837198, 13.219827382924368 ], [ 121.440331522389073, 13.219953417206341 ], [ 121.440280671835197, 13.220111067862103 ], [ 121.440258570182706, 13.220190571203185 ], [ 121.44023991462133, 13.220270722147275 ], [ 121.440228970193132, 13.220330069837395 ], [ 121.440220235038794, 13.220389762790486 ], [ 121.440213494297637, 13.220449706117837 ], [ 121.440207643380091, 13.220525575468965 ], [ 121.44020464913126, 13.220601522528215 ], [ 121.440204613255588, 13.220677359495326 ], [ 121.440207892388969, 13.220752876290224 ], [ 121.440214736794758, 13.220825798836909 ], [ 121.440225417779189, 13.220897921727508 ], [ 121.440240323582216, 13.220968913662265 ], [ 121.440260148903633, 13.221038351930089 ], [ 121.440285233238768, 13.221105428998628 ], [ 121.440314579874965, 13.221170897035879 ], [ 121.440346861159597, 13.221235087451827 ], [ 121.44038029755751, 13.22129638163905 ], [ 121.440413823245137, 13.221352399497563 ], [ 121.440448992233897, 13.221405478568929 ], [ 121.440486968142082, 13.221456663723737 ], [ 121.440527765724525, 13.221504595898558 ], [ 121.440556338828756, 13.221533812872103 ], [ 121.440585944285488, 13.221560419162243 ], [ 121.440616836676412, 13.221584447365609 ], [ 121.440667424676235, 13.221616513299875 ], [ 121.440725175800807, 13.221643933684158 ], [ 121.44079004283418, 13.221665395938803 ], [ 121.440858867830414, 13.221679798749689 ], [ 121.441008645073026, 13.221702790347493 ], [ 121.441089924187651, 13.221721443750059 ], [ 121.441168822003718, 13.221747333406736 ], [ 121.441243235364993, 13.221780976257623 ], [ 121.441309555425519, 13.221821942919997 ], [ 121.441355804754394, 13.221860367104091 ], [ 121.441393244629737, 13.221901346147392 ], [ 121.441421018749338, 13.221942967324107 ], [ 121.441435118473606, 13.221972985991513 ], [ 121.441443958552952, 13.222001141410335 ], [ 121.441448455568235, 13.222033702544099 ], [ 121.44144649382045, 13.222058663311941 ], [ 121.441439582217939, 13.222073894193866 ], [ 121.441436350431388, 13.222076479464361 ], [ 121.441512767553107, 13.222073133500009 ], [ 121.441545688184306, 13.22207337207767 ], [ 121.441561860973906, 13.222074959928234 ], [ 121.441578139474558, 13.222078453747757 ], [ 121.441586143451701, 13.222081315722171 ], [ 121.441599239003821, 13.222089095355841 ], [ 121.441607951557614, 13.22209897505669 ], [ 121.441611440308364, 13.222105422077941 ], [ 121.441616492199188, 13.222121694739316 ], [ 121.441618849376638, 13.222139589117404 ], [ 121.441621393282006, 13.22219571418181 ], [ 121.441626212850352, 13.222222957925341 ], [ 121.441629008785355, 13.22223027323526 ], [ 121.441636674750967, 13.222242313876174 ], [ 121.441647353182233, 13.222251067538835 ], [ 121.441653987678436, 13.222254457698739 ], [ 121.441671361927476, 13.222259670674324 ], [ 121.441700660278585, 13.222262637025654 ], [ 121.441804258896525, 13.222259513317811 ], [ 121.441811226543464, 13.222080855651214 ], [ 121.441812880454549, 13.221997767337983 ], [ 121.441813165373773, 13.221905843985324 ], [ 121.441809331748246, 13.221750910834077 ], [ 121.441805044675874, 13.221675086862996 ], [ 121.441798865935084, 13.221600472070227 ], [ 121.441791438382836, 13.221534876003917 ], [ 121.44178218564511, 13.221472561895045 ], [ 121.441762315479494, 13.221377867080122 ], [ 121.44174090771503, 13.221306176568769 ], [ 121.441716936201331, 13.221240398492103 ], [ 121.44169986813624, 13.221199268445154 ], [ 121.441662681742386, 13.221119443123108 ], [ 121.441611813500074, 13.221023038245406 ], [ 121.441584308422549, 13.220975390265261 ], [ 121.441527056099119, 13.220884681391952 ], [ 121.44149032742169, 13.220831192610289 ], [ 121.441341097339105, 13.220623679710391 ], [ 121.441306632414722, 13.220572111036969 ], [ 121.441275112572782, 13.220520351442216 ], [ 121.441243585057748, 13.220460784880563 ], [ 121.441217456705218, 13.220399810195344 ], [ 121.44120582474018, 13.220365445820496 ], [ 121.441196320102677, 13.220330075594946 ], [ 121.441189119623075, 13.220293445678154 ], [ 121.441184454948981, 13.220255823980203 ], [ 121.441182433921313, 13.220217665810427 ], [ 121.441182993293282, 13.220179475875725 ], [ 121.441185906112864, 13.220141683279479 ], [ 121.441194061836157, 13.220085434417586 ], [ 121.441206375957194, 13.220027252340708 ], [ 121.441222641072528, 13.219965465677062 ], [ 121.441242320658915, 13.219900672970747 ] ] ] ] } },
{ "type": "Feature", "properties": { "Class_name": "Rock Bottom", "ID": 5, "Province": "Oriental Mindoro", "Region": "R4B", "Class_Code": "Rb", "Area": 14.4862098129, "Area (Ha)": 14.083, "Area_3(ha)": 14.083 }, "geometry": { "type": "MultiPolygon", "coordinates": [ [ [ [ 121.430758186942697, 13.227239609879307 ], [ 121.430708865612004, 13.227317037432259 ], [ 121.430665800285709, 13.227370586333912 ], [ 121.430592028625711, 13.227453842957811 ], [ 121.430481485832345, 13.22756079075427 ], [ 121.430365069538141, 13.227631826827849 ], [ 121.430266847394634, 13.227720912403685 ], [ 121.430126018929357, 13.227791798380858 ], [ 121.429985266943319, 13.227850726215342 ], [ 121.429863091892884, 13.2278679132808 ], [ 121.429722607799519, 13.227884987769285 ], [ 121.429600585873871, 13.227878258598526 ], [ 121.429362568487733, 13.227876795650669 ], [ 121.429258855623203, 13.227870178860504 ], [ 121.428667097793891, 13.227624924564291 ], [ 121.428661231695315, 13.227762522938063 ], [ 121.428660078014303, 13.227871050404868 ], [ 121.428661098654089, 13.227901808030845 ], [ 121.428665315654854, 13.227950715188765 ], [ 121.428672225935557, 13.227992648140148 ], [ 121.428678249598065, 13.228017237055818 ], [ 121.428685910418608, 13.22804119758629 ], [ 121.428694658831475, 13.228062710122977 ], [ 121.428715016651793, 13.228100060556214 ], [ 121.428728875570656, 13.228120174217963 ], [ 121.428774501497003, 13.228179672619731 ], [ 121.428798788265524, 13.22821819896363 ], [ 121.428818020291189, 13.228260001680704 ], [ 121.428853171856787, 13.228363750446045 ], [ 121.428862961785043, 13.228388692674832 ], [ 121.428875069837858, 13.228413448474997 ], [ 121.428888705647921, 13.228434770886242 ], [ 121.428903841568811, 13.228452655678975 ], [ 121.428921262016317, 13.2284681800766 ], [ 121.42894214643924, 13.228482188292114 ], [ 121.428966695529084, 13.22849461824755 ], [ 121.429016632200685, 13.228512690687634 ], [ 121.429099889573038, 13.228537370215985 ], [ 121.429140846725048, 13.228552977123492 ], [ 121.429166426655755, 13.228565607667271 ], [ 121.42919513573213, 13.228582265103064 ], [ 121.429283826531659, 13.228639729067202 ], [ 121.42933479949798, 13.228669312488424 ], [ 121.4293770565735, 13.228688058123529 ], [ 121.429389601791001, 13.228691820501284 ], [ 121.429396298009934, 13.228692899426008 ], [ 121.429399219639507, 13.228692032216825 ], [ 121.429416052066756, 13.228691462399748 ], [ 121.429427054118946, 13.22868664298691 ], [ 121.429508746660545, 13.228631378141779 ], [ 121.429680934420077, 13.228520597480818 ], [ 121.429997353339317, 13.228325825704161 ], [ 121.430069641125797, 13.228279993703151 ], [ 121.430113549536713, 13.228251048272714 ], [ 121.430191045658177, 13.228196834345907 ], [ 121.430253065024601, 13.228149346073614 ], [ 121.430312366560798, 13.228099291519316 ], [ 121.430349043849318, 13.228065114755001 ], [ 121.430383407186355, 13.228030226126346 ], [ 121.430424459151467, 13.227984478813134 ], [ 121.43046444849638, 13.227935956992805 ], [ 121.430573859040322, 13.227796434488011 ], [ 121.430622846593323, 13.227738060668313 ], [ 121.430808092455081, 13.227525362623233 ], [ 121.430859528605325, 13.227469654144302 ], [ 121.430913080066119, 13.227415862979299 ], [ 121.430972472556519, 13.227362226197684 ], [ 121.431020296389846, 13.227323347592332 ], [ 121.431069771721653, 13.227286322288027 ], [ 121.431120643823434, 13.22725095707348 ], [ 121.4311814102917, 13.227211711549529 ], [ 121.431243631863779, 13.227174530955754 ], [ 121.431307220650808, 13.227139513744927 ], [ 121.43137217654774, 13.227106887179524 ], [ 121.431439681498134, 13.227076226722545 ], [ 121.431710317092424, 13.226963539112328 ], [ 121.431976565463188, 13.226845113127702 ], [ 121.432126737607135, 13.226780426231489 ], [ 121.432198412958783, 13.226752032095934 ], [ 121.432270689312176, 13.226726156485595 ], [ 121.432343867954657, 13.2267038055522 ], [ 121.432422366082747, 13.226684833591882 ], [ 121.432501815066701, 13.226669664966211 ], [ 121.432783137981076, 13.226627548431969 ], [ 121.432849623280731, 13.226614836978738 ], [ 121.432926014183977, 13.226596389600651 ], [ 121.433001765923123, 13.226574660893437 ], [ 121.433077092154875, 13.226550668791882 ], [ 121.433305794588804, 13.226473662457929 ], [ 121.433382892460969, 13.226450057726787 ], [ 121.433462469016433, 13.226428543035214 ], [ 121.433542751762943, 13.226408974615708 ], [ 121.43380049845446, 13.22635118266753 ], [ 121.433976609494707, 13.226316237687259 ], [ 121.434308671135213, 13.226258805606841 ], [ 121.434605821290461, 13.226196325356275 ], [ 121.434746541216356, 13.226169222207592 ], [ 121.434817194788764, 13.226158899920115 ], [ 121.434888828439256, 13.22615176573176 ], [ 121.434960733879095, 13.226147793407634 ], [ 121.435032800381904, 13.226146746092468 ], [ 121.435104922697718, 13.226148552455571 ], [ 121.43518851048789, 13.226154188518088 ], [ 121.435271937163066, 13.226163227283807 ], [ 121.435355094136085, 13.22617537705022 ], [ 121.435437853439893, 13.226190603638084 ], [ 121.435523105500508, 13.226209572093191 ], [ 121.435607990351897, 13.226230849531552 ], [ 121.436128866031567, 13.226371183860547 ], [ 121.436213009851443, 13.226395650181367 ], [ 121.436296488025164, 13.226422034940352 ], [ 121.436379138346283, 13.226450544095746 ], [ 121.436460716949014, 13.226481582139886 ], [ 121.436524544179449, 13.226508348508551 ], [ 121.436587472874706, 13.226536986331359 ], [ 121.436649444269094, 13.226567481998586 ], [ 121.436719429123727, 13.226604881808303 ], [ 121.436788018803313, 13.226644633863456 ], [ 121.436855132066711, 13.226686687302667 ], [ 121.436920580985088, 13.226731162586347 ], [ 121.436982205027078, 13.226776661907866 ], [ 121.43704228863993, 13.226824204720121 ], [ 121.437101038172116, 13.226873423972959 ], [ 121.437158573984206, 13.226924068061306 ], [ 121.437508556801887, 13.227245924663322 ], [ 121.437573984126189, 13.227307801539904 ], [ 121.437754993060338, 13.227486166077011 ], [ 121.437869271894812, 13.227593629828165 ], [ 121.438192658340142, 13.227885011862611 ], [ 121.438312462176654, 13.227987811883413 ], [ 121.43843661616846, 13.22808674934746 ], [ 121.438537389738343, 13.228163091915521 ], [ 121.43869578155639, 13.228281336573131 ], [ 121.43903680350796, 13.228531664057575 ], [ 121.439232899311122, 13.228678669586081 ], [ 121.439299403323929, 13.228726495752731 ], [ 121.439366705352725, 13.22877196549099 ], [ 121.439435221937543, 13.228813972287124 ], [ 121.439505461783625, 13.228851107469396 ], [ 121.439578052948917, 13.228881577103538 ], [ 121.439656262341273, 13.228904475784528 ], [ 121.439738059615621, 13.228919555822852 ], [ 121.439821970571359, 13.228927727378355 ], [ 121.439906544115189, 13.228929842186448 ], [ 121.439990322176712, 13.228926677247715 ], [ 121.44007181488621, 13.228919013264642 ], [ 121.440156402193011, 13.228906603216982 ], [ 121.440246598562823, 13.228888872836071 ], [ 121.440307986212829, 13.228874574735469 ], [ 121.440430822477907, 13.228842183016219 ], [ 121.440586817430571, 13.228795564361626 ], [ 121.440656317866015, 13.228771690120171 ], [ 121.440715201291894, 13.228748529495849 ], [ 121.440760477042829, 13.228727834756592 ], [ 121.440815682134144, 13.228697286911217 ], [ 121.440869150308416, 13.228660791470444 ], [ 121.440929733962193, 13.228612618427951 ], [ 121.440988434084161, 13.228560247376913 ], [ 121.44104574588367, 13.228504793621536 ], [ 121.441103993578253, 13.228444906310884 ], [ 121.441160990535465, 13.228382959586835 ], [ 121.441257950722516, 13.228269198269022 ], [ 121.441337238506605, 13.228167075951259 ], [ 121.44141454022639, 13.22805724506369 ], [ 121.441488599442337, 13.227945364668004 ], [ 121.441557893972572, 13.227836475304105 ], [ 121.441622708380365, 13.227724371737883 ], [ 121.441661256805631, 13.227647628472255 ], [ 121.441678965241863, 13.22760769087939 ], [ 121.441703850820588, 13.227543317100151 ], [ 121.441726167536459, 13.22747279862711 ], [ 121.441745159941249, 13.227396714259992 ], [ 121.441760510337446, 13.227316061991029 ], [ 121.441772326568127, 13.227231885179123 ], [ 121.441780988159906, 13.227145114960441 ], [ 121.441787018987398, 13.227056090753962 ], [ 121.441790862806258, 13.226966712336424 ], [ 121.441793502296719, 13.226830583214095 ], [ 121.4417914120326, 13.226603765707345 ], [ 121.441783942832586, 13.226424565111468 ], [ 121.441777779196002, 13.226335997698262 ], [ 121.441769695179431, 13.226249814315183 ], [ 121.441759440797128, 13.22616614504077 ], [ 121.441746971740002, 13.2260857997169 ], [ 121.441732533034155, 13.226009661883037 ], [ 121.441716743390984, 13.2259384919582 ], [ 121.44159536149607, 13.225464758769784 ], [ 121.441546347516621, 13.225286322467365 ], [ 121.441510569974852, 13.225169839728787 ], [ 121.441478046697284, 13.225077869820097 ], [ 121.441451999741886, 13.22501656449586 ], [ 121.441434267254095, 13.224983766756113 ], [ 121.441424378294826, 13.224971018337925 ], [ 121.441420940992089, 13.224968630044927 ], [ 121.441417973999535, 13.224969021750619 ], [ 121.441419950204846, 13.224992952374787 ], [ 121.441418683304633, 13.225051939147955 ], [ 121.441415008604395, 13.225089921217284 ], [ 121.441408311773841, 13.225129543503524 ], [ 121.441399073023717, 13.225164457928319 ], [ 121.441388436777558, 13.225192006428966 ], [ 121.441377921667652, 13.225211711119565 ], [ 121.441367047114866, 13.225226894983253 ], [ 121.441355968247194, 13.225238402101288 ], [ 121.441345067017593, 13.225246691797544 ], [ 121.441333086818588, 13.225252983210334 ], [ 121.441320183193767, 13.22525695220031 ], [ 121.441306872804105, 13.225258314303625 ], [ 121.441293766127231, 13.225257074069226 ], [ 121.441268880093631, 13.225249607792872 ], [ 121.441203759041571, 13.225217612293852 ], [ 121.441178983201283, 13.22520809033041 ], [ 121.441167065835771, 13.225205235531801 ], [ 121.441142675144675, 13.225203703228592 ], [ 121.441130666518973, 13.225205385165411 ], [ 121.441119334956653, 13.225208724865661 ], [ 121.441099647371857, 13.225219664326616 ], [ 121.441089900092862, 13.225228320341765 ], [ 121.441080349163016, 13.225239722408869 ], [ 121.441071261841344, 13.225254226712297 ], [ 121.441063027653883, 13.225271789105848 ], [ 121.441050006207334, 13.225314782576801 ], [ 121.441043330308446, 13.225352660143436 ], [ 121.44103916138647, 13.225392652803407 ], [ 121.441036549315669, 13.225473775269663 ], [ 121.441040036849117, 13.225556416435611 ], [ 121.441044326799485, 13.225597468370454 ], [ 121.441050842438131, 13.225637934155097 ], [ 121.441062956322696, 13.225686462195716 ], [ 121.441077883787429, 13.22572589598996 ], [ 121.441092332195424, 13.225755392853971 ], [ 121.441113835139419, 13.225792390627356 ], [ 121.441137553186977, 13.225828572275484 ], [ 121.441259863680486, 13.225999247615412 ], [ 121.441299868758563, 13.226060127980743 ], [ 121.441329062972173, 13.226111794682671 ], [ 121.441349097385299, 13.226157286600598 ], [ 121.44136699692605, 13.22620833138493 ], [ 121.441381277264242, 13.226259854095987 ], [ 121.441392610085302, 13.226312004617489 ], [ 121.441400809362662, 13.226361464447431 ], [ 121.441406395640158, 13.226407194639014 ], [ 121.441411290314534, 13.226480405592024 ], [ 121.44141099874102, 13.226509460572498 ], [ 121.441411496577743, 13.226524042289094 ], [ 121.441406739903343, 13.226563953080918 ], [ 121.441396304434051, 13.2266225735499 ], [ 121.441380330519692, 13.226693128185959 ], [ 121.441359694516237, 13.226769511763891 ], [ 121.441335414459544, 13.226848261126339 ], [ 121.441307597243551, 13.226930236884007 ], [ 121.441276249668292, 13.227016227058739 ], [ 121.44124246127376, 13.227103316509856 ], [ 121.441207603858473, 13.227187644580358 ], [ 121.441173493048197, 13.22726471960981 ], [ 121.441141194890278, 13.227332804482153 ], [ 121.441085475773036, 13.22744254595839 ], [ 121.441006768099285, 13.227591481005311 ], [ 121.44094659538429, 13.227696597877166 ], [ 121.440869227696012, 13.227821874259455 ], [ 121.440795045586952, 13.227932503927033 ], [ 121.440721858055568, 13.228032388901504 ], [ 121.440677227432744, 13.228088300537658 ], [ 121.440630247273745, 13.228141480644602 ], [ 121.440579983300566, 13.22819091009295 ], [ 121.44052855620194, 13.228233435626365 ], [ 121.440473698289395, 13.228271653860823 ], [ 121.440414993584454, 13.228306053663962 ], [ 121.440353670363962, 13.228336320104534 ], [ 121.440290134664281, 13.228362554739956 ], [ 121.440219860366426, 13.228386240739042 ], [ 121.440147920402367, 13.22840573963072 ], [ 121.440074760415598, 13.228421365740946 ], [ 121.439988871480892, 13.228434738330387 ], [ 121.439902352616599, 13.228443021341519 ], [ 121.439815665502579, 13.228445792304477 ], [ 121.43974439005099, 13.228443380801545 ], [ 121.439673579155283, 13.228436449688486 ], [ 121.439603956111569, 13.228424828855548 ], [ 121.439535343717253, 13.228408531032082 ], [ 121.439468035964623, 13.228387464636697 ], [ 121.439392220583414, 13.228357226752042 ], [ 121.439317959561848, 13.22832211254963 ], [ 121.439244699663675, 13.228283701042431 ], [ 121.43918309007006, 13.228249477757029 ], [ 121.439060819516143, 13.228177949264474 ], [ 121.438922940495601, 13.228092897405258 ], [ 121.438770738980352, 13.227993428168254 ], [ 121.438696240115178, 13.22794164131529 ], [ 121.4386233326059, 13.227887884601316 ], [ 121.438553373686588, 13.227832554772563 ], [ 121.438417689736283, 13.227716757632708 ], [ 121.438285414456971, 13.22759696729973 ], [ 121.438100506465062, 13.227422977774495 ], [ 121.43798270022414, 13.227308220304309 ], [ 121.437867906153983, 13.227190984788566 ], [ 121.437760356452785, 13.227072506032759 ], [ 121.437708575690522, 13.227011841348547 ], [ 121.437658357157133, 13.226950167403416 ], [ 121.437610070149233, 13.226887316742159 ], [ 121.437564281163489, 13.226823003735291 ], [ 121.437521801131055, 13.226756800990827 ], [ 121.437481039702476, 13.226682949240494 ], [ 121.437441327741212, 13.22659596556529 ], [ 121.437403197652756, 13.226498561692887 ], [ 121.437367643436616, 13.226395032184495 ], [ 121.437335655107191, 13.22628966457331 ], [ 121.437308181148467, 13.226186743782277 ], [ 121.437286665440368, 13.226094251983135 ], [ 121.437257569894228, 13.225944178169534 ], [ 121.437245083038107, 13.225864094414526 ], [ 121.437171301506879, 13.225824590258322 ], [ 121.437103100628605, 13.225781140307987 ], [ 121.437071322842129, 13.225758012919325 ], [ 121.436954677718134, 13.225667746692919 ], [ 121.436906949142994, 13.225627697205285 ], [ 121.43688685592673, 13.225607729830678 ], [ 121.436868313429244, 13.225586471519762 ], [ 121.436851619392158, 13.225563811079114 ], [ 121.436836591977695, 13.225538957139904 ], [ 121.436811312997762, 13.225485973632969 ], [ 121.436764469538801, 13.225370192832544 ], [ 121.436740105412525, 13.225324863322458 ], [ 121.436725909380101, 13.225303734238469 ], [ 121.436710129183012, 13.22528397460181 ], [ 121.436690174456274, 13.225263577094699 ], [ 121.436668273548875, 13.225245198282339 ], [ 121.436644735133939, 13.225228799613623 ], [ 121.436619748479856, 13.22521449005097 ], [ 121.436593394058804, 13.225202532789996 ], [ 121.43656374426908, 13.225192573131864 ], [ 121.436532929901276, 13.225184984811436 ], [ 121.436469059150028, 13.225174512329422 ], [ 121.436309415034202, 13.225158325907412 ], [ 121.436253339229083, 13.225149748669244 ], [ 121.436226475183716, 13.225143130648245 ], [ 121.436199680282968, 13.225133759064157 ], [ 121.436173622877021, 13.225119774310521 ], [ 121.436148704704777, 13.225099855293577 ], [ 121.436126348732969, 13.225074667272505 ], [ 121.436110143972201, 13.225049507403703 ], [ 121.436097033053358, 13.225022084212135 ], [ 121.436087170882274, 13.224993481855915 ], [ 121.43607974102558, 13.224960452182861 ], [ 121.436075761865084, 13.224929227413385 ], [ 121.436074304262604, 13.224901702873344 ], [ 121.436076228976304, 13.224860277058063 ], [ 121.436026054631284, 13.224858748531458 ], [ 121.435968154020102, 13.224859016242592 ], [ 121.435807284613148, 13.224863737361519 ], [ 121.435712547711489, 13.224868793901065 ], [ 121.435613772229658, 13.224876060311177 ], [ 121.435515087598432, 13.224885874983125 ], [ 121.435420625269984, 13.224898582585126 ], [ 121.435331630858386, 13.22491468105842 ], [ 121.435103319249052, 13.224966554058232 ], [ 121.435030678672788, 13.224980980331388 ], [ 121.434957702799565, 13.224993447777942 ], [ 121.434884444345585, 13.225003728729591 ], [ 121.43481093634287, 13.225011433253313 ], [ 121.434741517733613, 13.225015988470997 ], [ 121.434672005425398, 13.22501810687125 ], [ 121.43460250596776, 13.225017972350992 ], [ 121.434533126449296, 13.225015610825496 ], [ 121.434463981469676, 13.225010902417159 ], [ 121.434397094969768, 13.22500408115992 ], [ 121.434198217523928, 13.224979917688158 ], [ 121.434132532613575, 13.224974226687699 ], [ 121.434067214400258, 13.224971702559786 ], [ 121.434002338145078, 13.22497379447813 ], [ 121.433930416120788, 13.224982890548258 ], [ 121.433858934983959, 13.224997775610801 ], [ 121.433787688261489, 13.225016738594748 ], [ 121.43371649243133, 13.225038400034878 ], [ 121.433517493083983, 13.225106182876834 ], [ 121.433319054443942, 13.225180566640109 ], [ 121.433189015429676, 13.225233450765796 ], [ 121.433124746137835, 13.22526115618107 ], [ 121.432998437119323, 13.225320006257135 ], [ 121.432770409040643, 13.225433437255683 ], [ 121.432685714209313, 13.225471141941322 ], [ 121.4326008683841, 13.225503080121769 ], [ 121.432522243995649, 13.225526262691325 ], [ 121.432449522703521, 13.225542803702012 ], [ 121.432386401296569, 13.225553690186144 ], [ 121.432336534234338, 13.225559809027319 ], [ 121.432303527161679, 13.22556194057224 ], [ 121.432290848307261, 13.22556057170312 ], [ 121.432147684383793, 13.22570996885637 ], [ 121.43207940381842, 13.225784355400673 ], [ 121.432017543248023, 13.225856807532228 ], [ 121.43194000950443, 13.225954063410283 ], [ 121.431889909748676, 13.226011513579323 ], [ 121.431850373614026, 13.226052841050882 ], [ 121.43175727487305, 13.226142163499889 ], [ 121.431729778977626, 13.226173589067429 ], [ 121.43171814367345, 13.226190462227402 ], [ 121.431708425275744, 13.226208641552185 ], [ 121.431700017661228, 13.226229771728249 ], [ 121.431692392861919, 13.226254594507411 ], [ 121.431679446359482, 13.226309666876558 ], [ 121.431660408159161, 13.226417767860154 ], [ 121.431663831325665, 13.22642771948005 ], [ 121.431770228264185, 13.22645655956706 ], [ 121.431788078460499, 13.226528420327991 ], [ 121.431738642909536, 13.226623785236391 ], [ 121.43168352488253, 13.226653343309609 ], [ 121.431554979830423, 13.226712347040122 ], [ 121.431481591039258, 13.226735813655173 ], [ 121.431304374964242, 13.226770601430307 ], [ 121.431053972184273, 13.226743843118346 ], [ 121.431047509640877, 13.226746329724703 ], [ 121.43100842595743, 13.226767734702548 ], [ 121.430955204182084, 13.226971752749824 ], [ 121.43083192022462, 13.2271623322231 ], [ 121.430758186942697, 13.227239609879307 ] ] ] ] } },
{ "type": "Feature", "properties": { "Class_name": "Sand Bottom", "ID": 6, "Province": "Oriental Mindoro", "Region": "R4B", "Class_Code": "Sb", "Area": 9.94921997388, "Area (Ha)": 9.951, "Area_3(ha)": 9.95 }, "geometry": { "type": "MultiPolygon", "coordinates": [ [ [ [ 121.503338308995282, 13.147958416791401 ], [ 121.503340808139455, 13.14795270770253 ], [ 121.503339862015579, 13.147939650192413 ], [ 121.503334002468392, 13.147915241987139 ], [ 121.503320961591797, 13.147879133107615 ], [ 121.503292257046638, 13.14782028445811 ], [ 121.503247895025908, 13.147750391693849 ], [ 121.503209658394965, 13.147700990072623 ], [ 121.503165569349335, 13.14765233307431 ], [ 121.503116879215284, 13.14760650350739 ], [ 121.503044731057258, 13.147550480902487 ], [ 121.502968925496077, 13.147503661552809 ], [ 121.502891868079203, 13.147466167558683 ], [ 121.502812800792782, 13.147436559643818 ], [ 121.502736048484863, 13.147415697449615 ], [ 121.502443221360991, 13.147355633919833 ], [ 121.502173533750806, 13.147294530275328 ], [ 121.502103537135042, 13.147280201480166 ], [ 121.502028964381282, 13.147266980755116 ], [ 121.501950444049783, 13.147255431054594 ], [ 121.501868730755163, 13.147245817655183 ], [ 121.501783746780731, 13.147238075937254 ], [ 121.50169848271365, 13.147232193215144 ], [ 121.501521898291344, 13.147224459527893 ], [ 121.500981397536066, 13.147214079985213 ], [ 121.500801360190223, 13.14720719054799 ], [ 121.50071192992398, 13.147201270506352 ], [ 121.500623168395563, 13.147192758893738 ], [ 121.500535380195572, 13.147180672342524 ], [ 121.50045851425412, 13.147165891167154 ], [ 121.500383116490752, 13.147146055665386 ], [ 121.500311790746863, 13.147121181168176 ], [ 121.500241750775416, 13.147091879524378 ], [ 121.50017255082571, 13.14705964874358 ], [ 121.499881739311249, 13.146915684075704 ], [ 121.499814529303052, 13.146884371038324 ], [ 121.499748797879519, 13.146856303302608 ], [ 121.499696779662216, 13.14683679355937 ], [ 121.499646692078386, 13.146821048102023 ], [ 121.499599220531664, 13.146809893065129 ], [ 121.499547666451477, 13.146803917860529 ], [ 121.499502910139981, 13.146807139979444 ], [ 121.499462769033457, 13.146824506349526 ], [ 121.49944534850286, 13.146844185392821 ], [ 121.499435291681365, 13.14686938598566 ], [ 121.499432632965849, 13.146901826490351 ], [ 121.499437253721638, 13.146937989201232 ], [ 121.499447516487706, 13.146976696686034 ], [ 121.499488323430995, 13.147092052339255 ], [ 121.499501936707034, 13.14714511289149 ], [ 121.499510195097685, 13.147201262364938 ], [ 121.499511666948521, 13.147263704497357 ], [ 121.499505876609348, 13.147327569033916 ], [ 121.49949383062237, 13.147391520449855 ], [ 121.499477591161593, 13.147455730683262 ], [ 121.49942901336658, 13.14762893572972 ], [ 121.499380493698894, 13.147820051107058 ], [ 121.499359713552664, 13.147878737733768 ], [ 121.499332003671185, 13.147923123653431 ], [ 121.499317708196088, 13.147935960750317 ], [ 121.499298661793702, 13.14794665239185 ], [ 121.499277861000337, 13.147952211638321 ], [ 121.499256118330209, 13.147952485479442 ], [ 121.499234337343907, 13.147947606469733 ], [ 121.499213073648335, 13.147937863922561 ], [ 121.499192145077984, 13.147923087403123 ], [ 121.499171437887199, 13.14790265991183 ], [ 121.499151706183156, 13.14787659375075 ], [ 121.49913386921034, 13.147845484459047 ], [ 121.499119159176658, 13.147811213911259 ], [ 121.499102725220069, 13.1477484764529 ], [ 121.499099115958515, 13.147714638342276 ], [ 121.499100758739942, 13.147654059526678 ], [ 121.499114776892696, 13.147525387060584 ], [ 121.499116560859619, 13.147471397689515 ], [ 121.499113774518094, 13.147415998271194 ], [ 121.499105587234766, 13.14735873553 ], [ 121.499092592973298, 13.147301179164636 ], [ 121.499075558488926, 13.147243740419963 ], [ 121.499052879328147, 13.147181163973928 ], [ 121.499026756264371, 13.147119805926657 ], [ 121.499000227634227, 13.147065363513571 ], [ 121.498971050930294, 13.147013293883195 ], [ 121.498938885858465, 13.14696453870331 ], [ 121.498892180214852, 13.146908034808071 ], [ 121.498839565194373, 13.146861354179805 ], [ 121.498805756608363, 13.146839601358094 ], [ 121.498770163074369, 13.146822516476993 ], [ 121.498703297239416, 13.146804254842861 ], [ 121.498645092060585, 13.146800801309166 ], [ 121.498586264589278, 13.146805307987838 ], [ 121.498545646026017, 13.146811632900052 ], [ 121.49850541201981, 13.146821072838751 ], [ 121.498468099450875, 13.146833744999912 ], [ 121.498414630629199, 13.146860518201358 ], [ 121.498365080451777, 13.146896164107332 ], [ 121.498322825443182, 13.146937362830917 ], [ 121.498285232364054, 13.146984749516113 ], [ 121.498249175076637, 13.147042582560864 ], [ 121.498217164663544, 13.147104858788488 ], [ 121.498187629667626, 13.147170089712041 ], [ 121.498111496329315, 13.147354528581239 ], [ 121.498083245777309, 13.147435627575234 ], [ 121.498066774769015, 13.147493610067292 ], [ 121.498052888105605, 13.1475557920906 ], [ 121.498042383180518, 13.147621555031057 ], [ 121.498035769618809, 13.147689833915514 ], [ 121.498033191981719, 13.147759396402824 ], [ 121.498034444177321, 13.147828982195971 ], [ 121.498039007340211, 13.147897380915714 ], [ 121.498046090264381, 13.147963503747981 ], [ 121.498074638142185, 13.148161336854036 ], [ 121.498082651102877, 13.148231728163617 ], [ 121.498087039548381, 13.148305474102063 ], [ 121.49808571890442, 13.14838146018651 ], [ 121.498077694214629, 13.148452144348271 ], [ 121.498060135491571, 13.148530001543293 ], [ 121.498035861811303, 13.148606921979308 ], [ 121.498007674228944, 13.148683667455419 ], [ 121.497922991353676, 13.148900170204596 ], [ 121.497876856343737, 13.149013316667377 ], [ 121.497848580401168, 13.149077886326996 ], [ 121.497731315882518, 13.149331513326647 ], [ 121.49770536107367, 13.149395058958925 ], [ 121.497678979127599, 13.149473782130169 ], [ 121.497659548790537, 13.149553998497446 ], [ 121.497649888225098, 13.149617558482293 ], [ 121.497644533175887, 13.149681815495477 ], [ 121.497642797449188, 13.149746598501604 ], [ 121.497644711463721, 13.149829887144264 ], [ 121.497659938389432, 13.150129213806469 ], [ 121.497666249637717, 13.150328385835767 ], [ 121.497668629826691, 13.150567821023239 ], [ 121.497667005298737, 13.150653457494819 ], [ 121.497665324300982, 13.150665117171529 ], [ 121.497667906306376, 13.150665333541021 ], [ 121.497676033533196, 13.150657463584368 ], [ 121.497697890565362, 13.150622316271084 ], [ 121.497746104248549, 13.150522886961888 ], [ 121.497799079100474, 13.150403318007699 ], [ 121.497835808885881, 13.150315510169177 ], [ 121.497876521298608, 13.150204179962095 ], [ 121.497904667866464, 13.150110727908983 ], [ 121.497929156867627, 13.150011299577052 ], [ 121.497948492763385, 13.14991447462786 ], [ 121.497972847723062, 13.149769332702864 ], [ 121.497986650621442, 13.149703562726781 ], [ 121.498004145296463, 13.149642043630553 ], [ 121.498016643104563, 13.14960878347329 ], [ 121.498032049723619, 13.14957620474326 ], [ 121.498050022890254, 13.149546547924325 ], [ 121.498069747730213, 13.149521381039138 ], [ 121.49809015196854, 13.14950132034366 ], [ 121.498110407484958, 13.149485997143186 ], [ 121.498127153787351, 13.14947609218831 ], [ 121.498143130895457, 13.149468577477865 ], [ 121.498173039165778, 13.149458684495864 ], [ 121.498221085959642, 13.149451600551677 ], [ 121.49824635839127, 13.149451444804424 ], [ 121.498267592537488, 13.149453028236501 ], [ 121.498296498818817, 13.149457540823589 ], [ 121.498406601851968, 13.149485586351943 ], [ 121.498466990977192, 13.149496298648593 ], [ 121.49853994883162, 13.149502493217113 ], [ 121.498615666814075, 13.149502302630484 ], [ 121.498692459529209, 13.149495430935275 ], [ 121.498922643090452, 13.149455042360895 ], [ 121.499060824113272, 13.149434231477194 ], [ 121.49921276615656, 13.149416370465447 ], [ 121.499578084628084, 13.149380844312919 ], [ 121.499658215139661, 13.149370388077596 ], [ 121.49973546266277, 13.149357868098257 ], [ 121.499809036670982, 13.149343067238082 ], [ 121.49987820500958, 13.149326089229174 ], [ 121.49994249988157, 13.149307358211088 ], [ 121.499985753533423, 13.14929314149583 ], [ 121.500069900303728, 13.149262182853498 ], [ 121.500133791375831, 13.149236240352757 ], [ 121.500197876166112, 13.14920821361941 ], [ 121.500261074782102, 13.149178364428836 ], [ 121.500321364217143, 13.149147488716849 ], [ 121.500378720770016, 13.149115769089949 ], [ 121.500435096099793, 13.149082466395324 ], [ 121.500524917172854, 13.149025028775364 ], [ 121.500611032114307, 13.148963346511064 ], [ 121.500651351326468, 13.148931474451635 ], [ 121.500700105808377, 13.148890138479748 ], [ 121.500748280305672, 13.148846745747971 ], [ 121.50099449351454, 13.148617066550166 ], [ 121.501181532758082, 13.148437646376568 ], [ 121.501258448856859, 13.148369152577327 ], [ 121.501382304584666, 13.148269583343541 ], [ 121.501458614966012, 13.148211590090934 ], [ 121.501581062039307, 13.148122436256481 ], [ 121.501634740973486, 13.14808550042021 ], [ 121.501744219138814, 13.148015611948791 ], [ 121.501838462300171, 13.147962820916019 ], [ 121.501887957552555, 13.147937716711114 ], [ 121.501987948155787, 13.147891653177005 ], [ 121.50207060648151, 13.147858265781736 ], [ 121.502113194962689, 13.147843043549939 ], [ 121.502175843343494, 13.14782341563769 ], [ 121.502243274571086, 13.147806009568699 ], [ 121.502315031174689, 13.147791513857532 ], [ 121.50239036623347, 13.147780396343586 ], [ 121.502468804616157, 13.147772991666844 ], [ 121.502557676275401, 13.147771415684129 ], [ 121.502658834306899, 13.147776825223211 ], [ 121.502717705252351, 13.147782789466522 ], [ 121.50277761189551, 13.147790735503689 ], [ 121.502841831887451, 13.147801236127576 ], [ 121.502905545348938, 13.147813608792466 ], [ 121.502968820917729, 13.147827819998541 ], [ 121.503029804424713, 13.147843367977048 ], [ 121.50313833964249, 13.147875895853364 ], [ 121.503222964138473, 13.147906266011704 ], [ 121.503281100608021, 13.147930391257184 ], [ 121.503338308995282, 13.147958416791401 ] ] ] ] } },
{ "type": "Feature", "properties": { "Class_name": "Sand Bottom", "ID": 6, "Province": "Oriental Mindoro", "Region": "R4B", "Class_Code": "Sb", "Area": 16.213059199500002, "Area (Ha)": 16.216, "Area_3(ha)": 16.215 }, "geometry": { "type": "MultiPolygon", "coordinates": [ [ [ [ 121.518655161072573, 13.149485998911638 ], [ 121.518613345141063, 13.149468619518883 ], [ 121.51850053221267, 13.14943020046185 ], [ 121.518357632120583, 13.149387446154233 ], [ 121.518240611916141, 13.149356401611035 ], [ 121.518152515667978, 13.149335663230451 ], [ 121.518063547983743, 13.149316889014438 ], [ 121.517976052808649, 13.149300341414429 ], [ 121.517712631467035, 13.149257527043231 ], [ 121.517630636930036, 13.149242076945473 ], [ 121.51754960200951, 13.149223477698067 ], [ 121.517485557230742, 13.149205769965457 ], [ 121.517422293236535, 13.149185833495936 ], [ 121.517223728300749, 13.149117499485721 ], [ 121.517025137953652, 13.1490526605194 ], [ 121.516944329314228, 13.149023833271631 ], [ 121.516864581964228, 13.148992247108211 ], [ 121.516787624261809, 13.148957759654012 ], [ 121.516712013570327, 13.148920461107462 ], [ 121.51642296185284, 13.148766200049367 ], [ 121.516254164385387, 13.148681917444812 ], [ 121.516181945686554, 13.148643425765789 ], [ 121.516114025182361, 13.148603513008403 ], [ 121.516076174941503, 13.14857818831565 ], [ 121.516042136651208, 13.148551717832449 ], [ 121.516010375927308, 13.148520920387847 ], [ 121.515988511930743, 13.14849227438514 ], [ 121.515975384242338, 13.14846772656696 ], [ 121.515966090944474, 13.148439445445382 ], [ 121.515961916987436, 13.14840722648462 ], [ 121.515962733942033, 13.148376592210399 ], [ 121.515966810302132, 13.148345260984502 ], [ 121.515996352297421, 13.148209502997277 ], [ 121.516002190158517, 13.148157381413871 ], [ 121.516000846637453, 13.148120029321953 ], [ 121.515994126039644, 13.148083215600003 ], [ 121.515972288028536, 13.148028715697919 ], [ 121.515946971280783, 13.147991155202998 ], [ 121.515914882482349, 13.147956849889646 ], [ 121.515876868327567, 13.147926105786349 ], [ 121.515831253655321, 13.147897780278266 ], [ 121.515781006975118, 13.147872846381846 ], [ 121.515727161684893, 13.147850410514415 ], [ 121.515674114731524, 13.147831019873459 ], [ 121.51561911576664, 13.147813067027693 ], [ 121.515562530118217, 13.147796543824063 ], [ 121.515492408017565, 13.147778451474259 ], [ 121.515420918325631, 13.147762125483139 ], [ 121.515275461099506, 13.147733668913432 ], [ 121.515141249176892, 13.147710602244331 ], [ 121.515017114844582, 13.147686968295682 ], [ 121.514811715724591, 13.147640355973619 ], [ 121.514666372799937, 13.147609741454067 ], [ 121.51458458313293, 13.147591306352741 ], [ 121.514505148279184, 13.14756932020294 ], [ 121.514439032370859, 13.147545685742205 ], [ 121.514376069802637, 13.147517503722337 ], [ 121.514316986288094, 13.147484678158552 ], [ 121.514257314227393, 13.14744301585735 ], [ 121.514204126718951, 13.147396359994522 ], [ 121.514157767895668, 13.147346253280087 ], [ 121.514077354647256, 13.147253478632567 ], [ 121.514036607091299, 13.147216271296566 ], [ 121.513997952740496, 13.147190401863016 ], [ 121.513955662016187, 13.147169836362947 ], [ 121.513905816296401, 13.14715298012098 ], [ 121.513853397728838, 13.147140495711135 ], [ 121.51373309634323, 13.147120299202006 ], [ 121.513665901452597, 13.147113969612393 ], [ 121.513615512852937, 13.147113461658401 ], [ 121.513565169266698, 13.147117406573825 ], [ 121.513496523852737, 13.147130884279681 ], [ 121.513429904973194, 13.147152458183124 ], [ 121.513382159619482, 13.147172765370183 ], [ 121.513247260863949, 13.147239917011559 ], [ 121.513202530077365, 13.147258185044711 ], [ 121.51316736510995, 13.147268683276831 ], [ 121.513112038721658, 13.147278195709204 ], [ 121.513084866250509, 13.147279647482163 ], [ 121.513057146440019, 13.147278800570279 ], [ 121.5130290710499, 13.147275422359403 ], [ 121.513001127970114, 13.147269412184553 ], [ 121.51297346202071, 13.14726072148129 ], [ 121.512908904326423, 13.147229981361885 ], [ 121.512846092310539, 13.147189499779152 ], [ 121.512718157784761, 13.147097919861748 ], [ 121.512678566272982, 13.147072328985669 ], [ 121.512637678126637, 13.147048307853215 ], [ 121.512583577472512, 13.147020541703778 ], [ 121.512527261976473, 13.146997212960253 ], [ 121.512463196022864, 13.146978061636183 ], [ 121.512396824409905, 13.146965272881458 ], [ 121.512331672375822, 13.146958512782769 ], [ 121.512265326338039, 13.14695613770763 ], [ 121.512198115582081, 13.146957197347261 ], [ 121.512130319750952, 13.146960907563047 ], [ 121.51186578378406, 13.146984531335274 ], [ 121.511777419150391, 13.146988990633741 ], [ 121.511689265197887, 13.146988069684332 ], [ 121.51160792058846, 13.146980983106245 ], [ 121.511526903549964, 13.146969479160402 ], [ 121.511365971048505, 13.146941973679747 ], [ 121.511286295276463, 13.146930333559091 ], [ 121.511207469044905, 13.146923266553019 ], [ 121.511126448903028, 13.146923211437615 ], [ 121.511048089085122, 13.14693145059052 ], [ 121.510973990380634, 13.146948894561373 ], [ 121.510907784791641, 13.146975933936025 ], [ 121.51084949967229, 13.147013311949078 ], [ 121.510807626471063, 13.147053647728468 ], [ 121.510773776711659, 13.147100796503704 ], [ 121.510750110613671, 13.147149373979321 ], [ 121.510733409750344, 13.147201767299103 ], [ 121.510721873538813, 13.14726994072589 ], [ 121.51071920938341, 13.147340728641016 ], [ 121.510724690276021, 13.147412710786252 ], [ 121.510737230975664, 13.147483997754406 ], [ 121.510770037862528, 13.147627603542716 ], [ 121.510782871258897, 13.147700774174497 ], [ 121.510789101999492, 13.147775967491269 ], [ 121.510788968121105, 13.147849458888572 ], [ 121.510784259858227, 13.147919717480832 ], [ 121.510776760093734, 13.147986760229285 ], [ 121.510749157816051, 13.148189974376278 ], [ 121.510740654199182, 13.148263329576871 ], [ 121.510727839852692, 13.148417535131768 ], [ 121.510724106554903, 13.148496886034735 ], [ 121.510722307043196, 13.148576595730582 ], [ 121.510722389317536, 13.148656348403694 ], [ 121.510724289068335, 13.14873487327147 ], [ 121.51074002732669, 13.149095211235773 ], [ 121.510741952987331, 13.149194084425236 ], [ 121.51074096367212, 13.149284056579399 ], [ 121.510738652989488, 13.149339226781763 ], [ 121.510731350851586, 13.149433199750888 ], [ 121.510707625467276, 13.14962840723496 ], [ 121.510709013398412, 13.149631528436037 ], [ 121.510707468593537, 13.149638472401072 ], [ 121.510702199273965, 13.149651391940107 ], [ 121.510677592033289, 13.149694355845519 ], [ 121.510598991819947, 13.149803883627438 ], [ 121.510583519273396, 13.149829251155255 ], [ 121.510574961062773, 13.149847637384566 ], [ 121.510569814244064, 13.149865979434944 ], [ 121.5105683645086, 13.149884380107366 ], [ 121.510570407507416, 13.149903199463573 ], [ 121.510575820104449, 13.14992168716936 ], [ 121.510584181958052, 13.149939516617536 ], [ 121.510604695339907, 13.149969977632606 ], [ 121.510642088637937, 13.150017566131316 ], [ 121.510653777841242, 13.15003456056041 ], [ 121.510666733809146, 13.150056789271249 ], [ 121.510678422798648, 13.150081968094257 ], [ 121.510688390434254, 13.150110141199608 ], [ 121.510700501660665, 13.150162883752254 ], [ 121.51070603888995, 13.150207632574862 ], [ 121.510707727671488, 13.150233794657169 ], [ 121.51070823504358, 13.150286284681098 ], [ 121.510707058342007, 13.150312445737415 ], [ 121.510702409643542, 13.150357264125093 ], [ 121.510691316818267, 13.150410097908432 ], [ 121.510681802209263, 13.150438301579284 ], [ 121.51067038120101, 13.150463443826578 ], [ 121.51065747022453, 13.150485537022405 ], [ 121.510645584404458, 13.150502373475867 ], [ 121.510577696326081, 13.150582819568095 ], [ 121.510562429664517, 13.15060566027303 ], [ 121.510546676127774, 13.150637802255043 ], [ 121.510532504802384, 13.150683942231041 ], [ 121.510522282171948, 13.150739295113624 ], [ 121.510518941795183, 13.150767574317427 ], [ 121.510515127444947, 13.150825294260217 ], [ 121.510515505920608, 13.150892872643507 ], [ 121.510649134635031, 13.150896907120345 ], [ 121.510756148859457, 13.150897494289989 ], [ 121.510886662148451, 13.150894444390957 ], [ 121.510956268151944, 13.150890917413099 ], [ 121.511092803665832, 13.150879224136339 ], [ 121.5111541028311, 13.150871362413797 ], [ 121.51121209128442, 13.150861938379172 ], [ 121.511259855920173, 13.150852295181336 ], [ 121.511303338133331, 13.150841553098944 ], [ 121.511371147329911, 13.150821219510533 ], [ 121.511434692765647, 13.150799129265618 ], [ 121.511497690312112, 13.150775148571141 ], [ 121.511605439433083, 13.150731316744951 ], [ 121.511712755784799, 13.150684626512792 ], [ 121.512126768754555, 13.150489911376981 ], [ 121.512396490724072, 13.150357061025455 ], [ 121.512494158367332, 13.150305840400401 ], [ 121.512607919435084, 13.15023982543423 ], [ 121.512664204710262, 13.150204299025457 ], [ 121.512719561017803, 13.150166721147038 ], [ 121.512772177780377, 13.150127352190388 ], [ 121.512820969120483, 13.150086306774718 ], [ 121.512857862812297, 13.150051618092714 ], [ 121.512893717711052, 13.150014646582784 ], [ 121.512962716315499, 13.149935583128993 ], [ 121.513074958942411, 13.149794089910928 ], [ 121.513179487411804, 13.149650384871986 ], [ 121.513279331655838, 13.149501150825845 ], [ 121.513327475859839, 13.14943126948822 ], [ 121.513379079324338, 13.149360501756732 ], [ 121.513433080265074, 13.149292520665716 ], [ 121.513482161884923, 13.149237309541569 ], [ 121.513529316417973, 13.14919109113375 ], [ 121.513575204458363, 13.149153459883891 ], [ 121.513612823696036, 13.149128966975875 ], [ 121.513631534364109, 13.149119284794354 ], [ 121.51366996837713, 13.14910471625244 ], [ 121.513701532216842, 13.14909916674006 ], [ 121.513717917114505, 13.149103445966421 ], [ 121.513720267387114, 13.149103459561392 ], [ 121.513720750724204, 13.149103462357214 ], [ 121.513736365094388, 13.149103552676756 ], [ 121.513751717556062, 13.149105840200351 ], [ 121.513792314686128, 13.149106720478619 ], [ 121.513853701812977, 13.149105455174654 ], [ 121.513931299303962, 13.149101027422235 ], [ 121.514020478828428, 13.14909231274703 ], [ 121.514116560639778, 13.149078074233225 ], [ 121.514200825430976, 13.14906045140922 ], [ 121.514254276541692, 13.149046087827788 ], [ 121.514318593557078, 13.149024520309739 ], [ 121.514369088247463, 13.149003784842701 ], [ 121.514405618776649, 13.148986957072401 ], [ 121.514492815386177, 13.148941975489507 ], [ 121.51463422444391, 13.148864089362405 ], [ 121.514707816169221, 13.148830325238176 ], [ 121.514787460062351, 13.14880089408258 ], [ 121.514870416484854, 13.148777554591755 ], [ 121.514952613000759, 13.148760937472799 ], [ 121.515031703585962, 13.1487502141704 ], [ 121.515112175824228, 13.148743819297303 ], [ 121.515193479149929, 13.148741442856073 ], [ 121.515274798785043, 13.148742911112205 ], [ 121.515355128451816, 13.148748228765342 ], [ 121.51543360009417, 13.148757461562395 ], [ 121.515509275790762, 13.148770680195728 ], [ 121.515581189541933, 13.148787864509739 ], [ 121.515648410847149, 13.148808781307819 ], [ 121.515693617174534, 13.148825930673853 ], [ 121.515735846592619, 13.148844485844613 ], [ 121.515775196120956, 13.1488641638595 ], [ 121.515830200730832, 13.148895654532302 ], [ 121.515882762363645, 13.148929842242051 ], [ 121.515933851852367, 13.14896632248608 ], [ 121.516063446842537, 13.149066950138245 ], [ 121.516144543027877, 13.149126654568105 ], [ 121.516186151690917, 13.149153597515379 ], [ 121.51624197376735, 13.149185100041368 ], [ 121.516304333024593, 13.149214420152436 ], [ 121.516373414704873, 13.149240852878542 ], [ 121.516448293275658, 13.149263919429362 ], [ 121.516527604527241, 13.149283711499685 ], [ 121.516610107551983, 13.149300859960942 ], [ 121.516940740697223, 13.149359408160565 ], [ 121.517017621251469, 13.149374641069521 ], [ 121.517227726625862, 13.149420645869844 ], [ 121.517355386897293, 13.149445761004081 ], [ 121.517495405833472, 13.149466894894253 ], [ 121.517568891025377, 13.149475331744041 ], [ 121.517720589630812, 13.14948789150235 ], [ 121.517810773361532, 13.149492520418443 ], [ 121.518024010958101, 13.149497236362757 ], [ 121.518138495181617, 13.149497587238994 ], [ 121.518359302135622, 13.14949523545047 ], [ 121.518655161072573, 13.149485998911638 ] ] ] ] } },
{ "type": "Feature", "properties": { "Class_name": "Sand Bottom", "ID": 6, "Province": "Oriental Mindoro", "Region": "R4B", "Class_Code": "Sb", "Area": 309.41064820600002, "Area (Ha)": 303.095, "Area_3(ha)": 303.081 }, "geometry": { "type": "MultiPolygon", "coordinates": [ [ [ [ 121.439315481999031, 13.152859228450817 ], [ 121.439327017621636, 13.152893649242184 ], [ 121.439358174174615, 13.152975629406207 ], [ 121.439393197091789, 13.153055980741632 ], [ 121.43943134660158, 13.153131784411617 ], [ 121.439473264349573, 13.153205649131614 ], [ 121.439518533207533, 13.153277525974604 ], [ 121.439567045094762, 13.153347154282633 ], [ 121.439615627802922, 13.153410076251463 ], [ 121.439667192618018, 13.153470248971763 ], [ 121.439721930002221, 13.153527101586894 ], [ 121.439774476583239, 13.153575288201502 ], [ 121.439829294716418, 13.153620393357391 ], [ 121.439885832714481, 13.153662549124579 ], [ 121.43994365134229, 13.153701672872897 ], [ 121.440004841345967, 13.153738808764789 ], [ 121.440066866859368, 13.153771505199161 ], [ 121.440129626675173, 13.153798604609973 ], [ 121.44020124467896, 13.153820945739726 ], [ 121.440272477304092, 13.153833635319572 ], [ 121.440342049677554, 13.153835404904065 ], [ 121.440381657487094, 13.153830812331726 ], [ 121.440563074198266, 13.153791635110595 ], [ 121.440644606002365, 13.153777476730314 ], [ 121.440775925637908, 13.153759774123465 ], [ 121.440941362127433, 13.153740171676059 ], [ 121.441046639749501, 13.153725400745738 ], [ 121.441105954387993, 13.153714505939151 ], [ 121.441207979650429, 13.153645064159219 ], [ 121.441218164606113, 13.153578153655003 ], [ 121.441218466858999, 13.153530318119216 ], [ 121.441306564804407, 13.153492582877442 ], [ 121.441365135569185, 13.153492938318733 ], [ 121.441433286804141, 13.153522054307947 ], [ 121.441520961651506, 13.153551288748428 ], [ 121.441647865020542, 13.153552058751847 ], [ 121.441725898974568, 13.153562099678549 ], [ 121.441764583592303, 13.153619739236147 ], [ 121.441808811412301, 13.153696871035962 ], [ 121.441837525936947, 13.15372230095962 ], [ 121.4418424024432, 13.15374206228182 ], [ 121.442104113555885, 13.153752530583665 ], [ 121.442181011625408, 13.153753208314239 ], [ 121.442226559677806, 13.15375135934449 ], [ 121.442285316529038, 13.15374389743144 ], [ 121.442326270623639, 13.153732280644515 ], [ 121.442346722276881, 13.153722863902079 ], [ 121.442363963422721, 13.153711835209421 ], [ 121.442378285435311, 13.153699352732891 ], [ 121.442391101963821, 13.153684136627364 ], [ 121.442402315056114, 13.153665703829757 ], [ 121.442411700374493, 13.15364384423728 ], [ 121.44242114984965, 13.153609481116835 ], [ 121.442427287480527, 13.153569141608639 ], [ 121.442430534844434, 13.153523347470736 ], [ 121.442431591087612, 13.153473853466433 ], [ 121.442429677916422, 13.153315552502818 ], [ 121.442430589156757, 13.153237182775701 ], [ 121.442434016457682, 13.153191541105727 ], [ 121.442436789580611, 13.15317188972065 ], [ 121.442441902468886, 13.153151624399568 ], [ 121.442455662252613, 13.153119894820316 ], [ 121.442465096297482, 13.153104556995142 ], [ 121.442488100583333, 13.153076735042328 ], [ 121.442514673598424, 13.153054309427585 ], [ 121.442542079147117, 13.15303805571534 ], [ 121.442567861225555, 13.15302754777974 ], [ 121.442597581298187, 13.15302069262694 ], [ 121.442607726736753, 13.153020157930898 ], [ 121.442611693621998, 13.153021306240978 ], [ 121.442608968910648, 13.152970674980027 ], [ 121.442610172843985, 13.15291722729517 ], [ 121.442615369982619, 13.152850887199312 ], [ 121.442626344290417, 13.152776183526326 ], [ 121.442644963540943, 13.152697726038767 ], [ 121.442673208438023, 13.15262020517307 ], [ 121.442694762525946, 13.152577111540264 ], [ 121.442719529309713, 13.152535709589412 ], [ 121.442792628788823, 13.152433335064202 ], [ 121.442831467599603, 13.152383864203783 ], [ 121.442872641125334, 13.152334994065228 ], [ 121.442991108086417, 13.152206424245321 ], [ 121.443068049974812, 13.152126309699156 ], [ 121.443159818777644, 13.152034360823446 ], [ 121.443213432848538, 13.151982743379856 ], [ 121.443308342831074, 13.15189598325143 ], [ 121.44340630099839, 13.151812583903457 ], [ 121.443508592424479, 13.151733482321397 ], [ 121.443561269528615, 13.151695938305551 ], [ 121.443615269225631, 13.151659721004934 ], [ 121.443707325835263, 13.151602852636243 ], [ 121.443850900472142, 13.151521048691848 ], [ 121.444111894129691, 13.151376300972384 ], [ 121.444205983799449, 13.151321883955772 ], [ 121.444317066069786, 13.151253379552989 ], [ 121.444582445398495, 13.151084316562695 ], [ 121.444990209248729, 13.15083429655461 ], [ 121.445074137003246, 13.150786412256416 ], [ 121.445122420462695, 13.150760602487475 ], [ 121.445201842923183, 13.150721245698307 ], [ 121.445286158218337, 13.150683282697971 ], [ 121.445366031298974, 13.15065019523963 ], [ 121.445509756250161, 13.150595843273472 ], [ 121.445605806558518, 13.150563944106175 ], [ 121.445701961993848, 13.150539995692887 ], [ 121.445949711109265, 13.150494036065959 ], [ 121.446030657822121, 13.150475401944638 ], [ 121.44610901772333, 13.150451008942106 ], [ 121.44614049665293, 13.150438656625823 ], [ 121.446202511527943, 13.15041102545481 ], [ 121.446244286378885, 13.150390688281313 ], [ 121.446318621005616, 13.150351578850515 ], [ 121.446392116795977, 13.150308832783496 ], [ 121.446440149668476, 13.150278249820543 ], [ 121.4464841171025, 13.150248174534903 ], [ 121.446557621283702, 13.150193441550828 ], [ 121.446624316186202, 13.15013906416001 ], [ 121.446703621914409, 13.150067334513114 ], [ 121.4467489220376, 13.150022390679302 ], [ 121.446806467751671, 13.149960211191797 ], [ 121.446859253614633, 13.149895371366545 ], [ 121.446906178138377, 13.149827310806288 ], [ 121.446945238588498, 13.149757120376128 ], [ 121.446961481904111, 13.149720685611106 ], [ 121.44697726141122, 13.149676858882311 ], [ 121.446989912469689, 13.149629278219154 ], [ 121.446998602429005, 13.149578537941606 ], [ 121.447002767395333, 13.149525768612886 ], [ 121.447002264186324, 13.149472312707953 ], [ 121.446997381498591, 13.14941954748865 ], [ 121.446988793804493, 13.149368727311369 ], [ 121.446977437453171, 13.149320717527068 ], [ 121.446965652850182, 13.149280076025416 ], [ 121.446922204646953, 13.149157547121041 ], [ 121.4468365836277, 13.148941554456352 ], [ 121.446804012558019, 13.148855472271148 ], [ 121.446787023556226, 13.148804306857244 ], [ 121.446769441235631, 13.148740105811694 ], [ 121.446756128633126, 13.14867154192727 ], [ 121.446749355181311, 13.148603135154968 ], [ 121.446749979928484, 13.148539762898892 ], [ 121.446757069599855, 13.148485835187886 ], [ 121.446767781849061, 13.148444714908312 ], [ 121.446783868546291, 13.148405407469733 ], [ 121.446791860553404, 13.148390504122212 ], [ 121.446817252375325, 13.148351830556479 ], [ 121.446853722229847, 13.148305449118087 ], [ 121.44692594879092, 13.148218831343758 ], [ 121.447024590959998, 13.148109100667645 ], [ 121.447099856556463, 13.148031686958385 ], [ 121.44719927014809, 13.147938630355753 ], [ 121.447296447870727, 13.147856820884499 ], [ 121.447330138434211, 13.147830993345819 ], [ 121.447399914415115, 13.147781802571229 ], [ 121.447471896275957, 13.147737038920338 ], [ 121.44750945877685, 13.147716270236305 ], [ 121.447593333332108, 13.147676090543268 ], [ 121.447639892760463, 13.147656806995387 ], [ 121.447713438968847, 13.147629279041173 ], [ 121.448052697298934, 13.147511820235874 ], [ 121.448343485995281, 13.147418083338925 ], [ 121.448437984946395, 13.147384486947146 ], [ 121.448521041515789, 13.147350698241759 ], [ 121.448608806953658, 13.147311086760913 ], [ 121.448950061821051, 13.147146832753812 ], [ 121.449027778433177, 13.147116257660743 ], [ 121.449186618851712, 13.147061641656316 ], [ 121.449264942532764, 13.147031102746986 ], [ 121.449345544858488, 13.14699366756424 ], [ 121.449528963250572, 13.146904531551501 ], [ 121.449600135877773, 13.146872179384134 ], [ 121.449672578198687, 13.146842159936133 ], [ 121.449727941695315, 13.146821882772352 ], [ 121.449803978504605, 13.146798502005803 ], [ 121.449878401377731, 13.146780906747205 ], [ 121.449950905046734, 13.146768697116384 ], [ 121.450026019941163, 13.146760867763357 ], [ 121.4501026807458, 13.146757664657738 ], [ 121.450179625270891, 13.146759210538228 ], [ 121.450255592753805, 13.146765532394767 ], [ 121.450329312579527, 13.146776568720819 ], [ 121.450399510651053, 13.146792117578599 ], [ 121.450464963818987, 13.146811746097789 ], [ 121.450524636321219, 13.146834713112735 ], [ 121.450582916483796, 13.146862613480472 ], [ 121.450634061440084, 13.146892095725871 ], [ 121.450674421032076, 13.14691865831305 ], [ 121.450786234994098, 13.146999015702081 ], [ 121.450821335868881, 13.147021403845942 ], [ 121.450851779365905, 13.147037661670897 ], [ 121.450877710078942, 13.147048642481341 ], [ 121.450895234451437, 13.147054442868493 ], [ 121.450927872338681, 13.147061774819772 ], [ 121.45094871640049, 13.147064277135161 ], [ 121.450986468814321, 13.14706527374898 ], [ 121.451024938036824, 13.147062818098599 ], [ 121.451086101149301, 13.147054591800279 ], [ 121.451145032585757, 13.14704322630611 ], [ 121.451194512394096, 13.147030382075897 ], [ 121.45122687054004, 13.147019576070749 ], [ 121.451260287707498, 13.147005796479696 ], [ 121.451293286423635, 13.146988977659577 ], [ 121.45132488140554, 13.146969223170084 ], [ 121.451354983127231, 13.146946389581966 ], [ 121.451384659379499, 13.146919363064669 ], [ 121.451414657096279, 13.146886915107212 ], [ 121.451444720243416, 13.146848940244254 ], [ 121.451474492289691, 13.146806210748819 ], [ 121.451576953209894, 13.146640328864597 ], [ 121.45161400312287, 13.146583665939852 ], [ 121.451651577670418, 13.146531294161406 ], [ 121.451715416515739, 13.146452707780341 ], [ 121.451906430922591, 13.146243535169065 ], [ 121.451962123406062, 13.146179069205255 ], [ 121.452027661450316, 13.146095585383174 ], [ 121.452058439624608, 13.14605213816264 ], [ 121.452109644108248, 13.14597126435406 ], [ 121.45213083021406, 13.145933524180421 ], [ 121.452161582976416, 13.145872788251873 ], [ 121.452191195021427, 13.145806808552983 ], [ 121.452276117687106, 13.145594292102466 ], [ 121.452305866226752, 13.145526248742636 ], [ 121.452337441884723, 13.145463239372686 ], [ 121.452370795857561, 13.145406483433026 ], [ 121.452394102922398, 13.145371836769598 ], [ 121.45241867934665, 13.145338898550182 ], [ 121.45245143974978, 13.145299576171906 ], [ 121.452486498878997, 13.14526212605354 ], [ 121.45253146628778, 13.145219710613475 ], [ 121.452580471969355, 13.145179075322487 ], [ 121.45263358363492, 13.145139725141473 ], [ 121.452689240487075, 13.145101901513485 ], [ 121.452801146701233, 13.14503130465808 ], [ 121.453033707008075, 13.14489134408988 ], [ 121.453126107490689, 13.144831132143272 ], [ 121.453184960185226, 13.144789821726656 ], [ 121.453299826388019, 13.144703253668673 ], [ 121.453500766992263, 13.144541762312276 ], [ 121.45360226890233, 13.144463126210489 ], [ 121.453707815053889, 13.144389326183575 ], [ 121.453780838637883, 13.144344263014833 ], [ 121.453818772207015, 13.144323001936884 ], [ 121.453879238014977, 13.144292140353564 ], [ 121.453944293290519, 13.144262590645102 ], [ 121.454012820146218, 13.144234647326765 ], [ 121.45415254128001, 13.144183979252869 ], [ 121.454286010180965, 13.144139884966956 ], [ 121.454411960274356, 13.144102716283474 ], [ 121.454475039876002, 13.144086280843194 ], [ 121.454608372392983, 13.144055442170766 ], [ 121.455095839997696, 13.143951128682506 ], [ 121.455168723399254, 13.143937320633333 ], [ 121.455246465479888, 13.143924803601967 ], [ 121.455328385829759, 13.143914114678724 ], [ 121.455413630299233, 13.143905419465005 ], [ 121.455502129540335, 13.143898470954539 ], [ 121.455860896508739, 13.143877056128614 ], [ 121.455949599261217, 13.143869037208875 ], [ 121.456035340757609, 13.143858039039293 ], [ 121.456117236656667, 13.143843131249589 ], [ 121.456193832128562, 13.143823731350244 ], [ 121.456263629756478, 13.143799830846209 ], [ 121.456325491083106, 13.143772159101472 ], [ 121.45637957619914, 13.14374177097096 ], [ 121.456422271477393, 13.143713192510813 ], [ 121.456468477597895, 13.143677862675251 ], [ 121.456616588829888, 13.143549962686045 ], [ 121.456657730949345, 13.143516720554718 ], [ 121.456697938843249, 13.143487364614218 ], [ 121.456736765524525, 13.143462427018038 ], [ 121.456773933022632, 13.143441799510621 ], [ 121.456808803490432, 13.143425231438433 ], [ 121.456840133300005, 13.143412484975295 ], [ 121.456898596625777, 13.143393446447982 ], [ 121.45698170154148, 13.143374130454848 ], [ 121.457067280356057, 13.143360216707308 ], [ 121.45715439674585, 13.143349621393838 ], [ 121.457330156304707, 13.143331367351543 ], [ 121.457417413962332, 13.143320456673171 ], [ 121.457503334041832, 13.143306107659571 ], [ 121.457587154319015, 13.143286390554637 ], [ 121.457682959236237, 13.143255841716615 ], [ 121.458082601008016, 13.14311595685748 ], [ 121.458186913875551, 13.143082839889782 ], [ 121.458233952536901, 13.143069434486012 ], [ 121.458304889374674, 13.143051600670391 ], [ 121.458381359839549, 13.143035728050886 ], [ 121.458462460567546, 13.143022459272636 ], [ 121.45854715288975, 13.143012012273358 ], [ 121.45863525373575, 13.143004196765537 ], [ 121.458723743441922, 13.142998816283814 ], [ 121.45881466125617, 13.142995323374745 ], [ 121.45890577404974, 13.142993393374415 ], [ 121.459075549095886, 13.142992672984787 ], [ 121.459755507963465, 13.14300108870127 ], [ 121.460017466881396, 13.143002472811066 ], [ 121.460201413802537, 13.14300032490271 ], [ 121.460382188616578, 13.142993492720024 ], [ 121.460469867453128, 13.142987699632071 ], [ 121.460557292294922, 13.142979866513114 ], [ 121.460641372961632, 13.142970028737279 ], [ 121.460722194628218, 13.142958201135439 ], [ 121.460871171092862, 13.142930381150432 ], [ 121.461079848253704, 13.142886617461 ], [ 121.461156537481628, 13.14287290686932 ], [ 121.46123726426967, 13.14286067808519 ], [ 121.461321305449417, 13.142850302647796 ], [ 121.461407956807662, 13.14284187790161 ], [ 121.461497215395141, 13.1428352541962 ], [ 121.461586748932902, 13.142830302486676 ], [ 121.461770555225826, 13.142824103149826 ], [ 121.462022678409824, 13.142821197478877 ], [ 121.462263063190335, 13.14282303178201 ], [ 121.462423103928913, 13.142827961719172 ], [ 121.462576116692119, 13.142837887418581 ], [ 121.462684578676658, 13.142849543342738 ], [ 121.462738961293255, 13.142857254959095 ], [ 121.462843702242608, 13.142876558354313 ], [ 121.462937852675523, 13.142900328168114 ], [ 121.463016539867112, 13.142926515408236 ], [ 121.463076948378003, 13.142951811103268 ], [ 121.463118947024526, 13.142972702356682 ], [ 121.463161088333123, 13.1429966101616 ], [ 121.463229694048252, 13.14304199153101 ], [ 121.463273264626039, 13.143080039987977 ], [ 121.463292776829761, 13.143102113143264 ], [ 121.463331306104507, 13.143162036826199 ], [ 121.463344139625548, 13.143190085556679 ], [ 121.463360783214654, 13.143239569168218 ], [ 121.46337254420952, 13.143296603543602 ], [ 121.463378766319082, 13.14335920931488 ], [ 121.463380174559262, 13.143428536407571 ], [ 121.463377748927542, 13.143504710630969 ], [ 121.463366912901847, 13.143662560781033 ], [ 121.463322295904078, 13.144194815808914 ], [ 121.463303028451648, 13.144372937098582 ], [ 121.463291433511699, 13.144460605449234 ], [ 121.463264754658482, 13.144625815045444 ], [ 121.463223850678105, 13.144840319786855 ], [ 121.463212907873668, 13.144906447728021 ], [ 121.463205669347374, 13.144964200804038 ], [ 121.463201244896254, 13.145023544878802 ], [ 121.463200447871515, 13.145083549509298 ], [ 121.463203797277671, 13.145143068578022 ], [ 121.463211440702693, 13.145200905723296 ], [ 121.463223128531652, 13.145255987792567 ], [ 121.463238283716834, 13.145307617754964 ], [ 121.463252130079226, 13.14534560193302 ], [ 121.46328567056257, 13.145419771331468 ], [ 121.463325741875792, 13.145491080243456 ], [ 121.463348138155567, 13.145525915177267 ], [ 121.463384050932405, 13.145576426230603 ], [ 121.46342255788214, 13.14562493016744 ], [ 121.463464287543246, 13.145672032224786 ], [ 121.463508693517838, 13.145716218503717 ], [ 121.463555687662705, 13.14575640915659 ], [ 121.463605399468463, 13.145791900276464 ], [ 121.463660490593043, 13.145823746012425 ], [ 121.463723310516599, 13.145852204299958 ], [ 121.463793946163221, 13.145876450379395 ], [ 121.463871403346161, 13.145895920657059 ], [ 121.463954314904313, 13.14591062708538 ], [ 121.464041318208345, 13.145921037496397 ], [ 121.464131804847383, 13.145927902647285 ], [ 121.464223102330308, 13.145931921695496 ], [ 121.464306348650197, 13.145933763506713 ], [ 121.464473447695568, 13.145934272477605 ], [ 121.46497467676916, 13.145930193710939 ], [ 121.465159728962945, 13.145932081482991 ], [ 121.465341989721338, 13.145938797335491 ], [ 121.465431722354268, 13.145944709839162 ], [ 121.465518870829627, 13.145952604598937 ], [ 121.465603405401637, 13.145962635780171 ], [ 121.465684577724332, 13.145974712591165 ], [ 121.465761593153744, 13.145988457359229 ], [ 121.466041576036417, 13.146048216595281 ], [ 121.466117766895692, 13.146062571870049 ], [ 121.466197957631792, 13.146075628631746 ], [ 121.466281435095027, 13.146087082983485 ], [ 121.466367475280123, 13.146096947010609 ], [ 121.466784459151881, 13.146134386130871 ], [ 121.466891843657422, 13.146146676115571 ], [ 121.466999262856092, 13.146162012773319 ], [ 121.467149431550894, 13.146189750448569 ], [ 121.467233524247618, 13.146208684867721 ], [ 121.467400911927029, 13.146249811985523 ], [ 121.467485567369238, 13.14626564075671 ], [ 121.467572303659892, 13.146277105012706 ], [ 121.467660526696832, 13.14628549783909 ], [ 121.468018718567194, 13.146308746387174 ], [ 121.468107348620805, 13.146316706255066 ], [ 121.468194587910716, 13.146327685945209 ], [ 121.468279761331047, 13.14634312319912 ], [ 121.468309009556677, 13.146349828258263 ], [ 121.46858294975047, 13.14642097196003 ], [ 121.468694958850747, 13.146452901061254 ], [ 121.46875855954697, 13.146473429283688 ], [ 121.468820442347948, 13.146496323719315 ], [ 121.468861272756897, 13.146513716004444 ], [ 121.468900738678769, 13.146532888131095 ], [ 121.46896343911483, 13.146570076390132 ], [ 121.469012069888251, 13.146607315334709 ], [ 121.469053277205873, 13.146647656898207 ], [ 121.469087063670486, 13.146689459147318 ], [ 121.469118696204717, 13.146738359431334 ], [ 121.469147955360299, 13.146794276881897 ], [ 121.46917483158164, 13.146855786642673 ], [ 121.469249687961053, 13.14705177767552 ], [ 121.469276606624689, 13.147113131560848 ], [ 121.469305821267355, 13.147169138470868 ], [ 121.469337346256353, 13.147218703629777 ], [ 121.469371157219868, 13.147262012261958 ], [ 121.469412503062571, 13.147304835817662 ], [ 121.469460391762837, 13.147344766260819 ], [ 121.469514829561419, 13.14738164416943 ], [ 121.469574081560921, 13.147414762693041 ], [ 121.469636226407971, 13.147443922928742 ], [ 121.469698432206798, 13.14746869045311 ], [ 121.469780117479004, 13.147495189046323 ], [ 121.469821830373803, 13.147505980871069 ], [ 121.469878162031634, 13.147517458176575 ], [ 121.469937485310894, 13.147525682208617 ], [ 121.469998878783031, 13.147530116020954 ], [ 121.470061197137383, 13.147530531973871 ], [ 121.470123245892708, 13.147527040225036 ], [ 121.470183917694584, 13.147520071331389 ], [ 121.470242351172587, 13.147510320438879 ], [ 121.470286257308842, 13.14750128727286 ], [ 121.470374121560809, 13.147479960234211 ], [ 121.470557876353851, 13.147428272927868 ], [ 121.470683737774621, 13.147389399214584 ], [ 121.471003415347795, 13.147280184734322 ], [ 121.471148055613796, 13.147233659611119 ], [ 121.471293273775501, 13.147189123313279 ], [ 121.471496197688452, 13.147129453081455 ], [ 121.471567292916987, 13.147111077255298 ], [ 121.471642964155848, 13.147093675850778 ], [ 121.471804823808654, 13.147062680735468 ], [ 121.472133103755581, 13.14700740384958 ], [ 121.472209758766994, 13.146992696620602 ], [ 121.47241966215492, 13.146948537583219 ], [ 121.472557462010741, 13.146922594827448 ], [ 121.472708399943556, 13.146900049234018 ], [ 121.473025162083161, 13.146860223007446 ], [ 121.473102805342734, 13.14684855599457 ], [ 121.473178174139051, 13.14683528246543 ], [ 121.473250411718581, 13.146820230752393 ], [ 121.473318731332938, 13.146803530243007 ], [ 121.473426232736927, 13.146772182878161 ], [ 121.473511545892691, 13.146743856509033 ], [ 121.473775677188371, 13.146651821379887 ], [ 121.473904685904145, 13.146610491372281 ], [ 121.474018461660478, 13.146580896535824 ], [ 121.474080226741918, 13.146567913195335 ], [ 121.474144711786025, 13.146556450545209 ], [ 121.474211414557246, 13.146546527729718 ], [ 121.47429714831793, 13.146536074450308 ], [ 121.474649534448162, 13.146504359607992 ], [ 121.474820358629955, 13.146485636393372 ], [ 121.474901575056307, 13.146474119059571 ], [ 121.47497885773366, 13.146461305648247 ], [ 121.475189100107357, 13.146420407491002 ], [ 121.475307654561306, 13.146399279276798 ], [ 121.47543705008043, 13.146381314560536 ], [ 121.475592464084457, 13.146366284313812 ], [ 121.475680278376672, 13.146360080809481 ], [ 121.47609896606788, 13.146336034794901 ], [ 121.476252979814362, 13.146322081815836 ], [ 121.476326989184543, 13.146313055697215 ], [ 121.47646624182039, 13.146291159941688 ], [ 121.476740418512335, 13.146237417214076 ], [ 121.476817532184825, 13.14622431643892 ], [ 121.476898560214067, 13.146212498759622 ], [ 121.477069012523785, 13.146193262062804 ], [ 121.477473791713123, 13.146157866866996 ], [ 121.477608913720246, 13.146141748332566 ], [ 121.477750958595934, 13.146119199616933 ], [ 121.478023976649382, 13.146065728883972 ], [ 121.478158485808379, 13.146044150622432 ], [ 121.478229858105152, 13.146035021454633 ], [ 121.478378573868937, 13.146020299734708 ], [ 121.478806308333901, 13.145989318566848 ], [ 121.478968474264889, 13.1459722139733 ], [ 121.4790646528254, 13.145958663095437 ], [ 121.4791638514792, 13.145942085740893 ], [ 121.479319250421312, 13.145914100959221 ], [ 121.479406703673547, 13.145896620879242 ], [ 121.479451682511808, 13.145885871547604 ], [ 121.479529590060622, 13.145863255047956 ], [ 121.479596507749577, 13.14584010840051 ], [ 121.479823940690693, 13.14575248355537 ], [ 121.479888420353731, 13.145729569338641 ], [ 121.479958175956241, 13.145706878823292 ], [ 121.480032099170941, 13.145684888096037 ], [ 121.480262417196982, 13.145622404845675 ], [ 121.480406523286234, 13.145581111056643 ], [ 121.480825133605848, 13.145449236596788 ], [ 121.480962340695967, 13.145401426274727 ], [ 121.481300153154109, 13.145273325809375 ], [ 121.48148041674493, 13.145209290729122 ], [ 121.481548897306268, 13.145187796642167 ], [ 121.48162201629917, 13.145166937962063 ], [ 121.48185655319223, 13.145106276688544 ], [ 121.481933727698092, 13.14508344724843 ], [ 121.482009695566788, 13.145055806777995 ], [ 121.482085554575988, 13.145018968253538 ], [ 121.482161949325857, 13.144968254691646 ], [ 121.48223455284959, 13.144906498216232 ], [ 121.482302650946082, 13.144836370474316 ], [ 121.482417947680915, 13.144701121366325 ], [ 121.482460279275912, 13.144654991921785 ], [ 121.482500637878445, 13.144618897446643 ], [ 121.482545394024683, 13.144591084615394 ], [ 121.482582108546339, 13.144578278999726 ], [ 121.482603347756267, 13.144578072789159 ], [ 121.482610227449896, 13.144582381582071 ], [ 121.482601629655434, 13.144575580542286 ], [ 121.482579651051168, 13.144546597133161 ], [ 121.482505240631227, 13.144437958227611 ], [ 121.482412475736353, 13.144293275827501 ], [ 121.482258000704547, 13.144045074901557 ], [ 121.48219952278734, 13.143959452202427 ], [ 121.48214367807347, 13.143891769142305 ], [ 121.482101664663674, 13.143855158962769 ], [ 121.482059808517405, 13.143830864268782 ], [ 121.482017318338805, 13.143817686682475 ], [ 121.481971093287811, 13.143817900427734 ], [ 121.481928381874482, 13.143833972136022 ], [ 121.481895348968763, 13.143861646910562 ], [ 121.4818677840709, 13.143899453668597 ], [ 121.481842596580591, 13.14395198167324 ], [ 121.481783532170127, 13.144122525910619 ], [ 121.481762612479898, 13.14417109518479 ], [ 121.481737481444526, 13.144215117897893 ], [ 121.481700240450778, 13.144259025303487 ], [ 121.481655891982953, 13.144290151632484 ], [ 121.481604268182807, 13.144305858885705 ], [ 121.481549862880968, 13.144305054921189 ], [ 121.481510689749712, 13.144294312643705 ], [ 121.481473096193284, 13.144275572270395 ], [ 121.481438252057984, 13.144249237686937 ], [ 121.481399085130079, 13.144205102752402 ], [ 121.481365926690913, 13.14415144951224 ], [ 121.481343862072805, 13.144104124204572 ], [ 121.481324788508815, 13.144053204861295 ], [ 121.481308256111092, 13.143999461357925 ], [ 121.48129143127575, 13.143933220189282 ], [ 121.48127664132285, 13.143864788723452 ], [ 121.481252791215027, 13.143737998496878 ], [ 121.481215150787477, 13.143518263161056 ], [ 121.481200464656027, 13.143442759418084 ], [ 121.481183420337061, 13.14336799234068 ], [ 121.481162998944171, 13.143294333795874 ], [ 121.481138173892504, 13.143221607530787 ], [ 121.481109456801121, 13.143150271312104 ], [ 121.481077374160947, 13.143080243369351 ], [ 121.481037780650894, 13.143002975039085 ], [ 121.480995231081593, 13.142927040176392 ], [ 121.48095036036851, 13.142852246349568 ], [ 121.48090356459366, 13.142778526610803 ], [ 121.480855024396888, 13.142705945327686 ], [ 121.480804716425055, 13.142634712008105 ], [ 121.480752412873429, 13.142565204284496 ], [ 121.480706176034559, 13.142507931986367 ], [ 121.480658131885619, 13.142452559005562 ], [ 121.480608099160193, 13.14239947250902 ], [ 121.480555759801362, 13.142349226903333 ], [ 121.480500646773834, 13.142302571710585 ], [ 121.480432222319024, 13.142253469596985 ], [ 121.480360079165919, 13.142210002470833 ], [ 121.480284861556086, 13.14217204112378 ], [ 121.480204807685084, 13.142138900930439 ], [ 121.480122690441348, 13.142111530095093 ], [ 121.480039087720584, 13.142090055046273 ], [ 121.479954415169956, 13.142075185486917 ], [ 121.479868961654034, 13.142068252098944 ], [ 121.479781095146038, 13.142070500622747 ], [ 121.479692838787969, 13.142080293483847 ], [ 121.479604360331649, 13.142095467968405 ], [ 121.479515788941342, 13.142114397958272 ], [ 121.479342772211623, 13.142158062967052 ], [ 121.47925865964622, 13.142181778066334 ], [ 121.479175162065445, 13.142207223562101 ], [ 121.479092592482885, 13.142234787909748 ], [ 121.479011330033501, 13.142265053006831 ], [ 121.47893184121493, 13.142298805717672 ], [ 121.478860190081676, 13.142333507195341 ], [ 121.478719370236561, 13.142406938859274 ], [ 121.478648533561227, 13.142442016714964 ], [ 121.478576288045019, 13.1424734278822 ], [ 121.478502516915782, 13.142499329455527 ], [ 121.478426943474304, 13.142520049733051 ], [ 121.478349971748926, 13.142535851316078 ], [ 121.478271943800507, 13.14254666002418 ], [ 121.478193159083304, 13.14255205115348 ], [ 121.478116023221261, 13.142551707545914 ], [ 121.478038668327216, 13.14254659854203 ], [ 121.477961348900536, 13.142537520096806 ], [ 121.477884361193034, 13.14252497635197 ], [ 121.477796145996223, 13.142506514907188 ], [ 121.47770947880592, 13.142484167566582 ], [ 121.477625220268607, 13.142457949514586 ], [ 121.477544568690718, 13.142427444135496 ], [ 121.477478372755485, 13.142396824483249 ], [ 121.477417278098457, 13.142362383509951 ], [ 121.477362810681171, 13.142323934160235 ], [ 121.477317002316155, 13.142281002016913 ], [ 121.477282497385332, 13.142232811668205 ], [ 121.477262596696448, 13.14218242856187 ], [ 121.477254088319739, 13.142128311835213 ], [ 121.477256122550685, 13.142072105083194 ], [ 121.477268459114399, 13.142015323145959 ], [ 121.477285700556351, 13.141970535318709 ], [ 121.477308952166794, 13.141926692517094 ], [ 121.477346688882861, 13.141871891825705 ], [ 121.477391070802341, 13.14181862143899 ], [ 121.477440054923122, 13.141766219193871 ], [ 121.477543357215737, 13.141663751030997 ], [ 121.477650069972171, 13.141564347749986 ], [ 121.477706925774527, 13.141515121692281 ], [ 121.477764911764567, 13.141467477011302 ], [ 121.477823645349417, 13.14142159243613 ], [ 121.47788276459832, 13.141377727327511 ], [ 121.478014322278312, 13.141284705851987 ], [ 121.478074564761414, 13.141238943098179 ], [ 121.478115388394713, 13.141203432275011 ], [ 121.478150551754339, 13.14116612773142 ], [ 121.478178277739104, 13.141126029977453 ], [ 121.478198181728288, 13.141078528696806 ], [ 121.478208218528465, 13.141021016650717 ], [ 121.478206072598709, 13.140962577780186 ], [ 121.478193559131412, 13.140905992281981 ], [ 121.478172892336318, 13.140853128105778 ], [ 121.47815544087797, 13.140819939262819 ], [ 121.478135173693204, 13.14078773127784 ], [ 121.478105993308134, 13.140748405687132 ], [ 121.478073122243543, 13.140710376481026 ], [ 121.478029136413952, 13.140666308412481 ], [ 121.477990223822374, 13.140631792309875 ], [ 121.477904009862471, 13.140564046100465 ], [ 121.477705599028226, 13.140420131998408 ], [ 121.477602364935606, 13.140341181044001 ], [ 121.477555984059137, 13.140302698791213 ], [ 121.4775129713897, 13.140264011472571 ], [ 121.477475199384969, 13.140226020821405 ], [ 121.477444127399224, 13.140189080118571 ], [ 121.477421671133655, 13.140154780412075 ], [ 121.47740795041608, 13.140124638579138 ], [ 121.477400944948755, 13.140097757104153 ], [ 121.477399088211328, 13.140071958535266 ], [ 121.477400633024729, 13.140054299352824 ], [ 121.477404865762551, 13.140035385859797 ], [ 121.477412355457801, 13.140015245345145 ], [ 121.477423498468127, 13.139994352706532 ], [ 121.477438498406499, 13.139973248063134 ], [ 121.477457593712231, 13.139952235405888 ], [ 121.477489003963044, 13.139925388691168 ], [ 121.477532381065529, 13.139899014432972 ], [ 121.477590548220448, 13.139874160295545 ], [ 121.477661998287502, 13.139851895093955 ], [ 121.477741467804151, 13.13983360150829 ], [ 121.477836313492389, 13.139818086265389 ], [ 121.477941178432502, 13.139807634672755 ], [ 121.478003883054456, 13.139804698661573 ], [ 121.478064833929309, 13.139804428068256 ], [ 121.47816113070057, 13.139809549885982 ], [ 121.478244320068058, 13.139819170625339 ], [ 121.478309159384267, 13.13983020118236 ], [ 121.478350188706145, 13.139839616367757 ], [ 121.478361250778292, 13.139844518570056 ], [ 121.478092869856752, 13.139569406318417 ], [ 121.478043095237666, 13.13951174652887 ], [ 121.477996182415055, 13.139451580939586 ], [ 121.477953725347504, 13.139387601386971 ], [ 121.477932640609041, 13.139347262627512 ], [ 121.477926563608335, 13.139330741280906 ], [ 121.477915844543958, 13.139291424470604 ], [ 121.477896711931947, 13.139191169699442 ], [ 121.477889487462036, 13.139181849490107 ], [ 121.477873973897786, 13.139152933209521 ], [ 121.477849730866879, 13.13910026178177 ], [ 121.477821034781897, 13.139029548970536 ], [ 121.477790506024661, 13.138944452684633 ], [ 121.477761597557731, 13.138852172941174 ], [ 121.477734998099152, 13.138753463602017 ], [ 121.477712258070952, 13.138651890157906 ], [ 121.477698224425822, 13.138573766311771 ], [ 121.477687641261468, 13.138497802466123 ], [ 121.477680721763875, 13.138425735265148 ], [ 121.477677605656211, 13.138359653943331 ], [ 121.477679112262138, 13.138237984794078 ], [ 121.477689446425117, 13.138066961707054 ], [ 121.477727851119681, 13.137640089677905 ], [ 121.477733447255872, 13.137558739556074 ], [ 121.477736859972012, 13.137478084718785 ], [ 121.477736935700008, 13.137398429863483 ], [ 121.477732214238642, 13.137320194407499 ], [ 121.477720827966465, 13.13724394627774 ], [ 121.477703152488871, 13.137177245697261 ], [ 121.477678019851851, 13.137113379304139 ], [ 121.477643567442072, 13.137050061121331 ], [ 121.477602046012507, 13.136990389191439 ], [ 121.477548113919525, 13.13692728946163 ], [ 121.4774877799167, 13.13686903567034 ], [ 121.47742151433107, 13.136816370880938 ], [ 121.477358660954437, 13.136775377700346 ], [ 121.477292316748361, 13.136738561403043 ], [ 121.477223388232659, 13.136705108566103 ], [ 121.477152569967643, 13.136674459298741 ], [ 121.477080390111581, 13.136646278011751 ], [ 121.476991420003017, 13.136615488036895 ], [ 121.476799179242292, 13.136558513454249 ], [ 121.476729473074954, 13.136536116133074 ], [ 121.476660636129921, 13.136512091279616 ], [ 121.476525967996324, 13.136461639009719 ], [ 121.476446646671292, 13.136434873107929 ], [ 121.476360319773633, 13.136417635902651 ], [ 121.476274380775138, 13.136414351881585 ], [ 121.476189253360872, 13.1364251836848 ], [ 121.476109432991024, 13.136450335415004 ], [ 121.476062995983114, 13.136473582873711 ], [ 121.476021252119892, 13.136501057106654 ], [ 121.475987842795888, 13.136528434785848 ], [ 121.475958972273631, 13.136556605030462 ], [ 121.475917865542371, 13.136607158988937 ], [ 121.475896368258134, 13.136648566684535 ], [ 121.475893501033212, 13.136666954212371 ], [ 121.475898589293294, 13.136675757631622 ], [ 121.4759086844699, 13.136684067739839 ], [ 121.475917379547056, 13.136702260801 ], [ 121.475923503235776, 13.136728825847957 ], [ 121.475925021664892, 13.136758875794699 ], [ 121.475921303790386, 13.136791639266145 ], [ 121.475912021641761, 13.136825301469683 ], [ 121.475893843857861, 13.136865319917399 ], [ 121.475863663745258, 13.136910376711972 ], [ 121.475806355874326, 13.136969571295875 ], [ 121.475730631043177, 13.137024690910307 ], [ 121.475647070028927, 13.137069571314813 ], [ 121.475569849913512, 13.137101535901976 ], [ 121.475482299955488, 13.137129611386154 ], [ 121.475422810232246, 13.137144403638285 ], [ 121.475245090941854, 13.137182083059734 ], [ 121.474963607265195, 13.137238111720515 ], [ 121.474848096937137, 13.137262491013439 ], [ 121.474694583190825, 13.137297229992114 ], [ 121.474318188056557, 13.137386713398461 ], [ 121.474145008880626, 13.137425919442581 ], [ 121.474058212470055, 13.137444298588921 ], [ 121.47391276557704, 13.137471957978903 ], [ 121.473799821009948, 13.137489619394451 ], [ 121.473662167619665, 13.137505725955343 ], [ 121.473540722611361, 13.137515236636027 ], [ 121.473466381408159, 13.137519326581385 ], [ 121.473330798100363, 13.137524361596487 ], [ 121.473143661190363, 13.137528074362695 ], [ 121.473000735299337, 13.137526988285325 ], [ 121.472919321155786, 13.137523371860132 ], [ 121.472756672994493, 13.137510545464602 ], [ 121.472675482986787, 13.137502072842191 ], [ 121.472513639491012, 13.137481887788576 ], [ 121.472360984984959, 13.137458441505713 ], [ 121.472285541501677, 13.137444640988758 ], [ 121.472211010887264, 13.137428915507876 ], [ 121.472137735071811, 13.13741065809406 ], [ 121.472066160742685, 13.137389060785541 ], [ 121.472028288455959, 13.137375607843849 ], [ 121.471973507010148, 13.13735293507766 ], [ 121.471898047399705, 13.137314429875312 ], [ 121.471826988544194, 13.137269573819227 ], [ 121.471760971125263, 13.137218621884417 ], [ 121.471701074382267, 13.137161282721552 ], [ 121.471650556350454, 13.137100649710389 ], [ 121.471356404840819, 13.136866855756152 ], [ 121.471258969711513, 13.136837573696255 ], [ 121.471151832548713, 13.136798666311845 ], [ 121.470986364677444, 13.136721141628664 ], [ 121.470889344212807, 13.13662488865992 ], [ 121.470772919754964, 13.136509385059115 ], [ 121.470646734152282, 13.136393823364287 ], [ 121.470529658346479, 13.136383559457187 ], [ 121.470432223535269, 13.136354277114526 ], [ 121.47020866270779, 13.136199865607319 ], [ 121.470111583512633, 13.136113179648092 ], [ 121.469907486328509, 13.135968451313193 ], [ 121.469732850859373, 13.135795195347256 ], [ 121.469627998713975, 13.135608031347026 ], [ 121.469581744293947, 13.135606486026791 ], [ 121.469523017295316, 13.13561037937631 ], [ 121.469493865040036, 13.135615028372149 ], [ 121.469464597803693, 13.13562156801496 ], [ 121.469434342590034, 13.135630271343942 ], [ 121.469393545814427, 13.135645019239066 ], [ 121.469353689261681, 13.135662653587293 ], [ 121.469304137369789, 13.135688976842602 ], [ 121.469255065057155, 13.135719938071777 ], [ 121.469208217734689, 13.135754230766278 ], [ 121.46915333997859, 13.135801235798878 ], [ 121.469103650029922, 13.135852903577925 ], [ 121.469074537983218, 13.135889620057084 ], [ 121.469049021270024, 13.135928198960226 ], [ 121.469021476113213, 13.135981039769193 ], [ 121.468998902728529, 13.136040771818402 ], [ 121.468982397987745, 13.136107017433945 ], [ 121.468972691538696, 13.136178227866083 ], [ 121.468969793247808, 13.136252387199136 ], [ 121.468973042712491, 13.136327411028057 ], [ 121.468981249124312, 13.136401389864648 ], [ 121.468992839800435, 13.136472813211295 ], [ 121.469033502099563, 13.136677990985119 ], [ 121.469045537568235, 13.136748189227299 ], [ 121.46905553158534, 13.136821142729154 ], [ 121.469062570748235, 13.136895862742115 ], [ 121.469065904238235, 13.136971249781324 ], [ 121.469064935962095, 13.13704612730932 ], [ 121.469059234281744, 13.137119254471182 ], [ 121.469048581206252, 13.137189350356573 ], [ 121.469320766204405, 13.137431468380329 ], [ 121.469475644650146, 13.137642865199011 ], [ 121.469512793360977, 13.137949231708355 ], [ 121.469453987616561, 13.137987149872467 ], [ 121.468964848405051, 13.13815644474723 ], [ 121.468514873040462, 13.138306837798524 ], [ 121.467889428528494, 13.138417916400879 ], [ 121.46706911095049, 13.138470429534863 ], [ 121.466365693014353, 13.138561905392296 ], [ 121.464392930396741, 13.138703203914707 ], [ 121.461594603839643, 13.138880120982979 ], [ 121.456245470451378, 13.140120717956904 ], [ 121.456180846668801, 13.140141437094886 ], [ 121.456119582936253, 13.14016321345518 ], [ 121.456062244717231, 13.140185785737058 ], [ 121.45594237393712, 13.140239415463414 ], [ 121.455649398514922, 13.140382174866723 ], [ 121.455569384591698, 13.140418871771361 ], [ 121.455407941911147, 13.140489889622943 ], [ 121.455082025862211, 13.140626652670187 ], [ 121.454263830316847, 13.140962324475005 ], [ 121.45410105191371, 13.141031299172962 ], [ 121.453938066664193, 13.141103193720523 ], [ 121.453612331463404, 13.141254234950967 ], [ 121.45247751039588, 13.141794242667412 ], [ 121.452070795181029, 13.141984061903743 ], [ 121.45182448101454, 13.142093117540286 ], [ 121.45124623432568, 13.142339964137847 ], [ 121.451000292091493, 13.142449442033136 ], [ 121.450841561311407, 13.142525667729503 ], [ 121.450687572113495, 13.142604168093692 ], [ 121.450380875033701, 13.142763862126381 ], [ 121.450139455929019, 13.142883782401812 ], [ 121.449891134907176, 13.143001457619773 ], [ 121.449475437919446, 13.143194065000577 ], [ 121.449225354039868, 13.143308227921388 ], [ 121.448974056239095, 13.143419697764434 ], [ 121.448735880543268, 13.143519902952114 ], [ 121.448336569651943, 13.143681616848063 ], [ 121.448015604484993, 13.143807338399286 ], [ 121.447759527189078, 13.1439029936192 ], [ 121.44690283574748, 13.144214698263681 ], [ 121.446559323940349, 13.144337120739495 ], [ 121.44638658731715, 13.144395094986045 ], [ 121.446299691408768, 13.144422281701909 ], [ 121.446212259518717, 13.144447611665342 ], [ 121.446127684913861, 13.144469773106799 ], [ 121.445957149004229, 13.144509185620821 ], [ 121.445785461685205, 13.144544222949241 ], [ 121.445613110077474, 13.144575870456421 ], [ 121.445440303216074, 13.144603359843495 ], [ 121.445353740491143, 13.144614764758543 ], [ 121.445267058549192, 13.144623882986984 ], [ 121.445184892643979, 13.144629874364757 ], [ 121.445102704377931, 13.144633330179543 ], [ 121.4450205960744, 13.144634277140504 ], [ 121.444938676123627, 13.14463254250856 ], [ 121.444857064984504, 13.144627745088528 ], [ 121.444775901299707, 13.14461928015935 ], [ 121.444700177579719, 13.144607631037195 ], [ 121.44447376527495, 13.144562531486068 ], [ 121.44415767294133, 13.144501830873203 ], [ 121.443895676912504, 13.144446521860635 ], [ 121.443587097492866, 13.144385393232087 ], [ 121.443284550551681, 13.14432188660753 ], [ 121.443205410643486, 13.144306714487088 ], [ 121.443127092402364, 13.144294344407658 ], [ 121.443049754658887, 13.144286577782639 ], [ 121.442973664604537, 13.144285578607505 ], [ 121.442902204811446, 13.144292722177878 ], [ 121.44283271509228, 13.144307139002649 ], [ 121.442765817840197, 13.14432791985953 ], [ 121.442702338526658, 13.144354600214546 ], [ 121.442613678654297, 13.145015542503025 ], [ 121.442451163701847, 13.145244163980985 ], [ 121.442111671570942, 13.145672618073283 ], [ 121.441860576407151, 13.146015505206105 ], [ 121.441286349630644, 13.146514286563512 ], [ 121.440962040005871, 13.146856728492095 ], [ 121.44053233043158, 13.147657742438907 ], [ 121.440132447212036, 13.148372834137914 ], [ 121.439894068864675, 13.148740080691166 ], [ 121.439409505573238, 13.149715924714494 ], [ 121.439364076304059, 13.150625960030341 ], [ 121.439373555604647, 13.151056528673088 ], [ 121.439380765592361, 13.151845842716277 ], [ 121.439315481999031, 13.152859228450817 ] ] ] ] } },
{ "type": "Feature", "properties": { "Class_name": "Sand Bottom", "ID": 6, "Province": "Oriental Mindoro", "Region": "R4B", "Class_Code": "Sb", "Area": 2.1942289238299999, "Area (Ha)": 2.194, "Area_3(ha)": 2.194 }, "geometry": { "type": "MultiPolygon", "coordinates": [ [ [ [ 121.448317998976904, 13.184332880989038 ], [ 121.448241593513885, 13.184336230309031 ], [ 121.448208677830209, 13.184335993152985 ], [ 121.448192507405722, 13.184334405989118 ], [ 121.448176231201685, 13.184330912847715 ], [ 121.44816822830326, 13.184328051199421 ], [ 121.448155134379135, 13.184320272080292 ], [ 121.448146422700603, 13.184310392693877 ], [ 121.448142934190145, 13.184303945783995 ], [ 121.448137882340163, 13.184287673243782 ], [ 121.448135524725217, 13.184269778862484 ], [ 121.448132978714582, 13.18421365358147 ], [ 121.448128158668666, 13.184186409885413 ], [ 121.448125362833935, 13.18417909465218 ], [ 121.448117697499953, 13.18416705426783 ], [ 121.448107020305656, 13.184158301008374 ], [ 121.448100386669239, 13.184154911110431 ], [ 121.448083014835106, 13.184149698840553 ], [ 121.448053720815352, 13.184146733707662 ], [ 121.447950138115544, 13.184149861748063 ], [ 121.447525130268588, 13.18414443172939 ], [ 121.447482983064944, 13.184145984211588 ], [ 121.447455996806241, 13.184149722713444 ], [ 121.447444470037311, 13.184152682366518 ], [ 121.44743363812438, 13.184156711690783 ], [ 121.447417355012533, 13.184166826402663 ], [ 121.447405845738487, 13.18418016896233 ], [ 121.447398635783387, 13.184195579092378 ], [ 121.447394223005276, 13.184216179792401 ], [ 121.447391995544422, 13.184246209772152 ], [ 121.447392441864892, 13.184280050982842 ], [ 121.447395496445836, 13.184327294412991 ], [ 121.447395463263902, 13.184330444118345 ], [ 121.447398638151782, 13.184337484904027 ], [ 121.447413744157942, 13.18436189611073 ], [ 121.447459367015028, 13.184423601687053 ], [ 121.447524138060331, 13.184502044748921 ], [ 121.4476116570915, 13.184598116686729 ], [ 121.447650235837969, 13.184637420998918 ], [ 121.447720395264142, 13.184704279070328 ], [ 121.447871594217162, 13.184837350935956 ], [ 121.447922552596751, 13.184883833592744 ], [ 121.447963972354941, 13.184926362137706 ], [ 121.447995855777464, 13.184964909171457 ], [ 121.448026000916286, 13.185009179482673 ], [ 121.448040341480464, 13.1850340263384 ], [ 121.448066990798267, 13.185088852537763 ], [ 121.448090724000863, 13.185148522715604 ], [ 121.448145996906945, 13.185303349066443 ], [ 121.44817107541013, 13.185360611419084 ], [ 121.448199821723378, 13.185411844579807 ], [ 121.448215949969281, 13.185435113796466 ], [ 121.448232784801007, 13.185456069648419 ], [ 121.448251066805938, 13.185475710994451 ], [ 121.448270856077414, 13.185493989109888 ], [ 121.448292003528834, 13.185510828122009 ], [ 121.448315619079352, 13.185527014852548 ], [ 121.448367828458572, 13.185555784715488 ], [ 121.448396181703657, 13.185568524822298 ], [ 121.448457582645418, 13.185591707844722 ], [ 121.448619982038863, 13.18564244036885 ], [ 121.448682192804242, 13.185664012677181 ], [ 121.448740064218327, 13.185688090675338 ], [ 121.448769214818753, 13.185703038570866 ], [ 121.448813252444864, 13.185729923611349 ], [ 121.448857608650059, 13.185761620709034 ], [ 121.448901322349499, 13.185796960647595 ], [ 121.448943290230375, 13.185834577331413 ], [ 121.448982260514242, 13.185872947574218 ], [ 121.449016982154831, 13.185910398455956 ], [ 121.449052087030807, 13.185952054611599 ], [ 121.44908542133507, 13.185996108061147 ], [ 121.449100596649799, 13.186019137169467 ], [ 121.449127913744562, 13.186042086737702 ], [ 121.449175566482438, 13.18607231026551 ], [ 121.449195832943971, 13.186083127875524 ], [ 121.449238139851659, 13.186102592178253 ], [ 121.44927980962197, 13.186117656891481 ], [ 121.449317243893603, 13.186127388358502 ], [ 121.449375302723894, 13.186139017404752 ], [ 121.449436068216215, 13.186148562083197 ], [ 121.449689190308106, 13.186183520341846 ], [ 121.449772139442729, 13.186198379427442 ], [ 121.449851200062028, 13.186216120507192 ], [ 121.449907606980176, 13.186231798291733 ], [ 121.44997016797025, 13.186253389665588 ], [ 121.450014080816572, 13.186271454333525 ], [ 121.450130565369705, 13.186324842453129 ], [ 121.450150479843785, 13.186332681200311 ], [ 121.45015567110849, 13.186201419324119 ], [ 121.450155260265348, 13.186140618224789 ], [ 121.450151999816612, 13.186075213795439 ], [ 121.450144764357731, 13.186008534440932 ], [ 121.450132354942838, 13.185943958738571 ], [ 121.450119065312322, 13.185899395330699 ], [ 121.450109145730323, 13.185874541576373 ], [ 121.450094540795348, 13.185845969830872 ], [ 121.450082987896508, 13.185827918428163 ], [ 121.450054785952247, 13.185793908594791 ], [ 121.449999751317833, 13.185742839847219 ], [ 121.449924312442732, 13.185668105598522 ], [ 121.449887977628322, 13.185633978458094 ], [ 121.44984984136444, 13.185600717377854 ], [ 121.44980978733372, 13.185569078599247 ], [ 121.449765785112533, 13.185538765021331 ], [ 121.449721432641581, 13.18551325096718 ], [ 121.449677140452607, 13.185492621068384 ], [ 121.44963156936727, 13.185475685647557 ], [ 121.449581667050964, 13.185460959218053 ], [ 121.449528376229111, 13.185448365739425 ], [ 121.44947255232762, 13.185437399238312 ], [ 121.449303916218923, 13.185407403083751 ], [ 121.449250176952361, 13.185395909141789 ], [ 121.449199291891119, 13.18538293411703 ], [ 121.449152017951846, 13.185368492671358 ], [ 121.449108708138269, 13.185352896454054 ], [ 121.449029583916229, 13.185318624428028 ], [ 121.448951328242785, 13.185279577309238 ], [ 121.44891074784104, 13.185257752797353 ], [ 121.448871013280765, 13.18523485357562 ], [ 121.448832460687584, 13.18521049260684 ], [ 121.448796815132354, 13.185185248594928 ], [ 121.448764247951587, 13.185159115775845 ], [ 121.448733522684748, 13.185131235574179 ], [ 121.448703332785982, 13.185100747351552 ], [ 121.448586941032531, 13.184972165038971 ], [ 121.448496012087233, 13.184882225008376 ], [ 121.448464187579205, 13.184847621684852 ], [ 121.448433782240926, 13.184808120880852 ], [ 121.448403957834898, 13.18476027519104 ], [ 121.448374486283512, 13.184698836115631 ], [ 121.448360435142092, 13.184661641165894 ], [ 121.448348522300719, 13.184623761422722 ], [ 121.448337934339051, 13.18458246226516 ], [ 121.448329670642153, 13.18454182509941 ], [ 121.44832341848506, 13.184501696094445 ], [ 121.448316658732509, 13.184430544303448 ], [ 121.448315647938685, 13.184359287694182 ], [ 121.448317998976904, 13.184332880989038 ] ] ] ] } },
{ "type": "Feature", "properties": { "Class_name": "Sand Bottom", "ID": 6, "Province": "Oriental Mindoro", "Region": "R4B", "Class_Code": "Sb", "Area": 0.62142336065000003, "Area (Ha)": 0.621, "Area_3(ha)": 0.621 }, "geometry": { "type": "MultiPolygon", "coordinates": [ [ [ [ 121.445610432066445, 13.204022759607986 ], [ 121.445485367792912, 13.204284396880096 ], [ 121.445420994638482, 13.204427685300368 ], [ 121.445391755752354, 13.204497228187565 ], [ 121.445366647672174, 13.204561643675602 ], [ 121.445346644125124, 13.204619083947318 ], [ 121.445311315887409, 13.204732071736389 ], [ 121.445228255797161, 13.205016868770803 ], [ 121.445125707105362, 13.205352243879743 ], [ 121.445094114428869, 13.205464441707095 ], [ 121.445080038926164, 13.205520791870841 ], [ 121.445067779074421, 13.205577389611976 ], [ 121.445058036125104, 13.205634313204829 ], [ 121.445052043177483, 13.205685043232254 ], [ 121.445048364313209, 13.205736009313853 ], [ 121.445046774389368, 13.205787123709987 ], [ 121.445048823266418, 13.205878849122389 ], [ 121.44505717057551, 13.205975849368784 ], [ 121.445072818074394, 13.206088240992987 ], [ 121.445091963658939, 13.206186096466039 ], [ 121.445104689497214, 13.206233510644182 ], [ 121.445120595008675, 13.206279345777277 ], [ 121.445141984902449, 13.206326094687887 ], [ 121.445167507626806, 13.206370281051196 ], [ 121.445198139330714, 13.206412039490516 ], [ 121.44523907519249, 13.206451863216069 ], [ 121.445279171511373, 13.206481002241835 ], [ 121.445321128123354, 13.206504076951163 ], [ 121.445346213866216, 13.206515103829309 ], [ 121.445405489431522, 13.206535161788301 ], [ 121.445472622334918, 13.206550575165984 ], [ 121.445533075174396, 13.206559819295068 ], [ 121.445589966091077, 13.206565575928009 ], [ 121.445714248357106, 13.206571991659194 ], [ 121.445729470879556, 13.206574359453345 ], [ 121.445722807356589, 13.206567076186388 ], [ 121.445707421901218, 13.206545027813746 ], [ 121.445685457414214, 13.206510416091735 ], [ 121.445659226754685, 13.206465350723528 ], [ 121.445631109659502, 13.206411906780426 ], [ 121.445610865864836, 13.206369319722228 ], [ 121.445530473329271, 13.206186178323366 ], [ 121.44550412389313, 13.206130804544484 ], [ 121.445478726228217, 13.206082508494941 ], [ 121.445452851824612, 13.206039221405431 ], [ 121.445428768190538, 13.206003399509484 ], [ 121.445339299944749, 13.205884154585627 ], [ 121.445309324606853, 13.205840381239316 ], [ 121.44528292728036, 13.205795141795265 ], [ 121.44526157175963, 13.205747978395419 ], [ 121.445249999873866, 13.205712284283342 ], [ 121.445241384042419, 13.205675548946713 ], [ 121.445235202406465, 13.205638006638189 ], [ 121.44523037277699, 13.205591212564878 ], [ 121.445228071018946, 13.205543794439947 ], [ 121.445227979455595, 13.205495996792312 ], [ 121.445229896405763, 13.205449089227237 ], [ 121.445233780249453, 13.205402197642321 ], [ 121.445239560333007, 13.205356714255617 ], [ 121.44524723635179, 13.205312779228214 ], [ 121.445256715256448, 13.205270893227787 ], [ 121.445267771370382, 13.205231548770293 ], [ 121.445293002036507, 13.205161608746781 ], [ 121.44534404107624, 13.205046852011796 ], [ 121.445371776169679, 13.204977460968307 ], [ 121.445397878675934, 13.204898090070079 ], [ 121.445434081044723, 13.2047712490835 ], [ 121.445459433216769, 13.204690980898382 ], [ 121.445486570533305, 13.20462094374877 ], [ 121.445525583721135, 13.204534217099857 ], [ 121.445538922436526, 13.204501262433817 ], [ 121.445553392730233, 13.204460223322306 ], [ 121.445569103599809, 13.204406391921641 ], [ 121.44558442804815, 13.204338999023561 ], [ 121.445591263417029, 13.204301166100219 ], [ 121.445601733765429, 13.204225409071947 ], [ 121.445608719532956, 13.204144945415955 ], [ 121.44561066926623, 13.204105971564854 ], [ 121.445611599514407, 13.204046140992595 ], [ 121.445610432066445, 13.204022759607986 ] ] ] ] } },
{ "type": "Feature", "properties": { "Class_name": "Sand Bottom", "ID": 6, "Province": "Oriental Mindoro", "Region": "R4B", "Class_Code": "Sb", "Area": 0.67952916098000005, "Area (Ha)": 0.68, "Area_3(ha)": 0.68 }, "geometry": { "type": "MultiPolygon", "coordinates": [ [ [ [ 121.44075566272123, 13.213032782219262 ], [ 121.44098360096082, 13.213034171605473 ], [ 121.441309227062632, 13.213036156090782 ], [ 121.44131525879969, 13.212479598132415 ], [ 121.441314045308275, 13.212417643612287 ], [ 121.441308108956505, 13.212369845679417 ], [ 121.441304275132481, 13.212356559557676 ], [ 121.441298962050226, 13.212344702732626 ], [ 121.441291719905877, 13.212334707741009 ], [ 121.441280368294869, 13.212325784204635 ], [ 121.441266509786573, 13.21231924736535 ], [ 121.441250900199876, 13.212314332479991 ], [ 121.441199789032652, 13.212302792723365 ], [ 121.441183276546028, 13.21229778938952 ], [ 121.441168338813256, 13.212289557999942 ], [ 121.441154091076015, 13.212275200215394 ], [ 121.441147798726647, 13.212265216245367 ], [ 121.441139418958116, 13.21224516066507 ], [ 121.441133976846558, 13.212223358127499 ], [ 121.441129266790313, 13.212179586004336 ], [ 121.441130444414014, 13.212131111493422 ], [ 121.441098981071733, 13.212130012832926 ], [ 121.441055416404453, 13.212134853575508 ], [ 121.441032646293579, 13.21214050998832 ], [ 121.441012738410819, 13.212148042551767 ], [ 121.440997171358035, 13.212156459249876 ], [ 121.440985917936459, 13.212164712730647 ], [ 121.440976066010009, 13.212174359394183 ], [ 121.440967720625309, 13.21218559144938 ], [ 121.440935991346535, 13.212250795853535 ], [ 121.440921094194351, 13.212271192155258 ], [ 121.440904252783582, 13.212285410669136 ], [ 121.44088185812025, 13.212296404966853 ], [ 121.440853872482649, 13.212303722911905 ], [ 121.440818785982884, 13.212307763847486 ], [ 121.440717777561943, 13.212309961574274 ], [ 121.440665200284371, 13.21231424622694 ], [ 121.44063638311961, 13.212321101800555 ], [ 121.440623924772552, 13.212326138196982 ], [ 121.440605192874159, 13.212338277339109 ], [ 121.440596875371767, 13.212346793166633 ], [ 121.440584470186209, 13.212366955511294 ], [ 121.440577151320198, 13.212388207221482 ], [ 121.440572118353501, 13.212415798129815 ], [ 121.440569699109645, 13.212449935295242 ], [ 121.44056938199374, 13.212486730270525 ], [ 121.440573437700309, 13.21267008939029 ], [ 121.440569105210542, 13.212939416373974 ], [ 121.440571781659401, 13.212979383662264 ], [ 121.440579085761726, 13.213004629398199 ], [ 121.440586975680574, 13.213016337132341 ], [ 121.440597609716889, 13.213024816342836 ], [ 121.440612691759199, 13.213031152111853 ], [ 121.440628617007803, 13.213034493832616 ], [ 121.440666867412716, 13.213036559961107 ], [ 121.44075566272123, 13.213032782219262 ] ] ] ] } },
{ "type": "Feature", "properties": { "Class_name": "Sand Bottom", "ID": 6, "Province": "Oriental Mindoro", "Region": "R4B", "Class_Code": "Sb", "Area": 8.5093997741299994, "Area (Ha)": 8.51, "Area_3(ha)": 8.51 }, "geometry": { "type": "MultiPolygon", "coordinates": [ [ [ [ 121.446651207477288, 13.214514984550908 ], [ 121.446652651389783, 13.214464694556389 ], [ 121.44665269300134, 13.214334707260987 ], [ 121.446648594344026, 13.214157581837892 ], [ 121.446643979422433, 13.21406154275375 ], [ 121.44663704000925, 13.213966017052279 ], [ 121.446627289017485, 13.213875164501601 ], [ 121.446614258842601, 13.213793149944143 ], [ 121.446600794119647, 13.213735086295465 ], [ 121.446586707018668, 13.21369117074912 ], [ 121.446556015505962, 13.213614143774112 ], [ 121.446534646389097, 13.213549946812606 ], [ 121.446528775302866, 13.213520697600138 ], [ 121.446523781379796, 13.2134752363131 ], [ 121.446523178889606, 13.213416128778707 ], [ 121.446529031440591, 13.213346961089893 ], [ 121.446541650132843, 13.213272109131143 ], [ 121.446559744727068, 13.213196114016911 ], [ 121.446576138503033, 13.213138509279025 ], [ 121.446629924847855, 13.212967855325175 ], [ 121.446652658935818, 13.212891082153321 ], [ 121.446672552474354, 13.21281405254055 ], [ 121.446682432542516, 13.212768109099018 ], [ 121.446693390533298, 13.21269883148817 ], [ 121.446696437245166, 13.212666303531099 ], [ 121.446697764187192, 13.212600651522385 ], [ 121.446692620842441, 13.212534082018866 ], [ 121.446681523756837, 13.212463042302655 ], [ 121.446672337611631, 13.212416651639339 ], [ 121.446630472858004, 13.212223944497465 ], [ 121.446618243589356, 13.212152617727952 ], [ 121.446614201028936, 13.212118834656843 ], [ 121.446610699014784, 13.212051290539625 ], [ 121.446613841209711, 13.211984058071897 ], [ 121.446623838154864, 13.211912634422847 ], [ 121.446634454500909, 13.211861760178204 ], [ 121.446649067389046, 13.211806240879623 ], [ 121.446666702218863, 13.211751503843098 ], [ 121.446687521049853, 13.211697861143694 ], [ 121.446711977580549, 13.211645419014721 ], [ 121.446739278554006, 13.211596551841044 ], [ 121.446768983793675, 13.211551708152019 ], [ 121.446799168656085, 13.211512443662007 ], [ 121.446832682209489, 13.211473949761269 ], [ 121.446872458239326, 13.211432675002236 ], [ 121.447131511321089, 13.211184801311088 ], [ 121.447254813317073, 13.211062847514338 ], [ 121.447385817617914, 13.210928396424876 ], [ 121.447412163040397, 13.210903776034167 ], [ 121.447412433955947, 13.210898953302429 ], [ 121.447409927108907, 13.210895112075947 ], [ 121.447403468929366, 13.21088996051426 ], [ 121.447391029899421, 13.21088367170135 ], [ 121.447370718568251, 13.210876761524196 ], [ 121.447326511333344, 13.210867657457168 ], [ 121.447265168881856, 13.21086181944508 ], [ 121.447215164596898, 13.210860646760548 ], [ 121.447158711014609, 13.210862035400675 ], [ 121.447098215633517, 13.21086592412129 ], [ 121.447013315730814, 13.210874575128036 ], [ 121.446902752115861, 13.210890287119755 ], [ 121.446792435934881, 13.210910429007617 ], [ 121.446687239687648, 13.210933992846018 ], [ 121.446617602709267, 13.210952421883935 ], [ 121.446286566113926, 13.211056089926617 ], [ 121.445997904122038, 13.211137269142871 ], [ 121.445863374935655, 13.211172055993709 ], [ 121.44579712110901, 13.211186902484906 ], [ 121.445726567859865, 13.211200641282277 ], [ 121.445652357931564, 13.211212940530677 ], [ 121.445575324674749, 13.211223793561523 ], [ 121.445256288078411, 13.21126164491981 ], [ 121.445178080462256, 13.211272854065934 ], [ 121.445102269916049, 13.21128592666593 ], [ 121.445029784355256, 13.211301147566687 ], [ 121.444961485076959, 13.211318478201337 ], [ 121.444897967963726, 13.211337538922951 ], [ 121.444854826892097, 13.211352151695518 ], [ 121.444771178844761, 13.211383975626072 ], [ 121.444669902312668, 13.211427695314878 ], [ 121.444619625195216, 13.211451463458621 ], [ 121.444523389803663, 13.211501252232992 ], [ 121.444410363892104, 13.211566436115762 ], [ 121.444242011583896, 13.211668735201908 ], [ 121.444126581751391, 13.211736536236968 ], [ 121.443624839541414, 13.212011775692666 ], [ 121.443537911934257, 13.212062661987149 ], [ 121.443404627343369, 13.212146499222316 ], [ 121.443275949171479, 13.212233603874051 ], [ 121.443197985020532, 13.212290005379149 ], [ 121.443117345970109, 13.212354348224702 ], [ 121.443081639350538, 13.212387020869937 ], [ 121.443050423828325, 13.212419527103288 ], [ 121.443028040476065, 13.212446427542629 ], [ 121.443008854744448, 13.212473268072268 ], [ 121.442990041350541, 13.212505332327778 ], [ 121.442975424197897, 13.212538211966047 ], [ 121.442965023364891, 13.212574128685674 ], [ 121.442961459322333, 13.212597453795651 ], [ 121.442960432969755, 13.212620749909316 ], [ 121.442961933692516, 13.212644048515282 ], [ 121.442969088811765, 13.212679796319652 ], [ 121.442980722401913, 13.212712598975791 ], [ 121.442996662073512, 13.212744521117646 ], [ 121.443013575128845, 13.212771190060824 ], [ 121.443033683428396, 13.21279750800039 ], [ 121.443069701570593, 13.21283588204367 ], [ 121.443104993480077, 13.212866563738961 ], [ 121.443143715246407, 13.212894876612035 ], [ 121.443177543614937, 13.212916058541399 ], [ 121.44321411502618, 13.212935867127237 ], [ 121.443262723561531, 13.212958027908142 ], [ 121.443316899318106, 13.212978144239891 ], [ 121.443376275837366, 13.212995775408114 ], [ 121.443440156580408, 13.213010688480825 ], [ 121.443507716852608, 13.213022903457402 ], [ 121.443596081125335, 13.213034754026371 ], [ 121.443687423460403, 13.213043546299943 ], [ 121.44400723798563, 13.213064402215856 ], [ 121.444085146219464, 13.213070689218881 ], [ 121.444162444974936, 13.213078740200821 ], [ 121.44423682411761, 13.213088932690699 ], [ 121.444319714596531, 13.213104086313631 ], [ 121.444397369527763, 13.213122953712944 ], [ 121.444468814845649, 13.213145255722027 ], [ 121.44453360584555, 13.213170243701843 ], [ 121.444573653597061, 13.213188102177359 ], [ 121.444650200903823, 13.213227060145813 ], [ 121.444761326854888, 13.213292450441138 ], [ 121.444924192711909, 13.213395566093402 ], [ 121.444979760022932, 13.213428895886381 ], [ 121.445036234813927, 13.213460562606228 ], [ 121.445094639557098, 13.213490348283145 ], [ 121.445150322618403, 13.213515630887358 ], [ 121.445210368386924, 13.213539626612219 ], [ 121.44527425791351, 13.213561946239414 ], [ 121.445341110095768, 13.21358248503865 ], [ 121.445476772237484, 13.21361842896466 ], [ 121.445795378406359, 13.213692477970055 ], [ 121.446030241274826, 13.213739435474862 ], [ 121.446076333627857, 13.213750489770598 ], [ 121.446117182342107, 13.213762627269746 ], [ 121.446155361087193, 13.213777066603694 ], [ 121.446191421420849, 13.213794460673801 ], [ 121.446220338268034, 13.213811921725181 ], [ 121.446251884380359, 13.213836132567687 ], [ 121.446304982122228, 13.21388886146066 ], [ 121.446356288822116, 13.213953145924837 ], [ 121.446388776017855, 13.214000290144703 ], [ 121.446419907108023, 13.214050148836264 ], [ 121.446454156171598, 13.214110466251219 ], [ 121.446480563191585, 13.214160979451034 ], [ 121.446539521534334, 13.214285805983295 ], [ 121.446617309812709, 13.214463887882149 ], [ 121.446635163465587, 13.214499327532746 ], [ 121.446644861259799, 13.214513329050334 ], [ 121.446648210558266, 13.214515779729018 ], [ 121.446651207477288, 13.214514984550908 ] ] ] ] } },
{ "type": "Feature", "properties": { "Class_name": "Sand Bottom", "ID": 6, "Province": "Oriental Mindoro", "Region": "R4B", "Class_Code": "Sb", "Area": 1.3854805806099999, "Area (Ha)": 1.386, "Area_3(ha)": 1.386 }, "geometry": { "type": "MultiPolygon", "coordinates": [ [ [ [ 121.444252408205443, 13.214500403792263 ], [ 121.444256990685901, 13.213777266977829 ], [ 121.443830627234277, 13.213777505816177 ], [ 121.443788661464708, 13.213775364132722 ], [ 121.443762174144823, 13.213771260417253 ], [ 121.443750889963297, 13.21376816454787 ], [ 121.443740301236957, 13.213764031087418 ], [ 121.443724398603038, 13.213753836930159 ], [ 121.443713058048886, 13.21374035536271 ], [ 121.443706042974327, 13.213724858645621 ], [ 121.443701890761233, 13.213704205759988 ], [ 121.443700043172697, 13.213674150910794 ], [ 121.443700917609974, 13.213640317674711 ], [ 121.443704569860401, 13.213593115070804 ], [ 121.443695443996305, 13.213592053910233 ], [ 121.443664221331829, 13.213597486712988 ], [ 121.443641376940008, 13.213604707618099 ], [ 121.443617127812217, 13.213615217373198 ], [ 121.4435940467487, 13.213628348355437 ], [ 121.443573314817499, 13.213643311599897 ], [ 121.443555086922558, 13.213659469216326 ], [ 121.443539690054166, 13.213675619823828 ], [ 121.443505531135116, 13.213716654577254 ], [ 121.443483290355388, 13.21373669097785 ], [ 121.44346929683995, 13.213745733231091 ], [ 121.443453006348335, 13.213753715014748 ], [ 121.443434312422752, 13.2137604202311 ], [ 121.443391058382801, 13.213769598323763 ], [ 121.443336205505474, 13.21377430531367 ], [ 121.443271183134158, 13.213775457817015 ], [ 121.442596290774318, 13.2137671603501 ], [ 121.442590720984811, 13.214005359811573 ], [ 121.442593599889108, 13.214051437845196 ], [ 121.442600997827086, 13.214081179931446 ], [ 121.442611042821511, 13.214099170730492 ], [ 121.442623878862776, 13.214111381162658 ], [ 121.442632074667245, 13.214116351730025 ], [ 121.4426528019861, 13.214124301010369 ], [ 121.442716206860183, 13.214137024849656 ], [ 121.442738174462548, 13.214144095174708 ], [ 121.442754384500901, 13.214153736398586 ], [ 121.442766238919603, 13.214166718516163 ], [ 121.442774613444726, 13.214184233162484 ], [ 121.442779127312036, 13.214206674158572 ], [ 121.442780468726696, 13.214222093394493 ], [ 121.442780874880597, 13.214254169102395 ], [ 121.44277737271581, 13.214310636343134 ], [ 121.442776028903651, 13.214314279369804 ], [ 121.442776495732559, 13.214323105812291 ], [ 121.442779864093197, 13.214338824887175 ], [ 121.442787551005452, 13.214360067426588 ], [ 121.442800154941764, 13.214383955737235 ], [ 121.442819146685707, 13.214409752240886 ], [ 121.442844193388112, 13.214434401864482 ], [ 121.442874564861853, 13.214455958674392 ], [ 121.442907827590091, 13.214472538827801 ], [ 121.442941080411472, 13.21448349915971 ], [ 121.442973098815997, 13.21448940882083 ], [ 121.443036734213919, 13.214493983589291 ], [ 121.443129944843221, 13.214496117264403 ], [ 121.444252408205443, 13.214500403792263 ] ] ] ] } },
{ "type": "Feature", "properties": { "Class_name": "Sand Bottom", "ID": 6, "Province": "Oriental Mindoro", "Region": "R4B", "Class_Code": "Sb", "Area": 6.6633284559500003, "Area (Ha)": 4.795, "Area_3(ha)": 1.038 }, "geometry": { "type": "MultiPolygon", "coordinates": [ [ [ [ 121.430861650304649, 13.228594218595724 ], [ 121.430841353815936, 13.228549579667781 ], [ 121.43086143442342, 13.228463601574276 ], [ 121.430906049538891, 13.22835864049715 ], [ 121.430940654942447, 13.228291885236979 ], [ 121.430965495488891, 13.228225070006692 ], [ 121.430980724200325, 13.228134278688012 ], [ 121.430986035054303, 13.228067343527245 ], [ 121.430935414382958, 13.22795268966731 ], [ 121.430929973855228, 13.22795622746894 ], [ 121.430707160896091, 13.228088098729016 ], [ 121.430630429928982, 13.228135359111244 ], [ 121.430554427873389, 13.228184151130419 ], [ 121.430282439339535, 13.228363827639566 ], [ 121.430224739847503, 13.228399999170469 ], [ 121.430159383434486, 13.228437601033143 ], [ 121.430087678561634, 13.228475367932774 ], [ 121.429985176792812, 13.228523882292093 ], [ 121.429878959625057, 13.228568697313149 ], [ 121.429800706618792, 13.228598535555379 ], [ 121.42972486418995, 13.228624748348826 ], [ 121.429653310156226, 13.228646674589042 ], [ 121.42958795474155, 13.228663781611049 ], [ 121.42952313024287, 13.228677290451659 ], [ 121.429472467741363, 13.228685020313444 ], [ 121.429439340152612, 13.228687917238553 ], [ 121.429427054118946, 13.22868664298691 ], [ 121.429416052066756, 13.228691462399748 ], [ 121.429399219639507, 13.228692032216825 ], [ 121.429400499118003, 13.228712142445872 ], [ 121.429399519448026, 13.228765304374313 ], [ 121.429393717930651, 13.228837545698001 ], [ 121.429388039757441, 13.228876499856282 ], [ 121.429380168542323, 13.228914150652452 ], [ 121.429369732324531, 13.228949720853699 ], [ 121.42935377625929, 13.228987036687526 ], [ 121.429336946428464, 13.229013356648315 ], [ 121.429319196795177, 13.229033040409067 ], [ 121.429278652353645, 13.229072334493935 ], [ 121.429263030188906, 13.229090980723782 ], [ 121.429257314813256, 13.229099876456967 ], [ 121.429249186298534, 13.229118555556425 ], [ 121.42924687081053, 13.229128837017562 ], [ 121.429246857187522, 13.229150157684035 ], [ 121.429253295046522, 13.229169936506677 ], [ 121.429264684152542, 13.229185914972899 ], [ 121.429282375414502, 13.22920017451589 ], [ 121.429294780295592, 13.229206967539536 ], [ 121.429308426944857, 13.229212768387676 ], [ 121.429341941133458, 13.22922265104355 ], [ 121.429471121683036, 13.229244355423504 ], [ 121.429497765493579, 13.22925118443977 ], [ 121.429521344306153, 13.229260658523531 ], [ 121.429524611428533, 13.229262923754497 ], [ 121.430861650304649, 13.228594218595724 ] ] ] ] } },
{ "type": "Feature", "properties": { "Class_name": "Mud Bottom", "ID": 4, "Province": "Oriental Mindoro", "Region": "R4B", "Class_Code": "Mb", "Area": 5.3569972074100001, "Area (Ha)": 5.358, "Area_3(ha)": 5.357 }, "geometry": { "type": "MultiPolygon", "coordinates": [ [ [ [ 121.485294361084669, 13.140075870255224 ], [ 121.485159882145737, 13.140066682909037 ], [ 121.485050715814609, 13.140063865282265 ], [ 121.484981502184453, 13.140067654394278 ], [ 121.484958286371509, 13.140070680983776 ], [ 121.484913493541342, 13.140079838676588 ], [ 121.484869248923232, 13.140091852728702 ], [ 121.484825507060819, 13.140105673241727 ], [ 121.484782465812316, 13.1401211472082 ], [ 121.484740621311701, 13.140138901024178 ], [ 121.484701166391957, 13.14016008748637 ], [ 121.484644905388294, 13.14019592710676 ], [ 121.484607658906967, 13.14021767156995 ], [ 121.484570137094096, 13.140236184445129 ], [ 121.484511873282173, 13.140259981716707 ], [ 121.484470613243815, 13.140273009514898 ], [ 121.484427210146293, 13.140283408040373 ], [ 121.484382303410541, 13.14029130151393 ], [ 121.484268478559699, 13.140307972898098 ], [ 121.484214658793533, 13.140317798261355 ], [ 121.48417653379326, 13.140328036065689 ], [ 121.484166329972808, 13.14033256542621 ], [ 121.484163256106939, 13.140335626394906 ], [ 121.484130467574303, 13.1403875597585 ], [ 121.484085788566517, 13.140464670024652 ], [ 121.484036921572525, 13.140558245039925 ], [ 121.48401848847972, 13.140598178483019 ], [ 121.484002486452781, 13.140637385213701 ], [ 121.483989907287167, 13.140674878442933 ], [ 121.483980876567117, 13.140712115678136 ], [ 121.483968893884878, 13.140779379555973 ], [ 121.483961015354822, 13.140812490134875 ], [ 121.483950285713831, 13.140844743022713 ], [ 121.483936816042743, 13.140876349723875 ], [ 121.483920967868499, 13.140907233834319 ], [ 121.483902949907858, 13.140937277036228 ], [ 121.483882830548552, 13.140966314556866 ], [ 121.483857638922146, 13.140997846990501 ], [ 121.483830578017248, 13.141028344763679 ], [ 121.483744969743455, 13.141117849880489 ], [ 121.48368975089376, 13.141179610233307 ], [ 121.483637364594088, 13.141249212859544 ], [ 121.483540724224767, 13.141395026534832 ], [ 121.483490850232599, 13.141466682748341 ], [ 121.483464106602028, 13.141501069859077 ], [ 121.483437182040319, 13.141532292827845 ], [ 121.483379643615194, 13.141591804674514 ], [ 121.48331907443179, 13.141648910402878 ], [ 121.482864242514097, 13.142053795770764 ], [ 121.48287611605727, 13.142056000413115 ], [ 121.482904294609881, 13.142055609580122 ], [ 121.48294575963051, 13.14205177290391 ], [ 121.482997265672594, 13.142043371651056 ], [ 121.483040446138602, 13.142033378667247 ], [ 121.483104882388162, 13.142013043238952 ], [ 121.483139955718968, 13.141999197001983 ], [ 121.483202260833977, 13.141971094297936 ], [ 121.483320261851176, 13.141914711868868 ], [ 121.483391347491192, 13.141879080432005 ], [ 121.483458710568499, 13.141839645303238 ], [ 121.483485976129529, 13.141820475388878 ], [ 121.483507368192079, 13.141803201569314 ], [ 121.48353546051041, 13.141775731329588 ], [ 121.483559960771785, 13.14174469404699 ], [ 121.483572503810962, 13.141726130427021 ], [ 121.483597471159769, 13.141683728736515 ], [ 121.483670173943011, 13.141539251080156 ], [ 121.483695744451978, 13.141494030702118 ], [ 121.483734483501905, 13.141437652392613 ], [ 121.483759150018244, 13.14140831655028 ], [ 121.48378776870716, 13.141378696353625 ], [ 121.483821851537812, 13.141347107564185 ], [ 121.48389543946557, 13.141282859990554 ], [ 121.483942609169077, 13.141238451191899 ], [ 121.484002929880546, 13.14117163973332 ], [ 121.484035286474011, 13.141130274447718 ], [ 121.484050536945318, 13.141109081321853 ], [ 121.484089878846405, 13.141047930959465 ], [ 121.484162367290679, 13.140920879813496 ], [ 121.48419955856528, 13.140858554594068 ], [ 121.484238164431403, 13.140801626376819 ], [ 121.484280072089334, 13.140749230523555 ], [ 121.484333865752916, 13.14069551612322 ], [ 121.484391664795126, 13.140652893669365 ], [ 121.48444741520963, 13.140625950015876 ], [ 121.484503401268157, 13.140612708211185 ], [ 121.484553454378485, 13.14061403338926 ], [ 121.48459901063714, 13.140627494847113 ], [ 121.484633135261717, 13.140648533833101 ], [ 121.484659312756051, 13.140677745280666 ], [ 121.484672992273516, 13.140706356671751 ], [ 121.484680499665856, 13.14073895854998 ], [ 121.484680088457893, 13.140798838984139 ], [ 121.484670766968819, 13.140844259669665 ], [ 121.484654944354062, 13.140891175218266 ], [ 121.484633460063677, 13.1409388893324 ], [ 121.484598479640937, 13.141000803654469 ], [ 121.484556977500304, 13.141062558373834 ], [ 121.484510393144589, 13.141123782910551 ], [ 121.484454607951989, 13.141190139513938 ], [ 121.484395251687062, 13.141255442398693 ], [ 121.484333270313115, 13.141319668469936 ], [ 121.484269293952366, 13.141382762211768 ], [ 121.484203701678155, 13.141444620474376 ], [ 121.483945745173145, 13.141675507779581 ], [ 121.48382526744652, 13.141790533275884 ], [ 121.483766581914239, 13.141851039423633 ], [ 121.483706206996274, 13.14192210011236 ], [ 121.48364654610927, 13.142002471144458 ], [ 121.483590716395511, 13.142089379062078 ], [ 121.483541746294492, 13.142180012196455 ], [ 121.483510138848985, 13.142251141179532 ], [ 121.483485132859158, 13.142321043973311 ], [ 121.483462764455865, 13.142407020336311 ], [ 121.483449988438963, 13.142482803730868 ], [ 121.48344448004336, 13.142543346772472 ], [ 121.483444072164531, 13.142583637228149 ], [ 121.483446985017693, 13.142598733804329 ], [ 121.483461123964858, 13.142600176253929 ], [ 121.483484026889158, 13.142594271965306 ], [ 121.483513496719596, 13.142580768944633 ], [ 121.4835482859243, 13.142557457365028 ], [ 121.483628111000996, 13.142492169769167 ], [ 121.483723303866157, 13.142421328873537 ], [ 121.483770017873752, 13.14238376779484 ], [ 121.483804530191293, 13.14235085646447 ], [ 121.483869043886244, 13.14228139420139 ], [ 121.483965942258337, 13.142181759359708 ], [ 121.484091825517496, 13.14203162124879 ], [ 121.484115465376306, 13.141999760584007 ], [ 121.484136420378718, 13.141966545764873 ], [ 121.484158267074463, 13.141925580542267 ], [ 121.484203374082895, 13.141832146753462 ], [ 121.484227540931428, 13.141790809355504 ], [ 121.484256823867355, 13.141754427552732 ], [ 121.484292548336683, 13.141724796985692 ], [ 121.48432066207458, 13.141706975878428 ], [ 121.484386757629693, 13.141672843850213 ], [ 121.484589461820875, 13.141579298584345 ], [ 121.484641758984338, 13.141559312654884 ], [ 121.484673757955733, 13.141549196249844 ], [ 121.484745854344482, 13.141531939352486 ], [ 121.484825511549246, 13.141520482737365 ], [ 121.484888121472267, 13.141516235824731 ], [ 121.484950848235371, 13.141515872138717 ], [ 121.484992320845166, 13.141517845738274 ], [ 121.485033451613674, 13.141521708461468 ], [ 121.4850726614265, 13.141527392099702 ], [ 121.485111187777207, 13.14153518882822 ], [ 121.48514695251319, 13.14154478233716 ], [ 121.485179936307006, 13.141556060587916 ], [ 121.485209749265422, 13.141568670572362 ], [ 121.485236407587081, 13.141582244513293 ], [ 121.48527746598009, 13.141608080225728 ], [ 121.485315916690695, 13.141638153298953 ], [ 121.485334193312454, 13.141655298365849 ], [ 121.48535209460168, 13.141674797659231 ], [ 121.485377998331217, 13.141708365295885 ], [ 121.485401846952556, 13.14174643584497 ], [ 121.485416095802933, 13.141773778001681 ], [ 121.485431278137753, 13.141808376980871 ], [ 121.485445206778195, 13.141847347518743 ], [ 121.485457620838034, 13.141891342139484 ], [ 121.485469028374339, 13.141945771270379 ], [ 121.485477742406147, 13.14200816213431 ], [ 121.485482743251197, 13.142073360303479 ], [ 121.485484144973995, 13.142132487678261 ], [ 121.485483204041188, 13.142180969709228 ], [ 121.485478400037579, 13.142249119647127 ], [ 121.485472233143881, 13.142782451530669 ], [ 121.485472736471849, 13.142840212999968 ], [ 121.485476143938286, 13.142871517230613 ], [ 121.485479292438811, 13.142887469280829 ], [ 121.485488361306835, 13.142918669078096 ], [ 121.485496409982048, 13.142937606938069 ], [ 121.485504501760474, 13.142951786742413 ], [ 121.485511691766433, 13.142961205321217 ], [ 121.485520208967785, 13.142967431694657 ], [ 121.485563087578143, 13.142975043349816 ], [ 121.485611990247605, 13.142978209141786 ], [ 121.485842910167136, 13.142974448633016 ], [ 121.485842281184063, 13.142969986523648 ], [ 121.485846771807019, 13.142961110111679 ], [ 121.485879783792456, 13.142917621538381 ], [ 121.485946560389081, 13.142840733244801 ], [ 121.486151731994994, 13.142611953620635 ], [ 121.486221837240478, 13.142526247247508 ], [ 121.486253088839291, 13.142484431598319 ], [ 121.486280632654939, 13.142444425562216 ], [ 121.486303904968807, 13.142406489336681 ], [ 121.486323350278781, 13.142369499717571 ], [ 121.486341290481164, 13.142329339829246 ], [ 121.486357682726592, 13.142284877748521 ], [ 121.486372060508856, 13.14223633314232 ], [ 121.486384167413306, 13.14218433946869 ], [ 121.486394146909376, 13.142128939458029 ], [ 121.486401941210872, 13.142072862379647 ], [ 121.486413254151245, 13.141955359996663 ], [ 121.486436203007273, 13.141623050950006 ], [ 121.486442929935137, 13.141558082316658 ], [ 121.486451397557644, 13.141494244778961 ], [ 121.486462095597915, 13.141431944051281 ], [ 121.486483949318995, 13.141328549504092 ], [ 121.486492454543708, 13.141277900013531 ], [ 121.486496595656277, 13.141222404561065 ], [ 121.48649362446632, 13.141167668114596 ], [ 121.486483021976269, 13.141117065892992 ], [ 121.486464892807533, 13.141068312004766 ], [ 121.486440466751858, 13.141023124062855 ], [ 121.486410706553002, 13.140979636231251 ], [ 121.486377036365695, 13.140937253582809 ], [ 121.486341190206289, 13.140896398978304 ], [ 121.486303343169439, 13.140857060998524 ], [ 121.48625873554677, 13.140814282523628 ], [ 121.486164456267943, 13.1407308499656 ], [ 121.485957653888448, 13.140555992970613 ], [ 121.485902975897531, 13.140510906575848 ], [ 121.485772309884084, 13.140409247007481 ], [ 121.485621936260074, 13.140297889312768 ], [ 121.485476456832558, 13.140193983951034 ], [ 121.485360342006345, 13.140114725289175 ], [ 121.485321014004356, 13.140089634806253 ], [ 121.485298422031832, 13.140076903988378 ], [ 121.485294361084669, 13.140075870255224 ] ] ] ] } },
{ "type": "Feature", "properties": { "Class_name": "Mud Bottom", "ID": 4, "Province": "Oriental Mindoro", "Region": "R4B", "Class_Code": "Mb", "Area": 6.0639964587400002, "Area (Ha)": 6.065, "Area_3(ha)": 6.065 }, "geometry": { "type": "MultiPolygon", "coordinates": [ [ [ [ 121.49745552778154, 13.147491162640309 ], [ 121.49744485377127, 13.147238932067246 ], [ 121.497426320277228, 13.147076172710431 ], [ 121.49739790852108, 13.146932490999816 ], [ 121.497388670909331, 13.146846327638622 ], [ 121.497428533423815, 13.146712612859297 ], [ 121.497575251342781, 13.146665632189647 ], [ 121.497634054960116, 13.146627705165331 ], [ 121.497797826794852, 13.146522074994142 ], [ 121.4978468195863, 13.146481934137283 ], [ 121.497927832624654, 13.146378090213707 ], [ 121.497986596656489, 13.146311139969955 ], [ 121.498016696219366, 13.146280242563064 ], [ 121.498047152179865, 13.14625161878635 ], [ 121.49807714895573, 13.146226546688945 ], [ 121.498105867993644, 13.146206299452487 ], [ 121.498133403407564, 13.146191178909177 ], [ 121.498165094383467, 13.146177837553751 ], [ 121.498198082725054, 13.146166767667037 ], [ 121.498439426507915, 13.1460963824041 ], [ 121.498511244740826, 13.146078235056356 ], [ 121.498548160401356, 13.146070328825301 ], [ 121.498622528561057, 13.146057087522669 ], [ 121.498659952897043, 13.146051903139735 ], [ 121.498737550884229, 13.14604438874127 ], [ 121.49908915782494, 13.146022890284911 ], [ 121.499167223002004, 13.146020347245628 ], [ 121.499206158456744, 13.146020844602177 ], [ 121.49928444984829, 13.146026930922583 ], [ 121.499327676264784, 13.146033182286784 ], [ 121.499426315314565, 13.14605319017668 ], [ 121.499525681977204, 13.146079595653264 ], [ 121.499664639772973, 13.146124959073104 ], [ 121.499663622562906, 13.146118845709905 ], [ 121.499655088277066, 13.146107453198034 ], [ 121.499639698647456, 13.146091774855583 ], [ 121.499604861048141, 13.146062623152588 ], [ 121.499549021132722, 13.146024029708924 ], [ 121.499479192179678, 13.145982167248148 ], [ 121.499399348586522, 13.1459386126634 ], [ 121.499313731289377, 13.145894578315154 ], [ 121.499043230210432, 13.145758261085007 ], [ 121.498992520108459, 13.145730588665433 ], [ 121.498940025763801, 13.14569969563515 ], [ 121.498888567120403, 13.145667198656884 ], [ 121.498838138622673, 13.145633261188266 ], [ 121.498778912518901, 13.145590808404259 ], [ 121.49866419848135, 13.145502707746031 ], [ 121.498511690566829, 13.145380600178454 ], [ 121.498469093585513, 13.145349074206251 ], [ 121.498425034140709, 13.145321129125325 ], [ 121.498388183754699, 13.145302304182307 ], [ 121.498349956958606, 13.145286693556077 ], [ 121.498286595500531, 13.145267682790092 ], [ 121.498191652792841, 13.145246935252281 ], [ 121.498146960010956, 13.145238898860677 ], [ 121.498086708540754, 13.145230914092053 ], [ 121.498050403323717, 13.145228003601703 ], [ 121.498014102555615, 13.145226710610311 ], [ 121.497954055464703, 13.145228635358261 ], [ 121.49789367525814, 13.145236686358325 ], [ 121.497835315653887, 13.145252052586308 ], [ 121.497775882294704, 13.145277747082211 ], [ 121.497719737562292, 13.145311649839961 ], [ 121.497666932324137, 13.145352301948668 ], [ 121.497633325543106, 13.145382988800073 ], [ 121.497601192360662, 13.145415869382271 ], [ 121.497548960256353, 13.145476495375732 ], [ 121.497518456996787, 13.145515982065371 ], [ 121.497489411502627, 13.145556830069916 ], [ 121.497455612757491, 13.145608923859536 ], [ 121.497357474558228, 13.145768338386267 ], [ 121.497328448613999, 13.145810808024292 ], [ 121.497297268544614, 13.145853045971595 ], [ 121.497267436477372, 13.14588925050076 ], [ 121.497233784562695, 13.145926433663931 ], [ 121.497168774527267, 13.145989974948645 ], [ 121.497112256276196, 13.146038061074563 ], [ 121.497078498192877, 13.146064148610444 ], [ 121.497002159072466, 13.146117233853095 ], [ 121.496960274380086, 13.146143472862912 ], [ 121.496901597109513, 13.146177359443021 ], [ 121.496847488707701, 13.146205902510797 ], [ 121.496794522161636, 13.14623123983338 ], [ 121.496737719687388, 13.146254118543265 ], [ 121.496724359370972, 13.146257688704797 ], [ 121.49672148348246, 13.146257318251225 ], [ 121.496655990261843, 13.146266864667336 ], [ 121.496554657684371, 13.14627852887533 ], [ 121.496422325348888, 13.146290824291919 ], [ 121.4963111625799, 13.146298912913439 ], [ 121.496208476210725, 13.146303981050515 ], [ 121.496150036628023, 13.14630447673307 ], [ 121.496099316771634, 13.146301083112256 ], [ 121.496074851182911, 13.146296667087782 ], [ 121.496053707213065, 13.146289999933746 ], [ 121.496032876391084, 13.146278570779909 ], [ 121.496013819040698, 13.146259926045795 ], [ 121.495998164284003, 13.146236260242677 ], [ 121.495984797416995, 13.146209088998688 ], [ 121.495938804944004, 13.146089549869311 ], [ 121.495926631083265, 13.146062390894038 ], [ 121.495912957463645, 13.146036815892902 ], [ 121.495897230318306, 13.146013618461989 ], [ 121.495878750809482, 13.145993774642886 ], [ 121.495855693239449, 13.145977390663042 ], [ 121.495829643341267, 13.145965214431095 ], [ 121.495801452821837, 13.145956691513913 ], [ 121.495771820083661, 13.145951578985297 ], [ 121.495741333364492, 13.145949945233186 ], [ 121.495710510687303, 13.145952184859393 ], [ 121.495680307741196, 13.145958539251213 ], [ 121.495650303215101, 13.145968342990413 ], [ 121.495620550358126, 13.145980841054143 ], [ 121.495591108536829, 13.145995490592624 ], [ 121.49556318061326, 13.146011190190439 ], [ 121.495500427647301, 13.146050892688177 ], [ 121.49525011024329, 13.146221850375737 ], [ 121.495254147792778, 13.146239192553306 ], [ 121.495268515023085, 13.146282116748466 ], [ 121.495306887680456, 13.146378860991152 ], [ 121.495354048745085, 13.146482871968894 ], [ 121.495386089057234, 13.146548117921441 ], [ 121.495421241795142, 13.146615911477035 ], [ 121.49548438891739, 13.146728969187924 ], [ 121.495569877950942, 13.146870191762952 ], [ 121.49562817434456, 13.146963389465546 ], [ 121.495717187874021, 13.147098687504904 ], [ 121.495781899632675, 13.147189806962375 ], [ 121.495881093616063, 13.147320732455755 ], [ 121.496082170708817, 13.147578508608252 ], [ 121.496215582454113, 13.147752782263765 ], [ 121.496245557838918, 13.1477957364175 ], [ 121.496300854972404, 13.14788619451182 ], [ 121.496352280420453, 13.147980494953471 ], [ 121.496425843421335, 13.148125578907706 ], [ 121.496687652992605, 13.148666187997227 ], [ 121.496848544449676, 13.148648242601917 ], [ 121.496936632366271, 13.148634954869747 ], [ 121.496978904525406, 13.14862659796346 ], [ 121.497017517987814, 13.148616942415011 ], [ 121.497049663571218, 13.148606370315211 ], [ 121.497078302049204, 13.148594519757783 ], [ 121.497105757027484, 13.148581070162168 ], [ 121.497131755216813, 13.148565933831401 ], [ 121.497155907934143, 13.148548883489047 ], [ 121.49717769166655, 13.148529546962958 ], [ 121.497195822090774, 13.148508690726151 ], [ 121.497211552482028, 13.148485839828158 ], [ 121.497225083952358, 13.148461408677354 ], [ 121.4972364557552, 13.148435685420376 ], [ 121.497245553481093, 13.148408852734068 ], [ 121.497252417435149, 13.148380419231124 ], [ 121.497257330300599, 13.14835121232792 ], [ 121.497263407995746, 13.148291298933502 ], [ 121.497275275343227, 13.14805892637343 ], [ 121.497283382175013, 13.147961253802222 ], [ 121.497292615948467, 13.147896922782078 ], [ 121.497298924881179, 13.147865929867558 ], [ 121.497314646834326, 13.147804615981906 ], [ 121.49733349665027, 13.147744085331999 ], [ 121.497353787946025, 13.147687961594533 ], [ 121.497376675813499, 13.147633938821862 ], [ 121.497391561329295, 13.147603525899791 ], [ 121.497411510674382, 13.147566225700086 ], [ 121.49745552778154, 13.147491162640309 ] ] ] ] } },
{ "type": "Feature", "properties": { "Class_name": "Mud Bottom", "ID": 4, "Province": "Oriental Mindoro", "Region": "R4B", "Class_Code": "Mb", "Area": 7.2523051336400002, "Area (Ha)": 7.253, "Area_3(ha)": 7.253 }, "geometry": { "type": "MultiPolygon", "coordinates": [ [ [ [ 121.434595696378608, 13.163392342743871 ], [ 121.434722422141434, 13.163421817946039 ], [ 121.434849633898452, 13.163374756524354 ], [ 121.43497648117669, 13.163385097461207 ], [ 121.435113455034823, 13.163338095426353 ], [ 121.435240727423576, 13.163281466724806 ], [ 121.435426451226135, 13.163244329154319 ], [ 121.435592468539525, 13.163235773663002 ], [ 121.435748905826898, 13.163198457342919 ], [ 121.435876299437425, 13.163122694150049 ], [ 121.436003692974239, 13.163046930884764 ], [ 121.436140787889912, 13.162980794103637 ], [ 121.436229375465174, 13.162866524478611 ], [ 121.436317780901973, 13.162780956046173 ], [ 121.436376535779289, 13.162752611637766 ], [ 121.436666249352584, 13.162625227947322 ], [ 121.436829964352683, 13.162507149592674 ], [ 121.436901344832165, 13.162458473312791 ], [ 121.437038277324547, 13.162370548710197 ], [ 121.437083394472495, 13.162339978709618 ], [ 121.437132404283702, 13.162300498204264 ], [ 121.437176903649743, 13.162256887464508 ], [ 121.437222357047958, 13.162204225551724 ], [ 121.437265878217886, 13.162145136750816 ], [ 121.437304416494811, 13.162083964439983 ], [ 121.437336225446373, 13.162024340881082 ], [ 121.437360382159056, 13.161969778908523 ], [ 121.437371073169572, 13.161941089018681 ], [ 121.437379425310965, 13.16191513822975 ], [ 121.437388891607398, 13.161876916244355 ], [ 121.437391628329848, 13.161856375310125 ], [ 121.437390224923675, 13.161848376345471 ], [ 121.43739132016546, 13.161846474111895 ], [ 121.437389893259478, 13.161840648276653 ], [ 121.437381668281205, 13.161828238230905 ], [ 121.437359448917221, 13.161806202992313 ], [ 121.437339886302084, 13.161791038531987 ], [ 121.437316406281099, 13.161775505063764 ], [ 121.437284826977347, 13.161757675895434 ], [ 121.437249700244323, 13.161740804383198 ], [ 121.4372081528726, 13.161723971919912 ], [ 121.437165148367669, 13.161709502814018 ], [ 121.437120269096141, 13.161697324731595 ], [ 121.437077367734616, 13.16168847179641 ], [ 121.43703835547619, 13.161683127436385 ], [ 121.436965452847318, 13.161677023769871 ], [ 121.436708723206522, 13.16166716422444 ], [ 121.43659025513179, 13.161658881767432 ], [ 121.436549711395458, 13.161654129992646 ], [ 121.436492187654352, 13.161644816438143 ], [ 121.436465007427856, 13.161639124266097 ], [ 121.436412935709654, 13.1616254105911 ], [ 121.436365129633458, 13.161609079312734 ], [ 121.436322386012492, 13.161591294362724 ], [ 121.436183657961834, 13.161523963724216 ], [ 121.436010011973977, 13.161445190902388 ], [ 121.435871486429818, 13.161376112787439 ], [ 121.43582909330155, 13.161357008965867 ], [ 121.435776229487274, 13.161336960314321 ], [ 121.435714405799416, 13.161316979978047 ], [ 121.435631970581525, 13.161293740907578 ], [ 121.435486328725787, 13.161255329208988 ], [ 121.435461983563457, 13.161247683964127 ], [ 121.435455999602837, 13.161244592546742 ], [ 121.435332596006305, 13.161338923163699 ], [ 121.435266078470448, 13.161387664641357 ], [ 121.435205009475382, 13.161429171915348 ], [ 121.435177848118897, 13.161445767559414 ], [ 121.435094794927579, 13.161492383399109 ], [ 121.434981944392419, 13.161550613287536 ], [ 121.434895769705705, 13.161589739221052 ], [ 121.434836703029617, 13.161610469646416 ], [ 121.434777987092033, 13.16162374537822 ], [ 121.434687667116975, 13.161635683568457 ], [ 121.43459617392422, 13.161642096336875 ], [ 121.434387335711151, 13.16164528089956 ], [ 121.434297917229429, 13.161649314771804 ], [ 121.43415403094302, 13.161664801784035 ], [ 121.433999371513252, 13.161685583970211 ], [ 121.434024365690959, 13.161705169742802 ], [ 121.434035843333092, 13.161742550564457 ], [ 121.434037080011805, 13.161778433657686 ], [ 121.434021094202308, 13.16182195384977 ], [ 121.434018658046114, 13.161823463219259 ], [ 121.433983405833004, 13.161843202990321 ], [ 121.433966149059202, 13.161853452528367 ], [ 121.433948361474719, 13.161863184476145 ], [ 121.433930074280852, 13.16187242433463 ], [ 121.433910292919592, 13.161880180724655 ], [ 121.43386840854501, 13.16189334622633 ], [ 121.433848061189835, 13.161900460061625 ], [ 121.433829338666101, 13.161909107877221 ], [ 121.43381279402972, 13.161919790223406 ], [ 121.433792741449466, 13.16192324244874 ], [ 121.433784275841219, 13.161924699876028 ], [ 121.433749095388919, 13.161930225359944 ], [ 121.433724128795234, 13.161941553287281 ], [ 121.433710840392123, 13.161958692595332 ], [ 121.43370342755361, 13.161972997688085 ], [ 121.433697791889102, 13.162002046364355 ], [ 121.433693982208993, 13.162016849797332 ], [ 121.43368443410067, 13.16207315497085 ], [ 121.433679763690719, 13.162092801925587 ], [ 121.433679738789905, 13.1620929066756 ], [ 121.433673961399137, 13.162112084997394 ], [ 121.433668229206674, 13.162133798529231 ], [ 121.433663556652419, 13.162151498149907 ], [ 121.43365901805501, 13.162170975103486 ], [ 121.433656584723352, 13.162191285694469 ], [ 121.433656565001328, 13.162212100956602 ], [ 121.433658954719789, 13.162232625383666 ], [ 121.433663933401775, 13.162252043799388 ], [ 121.433671364290717, 13.162269957628757 ], [ 121.43367976432495, 13.162287345845611 ], [ 121.43368873709646, 13.162304169873034 ], [ 121.433696903347439, 13.1623213315782 ], [ 121.433703834540054, 13.162338767781476 ], [ 121.433707982447643, 13.162357405533754 ], [ 121.433709108412401, 13.162376768802513 ], [ 121.43370724507632, 13.162395930328612 ], [ 121.43370268863822, 13.162414439941291 ], [ 121.433697002820765, 13.162433287069804 ], [ 121.433690117894628, 13.162451976824617 ], [ 121.43368132266545, 13.162469490628208 ], [ 121.433670227161798, 13.162485212314969 ], [ 121.433657747260824, 13.162499886004921 ], [ 121.43364366278, 13.162513176794562 ], [ 121.433628615006327, 13.162525636393857 ], [ 121.433612145943428, 13.162536756696955 ], [ 121.433595190836883, 13.162547427478826 ], [ 121.433579134925395, 13.162558999566325 ], [ 121.433564906899818, 13.162572378062459 ], [ 121.433538101121329, 13.162600729756345 ], [ 121.433512433395961, 13.162630136076052 ], [ 121.433500470995881, 13.162645677095778 ], [ 121.433489003676854, 13.162661696616638 ], [ 121.433478767519716, 13.16267892591074 ], [ 121.43346906949273, 13.162696681878597 ], [ 121.433458749073495, 13.162713815742045 ], [ 121.433447104075, 13.162729633497863 ], [ 121.433434845810723, 13.162744844572062 ], [ 121.4334216396729, 13.162759120594529 ], [ 121.433408079629658, 13.162773056377016 ], [ 121.43337908007635, 13.162799108557985 ], [ 121.433348247506373, 13.162823434744359 ], [ 121.433319532494465, 13.16284999848455 ], [ 121.433298356717245, 13.162871795821868 ], [ 121.433182723373164, 13.162990823175683 ], [ 121.433125985902251, 13.16309693836021 ], [ 121.433218996450506, 13.163102650639416 ], [ 121.433252150956307, 13.163150680984693 ], [ 121.433304053792099, 13.163165514571316 ], [ 121.433315018443579, 13.163192739926929 ], [ 121.433296368826703, 13.163258980932644 ], [ 121.433265590294042, 13.163273121256498 ], [ 121.433269183073136, 13.163294137279738 ], [ 121.433237367531106, 13.163309485148497 ], [ 121.433197771676731, 13.163395350346693 ], [ 121.433197163588005, 13.163491020976265 ], [ 121.433167208217341, 13.163596079883193 ], [ 121.433166843351756, 13.163653482259273 ], [ 121.433234752799223, 13.163720868861191 ], [ 121.433322004194622, 13.163817075820463 ], [ 121.433350865056596, 13.163884224034048 ], [ 121.433478016445335, 13.163846730414278 ], [ 121.433635418258561, 13.163766607175997 ], [ 121.433679891500461, 13.163770672278581 ], [ 121.43370996690642, 13.163770994373056 ], [ 121.433770227809717, 13.163766182260682 ], [ 121.433799917520759, 13.163761247099448 ], [ 121.433828957276347, 13.163754822944664 ], [ 121.433884864717825, 13.163738111419828 ], [ 121.433930228909446, 13.163646603937245 ], [ 121.433911190842636, 13.163569948274146 ], [ 121.433950482596657, 13.163531918274183 ], [ 121.434077451415718, 13.163523125526414 ], [ 121.434145786516979, 13.163523542441236 ], [ 121.434282456726621, 13.163524376216406 ], [ 121.434390144283782, 13.163477195932455 ], [ 121.434449142547734, 13.163410583735525 ], [ 121.434595696378608, 13.163392342743871 ] ] ] ] } },
{ "type": "Feature", "properties": { "Class_name": "Mud Bottom", "ID": 4, "Province": "Oriental Mindoro", "Region": "R4B", "Class_Code": "Mb", "Area": 3.4723793265, "Area (Ha)": 3.473, "Area_3(ha)": 3.473 }, "geometry": { "type": "MultiPolygon", "coordinates": [ [ [ [ 121.445743696999187, 13.199957512850176 ], [ 121.445733473785126, 13.199932751999459 ], [ 121.445720131175165, 13.199881009713389 ], [ 121.44571455119349, 13.199836968076742 ], [ 121.445712913020856, 13.199787210227443 ], [ 121.445709346291707, 13.199733613908162 ], [ 121.445709564078584, 13.1996991743734 ], [ 121.445713687372844, 13.199664758548131 ], [ 121.445725657977476, 13.199624650218743 ], [ 121.445745439591079, 13.199584589306266 ], [ 121.445780794828153, 13.19955227645548 ], [ 121.445794389283336, 13.199557805504242 ], [ 121.445819566069588, 13.199582883164055 ], [ 121.445834360311935, 13.199594923291318 ], [ 121.445850553417685, 13.199606200833351 ], [ 121.445868869099257, 13.199615777354962 ], [ 121.445908851304878, 13.199632162024761 ], [ 121.445928441459444, 13.199640805258548 ], [ 121.445946371092589, 13.19965103028156 ], [ 121.445961995190842, 13.199663439734531 ], [ 121.44597605088984, 13.199677306790427 ], [ 121.44598771658481, 13.199692417381593 ], [ 121.44599836608144, 13.199733454958739 ], [ 121.446007912109849, 13.19976795376151 ], [ 121.446031200009159, 13.199791055685186 ], [ 121.446066277025338, 13.199802748874053 ], [ 121.446103355186096, 13.199806800679104 ], [ 121.44614830485061, 13.199801333345993 ], [ 121.446199136971572, 13.199792074942625 ], [ 121.446286479443629, 13.199810795356017 ], [ 121.446308314481499, 13.199816637261929 ], [ 121.446377252490421, 13.199830820173458 ], [ 121.446400815472714, 13.199837404763425 ], [ 121.44642542940602, 13.199846744664827 ], [ 121.446451160277732, 13.199857158012037 ], [ 121.446476500639449, 13.199868487408603 ], [ 121.44649952254008, 13.199880981496113 ], [ 121.446518932788194, 13.199894273602254 ], [ 121.44652060377895, 13.199910742067811 ], [ 121.446483211504002, 13.199956436289167 ], [ 121.446444047251347, 13.199973419056994 ], [ 121.446404919737418, 13.199984661902564 ], [ 121.446365755476037, 13.20000164465735 ], [ 121.446334402846546, 13.200018674810689 ], [ 121.44633372681227, 13.200018983558619 ], [ 121.446377811231898, 13.200010267443773 ], [ 121.446464047260648, 13.19998818604412 ], [ 121.446543589284104, 13.199963240329641 ], [ 121.446613475897607, 13.19993705194622 ], [ 121.446668841812169, 13.199912674935229 ], [ 121.446710536676207, 13.199891709954715 ], [ 121.446743804145868, 13.19987143364985 ], [ 121.446755335417876, 13.199526315164084 ], [ 121.446756653527629, 13.199440118688159 ], [ 121.44675511478448, 13.199380402278763 ], [ 121.446752947946592, 13.199351100694452 ], [ 121.446744562176704, 13.199296903968206 ], [ 121.446737863959356, 13.199272533892648 ], [ 121.446729352601807, 13.199250597038734 ], [ 121.446719149002561, 13.199231457658147 ], [ 121.446707516865672, 13.199215226486652 ], [ 121.446694562521913, 13.199201546728279 ], [ 121.446679604970427, 13.199189494599949 ], [ 121.446661757035912, 13.199178528624291 ], [ 121.4466408810611, 13.199168743561572 ], [ 121.446617388183299, 13.199160211144072 ], [ 121.446513360301381, 13.199131860976909 ], [ 121.446489398714888, 13.199123639415269 ], [ 121.446467950985109, 13.199114210224334 ], [ 121.44644951568263, 13.199103600777701 ], [ 121.446434046378442, 13.199091916672351 ], [ 121.446419940160396, 13.199077838944662 ], [ 121.446407327354891, 13.199060941188044 ], [ 121.446396332475118, 13.199040780853709 ], [ 121.446387287428749, 13.199017469199159 ], [ 121.446380229131577, 13.198990909393848 ], [ 121.446375386979454, 13.198963168453067 ], [ 121.446370891430902, 13.198911155776946 ], [ 121.446371426910488, 13.198813148438115 ], [ 121.446382779216833, 13.198603702213566 ], [ 121.446383889002291, 13.198597283117376 ], [ 121.446382868735071, 13.198579051224707 ], [ 121.446378262281399, 13.198543503062721 ], [ 121.446368283685388, 13.198491175646105 ], [ 121.446352304105531, 13.198427866024192 ], [ 121.446321807944528, 13.198334726928937 ], [ 121.446262547904212, 13.198186202771911 ], [ 121.446250092686029, 13.198149222747496 ], [ 121.446239180377006, 13.198108515003561 ], [ 121.446230256340556, 13.198064411083385 ], [ 121.446223359472725, 13.198017615819255 ], [ 121.44620564381124, 13.197818612070117 ], [ 121.446198022959408, 13.19775395368293 ], [ 121.446192841098963, 13.19772210099015 ], [ 121.446177272925922, 13.197656588471704 ], [ 121.446170582039983, 13.197636205617291 ], [ 121.446155409646039, 13.197599343238412 ], [ 121.44613800038266, 13.197567055476039 ], [ 121.446121095551248, 13.197541920828032 ], [ 121.446102476656634, 13.197518757067495 ], [ 121.446082580112062, 13.197497558224258 ], [ 121.446061388249603, 13.197477953355135 ], [ 121.446040599458371, 13.197461197300077 ], [ 121.446018908986233, 13.197446214300554 ], [ 121.445996306002968, 13.197433368660603 ], [ 121.445974924066562, 13.197423896370804 ], [ 121.445953212343753, 13.197416890591365 ], [ 121.445930853196487, 13.197412227337377 ], [ 121.445908278044115, 13.19740985410683 ], [ 121.445886057570419, 13.197409455747559 ], [ 121.445800278823242, 13.197414906854004 ], [ 121.445780536507726, 13.197414192077446 ], [ 121.445761778909244, 13.197411407248977 ], [ 121.445744505733202, 13.19740632806357 ], [ 121.445728801737204, 13.197398859779442 ], [ 121.445708773581231, 13.197383738107915 ], [ 121.445696905876886, 13.197370578899648 ], [ 121.445686546609224, 13.197354647518313 ], [ 121.445675700902072, 13.197329823953119 ], [ 121.44566694301389, 13.197300234816813 ], [ 121.445659523833683, 13.197262902606466 ], [ 121.445654372965649, 13.19722256772387 ], [ 121.445651135785795, 13.197179282492435 ], [ 121.445649595560511, 13.197096093246174 ], [ 121.445655022706973, 13.19697216153325 ], [ 121.445562842377711, 13.196968469263652 ], [ 121.445530243328022, 13.196969055901935 ], [ 121.445502934619171, 13.196973927379114 ], [ 121.445487485805785, 13.196982236751738 ], [ 121.445481700468306, 13.196988357557208 ], [ 121.445476805101293, 13.196996820079967 ], [ 121.445471807986038, 13.197014138260128 ], [ 121.445469774233416, 13.197033051055033 ], [ 121.44546911759241, 13.197092528461583 ], [ 121.445467065699418, 13.19712012986448 ], [ 121.445462572000878, 13.197135430867176 ], [ 121.445458574545398, 13.197141358844107 ], [ 121.445452535718218, 13.197146008345699 ], [ 121.445436380738954, 13.197151302359618 ], [ 121.445406571013848, 13.197153771540451 ], [ 121.44528486020053, 13.197150705360592 ], [ 121.445285384243149, 13.197194796458909 ], [ 121.445281065299, 13.197310336021346 ], [ 121.445270551470202, 13.197472107481788 ], [ 121.445262339113199, 13.19756244872759 ], [ 121.445250867706847, 13.197663646781209 ], [ 121.44523766479152, 13.197763373309863 ], [ 121.445200300665292, 13.198018476506638 ], [ 121.445191241284334, 13.198094026614465 ], [ 121.445184893260375, 13.198169634575528 ], [ 121.445182206805725, 13.198235658567272 ], [ 121.445182177863572, 13.198301656160272 ], [ 121.445184770838793, 13.198367535509682 ], [ 121.445190107942111, 13.19843320035573 ], [ 121.445198788610767, 13.19850307514413 ], [ 121.445229413075367, 13.198712839053577 ], [ 121.445237396851624, 13.19879217618419 ], [ 121.445243125354608, 13.198871999358046 ], [ 121.445257536750134, 13.199138746204715 ], [ 121.445262146200292, 13.199200642523587 ], [ 121.445270262250148, 13.19928022020938 ], [ 121.445281449331731, 13.199356706483123 ], [ 121.445296318575686, 13.199428945435486 ], [ 121.445315110928874, 13.199495672564019 ], [ 121.445337515057389, 13.199555714939912 ], [ 121.445362659770936, 13.199608407951459 ], [ 121.445392201006683, 13.199658282620645 ], [ 121.445424122475785, 13.19970305687769 ], [ 121.445457376057234, 13.19974309053773 ], [ 121.44550931272471, 13.199796520760527 ], [ 121.445565867462449, 13.199845786908291 ], [ 121.445626539328046, 13.199890565524649 ], [ 121.445690863718312, 13.199930247422879 ], [ 121.445743696999187, 13.199957512850176 ] ] ] ] } },
{ "type": "Feature", "properties": { "Class_name": "Mud Bottom", "ID": 4, "Province": "Oriental Mindoro", "Region": "R4B", "Class_Code": "Mb", "Area": 3.5749030875400001, "Area (Ha)": 3.392, "Area_3(ha)": 3.392 }, "geometry": { "type": "MultiPolygon", "coordinates": [ [ [ [ 121.43803204838558, 13.21203572825136 ], [ 121.438045619153499, 13.212058747323612 ], [ 121.438075344528897, 13.21227890114713 ], [ 121.438075061643474, 13.212323375407388 ], [ 121.438103380346689, 13.212476627057374 ], [ 121.438122300063966, 13.212572416791041 ], [ 121.438150983917765, 13.212668266147787 ], [ 121.438208838480534, 13.21278342846691 ], [ 121.438286464753205, 13.212860441820597 ], [ 121.438344745334788, 13.212908634774383 ], [ 121.438428698253247, 13.212906728338684 ], [ 121.438416243461518, 13.212893071295376 ], [ 121.438415590009967, 13.212877600602397 ], [ 121.438415414427013, 13.212873443955894 ], [ 121.438414546134766, 13.212852880162757 ], [ 121.438420660229482, 13.212812736652884 ], [ 121.438430777371181, 13.212757310594988 ], [ 121.438440009411025, 13.212740971006282 ], [ 121.438454479285824, 13.212715361080731 ], [ 121.438476228341116, 13.212673399641664 ], [ 121.438479822087601, 13.212667404442426 ], [ 121.438497940885242, 13.212637178096701 ], [ 121.438510486357814, 13.212604445906852 ], [ 121.438522036231944, 13.212595609745277 ], [ 121.43853740704148, 13.212585803470065 ], [ 121.438553872645031, 13.212578523196719 ], [ 121.438570526283982, 13.212573447910255 ], [ 121.4385865232382, 13.212570511888964 ], [ 121.438602531859189, 13.212571399664062 ], [ 121.438617677355097, 13.212576566911819 ], [ 121.438631059549081, 13.212585818307833 ], [ 121.43865666843034, 13.212609456639711 ], [ 121.438694486362508, 13.21264720970694 ], [ 121.438705285671446, 13.212657096753313 ], [ 121.438706875422213, 13.212658552211121 ], [ 121.438718699141205, 13.212668841773601 ], [ 121.438730888279864, 13.212676511195008 ], [ 121.438744410741052, 13.212679810903943 ], [ 121.438758800663649, 13.212679164723259 ], [ 121.438774672782472, 13.212676708832584 ], [ 121.438791757821079, 13.212673437745549 ], [ 121.438810890540381, 13.212671273843618 ], [ 121.438831554874469, 13.212670701207806 ], [ 121.438852848835381, 13.212671809247949 ], [ 121.438873932413571, 13.212674807074782 ], [ 121.438883881016338, 13.21267740533324 ], [ 121.438893970267372, 13.212680040324109 ], [ 121.438912591412333, 13.212687522099628 ], [ 121.438935231658817, 13.21269832237145 ], [ 121.438938395110384, 13.212699831459881 ], [ 121.438967651855535, 13.21271378805241 ], [ 121.438987337063651, 13.212721810553596 ], [ 121.438997730856059, 13.212724733383459 ], [ 121.439009128712499, 13.2127279385648 ], [ 121.439011765168956, 13.212728422374678 ], [ 121.439032858111858, 13.212732293089529 ], [ 121.439043737929126, 13.212733624897616 ], [ 121.43905798513876, 13.212735368910357 ], [ 121.43908406708421, 13.212737576432033 ], [ 121.439135448242808, 13.212740628678539 ], [ 121.439164436600066, 13.212742350698322 ], [ 121.439190776084274, 13.212744394357307 ], [ 121.439216215309798, 13.212747271390025 ], [ 121.43924020598331, 13.21275145573904 ], [ 121.439262044943405, 13.212757545148111 ], [ 121.439280814849823, 13.212766302381867 ], [ 121.439295820622917, 13.212778214951094 ], [ 121.439307555020747, 13.212792546428304 ], [ 121.439315183026054, 13.212809736464571 ], [ 121.439319018893443, 13.212828971610991 ], [ 121.439319531227653, 13.212849105800734 ], [ 121.439316860614156, 13.212869068705318 ], [ 121.439310834840839, 13.212887793512062 ], [ 121.439301459871857, 13.212904632121385 ], [ 121.439289931547179, 13.212920295106093 ], [ 121.439275713801294, 13.212933913206685 ], [ 121.439258020591083, 13.21294446287002 ], [ 121.439248580936379, 13.212948304423895 ], [ 121.439237786378143, 13.212952697367481 ], [ 121.439194501656416, 13.212966469851681 ], [ 121.439173654882353, 13.212973966594962 ], [ 121.439169237315198, 13.212975965504265 ], [ 121.439154347497137, 13.21298270301171 ], [ 121.439135842474215, 13.212991782401899 ], [ 121.43911900678313, 13.21300183468874 ], [ 121.439105372645344, 13.213014066058033 ], [ 121.439096247487939, 13.213029340533316 ], [ 121.439091299487259, 13.213046735865088 ], [ 121.439090048699114, 13.21306497274108 ], [ 121.439092336795909, 13.213082832569018 ], [ 121.439097820759656, 13.213099557549805 ], [ 121.439104929913427, 13.213115781713965 ], [ 121.439113808366145, 13.213130606506224 ], [ 121.439125305321426, 13.213142522081272 ], [ 121.439139993292855, 13.213150292610965 ], [ 121.439156676487855, 13.213154360967119 ], [ 121.439156731892908, 13.21315436555531 ], [ 121.439193466871814, 13.213157407612211 ], [ 121.439213279745502, 13.213159867944459 ], [ 121.439232430735089, 13.213163834744149 ], [ 121.439249516916561, 13.213169968377228 ], [ 121.439262951655607, 13.213179090800642 ], [ 121.43927135858479, 13.21319174864489 ], [ 121.439274998878858, 13.21320677017127 ], [ 121.439274256601891, 13.213222665294577 ], [ 121.439269153627492, 13.213238024883605 ], [ 121.439259851725041, 13.213251929699535 ], [ 121.439235814376701, 13.213279463914901 ], [ 121.439222757074148, 13.213293696547971 ], [ 121.439182647785231, 13.213310391434385 ], [ 121.439156977976921, 13.213321075905826 ], [ 121.439126890958022, 13.213320892304923 ], [ 121.439171656406543, 13.213392053516236 ], [ 121.439229633233097, 13.213488081564353 ], [ 121.439317206657151, 13.213536453087576 ], [ 121.439464094782124, 13.213470377406788 ], [ 121.439591089717453, 13.213461584817958 ], [ 121.439734756887404, 13.213401565507645 ], [ 121.439878090749986, 13.213402006705282 ], [ 121.440158383752689, 13.213311966441076 ], [ 121.440295021239635, 13.213322367155691 ], [ 121.440490365252771, 13.21331399090912 ], [ 121.440714941004813, 13.213315360158118 ], [ 121.440831989472116, 13.213335208591488 ], [ 121.440886343580274, 13.21339548144813 ], [ 121.440937888324697, 13.213395474757039 ], [ 121.440942254069896, 13.213320655782171 ], [ 121.440942420205943, 13.213288402687894 ], [ 121.440941000885061, 13.213272539544715 ], [ 121.440937637655892, 13.21325654913238 ], [ 121.44093481632936, 13.213248672571178 ], [ 121.440927039418781, 13.213235746949232 ], [ 121.440917064648886, 13.213227088911651 ], [ 121.440910528254676, 13.213223590993334 ], [ 121.440893983302871, 13.213218439507417 ], [ 121.44087574970689, 13.213215907670538 ], [ 121.440818500363577, 13.213212717173606 ], [ 121.440790755490738, 13.213207656749189 ], [ 121.440783324309407, 13.213204826729136 ], [ 121.440771131078208, 13.213197167066991 ], [ 121.440762330009633, 13.213186597199059 ], [ 121.440758952586123, 13.213180055644612 ], [ 121.440753848448225, 13.213162970398113 ], [ 121.440751185581846, 13.213134231878881 ], [ 121.440755662721202, 13.21303278221928 ], [ 121.440666867412688, 13.213036559961107 ], [ 121.440628617007803, 13.213034493832648 ], [ 121.440612691759227, 13.213031152111887 ], [ 121.440597609716889, 13.213024816342854 ], [ 121.440586975680574, 13.213016337132393 ], [ 121.440579085761698, 13.213004629398268 ], [ 121.440571781659429, 13.212979383662281 ], [ 121.440569105210599, 13.212939416373974 ], [ 121.44057343770028, 13.212670089390327 ], [ 121.440464780592734, 13.212674799029241 ], [ 121.440389345093067, 13.212675597917473 ], [ 121.440352507324349, 13.212674166713523 ], [ 121.440318892652428, 13.212670909204832 ], [ 121.440290517798715, 13.212665335726124 ], [ 121.440273805044612, 13.212659573480801 ], [ 121.44025870027761, 13.212652098326185 ], [ 121.440243467876925, 13.212641045579312 ], [ 121.440232342940789, 13.212629014954953 ], [ 121.440222787978897, 13.212613683908938 ], [ 121.440216442189836, 13.212598836859135 ], [ 121.440211620288494, 13.212582881065014 ], [ 121.440206773388127, 13.212558065363337 ], [ 121.440203844036361, 13.212531975283445 ], [ 121.440201512248464, 13.212477508738777 ], [ 121.440207438290599, 13.212084309027828 ], [ 121.440211285651003, 13.211583135410979 ], [ 121.440204706121278, 13.211581913529988 ], [ 121.440186294149456, 13.211582944699346 ], [ 121.440150535882211, 13.211587639453846 ], [ 121.440098023330577, 13.211597709746099 ], [ 121.440034568023407, 13.21161366894192 ], [ 121.439968518377867, 13.211634206101705 ], [ 121.439914028221622, 13.211653834742478 ], [ 121.439788645739625, 13.211702963582088 ], [ 121.439756408683365, 13.211714057255778 ], [ 121.439721360966843, 13.211724149631413 ], [ 121.439307682839072, 13.211875047486126 ], [ 121.439204854438444, 13.211922254451189 ], [ 121.439136292016371, 13.211955320152038 ], [ 121.439058026162471, 13.211978759752487 ], [ 121.438989463708538, 13.212011825409911 ], [ 121.438920962057011, 13.212035324549529 ], [ 121.43882811064114, 13.212049108195485 ], [ 121.438706027356432, 13.212053146524115 ], [ 121.438584004906886, 13.212047618298355 ], [ 121.438452400754073, 13.21201333092432 ], [ 121.438296477348345, 13.21196454471802 ], [ 121.438064295901896, 13.211820693278877 ], [ 121.438056774970065, 13.211851739667864 ], [ 121.438027284541576, 13.211882651909967 ], [ 121.438000341656235, 13.211896837690437 ], [ 121.437996024771607, 13.211897515537737 ], [ 121.438004101158157, 13.211953942673945 ], [ 121.438013299482947, 13.211989301344181 ], [ 121.438019124690953, 13.212006305022626 ], [ 121.43803204838558, 13.21203572825136 ] ] ] ] } },
{ "type": "Feature", "properties": { "Class_name": "Mud Bottom", "ID": 4, "Province": "Oriental Mindoro", "Region": "R4B", "Class_Code": "Mb", "Area": 11.5062357008, "Area (Ha)": 11.155, "Area_3(ha)": 6.078 }, "geometry": { "type": "MultiPolygon", "coordinates": [ [ [ [ 121.428658610007631, 13.229696038781716 ], [ 121.429524611428533, 13.229262923754497 ], [ 121.429521344306153, 13.229260658523531 ], [ 121.429497765493579, 13.22925118443977 ], [ 121.429471121683036, 13.229244355423504 ], [ 121.429341941133458, 13.22922265104355 ], [ 121.429308426944857, 13.229212768387676 ], [ 121.429294780295592, 13.229206967539536 ], [ 121.429282375414502, 13.22920017451589 ], [ 121.429264684152542, 13.229185914972899 ], [ 121.429253295046522, 13.229169936506677 ], [ 121.429246857187522, 13.229150157684035 ], [ 121.42924687081053, 13.229128837017562 ], [ 121.429249186298534, 13.229118555556425 ], [ 121.429257314813256, 13.229099876456967 ], [ 121.429263030188906, 13.229090980723782 ], [ 121.429278652353645, 13.229072334493935 ], [ 121.429319196795177, 13.229033040409067 ], [ 121.429336946428464, 13.229013356648315 ], [ 121.42935377625929, 13.228987036687526 ], [ 121.429369732324531, 13.228949720853699 ], [ 121.429380168542323, 13.228914150652452 ], [ 121.429388039757441, 13.228876499856282 ], [ 121.429393717930651, 13.228837545698001 ], [ 121.429399519448026, 13.228765304374313 ], [ 121.429400499118003, 13.228712142445872 ], [ 121.429399219639507, 13.228692032216825 ], [ 121.429396298009934, 13.22869289942604 ], [ 121.429389601791001, 13.228691820501284 ], [ 121.4293770565735, 13.228688058123529 ], [ 121.42933479949798, 13.228669312488424 ], [ 121.429283826531673, 13.228639729067202 ], [ 121.42919513573213, 13.228582265103116 ], [ 121.429166426655755, 13.228565607667305 ], [ 121.429140846725048, 13.228552977123492 ], [ 121.429099889573038, 13.228537370215985 ], [ 121.429016632200685, 13.228512690687634 ], [ 121.428966695529084, 13.22849461824755 ], [ 121.42894214643924, 13.228482188292148 ], [ 121.428921262016317, 13.2284681800766 ], [ 121.428903841568811, 13.228452655678975 ], [ 121.428888705647921, 13.228434770886242 ], [ 121.428875069837858, 13.228413448474997 ], [ 121.428862961785043, 13.228388692674832 ], [ 121.428853171856787, 13.228363750446045 ], [ 121.428818020291189, 13.228260001680704 ], [ 121.428798788265524, 13.22821819896363 ], [ 121.428774501497031, 13.228179672619733 ], [ 121.428728875570656, 13.228120174217963 ], [ 121.428715016651793, 13.228100060556214 ], [ 121.428694658831475, 13.228062710123059 ], [ 121.428685910418608, 13.22804119758629 ], [ 121.428678249598065, 13.228017237055818 ], [ 121.428672225935586, 13.227992648140148 ], [ 121.428665315654854, 13.227950715188765 ], [ 121.428661098654089, 13.227901808030845 ], [ 121.428660078014303, 13.227871050404868 ], [ 121.428661231695315, 13.227762522938063 ], [ 121.428667097793891, 13.227624924564291 ], [ 121.428564185432549, 13.227698488337538 ], [ 121.428472525453174, 13.22771586239825 ], [ 121.428405315792091, 13.227727407549548 ], [ 121.428319720482961, 13.227750798112595 ], [ 121.428221957472999, 13.227768134540138 ], [ 121.428118129772116, 13.227779454362592 ], [ 121.428050996735308, 13.227779041372333 ], [ 121.427965669669632, 13.227760578656937 ], [ 121.427898766607981, 13.227724291496399 ], [ 121.427856275569027, 13.227688154520685 ], [ 121.427771216868834, 13.227627838594929 ], [ 121.427625204911209, 13.227555189060922 ], [ 121.427466603685502, 13.227542254542632 ], [ 121.427295336398132, 13.227600993044366 ], [ 121.427227820001534, 13.227660370042685 ], [ 121.42715427726462, 13.227707751413309 ], [ 121.427068605196666, 13.227743099583318 ], [ 121.426983048156501, 13.227760510664334 ], [ 121.426879297165328, 13.227759871939355 ], [ 121.426763570312716, 13.227723283909281 ], [ 121.426625559338575, 13.227588991673239 ], [ 121.426541217326431, 13.227628316870449 ], [ 121.426443570662911, 13.22762771552085 ], [ 121.42635905062869, 13.227609737725063 ], [ 121.426344667298693, 13.227611634028154 ], [ 121.42627915005086, 13.227623738251394 ], [ 121.42624105711478, 13.227633622843662 ], [ 121.426215036106981, 13.227640374932843 ], [ 121.426156695032589, 13.227661468758697 ], [ 121.426104175681715, 13.227687051129443 ], [ 121.42606092782701, 13.227715061413779 ], [ 121.426025768743443, 13.227745190393266 ], [ 121.425988218509801, 13.227785002138946 ], [ 121.425954816485088, 13.22782857975306 ], [ 121.425931235955275, 13.227866419236392 ], [ 121.4259100877522, 13.227906193167833 ], [ 121.425890722583034, 13.227947404444709 ], [ 121.425942686955608, 13.228074296166223 ], [ 121.425971366998283, 13.228170146448003 ], [ 121.425931632832089, 13.228275142603421 ], [ 121.425853208289539, 13.228322496218633 ], [ 121.425738441258162, 13.228433534046731 ], [ 121.425735295073423, 13.22843657799802 ], [ 121.425637357549974, 13.228519496768138 ], [ 121.425619237945369, 13.228558387329944 ], [ 121.425604535618646, 13.2285970511338 ], [ 121.425548475559268, 13.228620751894431 ], [ 121.428658610007631, 13.229696038781716 ] ] ] ] } },
{ "type": "Feature", "properties": { "Class_name": "Sand Bottom", "ID": 6, "Province": "Oriental Mindoro", "Region": "R4B", "Class_Code": "Sb", "Area": 0.5966898501, "Area (Ha)": 0.597, "Area_3(ha)": 0.597 }, "geometry": { "type": "MultiPolygon", "coordinates": [ [ [ [ 121.436076228976276, 13.224860277058058 ], [ 121.436074304262576, 13.224901702873321 ], [ 121.436075761865084, 13.22492922741338 ], [ 121.436079741025551, 13.224960452182824 ], [ 121.436087170882274, 13.224993481855888 ], [ 121.436097033053358, 13.225022084212126 ], [ 121.436110143972172, 13.225049507403654 ], [ 121.436126348732941, 13.225074667272509 ], [ 121.436148704704749, 13.225099855293559 ], [ 121.436173622877021, 13.225119774310487 ], [ 121.436199680282954, 13.225133759064148 ], [ 121.436226475183688, 13.225143130648201 ], [ 121.436253339229054, 13.225149748669228 ], [ 121.436309415034202, 13.225158325907376 ], [ 121.436469059150028, 13.225174512329366 ], [ 121.436532929901276, 13.225184984811436 ], [ 121.436563744269051, 13.225192573131888 ], [ 121.436593394058804, 13.225202532789982 ], [ 121.436619748479856, 13.225214490050929 ], [ 121.43664473513391, 13.22522879961358 ], [ 121.436668273548875, 13.225245198282305 ], [ 121.436690174456274, 13.225263577094651 ], [ 121.436710129183012, 13.225283974601778 ], [ 121.436725909380073, 13.225303734238445 ], [ 121.436740105412554, 13.225324863322404 ], [ 121.436764469538801, 13.22537019283252 ], [ 121.436811312997762, 13.22548597363294 ], [ 121.436836591977666, 13.225538957139902 ], [ 121.436851619392158, 13.225563811079097 ], [ 121.436868313429244, 13.225586471519748 ], [ 121.43688685592673, 13.225607729830655 ], [ 121.436906949142994, 13.225627697205271 ], [ 121.436954677718106, 13.225667746692904 ], [ 121.437071322842129, 13.2257580129193 ], [ 121.437103100628576, 13.22578114030796 ], [ 121.437171301506851, 13.225824590258277 ], [ 121.437245083038107, 13.225864094414501 ], [ 121.437233725621667, 13.225726240201348 ], [ 121.437211871923594, 13.225421691884467 ], [ 121.437204281454328, 13.22535023270037 ], [ 121.43719181459862, 13.225280361441881 ], [ 121.437182452796335, 13.225246483113926 ], [ 121.437170624135419, 13.225214460198609 ], [ 121.437156436637849, 13.22518337717532 ], [ 121.437140254888803, 13.225153245420948 ], [ 121.437122250747748, 13.225124175516783 ], [ 121.437102417194978, 13.225096386102006 ], [ 121.43708057275208, 13.225070218573057 ], [ 121.437058754110765, 13.225048086321928 ], [ 121.437035353784054, 13.225027507124787 ], [ 121.437010636946525, 13.225008403999469 ], [ 121.436984763996776, 13.224990814947091 ], [ 121.436957800643171, 13.224974895783486 ], [ 121.436929723912385, 13.224960927586457 ], [ 121.436897425560559, 13.224948036454943 ], [ 121.436829871595606, 13.224928191254799 ], [ 121.436795145348299, 13.224920286639131 ], [ 121.436724627747168, 13.224907076375702 ], [ 121.436616306993741, 13.224892036376716 ], [ 121.436428855725978, 13.22487505268899 ], [ 121.43628705094855, 13.224866797445008 ], [ 121.436076228976276, 13.224860277058058 ] ] ] ] } },
{ "type": "Feature", "properties": { "Class_name": "Rock Bottom", "ID": 5, "Province": "Oriental Mindoro", "Region": "R4B", "Class_Code": "Rb", "Area": 3.0862134184599999, "Area (Ha)": 3.087, "Area_3(ha)": 3.086 }, "geometry": { "type": "MultiPolygon", "coordinates": [ [ [ [ 121.44631419044498, 13.209450777262004 ], [ 121.446162267485732, 13.209451625096637 ], [ 121.446136142581452, 13.209479335806078 ], [ 121.446103417869296, 13.209509759912518 ], [ 121.446006063931193, 13.20959190665063 ], [ 121.445798791293385, 13.209754968699464 ], [ 121.445651860057282, 13.209862885055223 ], [ 121.445579702238717, 13.209912160160167 ], [ 121.445510748928271, 13.209955887248883 ], [ 121.445443506142752, 13.209994014906638 ], [ 121.445379395117072, 13.210025584505489 ], [ 121.445313798561813, 13.210053461565122 ], [ 121.445246509932559, 13.210077145354401 ], [ 121.445177862272658, 13.210096840208156 ], [ 121.4451081348777, 13.210112782896246 ], [ 121.445037531396537, 13.21012496955248 ], [ 121.444966194731364, 13.210133169047007 ], [ 121.444888215677963, 13.210137398290192 ], [ 121.44480976435463, 13.210137790707124 ], [ 121.444731083186724, 13.210135447440571 ], [ 121.444433925205189, 13.21011828799378 ], [ 121.444362299859435, 13.210117085211097 ], [ 121.4442810849783, 13.210120064035545 ], [ 121.444201899147927, 13.210129148945569 ], [ 121.444125603635896, 13.210146181148144 ], [ 121.444056177980343, 13.210171604145788 ], [ 121.443990923672246, 13.210205813759774 ], [ 121.443937459429691, 13.210242797662044 ], [ 121.443887543783504, 13.210285358265924 ], [ 121.443841072563032, 13.210332700766044 ], [ 121.443797473715946, 13.210384768300717 ], [ 121.443756568544345, 13.210440097219593 ], [ 121.443717585652905, 13.210497787490086 ], [ 121.443593153448489, 13.210695785748953 ], [ 121.443543551295491, 13.210770702774454 ], [ 121.443491810663687, 13.210844317994257 ], [ 121.443448104074207, 13.210903033637132 ], [ 121.443402724586377, 13.210960329202766 ], [ 121.443335189154027, 13.211037773204795 ], [ 121.443287845231637, 13.211086144038093 ], [ 121.443236519289698, 13.211132905201293 ], [ 121.443175788898387, 13.211179611662095 ], [ 121.443102766881964, 13.211227567915671 ], [ 121.443023266392345, 13.211272565660016 ], [ 121.442939899377279, 13.211313236048175 ], [ 121.442842186593396, 13.211353169601248 ], [ 121.44274709071324, 13.21138396851951 ], [ 121.442672439027163, 13.211401827383305 ], [ 121.442600091514365, 13.211412557747442 ], [ 121.442532944298449, 13.2114152104407 ], [ 121.442488230659777, 13.211411421535409 ], [ 121.442471845209482, 13.211404983125936 ], [ 121.442315372215177, 13.211414345161174 ], [ 121.442257842564473, 13.21141940640902 ], [ 121.442214986264034, 13.211425794341737 ], [ 121.442162598854182, 13.211439274362705 ], [ 121.442131817341448, 13.211451385466237 ], [ 121.442104450918251, 13.211465590238424 ], [ 121.442082760032335, 13.211479315756103 ], [ 121.442009260500001, 13.211531555711435 ], [ 121.441971900755163, 13.211552466917357 ], [ 121.441927083756127, 13.211570815982503 ], [ 121.441832727582536, 13.211599568345855 ], [ 121.441799648159957, 13.211611490395923 ], [ 121.441774318041539, 13.211623890287168 ], [ 121.441754565283489, 13.211637794512312 ], [ 121.44174667168754, 13.211645369022268 ], [ 121.441736070748249, 13.211659385081676 ], [ 121.441729083161249, 13.21167468254199 ], [ 121.441725738957103, 13.211691114006983 ], [ 121.441726278619527, 13.211709629624536 ], [ 121.441731885829668, 13.211731182107451 ], [ 121.441743503645611, 13.211755098953722 ], [ 121.441754290130476, 13.211771760641417 ], [ 121.441815915076475, 13.211854373927219 ], [ 121.441849294891938, 13.211904601817047 ], [ 121.441867133759459, 13.211939177657662 ], [ 121.441870740693389, 13.211950309216595 ], [ 121.441869675538172, 13.21195482468149 ], [ 121.441887794564252, 13.211956924931672 ], [ 121.441934805687922, 13.211954418368409 ], [ 121.442004837995825, 13.211945793180382 ], [ 121.442091821428988, 13.21192910029006 ], [ 121.442199984521693, 13.211900737587243 ], [ 121.442351361918455, 13.211855372353137 ], [ 121.442546287187284, 13.21179266569413 ], [ 121.442716970712567, 13.211733103232133 ], [ 121.443105892499531, 13.211592391062929 ], [ 121.443223798197707, 13.211545701219126 ], [ 121.443278202786971, 13.211521594202907 ], [ 121.443396862003823, 13.21146257570382 ], [ 121.443514173080089, 13.211396408238238 ], [ 121.443570796571393, 13.211361372794125 ], [ 121.443624858423448, 13.211325784702851 ], [ 121.443793210462758, 13.211208397181673 ], [ 121.443892105691589, 13.211145607997832 ], [ 121.443952383675025, 13.211111209566607 ], [ 121.444016182096405, 13.211077053446692 ], [ 121.444206878207623, 13.210977894464177 ], [ 121.444323766695831, 13.210912547024154 ], [ 121.444393990008862, 13.210871042852022 ], [ 121.444507140382342, 13.210799603609974 ], [ 121.444702833011689, 13.210666199012509 ], [ 121.444752621100335, 13.210636284004952 ], [ 121.444802646558969, 13.210610509530182 ], [ 121.444853359454413, 13.210589360642073 ], [ 121.44492190604366, 13.210569350273133 ], [ 121.444989956340947, 13.210560463880919 ], [ 121.445025131967469, 13.210560977130005 ], [ 121.445057947831884, 13.210565104294313 ], [ 121.44509056349338, 13.210572920032797 ], [ 121.445125799141778, 13.210585441004355 ], [ 121.445164882443734, 13.210603540719317 ], [ 121.4452878563376, 13.210669223147525 ], [ 121.445324777492885, 13.210684901019954 ], [ 121.44537162789635, 13.210699307909872 ], [ 121.445420343867383, 13.210707703894965 ], [ 121.44547023073747, 13.210710188311502 ], [ 121.445520856400051, 13.210707360094521 ], [ 121.445569503717692, 13.210700075654598 ], [ 121.445617816079007, 13.21068845612826 ], [ 121.445667047716356, 13.21067176390574 ], [ 121.445714154628291, 13.210650494853272 ], [ 121.445757759475711, 13.210625199691313 ], [ 121.445797508149283, 13.210596302166451 ], [ 121.445826511179988, 13.210570930060147 ], [ 121.445854551198423, 13.210542373505413 ], [ 121.445881762737642, 13.210510425137254 ], [ 121.445920810461331, 13.210456660503541 ], [ 121.445957367559856, 13.21039772961284 ], [ 121.445991587132994, 13.210335789832737 ], [ 121.446023960314946, 13.210271920687685 ], [ 121.446056717431972, 13.210201535680945 ], [ 121.446090412158711, 13.210123743988884 ], [ 121.446154988507857, 13.209959584886191 ], [ 121.446188320283198, 13.209867708245715 ], [ 121.446248192240844, 13.209691062184294 ], [ 121.446277021942564, 13.20959878265942 ], [ 121.446307080956316, 13.209489141694478 ], [ 121.44631419044498, 13.209450777262004 ] ] ] ] } },
{ "type": "Feature", "properties": { "Class_name": "Corals", "ID": 1, "Province": "Oriental Mindoro", "Region": "R4B", "Class_Code": "C", "Area": 3.9188237531199999, "Area (Ha)": 3.919, "Area_3(ha)": 3.919 }, "geometry": { "type": "MultiPolygon", "coordinates": [ [ [ [ 121.487977464651394, 13.147687055107724 ], [ 121.48804318900288, 13.147686847930096 ], [ 121.488155908827991, 13.147693747830514 ], [ 121.48822649956729, 13.14770356072119 ], [ 121.488288163433339, 13.14771882763479 ], [ 121.488286715291395, 13.147703221065195 ], [ 121.488271677233712, 13.147666356752399 ], [ 121.488243124222919, 13.147613118675144 ], [ 121.488206141011801, 13.147555977191349 ], [ 121.488159183268422, 13.147492855429604 ], [ 121.488103675996697, 13.147426488000914 ], [ 121.488041224793051, 13.147359530732675 ], [ 121.487973521774805, 13.147294613873425 ], [ 121.487911594995438, 13.147241625849963 ], [ 121.487848587114556, 13.147193457608937 ], [ 121.48778613986677, 13.147151329400792 ], [ 121.487713305904819, 13.147109331042572 ], [ 121.48757963850619, 13.147040340154923 ], [ 121.487515854967782, 13.147002718874857 ], [ 121.487468298704499, 13.146969962275296 ], [ 121.487423350486125, 13.146934067574779 ], [ 121.487381401891227, 13.146894900666933 ], [ 121.48732682889505, 13.146832973644941 ], [ 121.487277729686951, 13.146765853612701 ], [ 121.48723285119253, 13.146695145248851 ], [ 121.48719133088737, 13.146622097344508 ], [ 121.487102502030979, 13.14645401675549 ], [ 121.487069034557734, 13.1463954455535 ], [ 121.487033468090658, 13.146339085510244 ], [ 121.486984724754919, 13.146272807041935 ], [ 121.486930143952392, 13.146213050979631 ], [ 121.486874531113116, 13.146164904813666 ], [ 121.486755847230853, 13.146074072492459 ], [ 121.486695831609893, 13.146022837050268 ], [ 121.486637959788624, 13.145967373836285 ], [ 121.486582567361793, 13.145908140321508 ], [ 121.486530159197244, 13.145845334761834 ], [ 121.48648540049409, 13.145785069975517 ], [ 121.486443280431544, 13.145722371783211 ], [ 121.486403530832135, 13.145657662862785 ], [ 121.486366035390063, 13.14559122808531 ], [ 121.486325898939427, 13.145513662299322 ], [ 121.486251482182027, 13.145354603114829 ], [ 121.486181589160495, 13.14519311904672 ], [ 121.486044892942516, 13.144868999191244 ], [ 121.485973974102578, 13.144708083342358 ], [ 121.485936861209026, 13.144628402508534 ], [ 121.485859850564026, 13.144473831553714 ], [ 121.48561792086582, 13.144016970448121 ], [ 121.485579669011258, 13.14394075149068 ], [ 121.485543541382455, 13.143864189818462 ], [ 121.485510661935322, 13.143784529069737 ], [ 121.48548333901266, 13.143692274052565 ], [ 121.485464793651772, 13.143589967540622 ], [ 121.485457140165849, 13.143480839508213 ], [ 121.485459001777912, 13.143370633083194 ], [ 121.485467574386533, 13.143266691104806 ], [ 121.485480193271513, 13.143171250127846 ], [ 121.485494287465443, 13.143088959371275 ], [ 121.485520208967785, 13.142967431694657 ], [ 121.485511691766433, 13.142961205321217 ], [ 121.485504501760474, 13.142951786742413 ], [ 121.485496409982048, 13.142937606938069 ], [ 121.485488361306835, 13.142918669078096 ], [ 121.485479292438811, 13.142887469280829 ], [ 121.485476143938286, 13.142871517230613 ], [ 121.485472736471849, 13.142840212999968 ], [ 121.485472233143881, 13.142782451530669 ], [ 121.485478400037579, 13.142249119647127 ], [ 121.485463618983644, 13.142244166037951 ], [ 121.485433628799385, 13.142244721665147 ], [ 121.485392623048625, 13.142252297013199 ], [ 121.485345288929039, 13.142269033069725 ], [ 121.485318428760692, 13.142282900791944 ], [ 121.485296242354067, 13.142297355223375 ], [ 121.485273798368141, 13.142315363365409 ], [ 121.485248254122027, 13.142340797061912 ], [ 121.485208471873747, 13.142393510917831 ], [ 121.485174447206347, 13.142455620790638 ], [ 121.485146187774092, 13.142524694751652 ], [ 121.485123471001813, 13.142598119910859 ], [ 121.485103009526583, 13.142688875580872 ], [ 121.485089936175243, 13.142777317087566 ], [ 121.485082892106291, 13.142860567428343 ], [ 121.485065095091642, 13.143106434609173 ], [ 121.485058233413127, 13.143249462561169 ], [ 121.485056733697604, 13.143335333959161 ], [ 121.485058422819193, 13.14342082945746 ], [ 121.48506216163527, 13.14348039961617 ], [ 121.485068225402671, 13.143539627533491 ], [ 121.485076788345964, 13.1435984171335 ], [ 121.485091798072062, 13.143673356711407 ], [ 121.485111281266811, 13.143747209614967 ], [ 121.485135398170897, 13.143819739811697 ], [ 121.485166219428194, 13.143895257992583 ], [ 121.485201098345456, 13.143969478442942 ], [ 121.485238648189565, 13.144042858750394 ], [ 121.485360558751495, 13.144268685467399 ], [ 121.485428510336092, 13.144401423357465 ], [ 121.485459018196707, 13.144466777936252 ], [ 121.485485356951187, 13.144528796804629 ], [ 121.48550916863627, 13.144591540962335 ], [ 121.48552922097393, 13.144651805376032 ], [ 121.485546776996372, 13.14471260725561 ], [ 121.485563065356217, 13.144778182355706 ], [ 121.48559263705063, 13.144909576494682 ], [ 121.485617196327425, 13.145006440030951 ], [ 121.485658541823355, 13.145148121022212 ], [ 121.485701957523702, 13.145287128529894 ], [ 121.485791823772189, 13.145561515617617 ], [ 121.485831981676469, 13.145676780667769 ], [ 121.485874930675507, 13.145786232151172 ], [ 121.485924488031372, 13.145898290136996 ], [ 121.486027162416789, 13.146109932442 ], [ 121.486059202895206, 13.146171606650526 ], [ 121.486099054122505, 13.146239562078609 ], [ 121.486142993113788, 13.146305047962494 ], [ 121.486191136893666, 13.146367605117574 ], [ 121.486240243720687, 13.146423388230572 ], [ 121.486292149983129, 13.146476815598515 ], [ 121.48634575649524, 13.146528560466225 ], [ 121.486506683607871, 13.146679206763968 ], [ 121.486563272909834, 13.146736832361638 ], [ 121.486613521641488, 13.146797839583233 ], [ 121.486653907272967, 13.146863416582148 ], [ 121.486680903846676, 13.146922926086857 ], [ 121.486702461851465, 13.146985210041839 ], [ 121.48672322233179, 13.147063362580086 ], [ 121.486755627483888, 13.147209925860681 ], [ 121.486772204216507, 13.147276056241742 ], [ 121.486793295784395, 13.147342399454418 ], [ 121.486804811583497, 13.147371672389488 ], [ 121.4868159797972, 13.147396460411748 ], [ 121.486835245215701, 13.147432844829225 ], [ 121.486855855971854, 13.147465465307999 ], [ 121.486879464997216, 13.147497782142484 ], [ 121.486916640180411, 13.147542067379588 ], [ 121.486972747335614, 13.147597793072153 ], [ 121.487019572991045, 13.147634886999697 ], [ 121.487058023073956, 13.14766042225094 ], [ 121.487100833631843, 13.147685392047508 ], [ 121.487144835382239, 13.147708703109203 ], [ 121.487225327410059, 13.147747726467097 ], [ 121.487265063303596, 13.147763970475888 ], [ 121.487332060350965, 13.147785914133387 ], [ 121.48737830235352, 13.147796727149192 ], [ 121.487439563226189, 13.14780567123532 ], [ 121.48747957746788, 13.14780846976452 ], [ 121.487523292710236, 13.147808992516932 ], [ 121.487611528060256, 13.147802434393338 ], [ 121.487673004771253, 13.147791920106297 ], [ 121.487731128397883, 13.147777275189815 ], [ 121.487760499486185, 13.147768058323194 ], [ 121.487813460579389, 13.147749035740512 ], [ 121.487950673665125, 13.147694344640191 ], [ 121.487970349345403, 13.14768755593351 ], [ 121.487977464651394, 13.147687055107724 ] ] ] ] } },
{ "type": "Feature", "properties": { "Class_name": "Sand Bottom", "ID": 6, "Province": "Oriental Mindoro", "Region": "R4B", "Class_Code": "Sb", "Area": 0.68999558525000004, "Area (Ha)": 0.69, "Area_3(ha)": 0.69 }, "geometry": { "type": "MultiPolygon", "coordinates": [ [ [ [ 121.509785717613198, 13.149099857852708 ], [ 121.509730746745362, 13.148974153541076 ], [ 121.509698116842515, 13.148884294257829 ], [ 121.509684934502374, 13.148838410719501 ], [ 121.509676786094843, 13.148801334054019 ], [ 121.509671634696673, 13.148766839449145 ], [ 121.509669563371588, 13.148735929174538 ], [ 121.509669591626519, 13.148705990393228 ], [ 121.509671557543413, 13.148676100873551 ], [ 121.509675725522342, 13.148645423926883 ], [ 121.509688618615982, 13.14858429800671 ], [ 121.509728131956734, 13.148430144673977 ], [ 121.509739524134631, 13.148367173548845 ], [ 121.509742667839078, 13.148335518777246 ], [ 121.509743605385424, 13.148272151402217 ], [ 121.509741362116344, 13.148240618778726 ], [ 121.509737073694268, 13.148209317270567 ], [ 121.509730834846451, 13.148179385308428 ], [ 121.509722932403335, 13.148149688613156 ], [ 121.509703898789553, 13.14809072140782 ], [ 121.509660269781065, 13.147970393656914 ], [ 121.509624649066083, 13.147878995590258 ], [ 121.50959752360562, 13.147819951363976 ], [ 121.509534850122108, 13.147708245675911 ], [ 121.509520354037164, 13.147679863753918 ], [ 121.509507667278726, 13.147650854127262 ], [ 121.509483179303658, 13.147583634775769 ], [ 121.509434839524886, 13.14743263685609 ], [ 121.509414025502878, 13.14738524116733 ], [ 121.509403381795423, 13.147366538279369 ], [ 121.509395253221996, 13.147354969713145 ], [ 121.509390713332721, 13.147351479519275 ], [ 121.509351584197347, 13.147540424290614 ], [ 121.509328140712313, 13.147677281688708 ], [ 121.509318583336579, 13.147747915327479 ], [ 121.509311453597036, 13.147818265485418 ], [ 121.509307122369961, 13.147883242609362 ], [ 121.50930530615986, 13.147940469150168 ], [ 121.509304740558292, 13.148051012485292 ], [ 121.509309279804327, 13.148216569353622 ], [ 121.509312721564427, 13.148271515530976 ], [ 121.509322488662136, 13.148369619767832 ], [ 121.509337719980408, 13.148466498280808 ], [ 121.509348047653859, 13.148514229680892 ], [ 121.509360786635838, 13.148561296364807 ], [ 121.50937868077115, 13.148613981212309 ], [ 121.509399447563069, 13.148665858772054 ], [ 121.509446441878552, 13.148768095624023 ], [ 121.509573898013528, 13.149021501195328 ], [ 121.509618943477648, 13.149116006046796 ], [ 121.509704083949771, 13.149307218584196 ], [ 121.509763122249794, 13.149450573190085 ], [ 121.509800510272512, 13.149546873137739 ], [ 121.509840776743587, 13.149659709726809 ], [ 121.509905062267023, 13.149855858061452 ], [ 121.509979170168194, 13.150093551032565 ], [ 121.509976024682558, 13.149944957891627 ], [ 121.509970045930601, 13.149818297488816 ], [ 121.509961315537254, 13.149726200728983 ], [ 121.509946092814758, 13.149627871474527 ], [ 121.509928624108966, 13.1495489963055 ], [ 121.509906654848535, 13.149473392801701 ], [ 121.509887300498363, 13.149418217788321 ], [ 121.509837275761683, 13.149291570693569 ], [ 121.509815144229478, 13.149225364444112 ], [ 121.509797411888769, 13.149159671226666 ], [ 121.509785717613198, 13.149099857852708 ] ] ] ] } },
{ "type": "Feature", "properties": { "Class_name": "Sand Bottom", "ID": 6, "Province": "Oriental Mindoro", "Region": "R4B", "Class_Code": "Sb", "Area": 0.77839492859000003, "Area (Ha)": 0.778, "Area_3(ha)": 0.778 }, "geometry": { "type": "MultiPolygon", "coordinates": [ [ [ [ 121.432290848307261, 13.225560571703095 ], [ 121.432001543907674, 13.225595715205404 ], [ 121.431873415819496, 13.225605431731289 ], [ 121.43181294785056, 13.225607297552989 ], [ 121.431757906741723, 13.225606525729326 ], [ 121.431620598091811, 13.225596268441038 ], [ 121.431577176243451, 13.225596593541908 ], [ 121.431534710061825, 13.22560189921586 ], [ 121.431506845124403, 13.225609054649366 ], [ 121.431479391789395, 13.225618806672427 ], [ 121.431443564182345, 13.225634803716924 ], [ 121.431289311502624, 13.225717065941094 ], [ 121.431230788809444, 13.225744188781116 ], [ 121.431200605991222, 13.225756609626064 ], [ 121.431121946129807, 13.225784162347638 ], [ 121.431082302908663, 13.225795452921961 ], [ 121.431044786465151, 13.225804398157269 ], [ 121.431004886730832, 13.225811936799525 ], [ 121.430891802185187, 13.225831270001652 ], [ 121.430849889121575, 13.225843028026702 ], [ 121.430814478747948, 13.225859050658061 ], [ 121.430788337076805, 13.225880598663576 ], [ 121.430774482617323, 13.225907537516262 ], [ 121.430772217998808, 13.225938609015758 ], [ 121.430777801448741, 13.22596251291686 ], [ 121.43078866081116, 13.225986968767767 ], [ 121.430803957342832, 13.226011614600395 ], [ 121.43082922261371, 13.226043185463645 ], [ 121.430859653235999, 13.226073859691406 ], [ 121.430894487852484, 13.226102950239614 ], [ 121.43093810784444, 13.226132966115886 ], [ 121.430985468932306, 13.226160301749635 ], [ 121.431035656310414, 13.226185071129331 ], [ 121.431088073394662, 13.22620716926401 ], [ 121.431143816284234, 13.226227092419943 ], [ 121.431423961846505, 13.226316057968141 ], [ 121.431491411884068, 13.226340131723651 ], [ 121.431595249316373, 13.226383042541746 ], [ 121.431654064987057, 13.226412199066155 ], [ 121.431660408159161, 13.22641776786012 ], [ 121.431679446359482, 13.226309666876507 ], [ 121.431692392861891, 13.226254594507385 ], [ 121.431700017661228, 13.226229771728233 ], [ 121.431708425275744, 13.226208641552166 ], [ 121.43171814367345, 13.226190462227374 ], [ 121.431729778977626, 13.226173589067404 ], [ 121.431757274873036, 13.226142163499867 ], [ 121.431850373613997, 13.226052841050841 ], [ 121.431889909748648, 13.226011513579282 ], [ 121.431940009504402, 13.225954063410255 ], [ 121.432017543248023, 13.225856807532224 ], [ 121.43207940381842, 13.225784355400663 ], [ 121.432147684383793, 13.225709968856338 ], [ 121.432290848307261, 13.225560571703095 ] ] ] ] } }
]
}
