{
"type": "FeatureCollection",
"name": "pola_vuln",
"crs": { "type": "name", "properties": { "name": "urn:ogc:def:crs:OGC:1.3:CRS84" } },
"features": [
{ "type": "Feature", "properties": { "loc_area": "Proper South", "vuln_type": "Senior", "dis_type": "Visual", "vpt_id": 1, "notes": null, "source": "Barangay Batuhan Health Center", "acq_date": "2026-02-11", "loc_type": "sitio" }, "geometry": { "type": "Point", "coordinates": [ 121.440223881926997, 13.1409476920917 ] } },
{ "type": "Feature", "properties": { "loc_area": "Proper South", "vuln_type": "Senior", "dis_type": "Visual", "vpt_id": 2, "notes": null, "source": "Barangay Batuhan Health Center", "acq_date": "2026-02-11", "loc_type": "sitio" }, "geometry": { "type": "Point", "coordinates": [ 121.440302872594003, 13.141028039364199 ] } },
{ "type": "Feature", "properties": { "loc_area": "Proper South", "vuln_type": "PWD", "dis_type": "Physical", "vpt_id": 3, "notes": null, "source": "Barangay Batuhan Health Center", "acq_date": "2026-02-11", "loc_type": "sitio" }, "geometry": { "type": "Point", "coordinates": [ 121.440249048403004, 13.140839146917299 ] } },
{ "type": "Feature", "properties": { "loc_area": "Proper South", "vuln_type": "PWD", "dis_type": "Learning", "vpt_id": 4, "notes": null, "source": "Barangay Batuhan Health Center", "acq_date": "2026-02-11", "loc_type": "sitio" }, "geometry": { "type": "Point", "coordinates": [ 121.440360758989002, 13.140973707396901 ] } },
{ "type": "Feature", "properties": { "loc_area": "Proper North", "vuln_type": "Senior", "dis_type": "Physical", "vpt_id": 5, "notes": null, "source": "Barangay Batuhan Health Center", "acq_date": "2026-02-11", "loc_type": "sitio" }, "geometry": { "type": "Point", "coordinates": [ 121.440841114513006, 13.142073548902401 ] } },
{ "type": "Feature", "properties": { "loc_area": "Proper North", "vuln_type": "PWD", "dis_type": "Mental", "vpt_id": 6, "notes": null, "source": "Barangay Batuhan Health Center", "acq_date": "2026-02-11", "loc_type": "sitio" }, "geometry": { "type": "Point", "coordinates": [ 121.440775103711999, 13.141268217125999 ] } },
{ "type": "Feature", "properties": { "loc_area": "Proper North", "vuln_type": "PWD", "dis_type": "Mental", "vpt_id": 7, "notes": null, "source": "Barangay Batuhan Health Center", "acq_date": "2026-02-11", "loc_type": "sitio" }, "geometry": { "type": "Point", "coordinates": [ 121.440749714942001, 13.1412966525481 ] } },
{ "type": "Feature", "properties": { "loc_area": "Proper North", "vuln_type": "PWD", "dis_type": "Mental", "vpt_id": 8, "notes": null, "source": "Barangay Batuhan Health Center", "acq_date": "2026-02-11", "loc_type": "sitio" }, "geometry": { "type": "Point", "coordinates": [ 121.440797445829006, 13.1412479061102 ] } },
{ "type": "Feature", "properties": { "loc_area": "Proper South", "vuln_type": "Senior", "dis_type": "Visual", "vpt_id": 9, "notes": null, "source": "Barangay Batuhan Health Center", "acq_date": "2026-02-11", "loc_type": "sitio" }, "geometry": { "type": "Point", "coordinates": [ 121.439721977543002, 13.140640606737801 ] } },
{ "type": "Feature", "properties": { "loc_area": "Proper South", "vuln_type": "PWD", "dis_type": "Visual", "vpt_id": 10, "notes": null, "source": "Barangay Batuhan Health Center", "acq_date": "2026-02-11", "loc_type": "sitio" }, "geometry": { "type": "Point", "coordinates": [ 121.439720961991995, 13.1406243579252 ] } },
{ "type": "Feature", "properties": { "loc_area": "Proper South", "vuln_type": "Senior", "dis_type": "Physical", "vpt_id": 11, "notes": null, "source": "Barangay Batuhan Health Center", "acq_date": "2026-02-11", "loc_type": "sitio" }, "geometry": { "type": "Point", "coordinates": [ 121.439751936291003, 13.140709664191499 ] } },
{ "type": "Feature", "properties": { "loc_area": "Proper North", "vuln_type": "PWD", "dis_type": "Physical", "vpt_id": 12, "notes": null, "source": "Barangay Batuhan Health Center", "acq_date": "2026-02-11", "loc_type": "sitio" }, "geometry": { "type": "Point", "coordinates": [ 121.440243462872999, 13.140153142358701 ] } },
{ "type": "Feature", "properties": { "loc_area": "Proper South", "vuln_type": "PWD", "dis_type": "Physical", "vpt_id": 13, "notes": null, "source": "Barangay Batuhan Health Center", "acq_date": "2026-02-11", "loc_type": "sitio" }, "geometry": { "type": "Point", "coordinates": [ 121.439580308206999, 13.1403460970088 ] } },
{ "type": "Feature", "properties": { "loc_area": "Proper South", "vuln_type": "PWD", "dis_type": "Speech", "vpt_id": 14, "notes": null, "source": "Barangay Batuhan Health Center", "acq_date": "2026-02-11", "loc_type": "sitio" }, "geometry": { "type": "Point", "coordinates": [ 121.439563043844004, 13.140312583832699 ] } },
{ "type": "Feature", "properties": { "loc_area": "Banco", "vuln_type": "PWD", "dis_type": "Physical", "vpt_id": 15, "notes": null, "source": "Barangay Batuhan Health Center", "acq_date": "2026-02-11", "loc_type": "sitio" }, "geometry": { "type": "Point", "coordinates": [ 121.439358177005005, 13.1401017058216 ] } },
{ "type": "Feature", "properties": { "loc_area": "Banco", "vuln_type": "PWD", "dis_type": "Physical", "vpt_id": 16, "notes": null, "source": "Barangay Batuhan Health Center", "acq_date": "2026-02-11", "loc_type": "sitio" }, "geometry": { "type": "Point", "coordinates": [ 121.438688766284997, 13.1387251321942 ] } },
{ "type": "Feature", "properties": { "loc_area": "Banco", "vuln_type": "PWD", "dis_type": "Visual", "vpt_id": 17, "notes": null, "source": "Barangay Batuhan Health Center", "acq_date": "2026-02-11", "loc_type": "sitio" }, "geometry": { "type": "Point", "coordinates": [ 121.440132557219002, 13.138686459222701 ] } },
{ "type": "Feature", "properties": { "loc_area": "Banco", "vuln_type": "PWD", "dis_type": "Visual", "vpt_id": 18, "notes": null, "source": "Barangay Batuhan Health Center", "acq_date": "2026-02-11", "loc_type": "sitio" }, "geometry": { "type": "Point", "coordinates": [ 121.439625204665006, 13.1391689505811 ] } },
{ "type": "Feature", "properties": { "loc_area": "Banco", "vuln_type": "Senior", "dis_type": "Visual", "vpt_id": 19, "notes": null, "source": "Barangay Batuhan Health Center", "acq_date": "2026-02-11", "loc_type": "sitio" }, "geometry": { "type": "Point", "coordinates": [ 121.441132529767998, 13.1369995810385 ] } },
{ "type": "Feature", "properties": { "loc_area": "Banco", "vuln_type": "PWD", "dis_type": "Visual", "vpt_id": 20, "notes": null, "source": "Barangay Batuhan Health Center", "acq_date": "2026-02-11", "loc_type": "sitio" }, "geometry": { "type": "Point", "coordinates": [ 121.441009144573002, 13.1371487482141 ] } },
{ "type": "Feature", "properties": { "loc_area": "Banco", "vuln_type": "PWD", "dis_type": "Visual", "vpt_id": 21, "notes": null, "source": "Barangay Batuhan Health Center", "acq_date": "2026-02-11", "loc_type": "sitio" }, "geometry": { "type": "Point", "coordinates": [ 121.438243106326993, 13.1402554769225 ] } },
{ "type": "Feature", "properties": { "loc_area": "Banco", "vuln_type": "PWD", "dis_type": "Physical", "vpt_id": 22, "notes": null, "source": "Barangay Batuhan Health Center", "acq_date": "2026-02-11", "loc_type": "sitio" }, "geometry": { "type": "Point", "coordinates": [ 121.438286383223996, 13.1389166554815 ] } },
{ "type": "Feature", "properties": { "loc_area": "Proper South", "vuln_type": "PWD", "dis_type": "Physical", "vpt_id": 23, "notes": null, "source": "Barangay Batuhan Health Center", "acq_date": "2026-02-11", "loc_type": "sitio" }, "geometry": { "type": "Point", "coordinates": [ 121.439406978611999, 13.1409138382226 ] } },
{ "type": "Feature", "properties": { "loc_area": "Proper South", "vuln_type": "PWD", "dis_type": "Visual", "vpt_id": 24, "notes": null, "source": "Barangay Batuhan Health Center", "acq_date": "2026-02-11", "loc_type": "sitio" }, "geometry": { "type": "Point", "coordinates": [ 121.440001805744004, 13.140450683349901 ] } },
{ "type": "Feature", "properties": { "loc_area": "Proper South", "vuln_type": "PWD", "dis_type": "Physical", "vpt_id": 25, "notes": null, "source": "Barangay Batuhan Health Center", "acq_date": "2026-02-11", "loc_type": "sitio" }, "geometry": { "type": "Point", "coordinates": [ 121.439758718495, 13.1409571151192 ] } },
{ "type": "Feature", "properties": { "loc_area": "Proper South", "vuln_type": "PWD", "dis_type": "Visual", "vpt_id": 26, "notes": null, "source": "Barangay Batuhan Health Center", "acq_date": "2026-02-11", "loc_type": "sitio" }, "geometry": { "type": "Point", "coordinates": [ 121.439758718495, 13.1409322539233 ] } },
{ "type": "Feature", "properties": { "loc_area": "Banco", "vuln_type": "PWD", "dis_type": "Cancer", "vpt_id": 27, "notes": null, "source": "Barangay Batuhan Health Center", "acq_date": "2026-02-11", "loc_type": "sitio" }, "geometry": { "type": "Point", "coordinates": [ 121.440152814490006, 13.138559390887901 ] } },
{ "type": "Feature", "properties": { "loc_area": "Proper South", "vuln_type": "PWD", "dis_type": "Physical", "vpt_id": 28, "notes": null, "source": "Barangay Batuhan Health Center", "acq_date": "2026-02-11", "loc_type": "sitio" }, "geometry": { "type": "Point", "coordinates": [ 121.440545989699999, 13.140279417333399 ] } },
{ "type": "Feature", "properties": { "loc_area": "Proper South", "vuln_type": "Senior", "dis_type": "Physical", "vpt_id": 29, "notes": null, "source": "Barangay Batuhan Health Center", "acq_date": "2026-02-11", "loc_type": "sitio" }, "geometry": { "type": "Point", "coordinates": [ 121.440722780426995, 13.1405694646194 ] } },
{ "type": "Feature", "properties": { "loc_area": "Proper South", "vuln_type": "PWD", "dis_type": "Physical", "vpt_id": 30, "notes": null, "source": "Barangay Batuhan Health Center", "acq_date": "2026-02-11", "loc_type": "sitio" }, "geometry": { "type": "Point", "coordinates": [ 121.440738433771998, 13.140741651420999 ] } },
{ "type": "Feature", "properties": { "loc_area": "Proper South", "vuln_type": "PWD", "dis_type": "Visual", "vpt_id": 31, "notes": null, "source": "Barangay Batuhan Health Center", "acq_date": "2026-02-11", "loc_type": "sitio" }, "geometry": { "type": "Point", "coordinates": [ 121.440321318151007, 13.141032619492099 ] } },
{ "type": "Feature", "properties": { "loc_area": "High Town", "vuln_type": "PWD", "dis_type": "Speech", "vpt_id": 32, "notes": null, "source": "Barangay Batuhan Health Center", "acq_date": "2026-02-11", "loc_type": "sitio" }, "geometry": { "type": "Point", "coordinates": [ 121.438032246554002, 13.142818942460099 ] } },
{ "type": "Feature", "properties": { "loc_area": "High Town", "vuln_type": "PWD", "dis_type": "Psychosocial", "vpt_id": 33, "notes": null, "source": "Barangay Batuhan Health Center", "acq_date": "2026-02-11", "loc_type": "sitio" }, "geometry": { "type": "Point", "coordinates": [ 121.438721914544999, 13.1424754896421 ] } },
{ "type": "Feature", "properties": { "loc_area": "High Town", "vuln_type": "PWD", "dis_type": "Physical", "vpt_id": 34, "notes": null, "source": "Barangay Batuhan Health Center", "acq_date": "2026-02-11", "loc_type": "sitio" }, "geometry": { "type": "Point", "coordinates": [ 121.439135347025996, 13.142427608820199 ] } },
{ "type": "Feature", "properties": { "loc_area": "High Town", "vuln_type": "PWD", "dis_type": "Physical", "vpt_id": 35, "notes": null, "source": "Barangay Batuhan Health Center", "acq_date": "2026-02-11", "loc_type": "sitio" }, "geometry": { "type": "Point", "coordinates": [ 121.438701657275004, 13.142474568857001 ] } },
{ "type": "Feature", "properties": { "loc_area": "High Town", "vuln_type": "PWD", "dis_type": "Physical", "vpt_id": 36, "notes": null, "source": "Barangay Batuhan Health Center", "acq_date": "2026-02-11", "loc_type": "sitio" }, "geometry": { "type": "Point", "coordinates": [ 121.438644568602001, 13.1423824903535 ] } },
{ "type": "Feature", "properties": { "loc_area": "High Town", "vuln_type": "Senior", "dis_type": "Physical", "vpt_id": 37, "notes": null, "source": "Barangay Batuhan Health Center", "acq_date": "2026-02-11", "loc_type": "sitio" }, "geometry": { "type": "Point", "coordinates": [ 121.438670350584005, 13.142638468593301 ] } },
{ "type": "Feature", "properties": { "loc_area": "High Town", "vuln_type": "PWD", "dis_type": "Physical", "vpt_id": 38, "notes": null, "source": "Barangay Batuhan Health Center", "acq_date": "2026-02-11", "loc_type": "sitio" }, "geometry": { "type": "Point", "coordinates": [ 121.438359125242002, 13.1424064307644 ] } },
{ "type": "Feature", "properties": { "loc_area": "High Town", "vuln_type": "PWD", "dis_type": "Physical", "vpt_id": 39, "notes": null, "source": "Barangay Batuhan Health Center", "acq_date": "2026-02-11", "loc_type": "sitio" }, "geometry": { "type": "Point", "coordinates": [ 121.438384907222996, 13.1423309263915 ] } },
{ "type": "Feature", "properties": { "loc_area": "High Town", "vuln_type": "PWD", "dis_type": "Physical", "vpt_id": 40, "notes": null, "source": "Barangay Batuhan Health Center", "acq_date": "2026-02-11", "loc_type": "sitio" }, "geometry": { "type": "Point", "coordinates": [ 121.438760587516995, 13.1414626261035 ] } },
{ "type": "Feature", "properties": { "loc_area": "High Town", "vuln_type": "PWD", "dis_type": "Physical", "vpt_id": 41, "notes": null, "source": "Barangay Batuhan Health Center", "acq_date": "2026-02-11", "loc_type": "sitio" }, "geometry": { "type": "Point", "coordinates": [ 121.438125245842997, 13.140609979161001 ] } },
{ "type": "Feature", "properties": { "loc_area": "High Town", "vuln_type": "PWD", "dis_type": "Mental", "vpt_id": 42, "notes": null, "source": "Barangay Batuhan Health Center", "acq_date": "2026-02-11", "loc_type": "sitio" }, "geometry": { "type": "Point", "coordinates": [ 121.438195225504998, 13.1409838178852 ] } },
{ "type": "Feature", "properties": { "loc_area": "High Town", "vuln_type": "PWD", "dis_type": "Mental", "vpt_id": 43, "notes": null, "source": "Barangay Batuhan Health Center", "acq_date": "2026-02-11", "loc_type": "sitio" }, "geometry": { "type": "Point", "coordinates": [ 121.438464094736005, 13.142350262877301 ] } },
{ "type": "Feature", "properties": { "loc_area": "Proper South", "vuln_type": "PWD", "dis_type": "Physical", "vpt_id": 44, "notes": null, "source": "Barangay Batuhan Health Center", "acq_date": "2026-02-11", "loc_type": "sitio" }, "geometry": { "type": "Point", "coordinates": [ 121.439911568810999, 13.140690087458999 ] } },
{ "type": "Feature", "properties": { "loc_area": "Proper South", "vuln_type": "PWD", "dis_type": "Visual", "vpt_id": 45, "notes": null, "source": "Barangay Batuhan Health Center", "acq_date": "2026-02-11", "loc_type": "sitio" }, "geometry": { "type": "Point", "coordinates": [ 121.439870133484007, 13.140720473365199 ] } },
{ "type": "Feature", "properties": { "loc_area": "Proper South", "vuln_type": "PWD", "dis_type": "Psychosocial", "vpt_id": 46, "notes": null, "source": "Barangay Batuhan Health Center", "acq_date": "2026-02-11", "loc_type": "sitio" }, "geometry": { "type": "Point", "coordinates": [ 121.439859084063997, 13.1406495729175 ] } },
{ "type": "Feature", "properties": { "loc_area": "Proper South", "vuln_type": "PWD", "dis_type": "Physical", "vpt_id": 47, "notes": null, "source": "Barangay Batuhan Health Center", "acq_date": "2026-02-11", "loc_type": "sitio" }, "geometry": { "type": "Point", "coordinates": [ 121.439834222868001, 13.1405805140399 ] } },
{ "type": "Feature", "properties": { "loc_area": "Banco", "vuln_type": "PWD", "dis_type": "Physical", "vpt_id": 48, "notes": null, "source": "Barangay Batuhan Health Center", "acq_date": "2026-02-11", "loc_type": "sitio" }, "geometry": { "type": "Point", "coordinates": [ 121.440547831269996, 13.1373062024551 ] } },
{ "type": "Feature", "properties": { "loc_area": "Banco", "vuln_type": "PWD", "dis_type": "Physical", "vpt_id": 49, "notes": null, "source": "Barangay Batuhan Health Center", "acq_date": "2026-02-11", "loc_type": "sitio" }, "geometry": { "type": "Point", "coordinates": [ 121.440551514410004, 13.137208599241401 ] } },
{ "type": "Feature", "properties": { "loc_area": "Proper North", "vuln_type": "PWD", "dis_type": "Deaf", "vpt_id": 50, "notes": null, "source": "Barangay Batuhan Health Center", "acq_date": "2026-02-11", "loc_type": "sitio" }, "geometry": { "type": "Point", "coordinates": [ 121.438455807669996, 13.140396357032801 ] } },
{ "type": "Feature", "properties": { "loc_area": "Banco", "vuln_type": "Senior", "dis_type": null, "vpt_id": 51, "notes": null, "source": "Barangay Batuhan Health Center", "acq_date": "2026-02-11", "loc_type": "sitio" }, "geometry": { "type": "Point", "coordinates": [ 121.438430025689001, 13.140381624472299 ] } },
{ "type": "Feature", "properties": { "loc_area": "Proper South", "vuln_type": "Senior", "dis_type": null, "vpt_id": 52, "notes": null, "source": "Barangay Batuhan Health Center", "acq_date": "2026-02-11", "loc_type": "sitio" }, "geometry": { "type": "Point", "coordinates": [ 121.440224635722998, 13.1408364922796 ] } },
{ "type": "Feature", "properties": { "loc_area": "Proper South", "vuln_type": "Senior", "dis_type": null, "vpt_id": 53, "notes": null, "source": "Barangay Batuhan Health Center", "acq_date": "2026-02-11", "loc_type": "sitio" }, "geometry": { "type": "Point", "coordinates": [ 121.440140844284002, 13.1408585911205 ] } },
{ "type": "Feature", "properties": { "loc_area": "Proper South", "vuln_type": "Senior", "dis_type": null, "vpt_id": 54, "notes": null, "source": "Barangay Batuhan Health Center", "acq_date": "2026-02-11", "loc_type": "sitio" }, "geometry": { "type": "Point", "coordinates": [ 121.439927222156001, 13.140867798970801 ] } },
{ "type": "Feature", "properties": { "loc_area": "Proper South", "vuln_type": "Senior", "dis_type": null, "vpt_id": 55, "notes": null, "source": "Barangay Batuhan Health Center", "acq_date": "2026-02-11", "loc_type": "sitio" }, "geometry": { "type": "Point", "coordinates": [ 121.439669402345999, 13.1410648469683 ] } },
{ "type": "Feature", "properties": { "loc_area": "Proper South", "vuln_type": "Senior", "dis_type": null, "vpt_id": 56, "notes": null, "source": "Barangay Batuhan Health Center", "acq_date": "2026-02-11", "loc_type": "sitio" }, "geometry": { "type": "Point", "coordinates": [ 121.439790945970998, 13.140827284429299 ] } },
{ "type": "Feature", "properties": { "loc_area": "Proper South", "vuln_type": "Senior", "dis_type": null, "vpt_id": 57, "notes": null, "source": "Barangay Batuhan Health Center", "acq_date": "2026-02-11", "loc_type": "sitio" }, "geometry": { "type": "Point", "coordinates": [ 121.439800614213993, 13.140827284429299 ] } },
{ "type": "Feature", "properties": { "loc_area": "Proper South", "vuln_type": "Senior", "dis_type": null, "vpt_id": 58, "notes": null, "source": "Barangay Batuhan Health Center", "acq_date": "2026-02-11", "loc_type": "sitio" }, "geometry": { "type": "Point", "coordinates": [ 121.439860004848995, 13.1406620035155 ] } },
{ "type": "Feature", "properties": { "loc_area": "Proper South", "vuln_type": "Senior", "dis_type": null, "vpt_id": 59, "notes": null, "source": "Barangay Batuhan Health Center", "acq_date": "2026-02-11", "loc_type": "sitio" }, "geometry": { "type": "Point", "coordinates": [ 121.439656511356006, 13.140697914131801 ] } },
{ "type": "Feature", "properties": { "loc_area": "Proper South", "vuln_type": "Senior", "dis_type": null, "vpt_id": 60, "notes": null, "source": "Barangay Batuhan Health Center", "acq_date": "2026-02-11", "loc_type": "sitio" }, "geometry": { "type": "Point", "coordinates": [ 121.439456701002996, 13.1405616379466 ] } },
{ "type": "Feature", "properties": { "loc_area": "Proper South", "vuln_type": "Senior", "dis_type": null, "vpt_id": 61, "notes": null, "source": "Barangay Batuhan Health Center", "acq_date": "2026-02-11", "loc_type": "sitio" }, "geometry": { "type": "Point", "coordinates": [ 121.439650065861002, 13.1406877854964 ] } },
{ "type": "Feature", "properties": { "loc_area": "Proper South", "vuln_type": "Senior", "dis_type": null, "vpt_id": 62, "notes": null, "source": "Barangay Batuhan Health Center", "acq_date": "2026-02-11", "loc_type": "sitio" }, "geometry": { "type": "Point", "coordinates": [ 121.439883945259993, 13.140490737498901 ] } },
{ "type": "Feature", "properties": { "loc_area": "Proper South", "vuln_type": "Senior", "dis_type": null, "vpt_id": 63, "notes": null, "source": "Barangay Batuhan Health Center", "acq_date": "2026-02-11", "loc_type": "sitio" }, "geometry": { "type": "Point", "coordinates": [ 121.440115062302993, 13.140518361050001 ] } },
{ "type": "Feature", "properties": { "loc_area": "Proper South", "vuln_type": "Senior", "dis_type": null, "vpt_id": 64, "notes": null, "source": "Barangay Batuhan Health Center", "acq_date": "2026-02-11", "loc_type": "sitio" }, "geometry": { "type": "Point", "coordinates": [ 121.440149131349997, 13.140702518056999 ] } },
{ "type": "Feature", "properties": { "loc_area": "Proper South", "vuln_type": "Senior", "dis_type": null, "vpt_id": 65, "notes": null, "source": "Barangay Batuhan Health Center", "acq_date": "2026-02-11", "loc_type": "sitio" }, "geometry": { "type": "Point", "coordinates": [ 121.439991216715995, 13.140666147048099 ] } },
{ "type": "Feature", "properties": { "loc_area": "Proper South", "vuln_type": "Senior", "dis_type": null, "vpt_id": 66, "notes": null, "source": "Barangay Batuhan Health Center", "acq_date": "2026-02-11", "loc_type": "sitio" }, "geometry": { "type": "Point", "coordinates": [ 121.439985692006005, 13.140676736075999 ] } },
{ "type": "Feature", "properties": { "loc_area": "Proper South", "vuln_type": "Senior", "dis_type": null, "vpt_id": 67, "notes": null, "source": "Barangay Batuhan Health Center", "acq_date": "2026-02-11", "loc_type": "sitio" }, "geometry": { "type": "Point", "coordinates": [ 121.439940113147003, 13.140462653555399 ] } },
{ "type": "Feature", "properties": { "loc_area": "Proper South", "vuln_type": "Senior", "dis_type": null, "vpt_id": 68, "notes": null, "source": "Barangay Batuhan Health Center", "acq_date": "2026-02-11", "loc_type": "sitio" }, "geometry": { "type": "Point", "coordinates": [ 121.439754114569993, 13.1406965329543 ] } },
{ "type": "Feature", "properties": { "loc_area": "Proper South", "vuln_type": "Senior", "dis_type": null, "vpt_id": 69, "notes": null, "source": "Barangay Batuhan Health Center", "acq_date": "2026-02-11", "loc_type": "sitio" }, "geometry": { "type": "Point", "coordinates": [ 121.439689659617002, 13.1405653210868 ] } },
{ "type": "Feature", "properties": { "loc_area": "Proper South", "vuln_type": "Senior", "dis_type": null, "vpt_id": 70, "notes": null, "source": "Barangay Batuhan Health Center", "acq_date": "2026-02-11", "loc_type": "sitio" }, "geometry": { "type": "Point", "coordinates": [ 121.439655590570993, 13.140467717873101 ] } },
{ "type": "Feature", "properties": { "loc_area": "Proper South", "vuln_type": "Senior", "dis_type": null, "vpt_id": 71, "notes": null, "source": "Barangay Batuhan Health Center", "acq_date": "2026-02-11", "loc_type": "sitio" }, "geometry": { "type": "Point", "coordinates": [ 121.439663877635994, 13.140494420639101 ] } },
{ "type": "Feature", "properties": { "loc_area": "Proper South", "vuln_type": "Senior", "dis_type": null, "vpt_id": 72, "notes": null, "source": "Barangay Batuhan Health Center", "acq_date": "2026-02-11", "loc_type": "sitio" }, "geometry": { "type": "Point", "coordinates": [ 121.439813044811999, 13.140291847931399 ] } },
{ "type": "Feature", "properties": { "loc_area": "Proper South", "vuln_type": "Senior", "dis_type": null, "vpt_id": 73, "notes": null, "source": "Barangay Batuhan Health Center", "acq_date": "2026-02-11", "loc_type": "sitio" }, "geometry": { "type": "Point", "coordinates": [ 121.439805678531997, 13.1402761945858 ] } },
{ "type": "Feature", "properties": { "loc_area": "Proper South", "vuln_type": "Senior", "dis_type": null, "vpt_id": 74, "notes": null, "source": "Barangay Batuhan Health Center", "acq_date": "2026-02-11", "loc_type": "sitio" }, "geometry": { "type": "Point", "coordinates": [ 121.439751812607, 13.1403190110899 ] } },
{ "type": "Feature", "properties": { "loc_area": "Proper South", "vuln_type": "Senior", "dis_type": null, "vpt_id": 75, "notes": null, "source": "Barangay Batuhan Health Center", "acq_date": "2026-02-11", "loc_type": "sitio" }, "geometry": { "type": "Point", "coordinates": [ 121.439738921617007, 13.140302436959299 ] } },
{ "type": "Feature", "properties": { "loc_area": "Proper South", "vuln_type": "Senior", "dis_type": null, "vpt_id": 76, "notes": null, "source": "Barangay Batuhan Health Center", "acq_date": "2026-02-11", "loc_type": "sitio" }, "geometry": { "type": "Point", "coordinates": [ 121.439601724645996, 13.1403622879865 ] } },
{ "type": "Feature", "properties": { "loc_area": "Proper South", "vuln_type": "Senior", "dis_type": null, "vpt_id": 77, "notes": null, "source": "Barangay Batuhan Health Center", "acq_date": "2026-02-11", "loc_type": "sitio" }, "geometry": { "type": "Point", "coordinates": [ 121.439574561488001, 13.1407890718503 ] } },
{ "type": "Feature", "properties": { "loc_area": "Proper South", "vuln_type": "Senior", "dis_type": null, "vpt_id": 78, "notes": null, "source": "Barangay Batuhan Health Center", "acq_date": "2026-02-11", "loc_type": "sitio" }, "geometry": { "type": "Point", "coordinates": [ 121.439453017863002, 13.140540459890801 ] } },
{ "type": "Feature", "properties": { "loc_area": "Proper South", "vuln_type": "Senior", "dis_type": null, "vpt_id": 79, "notes": null, "source": "Barangay Batuhan Health Center", "acq_date": "2026-02-11", "loc_type": "sitio" }, "geometry": { "type": "Point", "coordinates": [ 121.439331474238998, 13.140521123405099 ] } },
{ "type": "Feature", "properties": { "loc_area": "Proper South", "vuln_type": "Senior", "dis_type": null, "vpt_id": 80, "notes": null, "source": "Barangay Batuhan Health Center", "acq_date": "2026-02-11", "loc_type": "sitio" }, "geometry": { "type": "Point", "coordinates": [ 121.439328711882993, 13.140548746956201 ] } },
{ "type": "Feature", "properties": { "loc_area": "Proper South", "vuln_type": "Senior", "dis_type": null, "vpt_id": 81, "notes": null, "source": "Barangay Batuhan Health Center", "acq_date": "2026-02-11", "loc_type": "sitio" }, "geometry": { "type": "Point", "coordinates": [ 121.439394087620997, 13.1405054700595 ] } },
{ "type": "Feature", "properties": { "loc_area": "Banco", "vuln_type": "Senior", "dis_type": null, "vpt_id": 82, "notes": null, "source": "Barangay Batuhan Health Center", "acq_date": "2026-02-11", "loc_type": "sitio" }, "geometry": { "type": "Point", "coordinates": [ 121.439106802690006, 13.1408148538313 ] } },
{ "type": "Feature", "properties": { "loc_area": "Banco", "vuln_type": "Senior", "dis_type": null, "vpt_id": 83, "notes": null, "source": "Barangay Batuhan Health Center", "acq_date": "2026-02-11", "loc_type": "sitio" }, "geometry": { "type": "Point", "coordinates": [ 121.439048793232999, 13.140811170691199 ] } },
{ "type": "Feature", "properties": { "loc_area": "Banco", "vuln_type": "Senior", "dis_type": null, "vpt_id": 84, "notes": null, "source": "Barangay Batuhan Health Center", "acq_date": "2026-02-11", "loc_type": "sitio" }, "geometry": { "type": "Point", "coordinates": [ 121.439061684223006, 13.140673973720901 ] } },
{ "type": "Feature", "properties": { "loc_area": "Banco", "vuln_type": "Senior", "dis_type": null, "vpt_id": 85, "notes": null, "source": "Barangay Batuhan Health Center", "acq_date": "2026-02-11", "loc_type": "sitio" }, "geometry": { "type": "Point", "coordinates": [ 121.439145475660993, 13.140477846508499 ] } },
{ "type": "Feature", "properties": { "loc_area": "Banco", "vuln_type": "Senior", "dis_type": null, "vpt_id": 86, "notes": null, "source": "Barangay Batuhan Health Center", "acq_date": "2026-02-11", "loc_type": "sitio" }, "geometry": { "type": "Point", "coordinates": [ 121.439132584671, 13.140496262209201 ] } },
{ "type": "Feature", "properties": { "loc_area": "Banco", "vuln_type": "Senior", "dis_type": null, "vpt_id": 87, "notes": null, "source": "Barangay Batuhan Health Center", "acq_date": "2026-02-11", "loc_type": "sitio" }, "geometry": { "type": "Point", "coordinates": [ 121.439061684223006, 13.1404566684526 ] } },
{ "type": "Feature", "properties": { "loc_area": "Banco", "vuln_type": "Senior", "dis_type": null, "vpt_id": 88, "notes": null, "source": "Barangay Batuhan Health Center", "acq_date": "2026-02-11", "loc_type": "sitio" }, "geometry": { "type": "Point", "coordinates": [ 121.439113708578006, 13.1405330936106 ] } },
{ "type": "Feature", "properties": { "loc_area": "Banco", "vuln_type": "Senior", "dis_type": null, "vpt_id": 89, "notes": null, "source": "Barangay Batuhan Health Center", "acq_date": "2026-02-11", "loc_type": "sitio" }, "geometry": { "type": "Point", "coordinates": [ 121.439211772183995, 13.1405446034235 ] } },
{ "type": "Feature", "properties": { "loc_area": "Banco", "vuln_type": "Senior", "dis_type": null, "vpt_id": 90, "notes": null, "source": "Barangay Batuhan Health Center", "acq_date": "2026-02-11", "loc_type": "sitio" }, "geometry": { "type": "Point", "coordinates": [ 121.439209470221002, 13.1400832901209 ] } },
{ "type": "Feature", "properties": { "loc_area": "Banco", "vuln_type": "Senior", "dis_type": null, "vpt_id": 91, "notes": null, "source": "Barangay Batuhan Health Center", "acq_date": "2026-02-11", "loc_type": "sitio" }, "geometry": { "type": "Point", "coordinates": [ 121.439179084315001, 13.1401808933346 ] } },
{ "type": "Feature", "properties": { "loc_area": "Banco", "vuln_type": "Senior", "dis_type": null, "vpt_id": 92, "notes": null, "source": "Barangay Batuhan Health Center", "acq_date": "2026-02-11", "loc_type": "sitio" }, "geometry": { "type": "Point", "coordinates": [ 121.439299707155001, 13.140272971838099 ] } },
{ "type": "Feature", "properties": { "loc_area": "Banco", "vuln_type": "Senior", "dis_type": null, "vpt_id": 93, "notes": null, "source": "Barangay Batuhan Health Center", "acq_date": "2026-02-11", "loc_type": "sitio" }, "geometry": { "type": "Point", "coordinates": [ 121.439378894667996, 13.1400252806637 ] } },
{ "type": "Feature", "properties": { "loc_area": "Banco", "vuln_type": "Senior", "dis_type": null, "vpt_id": 94, "notes": null, "source": "Barangay Batuhan Health Center", "acq_date": "2026-02-11", "loc_type": "sitio" }, "geometry": { "type": "Point", "coordinates": [ 121.439409280573997, 13.1398770342731 ] } },
{ "type": "Feature", "properties": { "loc_area": "Banco", "vuln_type": "Senior", "dis_type": null, "vpt_id": 95, "notes": null, "source": "Barangay Batuhan Health Center", "acq_date": "2026-02-11", "loc_type": "sitio" }, "geometry": { "type": "Point", "coordinates": [ 121.439467290031004, 13.1396864317708 ] } },
{ "type": "Feature", "properties": { "loc_area": "Banco", "vuln_type": "Senior", "dis_type": null, "vpt_id": 96, "notes": null, "source": "Barangay Batuhan Health Center", "acq_date": "2026-02-11", "loc_type": "sitio" }, "geometry": { "type": "Point", "coordinates": [ 121.439771149093005, 13.1398208663859 ] } },
{ "type": "Feature", "properties": { "loc_area": "Banco", "vuln_type": "Senior", "dis_type": null, "vpt_id": 97, "notes": null, "source": "Barangay Batuhan Health Center", "acq_date": "2026-02-11", "loc_type": "sitio" }, "geometry": { "type": "Point", "coordinates": [ 121.439648684682993, 13.1397987675451 ] } },
{ "type": "Feature", "properties": { "loc_area": "Banco", "vuln_type": "Senior", "dis_type": null, "vpt_id": 98, "notes": null, "source": "Barangay Batuhan Health Center", "acq_date": "2026-02-11", "loc_type": "sitio" }, "geometry": { "type": "Point", "coordinates": [ 121.439632110551997, 13.139797846760001 ] } },
{ "type": "Feature", "properties": { "loc_area": "Banco", "vuln_type": "Senior", "dis_type": null, "vpt_id": 99, "notes": null, "source": "Barangay Batuhan Health Center", "acq_date": "2026-02-11", "loc_type": "sitio" }, "geometry": { "type": "Point", "coordinates": [ 121.439552923039003, 13.1392997020561 ] } },
{ "type": "Feature", "properties": { "loc_area": "Banco", "vuln_type": "Senior", "dis_type": null, "vpt_id": 100, "notes": null, "source": "Barangay Batuhan Health Center", "acq_date": "2026-02-11", "loc_type": "sitio" }, "geometry": { "type": "Point", "coordinates": [ 121.439591596010999, 13.1392389302437 ] } },
{ "type": "Feature", "properties": { "loc_area": "Banco", "vuln_type": "Senior", "dis_type": null, "vpt_id": 101, "notes": null, "source": "Barangay Batuhan Health Center", "acq_date": "2026-02-11", "loc_type": "sitio" }, "geometry": { "type": "Point", "coordinates": [ 121.440070404229004, 13.1393807311391 ] } },
{ "type": "Feature", "properties": { "loc_area": "Banco", "vuln_type": "Senior", "dis_type": null, "vpt_id": 102, "notes": null, "source": "Barangay Batuhan Health Center", "acq_date": "2026-02-11", "loc_type": "sitio" }, "geometry": { "type": "Point", "coordinates": [ 121.440064879518999, 13.1394009884099 ] } },
{ "type": "Feature", "properties": { "loc_area": "Banco", "vuln_type": "Senior", "dis_type": null, "vpt_id": 103, "notes": null, "source": "Barangay Batuhan Health Center", "acq_date": "2026-02-11", "loc_type": "sitio" }, "geometry": { "type": "Point", "coordinates": [ 121.440039097538005, 13.1393604738684 ] } },
{ "type": "Feature", "properties": { "loc_area": "Banco", "vuln_type": "Senior", "dis_type": null, "vpt_id": 104, "notes": null, "source": "Barangay Batuhan Health Center", "acq_date": "2026-02-11", "loc_type": "sitio" }, "geometry": { "type": "Point", "coordinates": [ 121.439979246511001, 13.1393061475513 ] } },
{ "type": "Feature", "properties": { "loc_area": "Banco", "vuln_type": "Senior", "dis_type": null, "vpt_id": 105, "notes": null, "source": "Barangay Batuhan Health Center", "acq_date": "2026-02-11", "loc_type": "sitio" }, "geometry": { "type": "Point", "coordinates": [ 121.440117364266001, 13.139324563252 ] } },
{ "type": "Feature", "properties": { "loc_area": "Banco", "vuln_type": "Senior", "dis_type": null, "vpt_id": 106, "notes": null, "source": "Barangay Batuhan Health Center", "acq_date": "2026-02-11", "loc_type": "sitio" }, "geometry": { "type": "Point", "coordinates": [ 121.440104473274999, 13.139184603926701 ] } },
{ "type": "Feature", "properties": { "loc_area": "Banco", "vuln_type": "Senior", "dis_type": null, "vpt_id": 107, "notes": null, "source": "Barangay Batuhan Health Center", "acq_date": "2026-02-11", "loc_type": "sitio" }, "geometry": { "type": "Point", "coordinates": [ 121.440071325014003, 13.139193811777 ] } },
{ "type": "Feature", "properties": { "loc_area": "Banco", "vuln_type": "Senior", "dis_type": null, "vpt_id": 108, "notes": null, "source": "Barangay Batuhan Health Center", "acq_date": "2026-02-11", "loc_type": "sitio" }, "geometry": { "type": "Point", "coordinates": [ 121.440138542322003, 13.138381679376099 ] } },
{ "type": "Feature", "properties": { "loc_area": "Banco", "vuln_type": "Senior", "dis_type": null, "vpt_id": 109, "notes": null, "source": "Barangay Batuhan Health Center", "acq_date": "2026-02-11", "loc_type": "sitio" }, "geometry": { "type": "Point", "coordinates": [ 121.440156958022001, 13.1383853625162 ] } },
{ "type": "Feature", "properties": { "loc_area": "Banco", "vuln_type": "Senior", "dis_type": null, "vpt_id": 110, "notes": null, "source": "Barangay Batuhan Health Center", "acq_date": "2026-02-11", "loc_type": "sitio" }, "geometry": { "type": "Point", "coordinates": [ 121.440317174618002, 13.1383374816944 ] } },
{ "type": "Feature", "properties": { "loc_area": "Banco", "vuln_type": "Senior", "dis_type": null, "vpt_id": 111, "notes": null, "source": "Barangay Batuhan Health Center", "acq_date": "2026-02-11", "loc_type": "sitio" }, "geometry": { "type": "Point", "coordinates": [ 121.440293234207999, 13.138350372684901 ] } },
{ "type": "Feature", "properties": { "loc_area": "Banco", "vuln_type": "Senior", "dis_type": null, "vpt_id": 112, "notes": null, "source": "Barangay Batuhan Health Center", "acq_date": "2026-02-11", "loc_type": "sitio" }, "geometry": { "type": "Point", "coordinates": [ 121.440552895587004, 13.137751862412101 ] } },
{ "type": "Feature", "properties": { "loc_area": "Banco", "vuln_type": "Senior", "dis_type": null, "vpt_id": 113, "notes": null, "source": "Barangay Batuhan Health Center", "acq_date": "2026-02-11", "loc_type": "sitio" }, "geometry": { "type": "Point", "coordinates": [ 121.441026179095005, 13.1369047401798 ] } },
{ "type": "Feature", "properties": { "loc_area": "Banco", "vuln_type": "Senior", "dis_type": null, "vpt_id": 114, "notes": null, "source": "Barangay Batuhan Health Center", "acq_date": "2026-02-11", "loc_type": "sitio" }, "geometry": { "type": "Point", "coordinates": [ 121.440549212446996, 13.1370888971868 ] } },
{ "type": "Feature", "properties": { "loc_area": "Banco", "vuln_type": "Senior", "dis_type": null, "vpt_id": 115, "notes": null, "source": "Barangay Batuhan Health Center", "acq_date": "2026-02-11", "loc_type": "sitio" }, "geometry": { "type": "Point", "coordinates": [ 121.440503173196007, 13.1370133928139 ] } },
{ "type": "Feature", "properties": { "loc_area": "Banco", "vuln_type": "Senior", "dis_type": null, "vpt_id": 116, "notes": null, "source": "Barangay Batuhan Health Center", "acq_date": "2026-02-11", "loc_type": "sitio" }, "geometry": { "type": "Point", "coordinates": [ 121.440274818507007, 13.137370657407599 ] } },
{ "type": "Feature", "properties": { "loc_area": "Banco", "vuln_type": "Senior", "dis_type": null, "vpt_id": 117, "notes": null, "source": "Barangay Batuhan Health Center", "acq_date": "2026-02-11", "loc_type": "sitio" }, "geometry": { "type": "Point", "coordinates": [ 121.440285867927003, 13.1373761821178 ] } },
{ "type": "Feature", "properties": { "loc_area": "Banco", "vuln_type": "Senior", "dis_type": null, "vpt_id": 118, "notes": null, "source": "Barangay Batuhan Health Center", "acq_date": "2026-02-11", "loc_type": "sitio" }, "geometry": { "type": "Point", "coordinates": [ 121.440258244375997, 13.137961801400101 ] } },
{ "type": "Feature", "properties": { "loc_area": "Banco", "vuln_type": "Senior", "dis_type": null, "vpt_id": 119, "notes": null, "source": "Barangay Batuhan Health Center", "acq_date": "2026-02-11", "loc_type": "sitio" }, "geometry": { "type": "Point", "coordinates": [ 121.440125651331002, 13.1380538799036 ] } },
{ "type": "Feature", "properties": { "loc_area": "Banco", "vuln_type": "Senior", "dis_type": null, "vpt_id": 120, "notes": null, "source": "Barangay Batuhan Health Center", "acq_date": "2026-02-11", "loc_type": "sitio" }, "geometry": { "type": "Point", "coordinates": [ 121.439282212238993, 13.139287731850599 ] } },
{ "type": "Feature", "properties": { "loc_area": "Banco", "vuln_type": "Senior", "dis_type": null, "vpt_id": 121, "notes": null, "source": "Barangay Batuhan Health Center", "acq_date": "2026-02-11", "loc_type": "sitio" }, "geometry": { "type": "Point", "coordinates": [ 121.439363241321999, 13.1391698713661 ] } },
{ "type": "Feature", "properties": { "loc_area": "Banco", "vuln_type": "Senior", "dis_type": null, "vpt_id": 122, "notes": null, "source": "Barangay Batuhan Health Center", "acq_date": "2026-02-11", "loc_type": "sitio" }, "geometry": { "type": "Point", "coordinates": [ 121.439330093061002, 13.139158821945699 ] } },
{ "type": "Feature", "properties": { "loc_area": "Banco", "vuln_type": "Senior", "dis_type": null, "vpt_id": 123, "notes": null, "source": "Barangay Batuhan Health Center", "acq_date": "2026-02-11", "loc_type": "sitio" }, "geometry": { "type": "Point", "coordinates": [ 121.438980194747998, 13.1389672986584 ] } },
{ "type": "Feature", "properties": { "loc_area": "Banco", "vuln_type": "Senior", "dis_type": null, "vpt_id": 124, "notes": null, "source": "Barangay Batuhan Health Center", "acq_date": "2026-02-11", "loc_type": "sitio" }, "geometry": { "type": "Point", "coordinates": [ 121.439023471644006, 13.138791428716701 ] } },
{ "type": "Feature", "properties": { "loc_area": "Banco", "vuln_type": "PWD", "dis_type": "Physical", "vpt_id": 125, "notes": null, "source": "Barangay Batuhan Health Center", "acq_date": "2026-02-11", "loc_type": "sitio" }, "geometry": { "type": "Point", "coordinates": [ 121.439012422223996, 13.1387822208663 ] } },
{ "type": "Feature", "properties": { "loc_area": "Banco", "vuln_type": "Senior", "dis_type": null, "vpt_id": 126, "notes": null, "source": "Barangay Batuhan Health Center", "acq_date": "2026-02-11", "loc_type": "sitio" }, "geometry": { "type": "Point", "coordinates": [ 121.438655157629995, 13.1387067164935 ] } },
{ "type": "Feature", "properties": { "loc_area": "Banco", "vuln_type": "Senior", "dis_type": null, "vpt_id": 127, "notes": null, "source": "Barangay Batuhan Health Center", "acq_date": "2026-02-11", "loc_type": "sitio" }, "geometry": { "type": "Point", "coordinates": [ 121.438662523909997, 13.1387545973153 ] } },
{ "type": "Feature", "properties": { "loc_area": "Banco", "vuln_type": "Senior", "dis_type": null, "vpt_id": 128, "notes": null, "source": "Barangay Batuhan Health Center", "acq_date": "2026-02-11", "loc_type": "sitio" }, "geometry": { "type": "Point", "coordinates": [ 121.438841156207005, 13.1386477862512 ] } },
{ "type": "Feature", "properties": { "loc_area": "Banco", "vuln_type": "Senior", "dis_type": null, "vpt_id": 129, "notes": null, "source": "Barangay Batuhan Health Center", "acq_date": "2026-02-11", "loc_type": "sitio" }, "geometry": { "type": "Point", "coordinates": [ 121.438583336397002, 13.138303412648099 ] } },
{ "type": "Feature", "properties": { "loc_area": "Banco", "vuln_type": "Senior", "dis_type": null, "vpt_id": 130, "notes": null, "source": "Barangay Batuhan Health Center", "acq_date": "2026-02-11", "loc_type": "sitio" }, "geometry": { "type": "Point", "coordinates": [ 121.438592544247996, 13.1383328777692 ] } },
{ "type": "Feature", "properties": { "loc_area": "Banco", "vuln_type": "Senior", "dis_type": null, "vpt_id": 131, "notes": null, "source": "Barangay Batuhan Health Center", "acq_date": "2026-02-11", "loc_type": "sitio" }, "geometry": { "type": "Point", "coordinates": [ 121.438677256470996, 13.1385004606456 ] } },
{ "type": "Feature", "properties": { "loc_area": "Banco", "vuln_type": "Senior", "dis_type": null, "vpt_id": 132, "notes": null, "source": "Barangay Batuhan Health Center", "acq_date": "2026-02-11", "loc_type": "sitio" }, "geometry": { "type": "Point", "coordinates": [ 121.439294182444002, 13.138472837094501 ] } },
{ "type": "Feature", "properties": { "loc_area": "Banco", "vuln_type": "Senior", "dis_type": null, "vpt_id": 133, "notes": null, "source": "Barangay Batuhan Health Center", "acq_date": "2026-02-11", "loc_type": "sitio" }, "geometry": { "type": "Point", "coordinates": [ 121.438402862529998, 13.138640419970899 ] } },
{ "type": "Feature", "properties": { "loc_area": "Banco", "vuln_type": "Senior", "dis_type": null, "vpt_id": 134, "notes": null, "source": "Barangay Batuhan Health Center", "acq_date": "2026-02-11", "loc_type": "sitio" }, "geometry": { "type": "Point", "coordinates": [ 121.438106369748994, 13.137964563755199 ] } },
{ "type": "Feature", "properties": { "loc_area": "Banco", "vuln_type": "PWD", "dis_type": "Physical", "vpt_id": 135, "notes": null, "source": "Barangay Batuhan Health Center", "acq_date": "2026-02-11", "loc_type": "sitio" }, "geometry": { "type": "Point", "coordinates": [ 121.438120181524994, 13.1379774547457 ] } },
{ "type": "Feature", "properties": { "loc_area": "Banco", "vuln_type": "Senior", "dis_type": null, "vpt_id": 136, "notes": null, "source": "Barangay Batuhan Health Center", "acq_date": "2026-02-11", "loc_type": "sitio" }, "geometry": { "type": "Point", "coordinates": [ 121.438702117667006, 13.1390197834054 ] } },
{ "type": "Feature", "properties": { "loc_area": "Banco", "vuln_type": "Senior", "dis_type": null, "vpt_id": 137, "notes": null, "source": "Barangay Batuhan Health Center", "acq_date": "2026-02-11", "loc_type": "sitio" }, "geometry": { "type": "Point", "coordinates": [ 121.438691068246001, 13.1390455653864 ] } },
{ "type": "Feature", "properties": { "loc_area": "Banco", "vuln_type": "Senior", "dis_type": null, "vpt_id": 138, "notes": null, "source": "Barangay Batuhan Health Center", "acq_date": "2026-02-11", "loc_type": "sitio" }, "geometry": { "type": "Point", "coordinates": [ 121.438488495539005, 13.138924021761699 ] } },
{ "type": "Feature", "properties": { "loc_area": "Banco", "vuln_type": "Senior", "dis_type": null, "vpt_id": 139, "notes": null, "source": "Barangay Batuhan Health Center", "acq_date": "2026-02-11", "loc_type": "sitio" }, "geometry": { "type": "Point", "coordinates": [ 121.438192002757006, 13.1391726337212 ] } },
{ "type": "Feature", "properties": { "loc_area": "Banco", "vuln_type": "Senior", "dis_type": null, "vpt_id": 140, "notes": null, "source": "Barangay Batuhan Health Center", "acq_date": "2026-02-11", "loc_type": "sitio" }, "geometry": { "type": "Point", "coordinates": [ 121.438252774570003, 13.1402886251837 ] } },
{ "type": "Feature", "properties": { "loc_area": "Banco", "vuln_type": "PWD", "dis_type": "Physical", "vpt_id": 141, "notes": null, "source": "Barangay Batuhan Health Center", "acq_date": "2026-02-11", "loc_type": "sitio" }, "geometry": { "type": "Point", "coordinates": [ 121.438226992588994, 13.1402867836137 ] } },
{ "type": "Feature", "properties": { "loc_area": "Banco", "vuln_type": "Senior", "dis_type": null, "vpt_id": 142, "notes": null, "source": "Barangay Batuhan Health Center", "acq_date": "2026-02-11", "loc_type": "sitio" }, "geometry": { "type": "Point", "coordinates": [ 121.438376159764005, 13.1402784965483 ] } },
{ "type": "Feature", "properties": { "loc_area": "Banco", "vuln_type": "Senior", "dis_type": null, "vpt_id": 143, "notes": null, "source": "Barangay Batuhan Health Center", "acq_date": "2026-02-11", "loc_type": "sitio" }, "geometry": { "type": "Point", "coordinates": [ 121.438540059500994, 13.1404589704152 ] } },
{ "type": "Feature", "properties": { "loc_area": "Banco", "vuln_type": "Senior", "dis_type": null, "vpt_id": 144, "notes": null, "source": "Barangay Batuhan Health Center", "acq_date": "2026-02-11", "loc_type": "sitio" }, "geometry": { "type": "Point", "coordinates": [ 121.438517039874995, 13.1404718614057 ] } },
{ "type": "Feature", "properties": { "loc_area": "Banco", "vuln_type": "Senior", "dis_type": null, "vpt_id": 145, "notes": null, "source": "Barangay Batuhan Health Center", "acq_date": "2026-02-11", "loc_type": "sitio" }, "geometry": { "type": "Point", "coordinates": [ 121.438568603836998, 13.1403917531077 ] } },
{ "type": "Feature", "properties": { "loc_area": "Banco", "vuln_type": "Senior", "dis_type": null, "vpt_id": 146, "notes": null, "source": "Barangay Batuhan Health Center", "acq_date": "2026-02-11", "loc_type": "sitio" }, "geometry": { "type": "Point", "coordinates": [ 121.438550188136006, 13.140377020547101 ] } },
{ "type": "Feature", "properties": { "loc_area": "Banco", "vuln_type": "Senior", "dis_type": null, "vpt_id": 147, "notes": null, "source": "Barangay Batuhan Health Center", "acq_date": "2026-02-11", "loc_type": "sitio" }, "geometry": { "type": "Point", "coordinates": [ 121.438658840770003, 13.140458049630199 ] } },
{ "type": "Feature", "properties": { "loc_area": "Banco", "vuln_type": "PWD", "dis_type": "Visual", "vpt_id": 148, "notes": null, "source": "Barangay Batuhan Health Center", "acq_date": "2026-02-11", "loc_type": "sitio" }, "geometry": { "type": "Point", "coordinates": [ 121.438657919985005, 13.1404350300043 ] } },
{ "type": "Feature", "properties": { "loc_area": "Banco", "vuln_type": "Senior", "dis_type": null, "vpt_id": 149, "notes": null, "source": "Barangay Batuhan Health Center", "acq_date": "2026-02-11", "loc_type": "sitio" }, "geometry": { "type": "Point", "coordinates": [ 121.438877987609004, 13.1407287604305 ] } },
{ "type": "Feature", "properties": { "loc_area": "Banco", "vuln_type": "Senior", "dis_type": null, "vpt_id": 150, "notes": null, "source": "Barangay Batuhan Health Center", "acq_date": "2026-02-11", "loc_type": "sitio" }, "geometry": { "type": "Point", "coordinates": [ 121.438769334973998, 13.140612741516099 ] } },
{ "type": "Feature", "properties": { "loc_area": "Banco", "vuln_type": "Senior", "dis_type": null, "vpt_id": 151, "notes": null, "source": "Barangay Batuhan Health Center", "acq_date": "2026-02-11", "loc_type": "sitio" }, "geometry": { "type": "Point", "coordinates": [ 121.438785909104993, 13.1406247117215 ] } },
{ "type": "Feature", "properties": { "loc_area": "Banco", "vuln_type": "Senior", "dis_type": null, "vpt_id": 152, "notes": null, "source": "Barangay Batuhan Health Center", "acq_date": "2026-02-11", "loc_type": "sitio" }, "geometry": { "type": "Point", "coordinates": [ 121.438913898224996, 13.1405731477596 ] } },
{ "type": "Feature", "properties": { "loc_area": "Banco", "vuln_type": "Senior", "dis_type": null, "vpt_id": 153, "notes": null, "source": "Barangay Batuhan Health Center", "acq_date": "2026-02-11", "loc_type": "sitio" }, "geometry": { "type": "Point", "coordinates": [ 121.438645949779996, 13.1405409202833 ] } },
{ "type": "Feature", "properties": { "loc_area": "Banco", "vuln_type": "Senior", "dis_type": null, "vpt_id": 154, "notes": null, "source": "Barangay Batuhan Health Center", "acq_date": "2026-02-11", "loc_type": "sitio" }, "geometry": { "type": "Point", "coordinates": [ 121.438250012214993, 13.1390391198911 ] } },
{ "type": "Feature", "properties": { "loc_area": "Banco", "vuln_type": "PWD", "dis_type": "Visual", "vpt_id": 155, "notes": null, "source": "Barangay Batuhan Health Center", "acq_date": "2026-02-11", "loc_type": "sitio" }, "geometry": { "type": "Point", "coordinates": [ 121.438273952624996, 13.1390335951809 ] } },
{ "type": "Feature", "properties": { "loc_area": "Banco", "vuln_type": "Senior", "dis_type": null, "vpt_id": 156, "notes": null, "source": "Barangay Batuhan Health Center", "acq_date": "2026-02-11", "loc_type": "sitio" }, "geometry": { "type": "Point", "coordinates": [ 121.438183715692006, 13.1390952877783 ] } },
{ "type": "Feature", "properties": { "loc_area": "Foster Ville", "vuln_type": "Senior", "dis_type": null, "vpt_id": 157, "notes": null, "source": "Barangay Batuhan Health Center", "acq_date": "2026-02-11", "loc_type": "sitio" }, "geometry": { "type": "Point", "coordinates": [ 121.436933289614004, 13.1411670541072 ] } },
{ "type": "Feature", "properties": { "loc_area": "Foster Ville", "vuln_type": "Senior", "dis_type": null, "vpt_id": 158, "notes": null, "source": "Barangay Batuhan Health Center", "acq_date": "2026-02-11", "loc_type": "sitio" }, "geometry": { "type": "Point", "coordinates": [ 121.436774914588, 13.141388042515601 ] } },
{ "type": "Feature", "properties": { "loc_area": "Foster Ville", "vuln_type": "Senior", "dis_type": null, "vpt_id": 159, "notes": null, "source": "Barangay Batuhan Health Center", "acq_date": "2026-02-11", "loc_type": "sitio" }, "geometry": { "type": "Point", "coordinates": [ 121.436525381844007, 13.141582788550499 ] } },
{ "type": "Feature", "properties": { "loc_area": "Foster Ville", "vuln_type": "Senior", "dis_type": null, "vpt_id": 160, "notes": null, "source": "Barangay Batuhan Health Center", "acq_date": "2026-02-11", "loc_type": "sitio" }, "geometry": { "type": "Point", "coordinates": [ 121.436382199771003, 13.141597981503599 ] } },
{ "type": "Feature", "properties": { "loc_area": "Foster Ville", "vuln_type": "Senior", "dis_type": null, "vpt_id": 161, "notes": null, "source": "Barangay Batuhan Health Center", "acq_date": "2026-02-11", "loc_type": "sitio" }, "geometry": { "type": "Point", "coordinates": [ 121.436351353472006, 13.141582328158 ] } },
{ "type": "Feature", "properties": { "loc_area": "Foster Ville", "vuln_type": "Senior", "dis_type": null, "vpt_id": 162, "notes": null, "source": "Barangay Batuhan Health Center", "acq_date": "2026-02-11", "loc_type": "sitio" }, "geometry": { "type": "Point", "coordinates": [ 121.436342145622007, 13.1414828833742 ] } },
{ "type": "Feature", "properties": { "loc_area": "Foster Ville", "vuln_type": "Senior", "dis_type": null, "vpt_id": 163, "notes": null, "source": "Barangay Batuhan Health Center", "acq_date": "2026-02-11", "loc_type": "sitio" }, "geometry": { "type": "Point", "coordinates": [ 121.436460466499, 13.1414391460851 ] } },
{ "type": "Feature", "properties": { "loc_area": "Foster Ville", "vuln_type": "Senior", "dis_type": null, "vpt_id": 164, "notes": null, "source": "Barangay Batuhan Health Center", "acq_date": "2026-02-11", "loc_type": "sitio" }, "geometry": { "type": "Point", "coordinates": [ 121.436477961413999, 13.1414409876551 ] } },
{ "type": "Feature", "properties": { "loc_area": "Foster Ville", "vuln_type": "Senior", "dis_type": null, "vpt_id": 165, "notes": null, "source": "Barangay Batuhan Health Center", "acq_date": "2026-02-11", "loc_type": "sitio" }, "geometry": { "type": "Point", "coordinates": [ 121.436319767220994, 13.141336823746199 ] } },
{ "type": "Feature", "properties": { "loc_area": "Foster Ville", "vuln_type": "Senior", "dis_type": null, "vpt_id": 166, "notes": null, "source": "Barangay Batuhan Health Center", "acq_date": "2026-02-11", "loc_type": "sitio" }, "geometry": { "type": "Point", "coordinates": [ 121.436149238157995, 13.141532221630699 ] } },
{ "type": "Feature", "properties": { "loc_area": "Foster Ville", "vuln_type": "Senior", "dis_type": null, "vpt_id": 167, "notes": null, "source": "Barangay Batuhan Health Center", "acq_date": "2026-02-11", "loc_type": "sitio" }, "geometry": { "type": "Point", "coordinates": [ 121.436121208409006, 13.141537662050901 ] } },
{ "type": "Feature", "properties": { "loc_area": "Foster Ville", "vuln_type": "Senior", "dis_type": null, "vpt_id": 168, "notes": null, "source": "Barangay Batuhan Health Center", "acq_date": "2026-02-11", "loc_type": "sitio" }, "geometry": { "type": "Point", "coordinates": [ 121.435422332567001, 13.1415869240503 ] } },
{ "type": "Feature", "properties": { "loc_area": "High Town", "vuln_type": "Malnourished", "dis_type": null, "vpt_id": 169, "notes": null, "source": "Barangay Batuhan Health Center", "acq_date": "2026-02-11", "loc_type": "sitio" }, "geometry": { "type": "Point", "coordinates": [ 121.438033358428996, 13.143208256589601 ] } },
{ "type": "Feature", "properties": { "loc_area": "High Town", "vuln_type": "Malnourished", "dis_type": null, "vpt_id": 170, "notes": null, "source": "Barangay Batuhan Health Center", "acq_date": "2026-02-11", "loc_type": "sitio" }, "geometry": { "type": "Point", "coordinates": [ 121.437850013512005, 13.1431661612814 ] } },
{ "type": "Feature", "properties": { "loc_area": "Banco", "vuln_type": "Malnourished", "dis_type": null, "vpt_id": 171, "notes": null, "source": "Barangay Batuhan Health Center", "acq_date": "2026-02-11", "loc_type": "sitio" }, "geometry": { "type": "Point", "coordinates": [ 121.438095964010998, 13.137904190890699 ] } },
{ "type": "Feature", "properties": { "loc_area": "Banco", "vuln_type": "Malnourished", "dis_type": null, "vpt_id": 172, "notes": null, "source": "Barangay Batuhan Health Center", "acq_date": "2026-02-11", "loc_type": "sitio" }, "geometry": { "type": "Point", "coordinates": [ 121.439953262925002, 13.13850877888 ] } },
{ "type": "Feature", "properties": { "loc_area": "Banco", "vuln_type": "Malnourished", "dis_type": null, "vpt_id": 173, "notes": null, "source": "Barangay Batuhan Health Center", "acq_date": "2026-02-11", "loc_type": "sitio" }, "geometry": { "type": "Point", "coordinates": [ 121.440074747565006, 13.139212799031901 ] } },
{ "type": "Feature", "properties": { "loc_area": "Banco", "vuln_type": "Malnourished", "dis_type": null, "vpt_id": 174, "notes": null, "source": "Barangay Batuhan Health Center", "acq_date": "2026-02-11", "loc_type": "sitio" }, "geometry": { "type": "Point", "coordinates": [ 121.439787060013003, 13.138800548301401 ] } },
{ "type": "Feature", "properties": { "loc_area": "Banco", "vuln_type": "Malnourished", "dis_type": null, "vpt_id": 175, "notes": null, "source": "Barangay Batuhan Health Center", "acq_date": "2026-02-11", "loc_type": "sitio" }, "geometry": { "type": "Point", "coordinates": [ 121.438169003856004, 13.139204815309499 ] } },
{ "type": "Feature", "properties": { "loc_area": "Foster Ville", "vuln_type": "Malnourished", "dis_type": null, "vpt_id": 176, "notes": null, "source": "Barangay Batuhan Health Center", "acq_date": "2026-02-11", "loc_type": "sitio" }, "geometry": { "type": "Point", "coordinates": [ 121.437313394243006, 13.1410599350884 ] } },
{ "type": "Feature", "properties": { "loc_area": "Kabilang Ibayo", "vuln_type": "Malnourished", "dis_type": null, "vpt_id": 177, "notes": null, "source": "Barangay Batuhan Health Center", "acq_date": "2026-02-11", "loc_type": "sitio" }, "geometry": { "type": "Point", "coordinates": [ 121.467803802988001, 13.136966459634801 ] } },
{ "type": "Feature", "properties": { "loc_area": "Kabilang Ibayo", "vuln_type": "Malnourished", "dis_type": null, "vpt_id": 178, "notes": null, "source": "Barangay Batuhan Health Center", "acq_date": "2026-02-11", "loc_type": "sitio" }, "geometry": { "type": "Point", "coordinates": [ 121.445559443677993, 13.1435595343973 ] } },
{ "type": "Feature", "properties": { "loc_area": "Kabilang Ibayo", "vuln_type": "Malnourished", "dis_type": null, "vpt_id": 179, "notes": null, "source": "Barangay Batuhan Health Center", "acq_date": "2026-02-11", "loc_type": "sitio" }, "geometry": { "type": "Point", "coordinates": [ 121.444881216545994, 13.143678562300799 ] } },
{ "type": "Feature", "properties": { "loc_area": "Kabilang Ibayo", "vuln_type": "Malnourished", "dis_type": null, "vpt_id": 180, "notes": null, "source": "Barangay Batuhan Health Center", "acq_date": "2026-02-11", "loc_type": "sitio" }, "geometry": { "type": "Point", "coordinates": [ 121.445286662216006, 13.142973103396001 ] } },
{ "type": "Feature", "properties": { "loc_area": "Kabilang Ibayo", "vuln_type": "Malnourished", "dis_type": null, "vpt_id": 181, "notes": null, "source": "Barangay Batuhan Health Center", "acq_date": "2026-02-11", "loc_type": "sitio" }, "geometry": { "type": "Point", "coordinates": [ 121.443310114574999, 13.142375058456301 ] } },
{ "type": "Feature", "properties": { "loc_area": "Kabilang Ibayo", "vuln_type": "Malnourished", "dis_type": null, "vpt_id": 182, "notes": null, "source": "Barangay Batuhan Health Center", "acq_date": "2026-02-11", "loc_type": "sitio" }, "geometry": { "type": "Point", "coordinates": [ 121.443187884630007, 13.142134098190001 ] } },
{ "type": "Feature", "properties": { "loc_area": "Pantay", "vuln_type": "Malnourished", "dis_type": null, "vpt_id": 183, "notes": null, "source": "Barangay Batuhan Health Center", "acq_date": "2026-02-11", "loc_type": "sitio" }, "geometry": { "type": "Point", "coordinates": [ 121.435757344438997, 13.1412315063347 ] } },
{ "type": "Feature", "properties": { "loc_area": "Pantay", "vuln_type": "Malnourished", "dis_type": null, "vpt_id": 184, "notes": null, "source": "Barangay Batuhan Health Center", "acq_date": "2026-02-11", "loc_type": "sitio" }, "geometry": { "type": "Point", "coordinates": [ 121.435789991763002, 13.142238611105601 ] } },
{ "type": "Feature", "properties": { "loc_area": "Proper South", "vuln_type": "Malnourished", "dis_type": null, "vpt_id": 185, "notes": null, "source": "Barangay Batuhan Health Center", "acq_date": "2026-02-11", "loc_type": "sitio" }, "geometry": { "type": "Point", "coordinates": [ 121.439901091606998, 13.140483659162401 ] } },
{ "type": "Feature", "properties": { "loc_area": "Proper South", "vuln_type": "Malnourished", "dis_type": null, "vpt_id": 186, "notes": null, "source": "Barangay Batuhan Health Center", "acq_date": "2026-02-11", "loc_type": "sitio" }, "geometry": { "type": "Point", "coordinates": [ 121.439871279426001, 13.1402644707345 ] } },
{ "type": "Feature", "properties": { "loc_area": "Proper South", "vuln_type": "Malnourished", "dis_type": null, "vpt_id": 187, "notes": null, "source": "Barangay Batuhan Health Center", "acq_date": "2026-02-11", "loc_type": "sitio" }, "geometry": { "type": "Point", "coordinates": [ 121.439746068263005, 13.140220923341399 ] } },
{ "type": "Feature", "properties": { "loc_area": "High Town", "vuln_type": "Malnourished", "dis_type": null, "vpt_id": 188, "notes": null, "source": "Barangay Batuhan Health Center", "acq_date": "2026-02-11", "loc_type": "sitio" }, "geometry": { "type": "Point", "coordinates": [ 121.439566449869005, 13.1426051317427 ] } },
{ "type": "Feature", "properties": { "loc_area": "Kabilang Ibayo", "vuln_type": "Breastfeeding", "dis_type": null, "vpt_id": 189, "notes": null, "source": "Barangay Batuhan Health Center", "acq_date": "2026-02-11", "loc_type": "sitio" }, "geometry": { "type": "Point", "coordinates": [ 121.467796349943001, 13.136949766244101 ] } },
{ "type": "Feature", "properties": { "loc_area": "Kabilang Ibayo", "vuln_type": "Breastfeeding", "dis_type": null, "vpt_id": 190, "notes": null, "source": "Barangay Batuhan Health Center", "acq_date": "2026-02-11", "loc_type": "sitio" }, "geometry": { "type": "Point", "coordinates": [ 121.445532612714004, 13.143532680533101 ] } },
{ "type": "Feature", "properties": { "loc_area": "Kabilang Ibayo", "vuln_type": "Breastfeeding", "dis_type": null, "vpt_id": 191, "notes": null, "source": "Barangay Batuhan Health Center", "acq_date": "2026-02-11", "loc_type": "sitio" }, "geometry": { "type": "Point", "coordinates": [ 121.444832026445994, 13.1435617117376 ] } },
{ "type": "Feature", "properties": { "loc_area": "Kabilang Ibayo", "vuln_type": "Breastfeeding", "dis_type": null, "vpt_id": 192, "notes": null, "source": "Barangay Batuhan Health Center", "acq_date": "2026-02-11", "loc_type": "sitio" }, "geometry": { "type": "Point", "coordinates": [ 121.444963200044995, 13.143526874291799 ] } },
{ "type": "Feature", "properties": { "loc_area": "Kabilang Ibayo", "vuln_type": "Pregnant", "dis_type": null, "vpt_id": 193, "notes": null, "source": "Barangay Batuhan Health Center", "acq_date": "2026-02-11", "loc_type": "sitio" }, "geometry": { "type": "Point", "coordinates": [ 121.453957535238004, 13.140760184681101 ] } },
{ "type": "Feature", "properties": { "loc_area": "High Town", "vuln_type": "Breastfeeding", "dis_type": null, "vpt_id": 194, "notes": null, "source": "Barangay Batuhan Health Center", "acq_date": "2026-02-11", "loc_type": "sitio" }, "geometry": { "type": "Point", "coordinates": [ 121.438003546247998, 13.1428330274668 ] } },
{ "type": "Feature", "properties": { "loc_area": "High Town", "vuln_type": "Breastfeeding", "dis_type": null, "vpt_id": 195, "notes": null, "source": "Barangay Batuhan Health Center", "acq_date": "2026-02-11", "loc_type": "sitio" }, "geometry": { "type": "Point", "coordinates": [ 121.437902184829994, 13.143163983937701 ] } },
{ "type": "Feature", "properties": { "loc_area": "High Town", "vuln_type": "Breastfeeding", "dis_type": null, "vpt_id": 196, "notes": null, "source": "Barangay Batuhan Health Center", "acq_date": "2026-02-11", "loc_type": "sitio" }, "geometry": { "type": "Point", "coordinates": [ 121.437923053358006, 13.142412073416001 ] } },
{ "type": "Feature", "properties": { "loc_area": "Proper South", "vuln_type": "Breastfeeding", "dis_type": null, "vpt_id": 197, "notes": null, "source": "Barangay Batuhan Health Center", "acq_date": "2026-02-11", "loc_type": "sitio" }, "geometry": { "type": "Point", "coordinates": [ 121.439981584498, 13.140802280402101 ] } },
{ "type": "Feature", "properties": { "loc_area": "Banco", "vuln_type": "Breastfeeding", "dis_type": null, "vpt_id": 198, "notes": null, "source": "Barangay Batuhan Health Center", "acq_date": "2026-02-11", "loc_type": "sitio" }, "geometry": { "type": "Point", "coordinates": [ 121.439664084764004, 13.1392868298996 ] } },
{ "type": "Feature", "properties": { "loc_area": "Banco", "vuln_type": "Breastfeeding", "dis_type": null, "vpt_id": 199, "notes": null, "source": "Barangay Batuhan Health Center", "acq_date": "2026-02-11", "loc_type": "sitio" }, "geometry": { "type": "Point", "coordinates": [ 121.439913016480006, 13.1393144100211 ] } },
{ "type": "Feature", "properties": { "loc_area": "Banco", "vuln_type": "Breastfeeding", "dis_type": null, "vpt_id": 200, "notes": null, "source": "Barangay Batuhan Health Center", "acq_date": "2026-02-11", "loc_type": "sitio" }, "geometry": { "type": "Point", "coordinates": [ 121.439731162173004, 13.139276668801401 ] } },
{ "type": "Feature", "properties": { "loc_area": "Foster Ville", "vuln_type": "Breastfeeding", "dis_type": null, "vpt_id": 201, "notes": null, "source": "Barangay Batuhan Health Center", "acq_date": "2026-02-11", "loc_type": "sitio" }, "geometry": { "type": "Point", "coordinates": [ 121.437334262771003, 13.141134691186201 ] } },
{ "type": "Feature", "properties": { "loc_area": "Foster Ville", "vuln_type": "Pregnant", "dis_type": null, "vpt_id": 202, "notes": null, "source": "Barangay Batuhan Health Center", "acq_date": "2026-02-11", "loc_type": "sitio" }, "geometry": { "type": "Point", "coordinates": [ 121.437235882571997, 13.141088240798 ] } },
{ "type": "Feature", "properties": { "loc_area": "High Town", "vuln_type": "Pregnant", "dis_type": null, "vpt_id": 203, "notes": null, "source": "Barangay Batuhan Health Center", "acq_date": "2026-02-11", "loc_type": "sitio" }, "geometry": { "type": "Point", "coordinates": [ 121.439124484277002, 13.1424265890849 ] } },
{ "type": "Feature", "properties": { "loc_area": "Proper North", "vuln_type": "Pregnant", "dis_type": null, "vpt_id": 204, "notes": null, "source": "Barangay Batuhan Health Center", "acq_date": "2026-02-11", "loc_type": "sitio" }, "geometry": { "type": "Point", "coordinates": [ 121.440764154264997, 13.140821150895301 ] } },
{ "type": "Feature", "properties": { "loc_area": "Proper North", "vuln_type": "Pregnant", "dis_type": null, "vpt_id": 205, "notes": null, "source": "Barangay Batuhan Health Center", "acq_date": "2026-02-11", "loc_type": "sitio" }, "geometry": { "type": "Point", "coordinates": [ 121.440960914664004, 13.1416224197314 ] } },
{ "type": "Feature", "properties": { "loc_area": "Kabilang Ibayo", "vuln_type": "Pregnant", "dis_type": null, "vpt_id": 206, "notes": null, "source": "Barangay Batuhan Health Center", "acq_date": "2026-02-11", "loc_type": "sitio" }, "geometry": { "type": "Point", "coordinates": [ 121.443545630809993, 13.1423554622989 ] } },
{ "type": "Feature", "properties": { "loc_area": "Kabilang Ibayo", "vuln_type": "Pregnant", "dis_type": null, "vpt_id": 207, "notes": null, "source": "Barangay Batuhan Health Center", "acq_date": "2026-02-11", "loc_type": "sitio" }, "geometry": { "type": "Point", "coordinates": [ 121.443561282204996, 13.1423612685679 ] } },
{ "type": "Feature", "properties": { "loc_area": "Kabilang Ibayo", "vuln_type": "Pregnant", "dis_type": null, "vpt_id": 208, "notes": null, "source": "Barangay Batuhan Health Center", "acq_date": "2026-02-11", "loc_type": "sitio" }, "geometry": { "type": "Point", "coordinates": [ 121.443023917632004, 13.1418045919006 ] } },
{ "type": "Feature", "properties": { "loc_area": "Kabilang Ibayo", "vuln_type": "Senior", "dis_type": null, "vpt_id": 209, "notes": null, "source": "Barangay Batuhan Health Center", "acq_date": "2026-02-11", "loc_type": "sitio" }, "geometry": { "type": "Point", "coordinates": [ 121.443960020134, 13.143664046705901 ] } },
{ "type": "Feature", "properties": { "loc_area": "Kabilang Ibayo", "vuln_type": "Senior", "dis_type": null, "vpt_id": 210, "notes": null, "source": "Barangay Batuhan Health Center", "acq_date": "2026-02-11", "loc_type": "sitio" }, "geometry": { "type": "Point", "coordinates": [ 121.444001757189, 13.143669852944001 ] } },
{ "type": "Feature", "properties": { "loc_area": "Kabilang Ibayo", "vuln_type": "Senior", "dis_type": null, "vpt_id": 211, "notes": null, "source": "Barangay Batuhan Health Center", "acq_date": "2026-02-11", "loc_type": "sitio" }, "geometry": { "type": "Point", "coordinates": [ 121.443769222171994, 13.1435624375177 ] } },
{ "type": "Feature", "properties": { "loc_area": "Kabilang Ibayo", "vuln_type": "Senior", "dis_type": null, "vpt_id": 212, "notes": null, "source": "Barangay Batuhan Health Center", "acq_date": "2026-02-11", "loc_type": "sitio" }, "geometry": { "type": "Point", "coordinates": [ 121.444088212514998, 13.143762752734199 ] } },
{ "type": "Feature", "properties": { "loc_area": "Kabilang Ibayo", "vuln_type": "Senior", "dis_type": null, "vpt_id": 213, "notes": null, "source": "Barangay Batuhan Health Center", "acq_date": "2026-02-11", "loc_type": "sitio" }, "geometry": { "type": "Point", "coordinates": [ 121.444156780533007, 13.1438353306708 ] } },
{ "type": "Feature", "properties": { "loc_area": "Kabilang Ibayo", "vuln_type": "Senior", "dis_type": null, "vpt_id": 214, "notes": null, "source": "Barangay Batuhan Health Center", "acq_date": "2026-02-11", "loc_type": "sitio" }, "geometry": { "type": "Point", "coordinates": [ 121.444180630277998, 13.1438498462556 ] } },
{ "type": "Feature", "properties": { "loc_area": "Kabilang Ibayo", "vuln_type": "Senior", "dis_type": null, "vpt_id": 215, "notes": null, "source": "Barangay Batuhan Health Center", "acq_date": "2026-02-11", "loc_type": "sitio" }, "geometry": { "type": "Point", "coordinates": [ 121.444800723656002, 13.143542115675 ] } },
{ "type": "Feature", "properties": { "loc_area": "Kabilang Ibayo", "vuln_type": "Senior", "dis_type": null, "vpt_id": 216, "notes": null, "source": "Barangay Batuhan Health Center", "acq_date": "2026-02-11", "loc_type": "sitio" }, "geometry": { "type": "Point", "coordinates": [ 121.445212131762005, 13.1435130844682 ] } },
{ "type": "Feature", "properties": { "loc_area": "Kabilang Ibayo", "vuln_type": "Senior", "dis_type": null, "vpt_id": 217, "notes": null, "source": "Barangay Batuhan Health Center", "acq_date": "2026-02-11", "loc_type": "sitio" }, "geometry": { "type": "Point", "coordinates": [ 121.444979596745995, 13.1435450187955 ] } },
{ "type": "Feature", "properties": { "loc_area": "Kabilang Ibayo", "vuln_type": "Senior", "dis_type": "Speech", "vpt_id": 218, "notes": null, "source": "Barangay Batuhan Health Center", "acq_date": "2026-02-11", "loc_type": "sitio" }, "geometry": { "type": "Point", "coordinates": [ 121.444851404364996, 13.143815008850799 ] } },
{ "type": "Feature", "properties": { "loc_area": "Kabilang Ibayo", "vuln_type": "Senior", "dis_type": null, "vpt_id": 219, "notes": null, "source": "Barangay Batuhan Health Center", "acq_date": "2026-02-11", "loc_type": "sitio" }, "geometry": { "type": "Point", "coordinates": [ 121.444943822127996, 13.143995002055901 ] } },
{ "type": "Feature", "properties": { "loc_area": "Kabilang Ibayo", "vuln_type": "Senior", "dis_type": "Learning", "vpt_id": 220, "notes": null, "source": "Barangay Batuhan Health Center", "acq_date": "2026-02-11", "loc_type": "sitio" }, "geometry": { "type": "Point", "coordinates": [ 121.444931897255003, 13.144021130090801 ] } },
{ "type": "Feature", "properties": { "loc_area": "Kabilang Ibayo", "vuln_type": "Senior", "dis_type": null, "vpt_id": 221, "notes": null, "source": "Barangay Batuhan Health Center", "acq_date": "2026-02-11", "loc_type": "sitio" }, "geometry": { "type": "Point", "coordinates": [ 121.444943822127996, 13.1434434095579 ] } },
{ "type": "Feature", "properties": { "loc_area": "Kabilang Ibayo", "vuln_type": "Senior", "dis_type": null, "vpt_id": 222, "notes": null, "source": "Barangay Batuhan Health Center", "acq_date": "2026-02-11", "loc_type": "sitio" }, "geometry": { "type": "Point", "coordinates": [ 121.443700654154, 13.143460828287299 ] } },
{ "type": "Feature", "properties": { "loc_area": "Kabilang Ibayo", "vuln_type": "Senior", "dis_type": null, "vpt_id": 223, "notes": null, "source": "Barangay Batuhan Health Center", "acq_date": "2026-02-11", "loc_type": "sitio" }, "geometry": { "type": "Point", "coordinates": [ 121.444550301329997, 13.1439456490934 ] } },
{ "type": "Feature", "properties": { "loc_area": "Kabilang Ibayo", "vuln_type": "Senior", "dis_type": "Speech", "vpt_id": 224, "notes": null, "source": "Barangay Batuhan Health Center", "acq_date": "2026-02-11", "loc_type": "sitio" }, "geometry": { "type": "Point", "coordinates": [ 121.444576386988999, 13.1439587131139 ] } },
{ "type": "Feature", "properties": { "loc_area": "Kabilang Ibayo", "vuln_type": "Senior", "dis_type": null, "vpt_id": 225, "notes": null, "source": "Barangay Batuhan Health Center", "acq_date": "2026-02-11", "loc_type": "sitio" }, "geometry": { "type": "Point", "coordinates": [ 121.454096907186994, 13.1404473697011 ] } },
{ "type": "Feature", "properties": { "loc_area": "Kabilang Ibayo", "vuln_type": "Senior", "dis_type": null, "vpt_id": 226, "notes": null, "source": "Barangay Batuhan Health Center", "acq_date": "2026-02-11", "loc_type": "sitio" }, "geometry": { "type": "Point", "coordinates": [ 121.467476614294995, 13.1368764604715 ] } },
{ "type": "Feature", "properties": { "loc_area": "Kabilang Ibayo", "vuln_type": "Senior", "dis_type": null, "vpt_id": 227, "notes": null, "source": "Barangay Batuhan Health Center", "acq_date": "2026-02-11", "loc_type": "sitio" }, "geometry": { "type": "Point", "coordinates": [ 121.467900692578993, 13.136440617281901 ] } },
{ "type": "Feature", "properties": { "loc_area": "Kabilang Ibayo", "vuln_type": "Senior", "dis_type": null, "vpt_id": 228, "notes": null, "source": "Barangay Batuhan Health Center", "acq_date": "2026-02-11", "loc_type": "sitio" }, "geometry": { "type": "Point", "coordinates": [ 121.445198716280998, 13.143103381196299 ] } },
{ "type": "Feature", "properties": { "loc_area": "Kabilang Ibayo", "vuln_type": "Senior", "dis_type": null, "vpt_id": 229, "notes": null, "source": "Barangay Batuhan Health Center", "acq_date": "2026-02-11", "loc_type": "sitio" }, "geometry": { "type": "Point", "coordinates": [ 121.445365664497999, 13.142981449886801 ] } },
{ "type": "Feature", "properties": { "loc_area": "Kabilang Ibayo", "vuln_type": "Senior", "dis_type": null, "vpt_id": 230, "notes": null, "source": "Barangay Batuhan Health Center", "acq_date": "2026-02-11", "loc_type": "sitio" }, "geometry": { "type": "Point", "coordinates": [ 121.445359702060998, 13.142958224868501 ] } },
{ "type": "Feature", "properties": { "loc_area": "Kabilang Ibayo", "vuln_type": "Senior", "dis_type": null, "vpt_id": 231, "notes": null, "source": "Barangay Batuhan Health Center", "acq_date": "2026-02-11", "loc_type": "sitio" }, "geometry": { "type": "Point", "coordinates": [ 121.444912519336995, 13.1428653247737 ] } },
{ "type": "Feature", "properties": { "loc_area": "Kabilang Ibayo", "vuln_type": "Senior", "dis_type": null, "vpt_id": 232, "notes": null, "source": "Barangay Batuhan Health Center", "acq_date": "2026-02-11", "loc_type": "sitio" }, "geometry": { "type": "Point", "coordinates": [ 121.444945312737005, 13.142845002873299 ] } },
{ "type": "Feature", "properties": { "loc_area": "Kabilang Ibayo", "vuln_type": "Senior", "dis_type": null, "vpt_id": 233, "notes": null, "source": "Barangay Batuhan Health Center", "acq_date": "2026-02-11", "loc_type": "sitio" }, "geometry": { "type": "Point", "coordinates": [ 121.445914208638996, 13.1430830593156 ] } },
{ "type": "Feature", "properties": { "loc_area": "Kabilang Ibayo", "vuln_type": "Senior", "dis_type": null, "vpt_id": 234, "notes": null, "source": "Barangay Batuhan Health Center", "acq_date": "2026-02-11", "loc_type": "sitio" }, "geometry": { "type": "Point", "coordinates": [ 121.445707013977, 13.143168701515799 ] } },
{ "type": "Feature", "properties": { "loc_area": "Kabilang Ibayo", "vuln_type": "Senior", "dis_type": null, "vpt_id": 235, "notes": null, "source": "Barangay Batuhan Health Center", "acq_date": "2026-02-11", "loc_type": "sitio" }, "geometry": { "type": "Point", "coordinates": [ 121.444615888130002, 13.1431280577635 ] } },
{ "type": "Feature", "properties": { "loc_area": "Kabilang Ibayo", "vuln_type": "Senior", "dis_type": null, "vpt_id": 236, "notes": null, "source": "Barangay Batuhan Health Center", "acq_date": "2026-02-11", "loc_type": "sitio" }, "geometry": { "type": "Point", "coordinates": [ 121.44455179194, 13.1430874140045 ] } },
{ "type": "Feature", "properties": { "loc_area": "Kabilang Ibayo", "vuln_type": "Senior", "dis_type": null, "vpt_id": 237, "notes": null, "source": "Barangay Batuhan Health Center", "acq_date": "2026-02-11", "loc_type": "sitio" }, "geometry": { "type": "Point", "coordinates": [ 121.444505583058003, 13.143051124928199 ] } },
{ "type": "Feature", "properties": { "loc_area": "Kabilang Ibayo", "vuln_type": "Senior", "dis_type": null, "vpt_id": 238, "notes": null, "source": "Barangay Batuhan Health Center", "acq_date": "2026-02-11", "loc_type": "sitio" }, "geometry": { "type": "Point", "coordinates": [ 121.444507073666998, 13.143062737433199 ] } },
{ "type": "Feature", "properties": { "loc_area": "Kabilang Ibayo", "vuln_type": "Senior", "dis_type": null, "vpt_id": 239, "notes": null, "source": "Barangay Batuhan Health Center", "acq_date": "2026-02-11", "loc_type": "sitio" }, "geometry": { "type": "Point", "coordinates": [ 121.444431052604003, 13.1430191905367 ] } },
{ "type": "Feature", "properties": { "loc_area": "Kabilang Ibayo", "vuln_type": "Senior", "dis_type": null, "vpt_id": 240, "notes": null, "source": "Barangay Batuhan Health Center", "acq_date": "2026-02-11", "loc_type": "sitio" }, "geometry": { "type": "Point", "coordinates": [ 121.444526451585006, 13.1427390386509 ] } },
{ "type": "Feature", "properties": { "loc_area": "Kabilang Ibayo", "vuln_type": "Senior", "dis_type": null, "vpt_id": 241, "notes": null, "source": "Barangay Batuhan Health Center", "acq_date": "2026-02-11", "loc_type": "sitio" }, "geometry": { "type": "Point", "coordinates": [ 121.444416146513007, 13.142901613877401 ] } },
{ "type": "Feature", "properties": { "loc_area": "Kabilang Ibayo", "vuln_type": "PWD", "dis_type": "Physical", "vpt_id": 242, "notes": null, "source": "Barangay Batuhan Health Center", "acq_date": "2026-02-11", "loc_type": "sitio" }, "geometry": { "type": "Point", "coordinates": [ 121.444521979757994, 13.1430576569623 ] } },
{ "type": "Feature", "properties": { "loc_area": "Kabilang Ibayo", "vuln_type": "PWD", "dis_type": "Physical", "vpt_id": 243, "notes": null, "source": "Barangay Batuhan Health Center", "acq_date": "2026-02-11", "loc_type": "sitio" }, "geometry": { "type": "Point", "coordinates": [ 121.444964690654999, 13.143445949789401 ] } },
{ "type": "Feature", "properties": { "loc_area": "Kabilang Ibayo", "vuln_type": "PWD", "dis_type": "Physical", "vpt_id": 244, "notes": null, "source": "Barangay Batuhan Health Center", "acq_date": "2026-02-11", "loc_type": "sitio" }, "geometry": { "type": "Point", "coordinates": [ 121.445243434553007, 13.1434198216932 ] } },
{ "type": "Feature", "properties": { "loc_area": "Kabilang Ibayo", "vuln_type": "Senior", "dis_type": null, "vpt_id": 245, "notes": null, "source": "Barangay Batuhan Health Center", "acq_date": "2026-02-11", "loc_type": "sitio" }, "geometry": { "type": "Point", "coordinates": [ 121.448387129104006, 13.1388880064808 ] } },
{ "type": "Feature", "properties": { "loc_area": "Kabilang Ibayo", "vuln_type": "Senior", "dis_type": null, "vpt_id": 246, "notes": null, "source": "Barangay Batuhan Health Center", "acq_date": "2026-02-11", "loc_type": "sitio" }, "geometry": { "type": "Point", "coordinates": [ 121.449822585649002, 13.138728331773001 ] } },
{ "type": "Feature", "properties": { "loc_area": "Kabilang Ibayo", "vuln_type": "Senior", "dis_type": null, "vpt_id": 247, "notes": null, "source": "Barangay Batuhan Health Center", "acq_date": "2026-02-11", "loc_type": "sitio" }, "geometry": { "type": "Point", "coordinates": [ 121.449774886157996, 13.138719622240499 ] } },
{ "type": "Feature", "properties": { "loc_area": "Kabilang Ibayo", "vuln_type": "Senior", "dis_type": null, "vpt_id": 248, "notes": null, "source": "Barangay Batuhan Health Center", "acq_date": "2026-02-11", "loc_type": "sitio" }, "geometry": { "type": "Point", "coordinates": [ 121.449798735903997, 13.138766073077001 ] } },
{ "type": "Feature", "properties": { "loc_area": "Kabilang Ibayo", "vuln_type": "Senior", "dis_type": null, "vpt_id": 249, "notes": null, "source": "Barangay Batuhan Health Center", "acq_date": "2026-02-11", "loc_type": "sitio" }, "geometry": { "type": "Point", "coordinates": [ 121.449870285138999, 13.1387486540143 ] } },
{ "type": "Feature", "properties": { "loc_area": "Kabilang Ibayo", "vuln_type": "Senior", "dis_type": null, "vpt_id": 250, "notes": null, "source": "Barangay Batuhan Health Center", "acq_date": "2026-02-11", "loc_type": "sitio" }, "geometry": { "type": "Point", "coordinates": [ 121.449739111539998, 13.138766073077001 ] } },
{ "type": "Feature", "properties": { "loc_area": "Kabilang Ibayo", "vuln_type": "Senior", "dis_type": null, "vpt_id": 251, "notes": null, "source": "Barangay Batuhan Health Center", "acq_date": "2026-02-11", "loc_type": "sitio" }, "geometry": { "type": "Point", "coordinates": [ 121.449917984630005, 13.138742847659801 ] } },
{ "type": "Feature", "properties": { "loc_area": "Kabilang Ibayo", "vuln_type": "Senior", "dis_type": null, "vpt_id": 252, "notes": null, "source": "Barangay Batuhan Health Center", "acq_date": "2026-02-11", "loc_type": "sitio" }, "geometry": { "type": "Point", "coordinates": [ 121.449965684120997, 13.1387486540143 ] } },
{ "type": "Feature", "properties": { "loc_area": "Kabilang Ibayo", "vuln_type": "Senior", "dis_type": null, "vpt_id": 253, "notes": null, "source": "Barangay Batuhan Health Center", "acq_date": "2026-02-11", "loc_type": "sitio" }, "geometry": { "type": "Point", "coordinates": [ 121.449751036413005, 13.138676074573301 ] } },
{ "type": "Feature", "properties": { "loc_area": "Kabilang Ibayo", "vuln_type": "Senior", "dis_type": "Physical", "vpt_id": 254, "notes": null, "source": "Barangay Batuhan Health Center", "acq_date": "2026-02-11", "loc_type": "sitio" }, "geometry": { "type": "Point", "coordinates": [ 121.449894134885, 13.138766073077001 ] } },
{ "type": "Feature", "properties": { "loc_area": "Kabilang Ibayo", "vuln_type": "Senior", "dis_type": "Physical", "vpt_id": 255, "notes": null, "source": "Barangay Batuhan Health Center", "acq_date": "2026-02-11", "loc_type": "sitio" }, "geometry": { "type": "Point", "coordinates": [ 121.449745073976999, 13.138708009529999 ] } },
{ "type": "Feature", "properties": { "loc_area": "Kabilang Ibayo", "vuln_type": "Senior", "dis_type": null, "vpt_id": 256, "notes": null, "source": "Barangay Batuhan Health Center", "acq_date": "2026-02-11", "loc_type": "sitio" }, "geometry": { "type": "Point", "coordinates": [ 121.442691511806999, 13.1430859624415 ] } },
{ "type": "Feature", "properties": { "loc_area": "Kabilang Ibayo", "vuln_type": "Senior", "dis_type": null, "vpt_id": 257, "notes": null, "source": "Barangay Batuhan Health Center", "acq_date": "2026-02-11", "loc_type": "sitio" }, "geometry": { "type": "Point", "coordinates": [ 121.442646793535005, 13.1428304872291 ] } },
{ "type": "Feature", "properties": { "loc_area": "Kabilang Ibayo", "vuln_type": "Senior", "dis_type": null, "vpt_id": 258, "notes": null, "source": "Barangay Batuhan Health Center", "acq_date": "2026-02-11", "loc_type": "sitio" }, "geometry": { "type": "Point", "coordinates": [ 121.442861441242002, 13.1425663023547 ] } },
{ "type": "Feature", "properties": { "loc_area": "Kabilang Ibayo", "vuln_type": "Senior", "dis_type": null, "vpt_id": 259, "notes": null, "source": "Barangay Batuhan Health Center", "acq_date": "2026-02-11", "loc_type": "sitio" }, "geometry": { "type": "Point", "coordinates": [ 121.443317567620994, 13.142659202562699 ] } },
{ "type": "Feature", "properties": { "loc_area": "Kabilang Ibayo", "vuln_type": "Senior", "dis_type": null, "vpt_id": 260, "notes": null, "source": "Barangay Batuhan Health Center", "acq_date": "2026-02-11", "loc_type": "sitio" }, "geometry": { "type": "Point", "coordinates": [ 121.443143166358993, 13.1426504931697 ] } },
{ "type": "Feature", "properties": { "loc_area": "Kabilang Ibayo", "vuln_type": "Senior", "dis_type": null, "vpt_id": 261, "notes": null, "source": "Barangay Batuhan Health Center", "acq_date": "2026-02-11", "loc_type": "sitio" }, "geometry": { "type": "Point", "coordinates": [ 121.443108882350003, 13.142572108618699 ] } },
{ "type": "Feature", "properties": { "loc_area": "Kabilang Ibayo", "vuln_type": "Senior", "dis_type": null, "vpt_id": 262, "notes": null, "source": "Barangay Batuhan Health Center", "acq_date": "2026-02-11", "loc_type": "sitio" }, "geometry": { "type": "Point", "coordinates": [ 121.443093976258993, 13.142557592958401 ] } },
{ "type": "Feature", "properties": { "loc_area": "Kabilang Ibayo", "vuln_type": "Senior", "dis_type": null, "vpt_id": 263, "notes": null, "source": "Barangay Batuhan Health Center", "acq_date": "2026-02-11", "loc_type": "sitio" }, "geometry": { "type": "Point", "coordinates": [ 121.442977708751002, 13.1422934077902 ] } },
{ "type": "Feature", "properties": { "loc_area": "Kabilang Ibayo", "vuln_type": "Senior", "dis_type": null, "vpt_id": 264, "notes": null, "source": "Barangay Batuhan Health Center", "acq_date": "2026-02-11", "loc_type": "sitio" }, "geometry": { "type": "Point", "coordinates": [ 121.443164034885996, 13.142370340863 ] } },
{ "type": "Feature", "properties": { "loc_area": "Kabilang Ibayo", "vuln_type": "Senior", "dis_type": null, "vpt_id": 265, "notes": null, "source": "Barangay Batuhan Health Center", "acq_date": "2026-02-11", "loc_type": "sitio" }, "geometry": { "type": "Point", "coordinates": [ 121.442927028042007, 13.142307923466101 ] } },
{ "type": "Feature", "properties": { "loc_area": "Kabilang Ibayo", "vuln_type": "Senior", "dis_type": null, "vpt_id": 266, "notes": null, "source": "Barangay Batuhan Health Center", "acq_date": "2026-02-11", "loc_type": "sitio" }, "geometry": { "type": "Point", "coordinates": [ 121.443089504431995, 13.142270182706801 ] } },
{ "type": "Feature", "properties": { "loc_area": "Kabilang Ibayo", "vuln_type": "Senior", "dis_type": null, "vpt_id": 267, "notes": null, "source": "Barangay Batuhan Health Center", "acq_date": "2026-02-11", "loc_type": "sitio" }, "geometry": { "type": "Point", "coordinates": [ 121.443420419648007, 13.142232441941699 ] } },
{ "type": "Feature", "properties": { "loc_area": "Kabilang Ibayo", "vuln_type": "Senior", "dis_type": null, "vpt_id": 268, "notes": null, "source": "Barangay Batuhan Health Center", "acq_date": "2026-02-11", "loc_type": "sitio" }, "geometry": { "type": "Point", "coordinates": [ 121.443387626247997, 13.142281795248801 ] } },
{ "type": "Feature", "properties": { "loc_area": "Kabilang Ibayo", "vuln_type": "Senior", "dis_type": null, "vpt_id": 269, "notes": null, "source": "Barangay Batuhan Health Center", "acq_date": "2026-02-11", "loc_type": "sitio" }, "geometry": { "type": "Point", "coordinates": [ 121.443147638186005, 13.1421438962777 ] } },
{ "type": "Feature", "properties": { "loc_area": "Kabilang Ibayo", "vuln_type": "Senior", "dis_type": null, "vpt_id": 270, "notes": null, "source": "Barangay Batuhan Health Center", "acq_date": "2026-02-11", "loc_type": "sitio" }, "geometry": { "type": "Point", "coordinates": [ 121.443101429303994, 13.142274537410101 ] } },
{ "type": "Feature", "properties": { "loc_area": "Kabilang Ibayo", "vuln_type": "Senior", "dis_type": null, "vpt_id": 271, "notes": null, "source": "Barangay Batuhan Health Center", "acq_date": "2026-02-11", "loc_type": "sitio" }, "geometry": { "type": "Point", "coordinates": [ 121.443730466336007, 13.142341309517599 ] } },
{ "type": "Feature", "properties": { "loc_area": "Kabilang Ibayo", "vuln_type": "Senior", "dis_type": null, "vpt_id": 272, "notes": null, "source": "Barangay Batuhan Health Center", "acq_date": "2026-02-11", "loc_type": "sitio" }, "geometry": { "type": "Point", "coordinates": [ 121.443146147576996, 13.1422890530872 ] } },
{ "type": "Feature", "properties": { "loc_area": "Kabilang Ibayo", "vuln_type": "Senior", "dis_type": null, "vpt_id": 273, "notes": null, "source": "Barangay Batuhan Health Center", "acq_date": "2026-02-11", "loc_type": "sitio" }, "geometry": { "type": "Point", "coordinates": [ 121.442621453179996, 13.1428319387936 ] } },
{ "type": "Feature", "properties": { "loc_area": "Kabilang Ibayo", "vuln_type": "Senior", "dis_type": null, "vpt_id": 274, "notes": null, "source": "Barangay Batuhan Health Center", "acq_date": "2026-02-11", "loc_type": "sitio" }, "geometry": { "type": "Point", "coordinates": [ 121.443026898849993, 13.1421787339199 ] } },
{ "type": "Feature", "properties": { "loc_area": "Kabilang Ibayo", "vuln_type": "Senior", "dis_type": null, "vpt_id": 275, "notes": null, "source": "Barangay Batuhan Health Center", "acq_date": "2026-02-11", "loc_type": "sitio" }, "geometry": { "type": "Point", "coordinates": [ 121.443219187422002, 13.142323890708701 ] } },
{ "type": "Feature", "properties": { "loc_area": "Kabilang Ibayo", "vuln_type": "Senior", "dis_type": null, "vpt_id": 276, "notes": null, "source": "Barangay Batuhan Health Center", "acq_date": "2026-02-11", "loc_type": "sitio" }, "geometry": { "type": "Point", "coordinates": [ 121.442983671186994, 13.1417331020416 ] } },
{ "type": "Feature", "properties": { "loc_area": "High Town", "vuln_type": "Senior", "dis_type": null, "vpt_id": 277, "notes": null, "source": "Barangay Batuhan Health Center", "acq_date": "2026-02-11", "loc_type": "sitio" }, "geometry": { "type": "Point", "coordinates": [ 121.438118323148004, 13.1406168414394 ] } },
{ "type": "Feature", "properties": { "loc_area": "High Town", "vuln_type": "Senior", "dis_type": null, "vpt_id": 278, "notes": null, "source": "Barangay Batuhan Health Center", "acq_date": "2026-02-11", "loc_type": "sitio" }, "geometry": { "type": "Point", "coordinates": [ 121.438186891165003, 13.140982638711 ] } },
{ "type": "Feature", "properties": { "loc_area": "High Town", "vuln_type": "Senior", "dis_type": null, "vpt_id": 279, "notes": null, "source": "Barangay Batuhan Health Center", "acq_date": "2026-02-11", "loc_type": "sitio" }, "geometry": { "type": "Point", "coordinates": [ 121.438160060201994, 13.140994251313799 ] } },
{ "type": "Feature", "properties": { "loc_area": "High Town", "vuln_type": "Senior", "dis_type": null, "vpt_id": 280, "notes": null, "source": "Barangay Batuhan Health Center", "acq_date": "2026-02-11", "loc_type": "sitio" }, "geometry": { "type": "Point", "coordinates": [ 121.437973734067, 13.140796836990299 ] } },
{ "type": "Feature", "properties": { "loc_area": "High Town", "vuln_type": "Senior", "dis_type": null, "vpt_id": 281, "notes": null, "source": "Barangay Batuhan Health Center", "acq_date": "2026-02-11", "loc_type": "sitio" }, "geometry": { "type": "Point", "coordinates": [ 121.438002055639004, 13.1406749045347 ] } },
{ "type": "Feature", "properties": { "loc_area": "High Town", "vuln_type": "Senior", "dis_type": null, "vpt_id": 282, "notes": null, "source": "Barangay Batuhan Health Center", "acq_date": "2026-02-11", "loc_type": "sitio" }, "geometry": { "type": "Point", "coordinates": [ 121.438022924167001, 13.140687968729299 ] } },
{ "type": "Feature", "properties": { "loc_area": "High Town", "vuln_type": "Senior", "dis_type": null, "vpt_id": 283, "notes": null, "source": "Barangay Batuhan Health Center", "acq_date": "2026-02-11", "loc_type": "sitio" }, "geometry": { "type": "Point", "coordinates": [ 121.437927525185003, 13.141107474163 ] } },
{ "type": "Feature", "properties": { "loc_area": "High Town", "vuln_type": "Senior", "dis_type": null, "vpt_id": 284, "notes": null, "source": "Barangay Batuhan Health Center", "acq_date": "2026-02-11", "loc_type": "sitio" }, "geometry": { "type": "Point", "coordinates": [ 121.437848522904005, 13.1413905310574 ] } },
{ "type": "Feature", "properties": { "loc_area": "High Town", "vuln_type": "Senior", "dis_type": null, "vpt_id": 285, "notes": null, "source": "Barangay Batuhan Health Center", "acq_date": "2026-02-11", "loc_type": "sitio" }, "geometry": { "type": "Point", "coordinates": [ 121.437830635595006, 13.1414123046511 ] } },
{ "type": "Feature", "properties": { "loc_area": "High Town", "vuln_type": "Senior", "dis_type": null, "vpt_id": 286, "notes": null, "source": "Barangay Batuhan Health Center", "acq_date": "2026-02-11", "loc_type": "sitio" }, "geometry": { "type": "Point", "coordinates": [ 121.437978205893998, 13.1414442392518 ] } },
{ "type": "Feature", "properties": { "loc_area": "High Town", "vuln_type": "Senior", "dis_type": null, "vpt_id": 287, "notes": null, "source": "Barangay Batuhan Health Center", "acq_date": "2026-02-11", "loc_type": "sitio" }, "geometry": { "type": "Point", "coordinates": [ 121.438006527466996, 13.1414268203792 ] } },
{ "type": "Feature", "properties": { "loc_area": "High Town", "vuln_type": "Senior", "dis_type": null, "vpt_id": 288, "notes": null, "source": "Barangay Batuhan Health Center", "acq_date": "2026-02-11", "loc_type": "sitio" }, "geometry": { "type": "Point", "coordinates": [ 121.438340423900996, 13.1415284304518 ] } },
{ "type": "Feature", "properties": { "loc_area": "High Town", "vuln_type": "Senior", "dis_type": null, "vpt_id": 289, "notes": null, "source": "Barangay Batuhan Health Center", "acq_date": "2026-02-11", "loc_type": "sitio" }, "geometry": { "type": "Point", "coordinates": [ 121.438259931009995, 13.141248276864101 ] } },
{ "type": "Feature", "properties": { "loc_area": "High Town", "vuln_type": "Senior", "dis_type": null, "vpt_id": 290, "notes": null, "source": "Barangay Batuhan Health Center", "acq_date": "2026-02-11", "loc_type": "sitio" }, "geometry": { "type": "Point", "coordinates": [ 121.437957337366996, 13.143376274860101 ] } },
{ "type": "Feature", "properties": { "loc_area": "High Town", "vuln_type": "Senior", "dis_type": null, "vpt_id": 291, "notes": null, "source": "Barangay Batuhan Health Center", "acq_date": "2026-02-11", "loc_type": "sitio" }, "geometry": { "type": "Point", "coordinates": [ 121.438392595219, 13.1424937240427 ] } },
{ "type": "Feature", "properties": { "loc_area": "High Town", "vuln_type": "Senior", "dis_type": null, "vpt_id": 292, "notes": null, "source": "Barangay Batuhan Health Center", "acq_date": "2026-02-11", "loc_type": "sitio" }, "geometry": { "type": "Point", "coordinates": [ 121.437820201332002, 13.1430075780297 ] } },
{ "type": "Feature", "properties": { "loc_area": "High Town", "vuln_type": "Senior", "dis_type": null, "vpt_id": 293, "notes": null, "source": "Barangay Batuhan Health Center", "acq_date": "2026-02-11", "loc_type": "sitio" }, "geometry": { "type": "Point", "coordinates": [ 121.438362783036993, 13.142403726906 ] } },
{ "type": "Feature", "properties": { "loc_area": "High Town", "vuln_type": "Senior", "dis_type": null, "vpt_id": 294, "notes": null, "source": "Barangay Batuhan Health Center", "acq_date": "2026-02-11", "loc_type": "sitio" }, "geometry": { "type": "Point", "coordinates": [ 121.438344895727994, 13.1424153394416 ] } },
{ "type": "Feature", "properties": { "loc_area": "High Town", "vuln_type": "Senior", "dis_type": null, "vpt_id": 295, "notes": null, "source": "Barangay Batuhan Health Center", "acq_date": "2026-02-11", "loc_type": "sitio" }, "geometry": { "type": "Point", "coordinates": [ 121.438434332273005, 13.1421540572572 ] } },
{ "type": "Feature", "properties": { "loc_area": "High Town", "vuln_type": "Senior", "dis_type": null, "vpt_id": 296, "notes": null, "source": "Barangay Batuhan Health Center", "acq_date": "2026-02-11", "loc_type": "sitio" }, "geometry": { "type": "Point", "coordinates": [ 121.438346386337003, 13.142396469071 ] } },
{ "type": "Feature", "properties": { "loc_area": "High Town", "vuln_type": "Senior", "dis_type": null, "vpt_id": 297, "notes": null, "source": "Barangay Batuhan Health Center", "acq_date": "2026-02-11", "loc_type": "sitio" }, "geometry": { "type": "Point", "coordinates": [ 121.439134918541001, 13.1426330743828 ] } },
{ "type": "Feature", "properties": { "loc_area": "High Town", "vuln_type": "Senior", "dis_type": null, "vpt_id": 298, "notes": null, "source": "Barangay Batuhan Health Center", "acq_date": "2026-02-11", "loc_type": "sitio" }, "geometry": { "type": "Point", "coordinates": [ 121.439155787068003, 13.1426083977658 ] } },
{ "type": "Feature", "properties": { "loc_area": "High Town", "vuln_type": "Senior", "dis_type": null, "vpt_id": 299, "notes": null, "source": "Barangay Batuhan Health Center", "acq_date": "2026-02-11", "loc_type": "sitio" }, "geometry": { "type": "Point", "coordinates": [ 121.439531420555994, 13.1426156555946 ] } },
{ "type": "Feature", "properties": { "loc_area": "High Town", "vuln_type": "Senior", "dis_type": null, "vpt_id": 300, "notes": null, "source": "Barangay Batuhan Health Center", "acq_date": "2026-02-11", "loc_type": "sitio" }, "geometry": { "type": "Point", "coordinates": [ 121.438863627687994, 13.142625816554499 ] } },
{ "type": "Feature", "properties": { "loc_area": "High Town", "vuln_type": "Senior", "dis_type": null, "vpt_id": 301, "notes": null, "source": "Barangay Batuhan Health Center", "acq_date": "2026-02-11", "loc_type": "sitio" }, "geometry": { "type": "Point", "coordinates": [ 121.438883005606002, 13.1426069462001 ] } },
{ "type": "Feature", "properties": { "loc_area": "High Town", "vuln_type": "Senior", "dis_type": null, "vpt_id": 302, "notes": null, "source": "Barangay Batuhan Health Center", "acq_date": "2026-02-11", "loc_type": "sitio" }, "geometry": { "type": "Point", "coordinates": [ 121.438692207643996, 13.1421337352979 ] } },
{ "type": "Feature", "properties": { "loc_area": "High Town", "vuln_type": "Senior", "dis_type": null, "vpt_id": 303, "notes": null, "source": "Barangay Batuhan Health Center", "acq_date": "2026-02-11", "loc_type": "sitio" }, "geometry": { "type": "Point", "coordinates": [ 121.438711585562004, 13.1421497025518 ] } },
{ "type": "Feature", "properties": { "loc_area": "High Town", "vuln_type": "Senior", "dis_type": null, "vpt_id": 304, "notes": null, "source": "Barangay Batuhan Health Center", "acq_date": "2026-02-11", "loc_type": "sitio" }, "geometry": { "type": "Point", "coordinates": [ 121.438710094952995, 13.1418347119874 ] } },
{ "type": "Feature", "properties": { "loc_area": "High Town", "vuln_type": "Senior", "dis_type": null, "vpt_id": 305, "notes": null, "source": "Barangay Batuhan Health Center", "acq_date": "2026-02-11", "loc_type": "sitio" }, "geometry": { "type": "Point", "coordinates": [ 121.439552289084006, 13.1425031592245 ] } },
{ "type": "Feature", "properties": { "loc_area": "High Town", "vuln_type": "Senior", "dis_type": null, "vpt_id": 306, "notes": null, "source": "Barangay Batuhan Health Center", "acq_date": "2026-02-11", "loc_type": "sitio" }, "geometry": { "type": "Point", "coordinates": [ 121.439094672096005, 13.1418260025651 ] } },
{ "type": "Feature", "properties": { "loc_area": "High Town", "vuln_type": "Senior", "dis_type": null, "vpt_id": 307, "notes": null, "source": "Barangay Batuhan Health Center", "acq_date": "2026-02-11", "loc_type": "sitio" }, "geometry": { "type": "Point", "coordinates": [ 121.439121503058999, 13.141857937111901 ] } },
{ "type": "Feature", "properties": { "loc_area": "High Town", "vuln_type": "Senior", "dis_type": null, "vpt_id": 308, "notes": null, "source": "Barangay Batuhan Health Center", "acq_date": "2026-02-11", "loc_type": "sitio" }, "geometry": { "type": "Point", "coordinates": [ 121.438988838851003, 13.141991481535401 ] } },
{ "type": "Feature", "properties": { "loc_area": "High Town", "vuln_type": "Senior", "dis_type": null, "vpt_id": 309, "notes": null, "source": "Barangay Batuhan Health Center", "acq_date": "2026-02-11", "loc_type": "sitio" }, "geometry": { "type": "Point", "coordinates": [ 121.439012688595994, 13.141992933104801 ] } },
{ "type": "Feature", "properties": { "loc_area": "High Town", "vuln_type": "Senior", "dis_type": null, "vpt_id": 310, "notes": null, "source": "Barangay Batuhan Health Center", "acq_date": "2026-02-11", "loc_type": "sitio" }, "geometry": { "type": "Point", "coordinates": [ 121.438842759161005, 13.1420292223376 ] } },
{ "type": "Feature", "properties": { "loc_area": "High Town", "vuln_type": "Senior", "dis_type": null, "vpt_id": 311, "notes": null, "source": "Barangay Batuhan Health Center", "acq_date": "2026-02-11", "loc_type": "sitio" }, "geometry": { "type": "Point", "coordinates": [ 121.438781644189007, 13.1422600217322 ] } },
{ "type": "Feature", "properties": { "loc_area": "High Town", "vuln_type": "Senior", "dis_type": null, "vpt_id": 312, "notes": null, "source": "Barangay Batuhan Health Center", "acq_date": "2026-02-11", "loc_type": "sitio" }, "geometry": { "type": "Point", "coordinates": [ 121.438811456370004, 13.142258570164399 ] } },
{ "type": "Feature", "properties": { "loc_area": "High Town", "vuln_type": "Senior", "dis_type": null, "vpt_id": 313, "notes": null, "source": "Barangay Batuhan Health Center", "acq_date": "2026-02-11", "loc_type": "sitio" }, "geometry": { "type": "Point", "coordinates": [ 121.439342113202997, 13.1422774405456 ] } },
{ "type": "Feature", "properties": { "loc_area": "High Town", "vuln_type": "Senior", "dis_type": null, "vpt_id": 314, "notes": null, "source": "Barangay Batuhan Health Center", "acq_date": "2026-02-11", "loc_type": "sitio" }, "geometry": { "type": "Point", "coordinates": [ 121.438668357899004, 13.142351470488901 ] } },
{ "type": "Feature", "properties": { "loc_area": "Proper North", "vuln_type": "Senior", "dis_type": null, "vpt_id": 315, "notes": null, "source": "Barangay Batuhan Health Center", "acq_date": "2026-02-11", "loc_type": "sitio" }, "geometry": { "type": "Point", "coordinates": [ 121.439903041538997, 13.141128773392399 ] } },
{ "type": "Feature", "properties": { "loc_area": "Proper North", "vuln_type": "Senior", "dis_type": null, "vpt_id": 316, "notes": null, "source": "Barangay Batuhan Health Center", "acq_date": "2026-02-11", "loc_type": "sitio" }, "geometry": { "type": "Point", "coordinates": [ 121.440029701363002, 13.1411793237914 ] } },
{ "type": "Feature", "properties": { "loc_area": "Proper North", "vuln_type": "Senior", "dis_type": null, "vpt_id": 317, "notes": null, "source": "Barangay Batuhan Health Center", "acq_date": "2026-02-11", "loc_type": "sitio" }, "geometry": { "type": "Point", "coordinates": [ 121.440100298643003, 13.1409771221331 ] } },
{ "type": "Feature", "properties": { "loc_area": "Proper North", "vuln_type": "Senior", "dis_type": null, "vpt_id": 318, "notes": null, "source": "Barangay Batuhan Health Center", "acq_date": "2026-02-11", "loc_type": "sitio" }, "geometry": { "type": "Point", "coordinates": [ 121.439940416569002, 13.141124729360101 ] } },
{ "type": "Feature", "properties": { "loc_area": "Proper North", "vuln_type": "Senior", "dis_type": null, "vpt_id": 319, "notes": null, "source": "Barangay Batuhan Health Center", "acq_date": "2026-02-11", "loc_type": "sitio" }, "geometry": { "type": "Point", "coordinates": [ 121.440091993080003, 13.1409569019581 ] } },
{ "type": "Feature", "properties": { "loc_area": "Proper North", "vuln_type": "Senior", "dis_type": null, "vpt_id": 320, "notes": null, "source": "Barangay Batuhan Health Center", "acq_date": "2026-02-11", "loc_type": "sitio" }, "geometry": { "type": "Point", "coordinates": [ 121.440083687517998, 13.140958923975701 ] } },
{ "type": "Feature", "properties": { "loc_area": "Proper North", "vuln_type": "Senior", "dis_type": null, "vpt_id": 321, "notes": null, "source": "Barangay Batuhan Health Center", "acq_date": "2026-02-11", "loc_type": "sitio" }, "geometry": { "type": "Point", "coordinates": [ 121.440237340419998, 13.141288512617599 ] } },
{ "type": "Feature", "properties": { "loc_area": "Proper North", "vuln_type": "Senior", "dis_type": null, "vpt_id": 322, "notes": null, "source": "Barangay Batuhan Health Center", "acq_date": "2026-02-11", "loc_type": "sitio" }, "geometry": { "type": "Point", "coordinates": [ 121.440214500124, 13.1412743585133 ] } },
{ "type": "Feature", "properties": { "loc_area": "Proper North", "vuln_type": "Senior", "dis_type": null, "vpt_id": 323, "notes": null, "source": "Barangay Batuhan Health Center", "acq_date": "2026-02-11", "loc_type": "sitio" }, "geometry": { "type": "Point", "coordinates": [ 121.440289250183994, 13.1412136980568 ] } },
{ "type": "Feature", "properties": { "loc_area": "Proper North", "vuln_type": "Senior", "dis_type": null, "vpt_id": 324, "notes": null, "source": "Barangay Batuhan Health Center", "acq_date": "2026-02-11", "loc_type": "sitio" }, "geometry": { "type": "Point", "coordinates": [ 121.440332854386, 13.141161125649001 ] } },
{ "type": "Feature", "properties": { "loc_area": "Proper North", "vuln_type": "Senior", "dis_type": null, "vpt_id": 325, "notes": null, "source": "Barangay Batuhan Health Center", "acq_date": "2026-02-11", "loc_type": "sitio" }, "geometry": { "type": "Point", "coordinates": [ 121.440324548823995, 13.141146971537299 ] } },
{ "type": "Feature", "properties": { "loc_area": "Proper North", "vuln_type": "Senior", "dis_type": null, "vpt_id": 326, "notes": null, "source": "Barangay Batuhan Health Center", "acq_date": "2026-02-11", "loc_type": "sitio" }, "geometry": { "type": "Point", "coordinates": [ 121.440285097403006, 13.141015540461 ] } },
{ "type": "Feature", "properties": { "loc_area": "Proper North", "vuln_type": "Senior", "dis_type": null, "vpt_id": 327, "notes": null, "source": "Barangay Batuhan Health Center", "acq_date": "2026-02-11", "loc_type": "sitio" }, "geometry": { "type": "Point", "coordinates": [ 121.440471972553993, 13.1411146192789 ] } },
{ "type": "Feature", "properties": { "loc_area": "Proper North", "vuln_type": "Senior", "dis_type": null, "vpt_id": 328, "notes": null, "source": "Barangay Batuhan Health Center", "acq_date": "2026-02-11", "loc_type": "sitio" }, "geometry": { "type": "Point", "coordinates": [ 121.440525958709003, 13.141231896195301 ] } },
{ "type": "Feature", "properties": { "loc_area": "Proper North", "vuln_type": "Senior", "dis_type": null, "vpt_id": 329, "notes": null, "source": "Barangay Batuhan Health Center", "acq_date": "2026-02-11", "loc_type": "sitio" }, "geometry": { "type": "Point", "coordinates": [ 121.440384764149996, 13.1410600248331 ] } },
{ "type": "Feature", "properties": { "loc_area": "Proper North", "vuln_type": "Senior", "dis_type": null, "vpt_id": 330, "notes": null, "source": "Barangay Batuhan Health Center", "acq_date": "2026-02-11", "loc_type": "sitio" }, "geometry": { "type": "Point", "coordinates": [ 121.440998337563002, 13.141914325416 ] } },
{ "type": "Feature", "properties": { "loc_area": "Proper North", "vuln_type": "Senior", "dis_type": null, "vpt_id": 331, "notes": null, "source": "Barangay Batuhan Health Center", "acq_date": "2026-02-11", "loc_type": "sitio" }, "geometry": { "type": "Point", "coordinates": [ 121.440998337563002, 13.141853665117599 ] } },
{ "type": "Feature", "properties": { "loc_area": "Proper North", "vuln_type": "Senior", "dis_type": null, "vpt_id": 332, "notes": null, "source": "Barangay Batuhan Health Center", "acq_date": "2026-02-11", "loc_type": "sitio" }, "geometry": { "type": "Point", "coordinates": [ 121.441014948687993, 13.141867819188599 ] } },
{ "type": "Feature", "properties": { "loc_area": "Proper North", "vuln_type": "Senior", "dis_type": null, "vpt_id": 333, "notes": null, "source": "Barangay Batuhan Health Center", "acq_date": "2026-02-11", "loc_type": "sitio" }, "geometry": { "type": "Point", "coordinates": [ 121.440998337563002, 13.1418091808893 ] } },
{ "type": "Feature", "properties": { "loc_area": "Proper North", "vuln_type": "Senior", "dis_type": null, "vpt_id": 334, "notes": null, "source": "Barangay Batuhan Health Center", "acq_date": "2026-02-11", "loc_type": "sitio" }, "geometry": { "type": "Point", "coordinates": [ 121.440985879219994, 13.1417424545318 ] } },
{ "type": "Feature", "properties": { "loc_area": "Proper North", "vuln_type": "Senior", "dis_type": null, "vpt_id": 335, "notes": null, "source": "Barangay Batuhan Health Center", "acq_date": "2026-02-11", "loc_type": "sitio" }, "geometry": { "type": "Point", "coordinates": [ 121.440973420876006, 13.141734366487199 ] } },
{ "type": "Feature", "properties": { "loc_area": "Proper North", "vuln_type": "Senior", "dis_type": "Physical", "vpt_id": 336, "notes": null, "source": "Barangay Batuhan Health Center", "acq_date": "2026-02-11", "loc_type": "sitio" }, "geometry": { "type": "Point", "coordinates": [ 121.440958886141999, 13.1416777501677 ] } },
{ "type": "Feature", "properties": { "loc_area": "Proper North", "vuln_type": "Senior", "dis_type": null, "vpt_id": 337, "notes": null, "source": "Barangay Batuhan Health Center", "acq_date": "2026-02-11", "loc_type": "sitio" }, "geometry": { "type": "Point", "coordinates": [ 121.440917358331006, 13.1413623161486 ] } },
{ "type": "Feature", "properties": { "loc_area": "Proper North", "vuln_type": "Senior", "dis_type": null, "vpt_id": 338, "notes": null, "source": "Barangay Batuhan Health Center", "acq_date": "2026-02-11", "loc_type": "sitio" }, "geometry": { "type": "Point", "coordinates": [ 121.441110462653995, 13.1416251778593 ] } },
{ "type": "Feature", "properties": { "loc_area": "Proper North", "vuln_type": "Senior", "dis_type": null, "vpt_id": 339, "notes": null, "source": "Barangay Batuhan Health Center", "acq_date": "2026-02-11", "loc_type": "sitio" }, "geometry": { "type": "Point", "coordinates": [ 121.440933969455997, 13.1414957690523 ] } },
{ "type": "Feature", "properties": { "loc_area": "Proper North", "vuln_type": "Senior", "dis_type": null, "vpt_id": 340, "notes": null, "source": "Barangay Batuhan Health Center", "acq_date": "2026-02-11", "loc_type": "sitio" }, "geometry": { "type": "Point", "coordinates": [ 121.440903861791995, 13.141349173055699 ] } },
{ "type": "Feature", "properties": { "loc_area": "Proper North", "vuln_type": "Senior", "dis_type": null, "vpt_id": 341, "notes": null, "source": "Barangay Batuhan Health Center", "acq_date": "2026-02-11", "loc_type": "sitio" }, "geometry": { "type": "Point", "coordinates": [ 121.440842608270998, 13.141002397349499 ] } },
{ "type": "Feature", "properties": { "loc_area": "Proper North", "vuln_type": "Senior", "dis_type": null, "vpt_id": 342, "notes": null, "source": "Barangay Batuhan Health Center", "acq_date": "2026-02-11", "loc_type": "sitio" }, "geometry": { "type": "Point", "coordinates": [ 121.440851952027998, 13.140999364323701 ] } },
{ "type": "Feature", "properties": { "loc_area": "Proper North", "vuln_type": "Senior", "dis_type": null, "vpt_id": 343, "notes": null, "source": "Barangay Batuhan Health Center", "acq_date": "2026-02-11", "loc_type": "sitio" }, "geometry": { "type": "Point", "coordinates": [ 121.440346350924997, 13.1416110237744 ] } },
{ "type": "Feature", "properties": { "loc_area": "Proper North", "vuln_type": "Senior", "dis_type": null, "vpt_id": 344, "notes": null, "source": "Barangay Batuhan Health Center", "acq_date": "2026-02-11", "loc_type": "sitio" }, "geometry": { "type": "Point", "coordinates": [ 121.440352580096004, 13.1416231558473 ] } },
{ "type": "Feature", "properties": { "loc_area": "Proper North", "vuln_type": "Senior", "dis_type": null, "vpt_id": 345, "notes": null, "source": "Barangay Batuhan Health Center", "acq_date": "2026-02-11", "loc_type": "sitio" }, "geometry": { "type": "Point", "coordinates": [ 121.440140788259001, 13.141490714019399 ] } },
{ "type": "Feature", "properties": { "loc_area": "Proper North", "vuln_type": "Senior", "dis_type": null, "vpt_id": 346, "notes": null, "source": "Barangay Batuhan Health Center", "acq_date": "2026-02-11", "loc_type": "sitio" }, "geometry": { "type": "Point", "coordinates": [ 121.440123138939001, 13.141462405833201 ] } },
{ "type": "Feature", "properties": { "loc_area": "Proper North", "vuln_type": "Senior", "dis_type": null, "vpt_id": 347, "notes": null, "source": "Barangay Batuhan Health Center", "acq_date": "2026-02-11", "loc_type": "sitio" }, "geometry": { "type": "Point", "coordinates": [ 121.440285097403006, 13.141526099247599 ] } },
{ "type": "Feature", "properties": { "loc_area": "Proper North", "vuln_type": "Senior", "dis_type": null, "vpt_id": 348, "notes": null, "source": "Barangay Batuhan Health Center", "acq_date": "2026-02-11", "loc_type": "sitio" }, "geometry": { "type": "Point", "coordinates": [ 121.440003746480997, 13.1414462297253 ] } },
{ "type": "Feature", "properties": { "loc_area": "Proper North", "vuln_type": "Senior", "dis_type": null, "vpt_id": 349, "notes": null, "source": "Barangay Batuhan Health Center", "acq_date": "2026-02-11", "loc_type": "sitio" }, "geometry": { "type": "Point", "coordinates": [ 121.440036968729999, 13.1413987124022 ] } },
{ "type": "Feature", "properties": { "loc_area": "Proper North", "vuln_type": "Senior", "dis_type": null, "vpt_id": 350, "notes": null, "source": "Barangay Batuhan Health Center", "acq_date": "2026-02-11", "loc_type": "sitio" }, "geometry": { "type": "Point", "coordinates": [ 121.440017243019994, 13.141345129026901 ] } },
{ "type": "Feature", "properties": { "loc_area": "Proper North", "vuln_type": "Senior", "dis_type": null, "vpt_id": 351, "notes": null, "source": "Barangay Batuhan Health Center", "acq_date": "2026-02-11", "loc_type": "sitio" }, "geometry": { "type": "Point", "coordinates": [ 121.439804412987002, 13.1412450392945 ] } },
{ "type": "Feature", "properties": { "loc_area": "Proper North", "vuln_type": "Senior", "dis_type": null, "vpt_id": 352, "notes": null, "source": "Barangay Batuhan Health Center", "acq_date": "2026-02-11", "loc_type": "sitio" }, "geometry": { "type": "Point", "coordinates": [ 121.439687096919997, 13.141186400846401 ] } },
{ "type": "Feature", "properties": { "loc_area": "Proper North", "vuln_type": "Senior", "dis_type": null, "vpt_id": 353, "notes": null, "source": "Barangay Batuhan Health Center", "acq_date": "2026-02-11", "loc_type": "sitio" }, "geometry": { "type": "Point", "coordinates": [ 121.439483610644004, 13.1411631476649 ] } },
{ "type": "Feature", "properties": { "loc_area": "Proper North", "vuln_type": "Senior", "dis_type": null, "vpt_id": 354, "notes": null, "source": "Barangay Batuhan Health Center", "acq_date": "2026-02-11", "loc_type": "sitio" }, "geometry": { "type": "Point", "coordinates": [ 121.439404707801998, 13.141174268752 ] } },
{ "type": "Feature", "properties": { "loc_area": "Proper North", "vuln_type": "Senior", "dis_type": null, "vpt_id": 355, "notes": null, "source": "Barangay Batuhan Health Center", "acq_date": "2026-02-11", "loc_type": "sitio" }, "geometry": { "type": "Point", "coordinates": [ 121.439386020287003, 13.1411014761727 ] } },
{ "type": "Feature", "properties": { "loc_area": "Proper North", "vuln_type": "Senior", "dis_type": null, "vpt_id": 356, "notes": null, "source": "Barangay Batuhan Health Center", "acq_date": "2026-02-11", "loc_type": "sitio" }, "geometry": { "type": "Point", "coordinates": [ 121.438873151817006, 13.140894219405 ] } },
{ "type": "Feature", "properties": { "loc_area": "Pantay", "vuln_type": "Senior", "dis_type": null, "vpt_id": 357, "notes": null, "source": "Barangay Batuhan Health Center", "acq_date": "2026-02-11", "loc_type": "sitio" }, "geometry": { "type": "Point", "coordinates": [ 121.436116743338005, 13.1412015659636 ] } },
{ "type": "Feature", "properties": { "loc_area": "Pantay", "vuln_type": "Senior", "dis_type": null, "vpt_id": 358, "notes": null, "source": "Barangay Batuhan Health Center", "acq_date": "2026-02-11", "loc_type": "sitio" }, "geometry": { "type": "Point", "coordinates": [ 121.436172805883004, 13.1412763805282 ] } },
{ "type": "Feature", "properties": { "loc_area": "Pantay", "vuln_type": "Senior", "dis_type": null, "vpt_id": 359, "notes": null, "source": "Barangay Batuhan Health Center", "acq_date": "2026-02-11", "loc_type": "sitio" }, "geometry": { "type": "Point", "coordinates": [ 121.435992159904004, 13.141288512617599 ] } },
{ "type": "Feature", "properties": { "loc_area": "Pantay", "vuln_type": "Senior", "dis_type": null, "vpt_id": 360, "notes": null, "source": "Barangay Batuhan Health Center", "acq_date": "2026-02-11", "loc_type": "sitio" }, "geometry": { "type": "Point", "coordinates": [ 121.435665128389999, 13.141195499916901 ] } },
{ "type": "Feature", "properties": { "loc_area": "Pantay", "vuln_type": "Senior", "dis_type": null, "vpt_id": 361, "notes": null, "source": "Barangay Batuhan Health Center", "acq_date": "2026-02-11", "loc_type": "sitio" }, "geometry": { "type": "Point", "coordinates": [ 121.435621524187994, 13.141163147658901 ] } },
{ "type": "Feature", "properties": { "loc_area": "Pantay", "vuln_type": "Senior", "dis_type": null, "vpt_id": 362, "notes": null, "source": "Barangay Batuhan Health Center", "acq_date": "2026-02-11", "loc_type": "sitio" }, "geometry": { "type": "Point", "coordinates": [ 121.435440878207999, 13.1412318961889 ] } },
{ "type": "Feature", "properties": { "loc_area": "Pantay", "vuln_type": "Senior", "dis_type": null, "vpt_id": 363, "notes": null, "source": "Barangay Batuhan Health Center", "acq_date": "2026-02-11", "loc_type": "sitio" }, "geometry": { "type": "Point", "coordinates": [ 121.435334982289007, 13.141211676033199 ] } },
{ "type": "Feature", "properties": { "loc_area": "Pantay", "vuln_type": "Senior", "dis_type": null, "vpt_id": 364, "notes": null, "source": "Barangay Batuhan Health Center", "acq_date": "2026-02-11", "loc_type": "sitio" }, "geometry": { "type": "Point", "coordinates": [ 121.435239468323005, 13.1413087327731 ] } },
{ "type": "Feature", "properties": { "loc_area": "Pantay", "vuln_type": "Senior", "dis_type": null, "vpt_id": 365, "notes": null, "source": "Barangay Batuhan Health Center", "acq_date": "2026-02-11", "loc_type": "sitio" }, "geometry": { "type": "Point", "coordinates": [ 121.435083739031001, 13.141419943547699 ] } },
{ "type": "Feature", "properties": { "loc_area": "Pantay", "vuln_type": "Senior", "dis_type": null, "vpt_id": 366, "notes": null, "source": "Barangay Batuhan Health Center", "acq_date": "2026-02-11", "loc_type": "sitio" }, "geometry": { "type": "Point", "coordinates": [ 121.435461642114007, 13.1418647861735 ] } },
{ "type": "Feature", "properties": { "loc_area": "Pantay", "vuln_type": "Senior", "dis_type": null, "vpt_id": 367, "notes": null, "source": "Barangay Batuhan Health Center", "acq_date": "2026-02-11", "loc_type": "sitio" }, "geometry": { "type": "Point", "coordinates": [ 121.435461642114007, 13.141850632102299 ] } },
{ "type": "Feature", "properties": { "loc_area": "Pantay", "vuln_type": "Senior", "dis_type": null, "vpt_id": 368, "notes": null, "source": "Barangay Batuhan Health Center", "acq_date": "2026-02-11", "loc_type": "sitio" }, "geometry": { "type": "Point", "coordinates": [ 121.435366128148004, 13.14258259871 ] } },
{ "type": "Feature", "properties": { "loc_area": "Pantay", "vuln_type": "Senior", "dis_type": null, "vpt_id": 369, "notes": null, "source": "Barangay Batuhan Health Center", "acq_date": "2026-02-11", "loc_type": "sitio" }, "geometry": { "type": "Point", "coordinates": [ 121.434365307893998, 13.142732226974299 ] } },
{ "type": "Feature", "properties": { "loc_area": "Pantay", "vuln_type": "Senior", "dis_type": null, "vpt_id": 370, "notes": null, "source": "Barangay Batuhan Health Center", "acq_date": "2026-02-11", "loc_type": "sitio" }, "geometry": { "type": "Point", "coordinates": [ 121.433264820893001, 13.1461210805238 ] } },
{ "type": "Feature", "properties": { "loc_area": "Pantay", "vuln_type": "Senior", "dis_type": null, "vpt_id": 371, "notes": null, "source": "Barangay Batuhan Health Center", "acq_date": "2026-02-11", "loc_type": "sitio" }, "geometry": { "type": "Point", "coordinates": [ 121.434965384768006, 13.142273231874199 ] } },
{ "type": "Feature", "properties": { "loc_area": "Pantay", "vuln_type": "Senior", "dis_type": null, "vpt_id": 372, "notes": null, "source": "Barangay Batuhan Health Center", "acq_date": "2026-02-11", "loc_type": "sitio" }, "geometry": { "type": "Point", "coordinates": [ 121.434635238667994, 13.1434561029644 ] } },
{ "type": "Feature", "properties": { "loc_area": "Pantay", "vuln_type": "Senior", "dis_type": null, "vpt_id": 373, "notes": null, "source": "Barangay Batuhan Health Center", "acq_date": "2026-02-11", "loc_type": "sitio" }, "geometry": { "type": "Point", "coordinates": [ 121.434639391448997, 13.143415663021299 ] } },
{ "type": "Feature", "properties": { "loc_area": "Pantay", "vuln_type": "Senior", "dis_type": null, "vpt_id": 374, "notes": null, "source": "Barangay Batuhan Health Center", "acq_date": "2026-02-11", "loc_type": "sitio" }, "geometry": { "type": "Point", "coordinates": [ 121.434984072283001, 13.1423763541962 ] } },
{ "type": "Feature", "properties": { "loc_area": "Pantay", "vuln_type": "Senior", "dis_type": null, "vpt_id": 375, "notes": null, "source": "Barangay Batuhan Health Center", "acq_date": "2026-02-11", "loc_type": "sitio" }, "geometry": { "type": "Point", "coordinates": [ 121.435731572888002, 13.142485542489799 ] } },
{ "type": "Feature", "properties": { "loc_area": "Pantay", "vuln_type": "Senior", "dis_type": null, "vpt_id": 376, "notes": null, "source": "Barangay Batuhan Health Center", "acq_date": "2026-02-11", "loc_type": "sitio" }, "geometry": { "type": "Point", "coordinates": [ 121.435675510341994, 13.1424956525145 ] } },
{ "type": "Feature", "properties": { "loc_area": "Pantay", "vuln_type": "Senior", "dis_type": null, "vpt_id": 377, "notes": null, "source": "Barangay Batuhan Health Center", "acq_date": "2026-02-11", "loc_type": "sitio" }, "geometry": { "type": "Point", "coordinates": [ 121.435582072767005, 13.142467344444199 ] } },
{ "type": "Feature", "properties": { "loc_area": "Pantay", "vuln_type": "Senior", "dis_type": null, "vpt_id": 378, "notes": null, "source": "Barangay Batuhan Health Center", "acq_date": "2026-02-11", "loc_type": "sitio" }, "geometry": { "type": "Point", "coordinates": [ 121.435553003299006, 13.1423864642254 ] } },
{ "type": "Feature", "properties": { "loc_area": "Pantay", "vuln_type": "Senior", "dis_type": null, "vpt_id": 379, "notes": null, "source": "Barangay Batuhan Health Center", "acq_date": "2026-02-11", "loc_type": "sitio" }, "geometry": { "type": "Point", "coordinates": [ 121.435521857439994, 13.142598774743 ] } },
{ "type": "Feature", "properties": { "loc_area": "Pantay", "vuln_type": "Senior", "dis_type": null, "vpt_id": 380, "notes": null, "source": "Barangay Batuhan Health Center", "acq_date": "2026-02-11", "loc_type": "sitio" }, "geometry": { "type": "Point", "coordinates": [ 121.435382739272001, 13.1423318700626 ] } },
{ "type": "Feature", "properties": { "loc_area": "Pantay", "vuln_type": "Senior", "dis_type": null, "vpt_id": 381, "notes": null, "source": "Barangay Batuhan Health Center", "acq_date": "2026-02-11", "loc_type": "sitio" }, "geometry": { "type": "Point", "coordinates": [ 121.435436725426996, 13.142346024106001 ] } }
]
}
