{
"type": "FeatureCollection",
"name": "puertogalera_muniwaterLine",
"crs": { "type": "name", "properties": { "name": "urn:ogc:def:crs:OGC:1.3:CRS84" } },
"features": [
{ "type": "Feature", "properties": { "Id": 0, "Area": 13892.7, "MunName": "Puerto Galera", "AreaSqkm": 0.0, "Use": null }, "geometry": { "type": "MultiPolygon", "coordinates": [ [ [ [ 120.938919810868583, 13.579401572331914, 0.0 ], [ 120.979753078616568, 13.576623750511734, 0.0 ], [ 120.988086488532858, 13.578845778613807, 0.0 ], [ 120.996141919260495, 13.567735345258253, 0.0 ], [ 121.006419650768649, 13.55690265144503, 0.0 ], [ 121.031419421482497, 13.519960473926757, 0.0 ], [ 121.037252613891042, 13.502183818631748, 0.0 ], [ 121.041141448254379, 13.491351172356669, 0.0 ], [ 121.043813904825129, 13.482704295198866, 0.0 ], [ 121.021768776968557, 13.463206339456844, 0.0 ], [ 121.02164760106939, 13.463099156835662, 0.0 ], [ 121.017022856888843, 13.459008174543158, 0.0 ], [ 121.016777861195365, 13.458791449062184, 0.0 ], [ 121.006966477094593, 13.450111732657431, 0.0 ], [ 121.006887326601472, 13.450146730404533, 0.0 ], [ 121.006765332586028, 13.450174752604566, 0.0 ], [ 121.006749558337106, 13.450232650357997, 0.0 ], [ 121.006702022391423, 13.450316398707063, 0.0 ], [ 121.006592689716854, 13.450469937270384, 0.0 ], [ 121.006530723554945, 13.450525074279152, 0.0 ], [ 121.006488110636496, 13.450562990896595, 0.0 ], [ 121.006449476936496, 13.450588772857678, 0.0 ], [ 121.00638353155648, 13.450632781092422, 0.0 ], [ 121.00628845966547, 13.450628128413255, 0.0 ], [ 121.006244561064136, 13.45060777578345, 0.0 ], [ 121.006244419261648, 13.450607710039803, 0.0 ], [ 121.00619814136904, 13.450586254297743, 0.0 ], [ 121.006155359018081, 13.450511811406725, 0.0 ], [ 121.006153834612434, 13.450495896262352, 0.0 ], [ 121.006146585425185, 13.45042021308565, 0.0 ], [ 121.006141098234366, 13.450362925555009, 0.0 ], [ 121.006141098234593, 13.450349438722592, 0.0 ], [ 121.006141098234366, 13.450260566477533, 0.0 ], [ 121.006079301504997, 13.450139596601627, 0.0 ], [ 121.006042113199456, 13.450092278026789, 0.0 ], [ 121.006031765559541, 13.45007911164044, 0.0 ], [ 121.005988983208567, 13.450018626663915, 0.0 ], [ 121.005988983208908, 13.449979612351054, 0.0 ], [ 121.005988983208567, 13.449902309357594, 0.0 ], [ 121.005960461641394, 13.449818560861805, 0.0 ], [ 121.005917679290746, 13.449711548851694, 0.0 ], [ 121.005851128966597, 13.449544051695307, 0.0 ], [ 121.00579408583188, 13.449399817937712, 0.0 ], [ 121.005656231590137, 13.449381207123864, 0.0 ], [ 121.005423305456929, 13.449409123344326, 0.0 ], [ 121.005195132918516, 13.449446344965816, 0.0 ], [ 121.004919424434448, 13.449558009796236, 0.0 ], [ 121.004696005490374, 13.449674327271591, 0.0 ], [ 121.004501108113843, 13.44980925547158, 0.0 ], [ 121.004348993088115, 13.449972099748088, 0.0 ], [ 121.004274355098687, 13.450055180442087, 0.0 ], [ 121.004273732929846, 13.450055872987434, 0.0 ], [ 121.004201889235688, 13.450135843182773, 0.0 ], [ 121.004106559766001, 13.450241955731327, 0.0 ], [ 121.003944937551182, 13.450455979223445, 0.0 ], [ 121.003792822525497, 13.45061882305483, 0.0 ], [ 121.003650214689074, 13.450781666774329, 0.0 ], [ 121.003536128419796, 13.4508886783, 0.0 ], [ 121.00351997099358, 13.450892631900262, 0.0 ], [ 121.003441056528814, 13.450911941669169, 0.0 ], [ 121.003345984637562, 13.451037563821187, 0.0 ], [ 121.003212883990173, 13.451181796580393, 0.0 ], [ 121.003094044126101, 13.451363250571458, 0.0 ], [ 121.003068442376048, 13.451399380940719, 0.0 ], [ 121.002889639560522, 13.451651715604449, 0.0 ], [ 121.002713756562358, 13.451907611710361, 0.0 ], [ 121.002542627158391, 13.452228644615007, 0.0 ], [ 121.002400400691727, 13.452526943346154, 0.0 ], [ 121.002399249026666, 13.45252935878997, 0.0 ], [ 121.002342976187265, 13.452647382531666, 0.0 ], [ 121.002276425863215, 13.452791614308765, 0.0 ], [ 121.002205764799555, 13.452880853444469, 0.0 ], [ 121.00212906443231, 13.452977719698209, 0.0 ], [ 121.001934167055651, 13.453298751150601, 0.0 ], [ 121.001701240922557, 13.453819844754474, 0.0 ], [ 121.001553879491311, 13.45414552767364, 0.0 ], [ 121.001316199763792, 13.454703840206205, 0.0 ], [ 121.001225363270251, 13.45493847134744, 0.0 ], [ 121.00122403352735, 13.45494190609965, 0.0 ], [ 121.001068521221342, 13.455343593542755, 0.0 ], [ 121.000957303374989, 13.455630868729152, 0.0 ], [ 121.000922188834579, 13.455745429884884, 0.0 ], [ 121.000903825436168, 13.455805340441239, 0.0 ], [ 121.000885193723661, 13.455812634751798, 0.0 ], [ 121.00081469553858, 13.45584023476812, 0.0 ], [ 121.00077815538009, 13.455843344652587, 0.0 ], [ 121.000769788066151, 13.455844056783201, 0.0 ], [ 121.000678029694996, 13.455851866209338, 0.0 ], [ 121.000565131824501, 13.455904207687695, 0.0 ], [ 121.000501599277285, 13.45593935426532, 0.0 ], [ 121.000430122315052, 13.455978895731224, 0.0 ], [ 121.000428465981045, 13.455979812024562, 0.0 ], [ 121.000327452097039, 13.455973996307195, 0.0 ], [ 121.000226438212508, 13.456003074892456, 0.0 ], [ 121.00015278471426, 13.456097344121879, 0.0 ], [ 121.000149192301123, 13.456101942056485, 0.0 ], [ 121.000144756014606, 13.456116053577315, 0.0 ], [ 121.000125424328317, 13.456177546330245, 0.0 ], [ 121.000024410444084, 13.456194993466998, 0.0 ], [ 120.999992332671155, 13.456200807553948, 0.0 ], [ 120.999990961313074, 13.456201056112171, 0.0 ], [ 120.999863976628035, 13.456224072025266, 0.0 ], [ 120.999739194770868, 13.456241519158354, 0.0 ], [ 120.999697600818763, 13.456200809178666, 0.0 ], [ 120.999614412913957, 13.456200809178828, 0.0 ], [ 120.999516860937575, 13.456189576382624, 0.0 ], [ 120.999513399029624, 13.456189177755007, 0.0 ], [ 120.999453979097879, 13.456119389198708, 0.0 ], [ 120.999394559165864, 13.456154283479258, 0.0 ], [ 120.999311371261243, 13.456183362042641, 0.0 ], [ 120.999234125349759, 13.456241519158358, 0.0 ], [ 120.999085575520226, 13.456218256313797, 0.0 ], [ 120.999032097581122, 13.456194993466983, 0.0 ], [ 120.998913257717504, 13.456171730617791, 0.0 ], [ 120.99881818582638, 13.456212440602267, 0.0 ], [ 120.998746881908005, 13.456224072025247, 0.0 ], [ 120.998687461976161, 13.456189177754986, 0.0 ], [ 120.998633984037653, 13.456299676259938, 0.0 ], [ 120.998521086166761, 13.456549751633473, 0.0 ], [ 120.998414130289575, 13.456794011045139, 0.0 ], [ 120.998289348432422, 13.457073164349842, 0.0 ], [ 120.998194276541426, 13.457299976166999, 0.0 ], [ 120.998093262657449, 13.457584944552085, 0.0 ], [ 120.997962538806959, 13.457928069294555, 0.0 ], [ 120.99795676588279, 13.457944737385816, 0.0 ], [ 120.997843698943399, 13.458271193539304, 0.0 ], [ 120.997730801072748, 13.458556160753927, 0.0 ], [ 120.997552541277088, 13.459102831591402, 0.0 ], [ 120.997540307609015, 13.459142017671258, 0.0 ], [ 120.997494460715302, 13.459288871385665, 0.0 ], [ 120.99749262520335, 13.459294750774015, 0.0 ], [ 120.997487179351879, 13.459312194556468, 0.0 ], [ 120.997440947683799, 13.459473078199901, 0.0 ], [ 120.997433701413001, 13.459498294813571, 0.0 ], [ 120.997433701413016, 13.459591344887539, 0.0 ], [ 120.997433701413001, 13.459649293402856, 0.0 ], [ 120.997433701413001, 13.45964950116503, 0.0 ], [ 120.997368339487934, 13.459666948045436, 0.0 ], [ 120.997360986699277, 13.459672483752742, 0.0 ], [ 120.997311549380697, 13.459709703710214, 0.0 ], [ 120.997291093576578, 13.459725104304626, 0.0 ], [ 120.997212738920382, 13.459749321660357, 0.0 ], [ 120.997178195705928, 13.459759998053148, 0.0 ], [ 120.997111696651828, 13.459743726850434, 0.0 ], [ 120.997083123814619, 13.459736735554712, 0.0 ], [ 120.99705047754297, 13.45975590674556, 0.0 ], [ 120.99703177822677, 13.459766887727406, 0.0 ], [ 120.99700822384726, 13.459780719794423, 0.0 ], [ 120.997007078634198, 13.459781392309093, 0.0 ], [ 120.996964283951002, 13.459806523042857, 0.0 ], [ 120.996768198175829, 13.45977162930161, 0.0 ], [ 120.996710453612536, 13.459743371049875, 0.0 ], [ 120.996625590339136, 13.459701841802602, 0.0 ], [ 120.996536460441334, 13.459643685537944, 0.0 ], [ 120.996423562570612, 13.45964950116505, 0.0 ], [ 120.996251244768246, 13.459597160516084, 0.0 ], [ 120.996031391020097, 13.459539004225247, 0.0 ], [ 120.995817479265042, 13.459434322866763, 0.0 ], [ 120.995698639401482, 13.459288932013752, 0.0 ], [ 120.99563921946968, 13.459201697459108, 0.0 ], [ 120.995496611632916, 13.459172619266971, 0.0 ], [ 120.995324293830322, 13.459259853832478, 0.0 ], [ 120.995151976028083, 13.459405244703222, 0.0 ], [ 120.994967774239072, 13.459544819855187, 0.0 ], [ 120.994842992381905, 13.459597160516079, 0.0 ], [ 120.994569660695333, 13.459608791772403, 0.0 ], [ 120.994409226878943, 13.459661132418836, 0.0 ], [ 120.994254735056188, 13.459643685537944, 0.0 ], [ 120.994082417253694, 13.459678579298339, 0.0 ], [ 120.993969519383072, 13.459678579298318, 0.0 ], [ 120.993815027560345, 13.459713473053798, 0.0 ], [ 120.993702129689623, 13.459754182428702, 0.0 ], [ 120.993624883778011, 13.459905388616356, 0.0 ], [ 120.993597050170479, 13.459970768563325, 0.0 ], [ 120.993535753880124, 13.460114750870272, 0.0 ], [ 120.993416914016308, 13.460411347079191, 0.0 ], [ 120.993304016145657, 13.460696311714177, 0.0 ], [ 120.993230175419072, 13.460905894785089, 0.0 ], [ 120.99318517628204, 13.461033616347834, 0.0 ], [ 120.993096046384039, 13.461231346426795, 0.0 ], [ 120.993012858479347, 13.46147560100176, 0.0 ], [ 120.992960554886395, 13.461646237230589, 0.0 ], [ 120.992958548459598, 13.461652783029148, 0.0 ], [ 120.992941554561185, 13.461708224171492, 0.0 ], [ 120.992888076622307, 13.461888506970874, 0.0 ], [ 120.992859149456535, 13.462092351227168, 0.0 ], [ 120.992858366656264, 13.462097867468531, 0.0 ], [ 120.992828716703229, 13.462252635939258, 0.0 ], [ 120.99282271469734, 13.462283965532972, 0.0 ], [ 120.99279773828404, 13.462313842724305, 0.0 ], [ 120.99276923675869, 13.462347936708467, 0.0 ], [ 120.992697932840201, 13.462365383389919, 0.0 ], [ 120.992662280881092, 13.462435170102323, 0.0 ], [ 120.992573150983276, 13.46257474346501, 0.0 ], [ 120.992418659160407, 13.462650345668957, 0.0 ], [ 120.992335471255515, 13.462650345668928, 0.0 ], [ 120.992322863315749, 13.462646820053596, 0.0 ], [ 120.992310920821978, 13.462643480519764, 0.0 ], [ 120.992252283351164, 13.462627083454743, 0.0 ], [ 120.992175037439438, 13.462627083454704, 0.0 ], [ 120.992103733521049, 13.462685238985634, 0.0 ], [ 120.992014603623488, 13.462656161221986, 0.0 ], [ 120.991967067678146, 13.462638714562003, 0.0 ], [ 120.991939004652195, 13.462631848094079, 0.0 ], [ 120.991919531732364, 13.462627083454896, 0.0 ], [ 120.991883879773255, 13.462592190129737, 0.0 ], [ 120.991812575854993, 13.462638714561995, 0.0 ], [ 120.991741271936476, 13.46262708345472, 0.0 ], [ 120.991687793997954, 13.462586374575077, 0.0 ], [ 120.991634316059375, 13.462534034576098, 0.0 ], [ 120.991563012140887, 13.462557296799186, 0.0 ], [ 120.991525623407696, 13.462581692232058, 0.0 ], [ 120.991509534202578, 13.462592190129737, 0.0 ], [ 120.991444172277042, 13.46255148124351, 0.0 ], [ 120.991390694338392, 13.462446801219039, 0.0 ], [ 120.991271854474576, 13.462411907866958, 0.0 ], [ 120.991081710692583, 13.462388645629689, 0.0 ], [ 120.990939102855904, 13.46236538338991, 0.0 ], [ 120.990737075087424, 13.46237701450999, 0.0 ], [ 120.990535047318971, 13.46242353898513, 0.0 ], [ 120.990243889652433, 13.462644530115561, 0.0 ], [ 120.989988383945402, 13.462894598777524, 0.0 ], [ 120.989744762224746, 13.463191191498201, 0.0 ], [ 120.989631864353797, 13.463365657630783, 0.0 ], [ 120.989524908476596, 13.463545939165913, 0.0 ], [ 120.989412010605975, 13.463697142927755, 0.0 ], [ 120.989251576790025, 13.463999550161757, 0.0 ], [ 120.989174330878313, 13.46420309327427, 0.0 ], [ 120.989120852939763, 13.464418267231517, 0.0 ], [ 120.989062952085192, 13.464690275179084, 0.0 ], [ 120.98906019721187, 13.464712227772578, 0.0 ], [ 120.989037665034857, 13.464982370999115, 0.0 ], [ 120.989019839055459, 13.465261514633712, 0.0 ], [ 120.989028029014875, 13.465445873223437, 0.0 ], [ 120.989028152700271, 13.465448657423021, 0.0 ], [ 120.989031723041876, 13.465529026973984, 0.0 ], [ 120.989037665034886, 13.465750015200619, 0.0 ], [ 120.989091142973763, 13.465982634163311, 0.0 ], [ 120.98912859588016, 13.466092600415811, 0.0 ], [ 120.989138678919076, 13.466122205430915, 0.0 ], [ 120.989198098851148, 13.466168729168475, 0.0 ], [ 120.989293170742158, 13.46622106836228, 0.0 ], [ 120.98938824263324, 13.466250145687196, 0.0 ], [ 120.989483314524264, 13.466267592080511, 0.0 ], [ 120.989537491730303, 13.466272563053147, 0.0 ], [ 120.989541706592377, 13.466272949782487, 0.0 ], [ 120.989673458306228, 13.466285038472241, 0.0 ], [ 120.989768530197352, 13.466308300325972, 0.0 ], [ 120.989833892122547, 13.466366454950895, 0.0 ], [ 120.989893312054392, 13.466430425021784, 0.0 ], [ 120.989934893641362, 13.466480164716758, 0.0 ], [ 120.989946789993169, 13.466494395074879, 0.0 ], [ 120.989950582401306, 13.466564916385053, 0.0 ], [ 120.989952731986364, 13.466604888762634, 0.0 ], [ 120.989967648136059, 13.466636518851075, 0.0 ], [ 120.989988383945402, 13.466680489676968, 0.0 ], [ 120.990033239727069, 13.466712417343526, 0.0 ], [ 120.990053745870568, 13.466727013304777, 0.0 ], [ 120.990125049788844, 13.466767721471337, 0.0 ], [ 120.990160048009884, 13.46679816848714, 0.0 ], [ 120.990178527727494, 13.466814245081746, 0.0 ], [ 120.990136933775261, 13.466884030480212, 0.0 ], [ 120.990053745870696, 13.466930554067861, 0.0 ], [ 120.990006209925014, 13.466913107723734, 0.0 ], [ 120.989994325938824, 13.466849137783642, 0.0 ], [ 120.989917080027112, 13.46687239958197, 0.0 ], [ 120.989905196040695, 13.46694218496355, 0.0 ], [ 120.989933717607983, 13.466977077646087, 0.0 ], [ 120.98981250094711, 13.467053841530571, 0.0 ], [ 120.989519393457826, 13.467124094203768, 0.0 ], [ 120.989463111747483, 13.467137583921396, 0.0 ], [ 120.989334764694362, 13.467179455105558, 0.0 ], [ 120.989170765682388, 13.467207369224578, 0.0 ], [ 120.989035288237801, 13.467277154506885, 0.0 ], [ 120.988914071576914, 13.467367875343045, 0.0 ], [ 120.988835637266675, 13.467430682055571, 0.0 ], [ 120.988842031043546, 13.467439025517477, 0.0 ], [ 120.98887841961745, 13.467486510230195, 0.0 ], [ 120.988878419617677, 13.467486763836581, 0.0 ], [ 120.988878419617677, 13.467549316911134, 0.0 ], [ 120.988799985307438, 13.467528381352752, 0.0 ], [ 120.988650247079036, 13.467584209504521, 0.0 ], [ 120.988527496774424, 13.46767273059341, 0.0 ], [ 120.988514769634094, 13.467681908738063, 0.0 ], [ 120.988503738786449, 13.467690113615909, 0.0 ], [ 120.988336509838405, 13.467814500490929, 0.0 ], [ 120.988254792501152, 13.467820898632503, 0.0 ], [ 120.988232836868292, 13.467822617669903, 0.0 ], [ 120.988158250042844, 13.467828457513129, 0.0 ], [ 120.987951468679967, 13.46798896320986, 0.0 ], [ 120.987766078492228, 13.468149468797728, 0.0 ], [ 120.987602079480084, 13.468233210800037, 0.0 ], [ 120.987416689292772, 13.468184361302255, 0.0 ], [ 120.987231299105133, 13.468282060287665, 0.0 ], [ 120.987152864795121, 13.468386737727375, 0.0 ], [ 120.987060169701323, 13.468505372102918, 0.0 ], [ 120.986938953040294, 13.468658898853532, 0.0 ], [ 120.98674643246089, 13.468735662191413, 0.0 ], [ 120.98637565208594, 13.468993865963069, 0.0 ], [ 120.986276589712361, 13.469258518454676, 0.0 ], [ 120.986275334396581, 13.469261872119711, 0.0 ], [ 120.986111827588061, 13.469698691037834, 0.0 ], [ 120.986053001855325, 13.469970269115359, 0.0 ], [ 120.986055600862173, 13.470092363007685, 0.0 ], [ 120.986055972852114, 13.470109838027151, 0.0 ], [ 120.986092831600217, 13.470201223675726, 0.0 ], [ 120.98610053780078, 13.470220330023853, 0.0 ], [ 120.986128459138072, 13.470291378449643, 0.0 ], [ 120.986130247766837, 13.470295929781408, 0.0 ], [ 120.986170749348503, 13.470318878364701, 0.0 ], [ 120.986186696702148, 13.470327914286946, 0.0 ], [ 120.986225291021256, 13.470318920991584, 0.0 ], [ 120.986249087630881, 13.470313375875968, 0.0 ], [ 120.986278797596569, 13.470319191240339, 0.0 ], [ 120.986287289432084, 13.470335812974513, 0.0 ], [ 120.986287710586581, 13.470336637333073, 0.0 ], [ 120.98628813731456, 13.470336776544354, 0.0 ], [ 120.986314449555834, 13.470345360378978, 0.0 ], [ 120.986307903979323, 13.4703592402279, 0.0 ], [ 120.986296623576209, 13.470383160240708, 0.0 ], [ 120.986299594572642, 13.470435498500816, 0.0 ], [ 120.986308540656651, 13.470476357173723, 0.0 ], [ 120.98631533213495, 13.470507375301334, 0.0 ], [ 120.986317420552609, 13.470516913549039, 0.0 ], [ 120.986344159521664, 13.470551805704032, 0.0 ], [ 120.986338217528441, 13.470604143926831, 0.0 ], [ 120.986337994713239, 13.4706042841125, 0.0 ], [ 120.986296623576209, 13.470630313033734, 0.0 ], [ 120.986265386378122, 13.470651477895039, 0.0 ], [ 120.986258000620523, 13.470656482137713, 0.0 ], [ 120.986250875105156, 13.470656892352926, 0.0 ], [ 120.986218424498702, 13.470658760530354, 0.0 ], [ 120.986207493678435, 13.470659389816129, 0.0 ], [ 120.986162928729641, 13.470662297494149, 0.0 ], [ 120.986135857265836, 13.470684608659479, 0.0 ], [ 120.986132713719599, 13.47068719943827, 0.0 ], [ 120.98612301525749, 13.470695192503531, 0.0 ], [ 120.986113358735551, 13.470703151003322, 0.0 ], [ 120.986106479794202, 13.470708820337459, 0.0 ], [ 120.98610413351696, 13.470709718878986, 0.0 ], [ 120.986038146872474, 13.470734989432962, 0.0 ], [ 120.986033479144226, 13.470734010522861, 0.0 ], [ 120.985977073603067, 13.470722181223895, 0.0 ], [ 120.98595495896781, 13.470717543369517, 0.0 ], [ 120.985917585134288, 13.470738444685791, 0.0 ], [ 120.985913365015449, 13.470740804787056, 0.0 ], [ 120.985901716974055, 13.470742433329345, 0.0 ], [ 120.985882304657252, 13.47074514741464, 0.0 ], [ 120.985788583158637, 13.470758250848709, 0.0 ], [ 120.985782694024678, 13.470762250096239, 0.0 ], [ 120.985729944428499, 13.470798071773576, 0.0 ], [ 120.985643004325297, 13.470857111839738, 0.0 ], [ 120.985612442870433, 13.470868078875952, 0.0 ], [ 120.98555387442741, 13.470889096269456, 0.0 ], [ 120.985521178858008, 13.47091012400114, 0.0 ], [ 120.985481255287937, 13.470935800324634, 0.0 ], [ 120.985449889546672, 13.470955972789762, 0.0 ], [ 120.985423524791599, 13.470987730117887, 0.0 ], [ 120.985411266590958, 13.471002495575354, 0.0 ], [ 120.985403134413573, 13.47100007331654, 0.0 ], [ 120.985342933669003, 13.470982141857739, 0.0 ], [ 120.985331895677874, 13.470982972837657, 0.0 ], [ 120.98527769660916, 13.470987053137087, 0.0 ], [ 120.985265687757888, 13.470987957205926, 0.0 ], [ 120.985252744447052, 13.471011180848677, 0.0 ], [ 120.985230035798381, 13.471051926025172, 0.0 ], [ 120.985214702175654, 13.471064431694913, 0.0 ], [ 120.985140905900622, 13.471124617844296, 0.0 ], [ 120.985078514971988, 13.471159509909358, 0.0 ], [ 120.984965617101565, 13.471136248533247, 0.0 ], [ 120.984909168166254, 13.471083910428392, 0.0 ], [ 120.984907465720781, 13.47108440410563, 0.0 ], [ 120.984828951258109, 13.471107171809649, 0.0 ], [ 120.984751705346767, 13.471139156205192, 0.0 ], [ 120.984713082390826, 13.471168232924775, 0.0 ], [ 120.984718361576157, 13.471185455133247, 0.0 ], [ 120.98472199538071, 13.471197309641065, 0.0 ], [ 120.984712958125996, 13.471214998901248, 0.0 ], [ 120.98470119840465, 13.471238017037098, 0.0 ], [ 120.984644749469339, 13.471243832379065, 0.0 ], [ 120.984620981496832, 13.47121184799755, 0.0 ], [ 120.984623952493166, 13.471185678954779, 0.0 ], [ 120.984616409472338, 13.471181249607266, 0.0 ], [ 120.984609097510116, 13.471176955939963, 0.0 ], [ 120.984601667746574, 13.471147870326204, 0.0 ], [ 120.984597213523671, 13.47113043318878, 0.0 ], [ 120.984546706581554, 13.471147879221478, 0.0 ], [ 120.984466489673423, 13.471185678954779, 0.0 ], [ 120.984374388779202, 13.471136248533242, 0.0 ], [ 120.984383301769071, 13.471092633446615, 0.0 ], [ 120.984270403898449, 13.471153694565446, 0.0 ], [ 120.98412185406859, 13.471174048268507, 0.0 ], [ 120.984026782177239, 13.471110079482115, 0.0 ], [ 120.983884174340801, 13.471014126270354, 0.0 ], [ 120.98374156650425, 13.47099086488004, 0.0 ], [ 120.983578161691639, 13.471008310923033, 0.0 ], [ 120.983361278940151, 13.47107809508268, 0.0 ], [ 120.98317410615482, 13.471185678954798, 0.0 ], [ 120.983055266290876, 13.471267093744553, 0.0 ], [ 120.982972078386325, 13.471363046853465, 0.0 ], [ 120.982879977491763, 13.471325247148588, 0.0 ], [ 120.982770050617546, 13.471290355107657, 0.0 ], [ 120.98261258779803, 13.4712176633399, 0.0 ], [ 120.982496718931259, 13.471168232924766, 0.0 ], [ 120.982363024084194, 13.471115894826964, 0.0 ], [ 120.98228874916947, 13.471063556717629, 0.0 ], [ 120.982190706281699, 13.470958880464028, 0.0 ], [ 120.982187735285038, 13.470865834866498, 0.0 ], [ 120.982178822295282, 13.470813496701759, 0.0 ], [ 120.982146141332805, 13.47081640437804, 0.0 ], [ 120.982062953428226, 13.470860019515477, 0.0 ], [ 120.982006504492688, 13.470828035082038, 0.0 ], [ 120.982012446485925, 13.470772789232358, 0.0 ], [ 120.981920345591547, 13.470807681349493, 0.0 ], [ 120.981828244696999, 13.470793142967922, 0.0 ], [ 120.981765853768465, 13.470714635692463, 0.0 ], [ 120.981736143802436, 13.470621589998421, 0.0 ], [ 120.981670781877483, 13.470650666781697, 0.0 ], [ 120.981611935697998, 13.470639148373792, 0.0 ], [ 120.981611361945411, 13.470639036069011, 0.0 ], [ 120.98159756398195, 13.470622596537661, 0.0 ], [ 120.981543029023939, 13.470557621062506, 0.0 ], [ 120.981397450190798, 13.470415144734313, 0.0 ], [ 120.981260784347256, 13.470258129905805, 0.0 ], [ 120.981026075616327, 13.470051684323787, 0.0 ], [ 120.98083296083756, 13.469920838439242, 0.0 ], [ 120.980797006651628, 13.469902711283869, 0.0 ], [ 120.980785597861669, 13.469896959270393, 0.0 ], [ 120.980636875062601, 13.469821977056165, 0.0 ], [ 120.980411079321044, 13.469804530925236, 0.0 ], [ 120.980188254576447, 13.469798715548238, 0.0 ], [ 120.980078327702358, 13.469830700120959, 0.0 ], [ 120.979956516842208, 13.469897576941117, 0.0 ], [ 120.979911951893087, 13.469941192248363, 0.0 ], [ 120.979855502958046, 13.469915023064736, 0.0 ], [ 120.979739634090606, 13.469894669253671, 0.0 ], [ 120.979597026254268, 13.46982197705616, 0.0 ], [ 120.979463236632142, 13.469730889225422, 0.0 ], [ 120.97946036041084, 13.469728931010655, 0.0 ], [ 120.97943414847316, 13.469694726467603, 0.0 ], [ 120.979389056492337, 13.469635884928516, 0.0 ], [ 120.979353404533057, 13.469569008034455, 0.0 ], [ 120.979337128307975, 13.469455226455999, 0.0 ], [ 120.979332607557026, 13.469423623416697, 0.0 ], [ 120.979417417874799, 13.469263341214724, 0.0 ], [ 120.979418766458579, 13.469260792538302, 0.0 ], [ 120.979418766458735, 13.469229107193268, 0.0 ], [ 120.979418766458579, 13.469147392396241, 0.0 ], [ 120.979433621441459, 13.46910086924505, 0.0 ], [ 120.979403911475401, 13.468911868849796, 0.0 ], [ 120.979413456666961, 13.468884777536577, 0.0 ], [ 120.979433621441459, 13.468827545547846, 0.0 ], [ 120.979121666798846, 13.468597837089709, 0.0 ], [ 120.978806741159715, 13.468423374820388, 0.0 ], [ 120.978506670503748, 13.468251820129934, 0.0 ], [ 120.978498323172744, 13.468179928388485, 0.0 ], [ 120.978494437613207, 13.468146463844283, 0.0 ], [ 120.97849181552067, 13.468123880957618, 0.0 ], [ 120.97848726233498, 13.468122344339793, 0.0 ], [ 120.978387390799782, 13.468088639476539, 0.0 ], [ 120.978319497718203, 13.468065726765381, 0.0 ], [ 120.978315144361801, 13.468064424908475, 0.0 ], [ 120.978212541840776, 13.468033741953624, 0.0 ], [ 120.977962978126712, 13.467926156645829, 0.0 ], [ 120.977757979361726, 13.467888356390977, 0.0 ], [ 120.97750841564789, 13.467879633254478, 0.0 ], [ 120.977428198739517, 13.467949418337918, 0.0 ], [ 120.977365807810983, 13.467943602915364, 0.0 ], [ 120.977276677913096, 13.467911618087054, 0.0 ], [ 120.977223199974333, 13.467888356390995, 0.0 ], [ 120.977163780042702, 13.467923248934293, 0.0 ], [ 120.977086534131317, 13.467911618087047, 0.0 ], [ 120.976899361345801, 13.46786800240498, 0.0 ], [ 120.976694362580631, 13.467902894951198, 0.0 ], [ 120.976602261686011, 13.467952326049332, 0.0 ], [ 120.976489363815389, 13.467821479002017, 0.0 ], [ 120.976308133023508, 13.467719709026346, 0.0 ], [ 120.975963497418093, 13.467772047876334, 0.0 ], [ 120.975746614666718, 13.467870910117455, 0.0 ], [ 120.975716904701002, 13.46789998723926, 0.0 ], [ 120.975544586898081, 13.468057003635598, 0.0 ], [ 120.975502992945863, 13.468109342410873, 0.0 ], [ 120.975390095075227, 13.468208204510702, 0.0 ], [ 120.975286110194247, 13.468266358667755, 0.0 ], [ 120.97517915431682, 13.468292528033821, 0.0 ], [ 120.974938503592966, 13.46842046711482, 0.0 ], [ 120.974736475824443, 13.468545498422449, 0.0 ], [ 120.974584954998164, 13.468699606687268, 0.0 ], [ 120.974350246266923, 13.468929315046397, 0.0 ], [ 120.974204667433682, 13.469086330758541, 0.0 ], [ 120.974103653549477, 13.469231715583932, 0.0 ], [ 120.97408230225733, 13.469273972693042, 0.0 ], [ 120.97406646790364, 13.469305311016988, 0.0 ], [ 120.973969958702583, 13.469496315736617, 0.0 ], [ 120.9738748868117, 13.469664961833127, 0.0 ], [ 120.973809524886505, 13.469787084793209, 0.0 ], [ 120.97372633698194, 13.469958638369013, 0.0 ], [ 120.973663946053662, 13.470063315065822, 0.0 ], [ 120.973598584128368, 13.470199976238849, 0.0 ], [ 120.973509454230566, 13.470464575307066, 0.0 ], [ 120.973505150886581, 13.470479737186141, 0.0 ], [ 120.973464889281672, 13.470621589998448, 0.0 ], [ 120.973441121308852, 13.470697189627401, 0.0 ], [ 120.973366846393901, 13.470839665785558, 0.0 ], [ 120.973304455465367, 13.470993772553989, 0.0 ], [ 120.973284046220115, 13.471085654086551, 0.0 ], [ 120.97327474549958, 13.471127525516456, 0.0 ], [ 120.973258875695592, 13.471207572728497, 0.0 ], [ 120.973236122543867, 13.471322339478721, 0.0 ], [ 120.973224238557464, 13.471447369250329, 0.0 ], [ 120.973197499587968, 13.471522968615151, 0.0 ], [ 120.973191557594774, 13.471647998280526, 0.0 ], [ 120.973173731615361, 13.471857350130351, 0.0 ], [ 120.973135108659463, 13.471979471956983, 0.0 ], [ 120.973110882719993, 13.472051995102865, 0.0 ], [ 120.973110514798847, 13.472053096501472, 0.0 ], [ 120.973108250800124, 13.472059874055439, 0.0 ], [ 120.97309841879553, 13.472089307291041, 0.0 ], [ 120.973034094775358, 13.472281868589546, 0.0 ], [ 120.972950906870778, 13.47249412753288, 0.0 ], [ 120.972864747969425, 13.472747093421699, 0.0 ], [ 120.972846921989785, 13.472889568343323, 0.0 ], [ 120.97284421409914, 13.472939321518375, 0.0 ], [ 120.972839904175885, 13.47301850946296, 0.0 ], [ 120.972748635160769, 13.473141328524546, 0.0 ], [ 120.972666583092177, 13.473205570525081, 0.0 ], [ 120.972606027323991, 13.4732529821613, 0.0 ], [ 120.972419098480032, 13.473322807883029, 0.0 ], [ 120.972350765558431, 13.473407129579998, 0.0 ], [ 120.972218322278763, 13.473718215214454, 0.0 ], [ 120.972172505762771, 13.473825829975242, 0.0 ], [ 120.972157153728986, 13.473885928548267, 0.0 ], [ 120.972156148267743, 13.473889864624999, 0.0 ], [ 120.972127940813849, 13.474000288254341, 0.0 ], [ 120.972117253671854, 13.47402120670427, 0.0 ], [ 120.972000187960347, 13.474250344895891, 0.0 ], [ 120.971973626163077, 13.474298176277232, 0.0 ], [ 120.971972868827152, 13.474299540055995, 0.0 ], [ 120.971925913045297, 13.474384096014171, 0.0 ], [ 120.971833812151075, 13.474622521732782, 0.0 ], [ 120.971747653249736, 13.474849316705313, 0.0 ], [ 120.971700117304309, 13.475020866603298, 0.0 ], [ 120.97169853297089, 13.475035209094408, 0.0 ], [ 120.971688233317877, 13.475128448679717, 0.0 ], [ 120.971670407338266, 13.475206954487946, 0.0 ], [ 120.971634755379114, 13.475329074582257, 0.0 ], [ 120.971584248437253, 13.475494808895283, 0.0 ], [ 120.971521857508364, 13.475672173557617, 0.0 ], [ 120.971444611596795, 13.475829184786747, 0.0 ], [ 120.971391133658145, 13.475971657848685, 0.0 ], [ 120.971379810614962, 13.476004348196337, 0.0 ], [ 120.9713317137264, 13.476143206931528, 0.0 ], [ 120.971305568956268, 13.47628335371707, 0.0 ], [ 120.971234265038007, 13.476534570983286, 0.0 ], [ 120.971215250659839, 13.476762527160266, 0.0 ], [ 120.971257018410483, 13.476803403686242, 0.0 ], [ 120.97126754019996, 13.476813700965346, 0.0 ], [ 120.971338844118122, 13.476818353128973, 0.0 ], [ 120.971350821751798, 13.476838866728849, 0.0 ], [ 120.971357858496617, 13.476850918271408, 0.0 ], [ 120.97126754019996, 13.476888135571542, 0.0 ], [ 120.971129685958005, 13.47693930934947, 0.0 ], [ 120.971082150012293, 13.476995135276828, 0.0 ], [ 120.971039367661319, 13.477190525917724, 0.0 ], [ 120.971006092499493, 13.477353351328484, 0.0 ], [ 120.970968063743044, 13.4775161766268, 0.0 ], [ 120.970982324526844, 13.477697610398252, 0.0 ], [ 120.971001338905012, 13.477841826886641, 0.0 ], [ 120.971063135634182, 13.477939521877049, 0.0 ], [ 120.97115345393081, 13.477990695427275, 0.0 ], [ 120.971239018632701, 13.478023260407788, 0.0 ], [ 120.971310322550963, 13.478111651047124, 0.0 ], [ 120.971343456134164, 13.478195033228488, 0.0 ], [ 120.971361300536842, 13.478199387590847, 0.0 ], [ 120.971370545736846, 13.478201475562072, 0.0 ], [ 120.971385514736752, 13.478204856218063, 0.0 ], [ 120.971391814455941, 13.478206278970461, 0.0 ], [ 120.971405394441945, 13.478209345925853, 0.0 ], [ 120.971421309546031, 13.478209345926228, 0.0 ], [ 120.971452930387372, 13.478209345925855, 0.0 ], [ 120.971513662116436, 13.47822066697484, 0.0 ], [ 120.971552755872949, 13.47822795446967, 0.0 ], [ 120.971599873444802, 13.478258695742845, 0.0 ], [ 120.971624059791793, 13.478274475822513, 0.0 ], [ 120.971681102925913, 13.478334953567645, 0.0 ], [ 120.971692128990398, 13.478351139652085, 0.0 ], [ 120.971719131682548, 13.478390779164897, 0.0 ], [ 120.971719564969263, 13.478400956087874, 0.0 ], [ 120.971723885277143, 13.478502430319564, 0.0 ], [ 120.971704121484663, 13.478532322404968, 0.0 ], [ 120.971671595737121, 13.47858151652202, 0.0 ], [ 120.971600291818604, 13.478628037805235, 0.0 ], [ 120.971486205549454, 13.478641994188472, 0.0 ], [ 120.971381626469451, 13.478641994188493, 0.0 ], [ 120.971243772227368, 13.47867455907933, 0.0 ], [ 120.971143946741691, 13.478655950570666, 0.0 ], [ 120.971081977257214, 13.478618046365927, 0.0 ], [ 120.971067889228848, 13.478609429293012, 0.0 ], [ 120.97103930374783, 13.478601436345727, 0.0 ], [ 120.970934788581289, 13.478572212264417, 0.0 ], [ 120.970815948717373, 13.478544299488835, 0.0 ], [ 120.970802720693897, 13.478527038590016, 0.0 ], [ 120.970730384015511, 13.47843264835412, 0.0 ], [ 120.970652572029053, 13.478440664263145, 0.0 ], [ 120.970640065719053, 13.478441952617269, 0.0 ], [ 120.970638567123842, 13.478441114555171, 0.0 ], [ 120.970540240233603, 13.478386127032364, 0.0 ], [ 120.970502525412826, 13.478397414456198, 0.0 ], [ 120.970485639960316, 13.478402467992968, 0.0 ], [ 120.970443276487217, 13.478415146678627, 0.0 ], [ 120.970409169463338, 13.478417817002825, 0.0 ], [ 120.970300668650907, 13.478426311795287, 0.0 ], [ 120.970209399635436, 13.478420729237214, 0.0 ], [ 120.970196961134889, 13.478415319011361, 0.0 ], [ 120.970151023666517, 13.478395338138926, 0.0 ], [ 120.97010672199292, 13.478376068765973, 0.0 ], [ 120.970035089386229, 13.478367519544019, 0.0 ], [ 120.96987284514104, 13.478348155967534, 0.0 ], [ 120.969819078306273, 13.478432346720933, 0.0 ], [ 120.969815802006437, 13.478437476911571, 0.0 ], [ 120.969814775137039, 13.478437568270861, 0.0 ], [ 120.969753054558183, 13.478443059469271, 0.0 ], [ 120.969707420050653, 13.47854354548879, 0.0 ], [ 120.969644672602499, 13.478638448911855, 0.0 ], [ 120.969536290646602, 13.478621701251708, 0.0 ], [ 120.969419885733387, 13.478576133164461, 0.0 ], [ 120.96941746922495, 13.478575187192797, 0.0 ], [ 120.96939368281005, 13.478565875709313, 0.0 ], [ 120.969303524003863, 13.478493212101721, 0.0 ], [ 120.969296709481441, 13.478487719927733, 0.0 ], [ 120.969255853598526, 13.478516799073029, 0.0 ], [ 120.969233962033158, 13.478532380377432, 0.0 ], [ 120.969205440466027, 13.478526797821729, 0.0 ], [ 120.969209691894889, 13.478550375020932, 0.0 ], [ 120.969222553406325, 13.478621701251722, 0.0 ], [ 120.96921599128359, 13.478630531574145, 0.0 ], [ 120.969176918898484, 13.478683109333362, 0.0 ], [ 120.96915410164479, 13.47875568249987, 0.0 ], [ 120.969102762823468, 13.478755682499868, 0.0 ], [ 120.969045675312358, 13.478730287528723, 0.0 ], [ 120.969040015375413, 13.47872776974614, 0.0 ], [ 120.969040985873789, 13.478721329034737, 0.0 ], [ 120.969047621126833, 13.478677294174719, 0.0 ], [ 120.969035737140416, 13.478649381411573, 0.0 ], [ 120.968992954789329, 13.478644729284166, 0.0 ], [ 120.968947795641256, 13.478642403220366, 0.0 ], [ 120.968912143681791, 13.478654033539348, 0.0 ], [ 120.968904221063681, 13.478668130824266, 0.0 ], [ 120.968885998912029, 13.4787005548081, 0.0 ], [ 120.968847970155352, 13.478698228744854, 0.0 ], [ 120.968798057412641, 13.478693576618536, 0.0 ], [ 120.968791366356427, 13.478705581710393, 0.0 ], [ 120.968783796629154, 13.478719163313093, 0.0 ], [ 120.96883370937168, 13.478730793627918, 0.0 ], [ 120.968837454897212, 13.478731200914034, 0.0 ], [ 120.968876491722881, 13.478735445753735, 0.0 ], [ 120.968914520479416, 13.478726141501923, 0.0 ], [ 120.968973940411161, 13.478742423942233, 0.0 ], [ 120.969019099559546, 13.478781967006704, 0.0 ], [ 120.968997942120055, 13.478827979923903, 0.0 ], [ 120.968997708383753, 13.478828488250279, 0.0 ], [ 120.968998782167006, 13.478828371487847, 0.0 ], [ 120.969019099559546, 13.478826162188403, 0.0 ], [ 120.969054751518797, 13.478805227629611, 0.0 ], [ 120.969095157072033, 13.478819184002422, 0.0 ], [ 120.969105090205616, 13.478856124180252, 0.0 ], [ 120.969105122622295, 13.478856244734297, 0.0 ], [ 120.96910704105845, 13.478863379177023, 0.0 ], [ 120.969104144133098, 13.478893147589815, 0.0 ], [ 120.969102287464125, 13.478912226466104, 0.0 ], [ 120.969073765896724, 13.478928508893382, 0.0 ], [ 120.969042867532153, 13.478921530710243, 0.0 ], [ 120.969026229951268, 13.47894246525869, 0.0 ], [ 120.969066635504873, 13.478961073744825, 0.0 ], [ 120.969066756432994, 13.478961389336302, 0.0 ], [ 120.969080896288688, 13.478998290712315, 0.0 ], [ 120.969071230135015, 13.479020994260345, 0.0 ], [ 120.969069012302143, 13.479026203433897, 0.0 ], [ 120.9690523747214, 13.479042485853393, 0.0 ], [ 120.969055635583942, 13.47908237651429, 0.0 ], [ 120.969057128315853, 13.479100637342475, 0.0 ], [ 120.969052468003511, 13.479101321466709, 0.0 ], [ 120.969009592370398, 13.479107615520162, 0.0 ], [ 120.968962056424743, 13.479102963401855, 0.0 ], [ 120.968968734044793, 13.479131282041687, 0.0 ], [ 120.968969186816821, 13.479133202170338, 0.0 ], [ 120.969015529667473, 13.479170668146592, 0.0 ], [ 120.969016424847055, 13.479171391856196, 0.0 ], [ 120.969023853153885, 13.479177397286154, 0.0 ], [ 120.969008020809738, 13.479214841992729, 0.0 ], [ 120.968995331586726, 13.479244852973579, 0.0 ], [ 120.968943042046575, 13.479258809320243, 0.0 ], [ 120.968933534857229, 13.479312308641848, 0.0 ], [ 120.968905013290069, 13.479328591041469, 0.0 ], [ 120.968852723750274, 13.479319286813311, 0.0 ], [ 120.96880518780462, 13.479307656527418, 0.0 ], [ 120.968769535845354, 13.479284395953904, 0.0 ], [ 120.968797492899753, 13.479323726277537, 0.0 ], [ 120.968807564601804, 13.479337895269403, 0.0 ], [ 120.968804593708811, 13.479347033031388, 0.0 ], [ 120.968790927020905, 13.479389068516539, 0.0 ], [ 120.968755275061667, 13.479393720629414, 0.0 ], [ 120.968762273018228, 13.479414266311176, 0.0 ], [ 120.968769535845354, 13.479435589640575, 0.0 ], [ 120.968847970155352, 13.479447219920248, 0.0 ], [ 120.968924027668209, 13.479456524143586, 0.0 ], [ 120.968931158060286, 13.47948211075556, 0.0 ], [ 120.968919077479697, 13.479496661739073, 0.0 ], [ 120.968901018759666, 13.479518413352547, 0.0 ], [ 120.968900259695374, 13.479519327640748, 0.0 ], [ 120.968898628936017, 13.479519573170759, 0.0 ], [ 120.968897513320854, 13.479519741139679, 0.0 ], [ 120.968881784863711, 13.479522109243437, 0.0 ], [ 120.968846003773251, 13.47952749650511, 0.0 ], [ 120.968838462966332, 13.479528631861475, 0.0 ], [ 120.96882046771988, 13.479535676288188, 0.0 ], [ 120.968779150216292, 13.479551850453444, 0.0 ], [ 120.968779043034729, 13.479551892410868, 0.0 ], [ 120.968779181695808, 13.47955191179679, 0.0 ], [ 120.968828955777212, 13.479558870575204, 0.0 ], [ 120.968859854141769, 13.4795751529581, 0.0 ], [ 120.968945418843646, 13.47961702193682, 0.0 ], [ 120.969000085181179, 13.479630978261751, 0.0 ], [ 120.969004012602596, 13.479659164462698, 0.0 ], [ 120.969007215573129, 13.479682151445159, 0.0 ], [ 120.968989138825236, 13.479698368026112, 0.0 ], [ 120.968978694005614, 13.479707738032943, 0.0 ], [ 120.968971436082597, 13.479700635064397, 0.0 ], [ 120.968952549235723, 13.479682151445191, 0.0 ], [ 120.968909766884721, 13.479705411979479, 0.0 ], [ 120.96891927407377, 13.479737976723767, 0.0 ], [ 120.968920808940894, 13.479739779241356, 0.0 ], [ 120.968943042046703, 13.479765889358077, 0.0 ], [ 120.968931791157274, 13.479763687221903, 0.0 ], [ 120.968836086169176, 13.479744954882612, 0.0 ], [ 120.968811983653382, 13.479757535111425, 0.0 ], [ 120.968800434209953, 13.47976356330512, 0.0 ], [ 120.968790394915686, 13.479757517178548, 0.0 ], [ 120.968769535845354, 13.479744954882616, 0.0 ], [ 120.96875577022945, 13.479775266254158, 0.0 ], [ 120.968750521467314, 13.479786823831686, 0.0 ], [ 120.968769535845354, 13.479824040669103, 0.0 ], [ 120.968798057412641, 13.479877539862244, 0.0 ], [ 120.968780601969684, 13.479888680793641, 0.0 ], [ 120.9687665717356, 13.479897635585896, 0.0 ], [ 120.968743391075222, 13.479912430633934, 0.0 ], [ 120.968714869508062, 13.479893822222957, 0.0 ], [ 120.96868597058257, 13.479845338927902, 0.0 ], [ 120.96868159434608, 13.479837996981237, 0.0 ], [ 120.96867478260026, 13.479844107768317, 0.0 ], [ 120.968653072778693, 13.479863583551987, 0.0 ], [ 120.968667333562635, 13.479877539862219, 0.0 ], [ 120.968672191723954, 13.479887048737183, 0.0 ], [ 120.968686347940775, 13.479914756685295, 0.0 ], [ 120.968676840751527, 13.479947321400488, 0.0 ], [ 120.968681416582513, 13.47994872081722, 0.0 ], [ 120.968752898264242, 13.479970581908702, 0.0 ], [ 120.9687535230088, 13.479979752991953, 0.0 ], [ 120.968755275061696, 13.480005472666676, 0.0 ], [ 120.968738637480556, 13.480024081068793, 0.0 ], [ 120.968721999899685, 13.480056645769022, 0.0 ], [ 120.968710080277347, 13.480057423444071, 0.0 ], [ 120.968686347940803, 13.480058971818755, 0.0 ], [ 120.968669710359805, 13.4800333852692, 0.0 ], [ 120.96867208715706, 13.479993842414329, 0.0 ], [ 120.96865873108743, 13.479987809688922, 0.0 ], [ 120.968641188792503, 13.479979886111213, 0.0 ], [ 120.968615044022258, 13.480007798716954, 0.0 ], [ 120.968588899252424, 13.480017102918104, 0.0 ], [ 120.968587865784812, 13.480023171329988, 0.0 ], [ 120.968584726276049, 13.480041606191095, 0.0 ], [ 120.968584145657701, 13.480045015519604, 0.0 ], [ 120.96862999202574, 13.480059971351034, 0.0 ], [ 120.968634058400752, 13.48006129786854, 0.0 ], [ 120.968634058400752, 13.480105492810843, 0.0 ], [ 120.968624551211633, 13.480131079352599, 0.0 ], [ 120.96859365284682, 13.480140383549005, 0.0 ], [ 120.968584145657701, 13.480172948233266, 0.0 ], [ 120.968573582708601, 13.480178978390631, 0.0 ], [ 120.968555624090513, 13.480189230573513, 0.0 ], [ 120.968555624090513, 13.480221795250895, 0.0 ], [ 120.968584145657701, 13.480214817106072, 0.0 ], [ 120.968616155651489, 13.480209121375074, 0.0 ], [ 120.968636435197823, 13.480205512912727, 0.0 ], [ 120.968641182280408, 13.480213115005716, 0.0 ], [ 120.968660064974173, 13.480243354208541, 0.0 ], [ 120.96866257996794, 13.480247381780028, 0.0 ], [ 120.968641188792503, 13.480284598544651, 0.0 ], [ 120.968616831541922, 13.480278011320381, 0.0 ], [ 120.968606951026445, 13.480275339213591, 0.0 ], [ 120.96860064792908, 13.480296440250918, 0.0 ], [ 120.968588899252396, 13.480335771586601, 0.0 ], [ 120.968529479320296, 13.480347401821685, 0.0 ], [ 120.968525798769903, 13.480351228906363, 0.0 ], [ 120.968491450563988, 13.480386944617434, 0.0 ], [ 120.968515218536808, 13.480424161359975, 0.0 ], [ 120.968541363306713, 13.480377640430671, 0.0 ], [ 120.968564511756767, 13.480352720839626, 0.0 ], [ 120.968565131279533, 13.480352053915679, 0.0 ], [ 120.968566497496909, 13.480352722438363, 0.0 ], [ 120.968594061869013, 13.480366210341234, 0.0 ], [ 120.96859451698208, 13.480366433038871, 0.0 ], [ 120.968598406441544, 13.480368336243705, 0.0 ], [ 120.968596029644118, 13.480386944617432, 0.0 ], [ 120.96865782637326, 13.480379966477182, 0.0 ], [ 120.968700608724362, 13.480426487406211, 0.0 ], [ 120.968736260683499, 13.480491616691095, 0.0 ], [ 120.968836086169176, 13.480540463643006, 0.0 ], [ 120.968843216560927, 13.480584658495408, 0.0 ], [ 120.968843620575868, 13.480592170863721, 0.0 ], [ 120.968845393794595, 13.480625142597001, 0.0 ], [ 120.968845593358324, 13.480628853339649, 0.0 ], [ 120.96886393477007, 13.480639320818396, 0.0 ], [ 120.968905803683725, 13.480663215485432, 0.0 ], [ 120.968898740068994, 13.480683521979939, 0.0 ], [ 120.968876491722781, 13.480747481564714, 0.0 ], [ 120.969016386098502, 13.480759083858059, 0.0 ], [ 120.969016722762149, 13.480759111779753, 0.0 ], [ 120.969017164657203, 13.480760601359925, 0.0 ], [ 120.96901987205537, 13.480769727704798, 0.0 ], [ 120.969021985182621, 13.480776850826615, 0.0 ], [ 120.969025579966683, 13.480783856789687, 0.0 ], [ 120.969026518237698, 13.480792131260394, 0.0 ], [ 120.969038113937486, 13.480831219099688, 0.0 ], [ 120.969031269807942, 13.480854662019471, 0.0 ], [ 120.969028606748338, 13.480863783688552, 0.0 ], [ 120.9690523747214, 13.480875413897717, 0.0 ], [ 120.969085649883013, 13.480868435772287, 0.0 ], [ 120.969097781075092, 13.480880307907764, 0.0 ], [ 120.969116548247925, 13.480898674314423, 0.0 ], [ 120.969118925044924, 13.480931238893913, 0.0 ], [ 120.969151317025535, 13.480930446388497, 0.0 ], [ 120.969213996935977, 13.480928912852685, 0.0 ], [ 120.96927104007068, 13.480970781591555, 0.0 ], [ 120.969299561637854, 13.481024280524995, 0.0 ], [ 120.969301748035377, 13.481031412879071, 0.0 ], [ 120.969313822421427, 13.481070801326771, 0.0 ], [ 120.969334777965855, 13.481098864945061, 0.0 ], [ 120.969358981569954, 13.481131278355367, 0.0 ], [ 120.969351422411492, 13.481192309602921, 0.0 ], [ 120.969349474380934, 13.481208037638741, 0.0 ], [ 120.969299976283764, 13.4812426383633, 0.0 ], [ 120.969297941219224, 13.481256407623739, 0.0 ], [ 120.969294808043514, 13.481282470859178, 0.0 ], [ 120.969259156084277, 13.481291775010217, 0.0 ], [ 120.969259794835125, 13.481295650689562, 0.0 ], [ 120.969265225035315, 13.481328598918248, 0.0 ], [ 120.96927104007068, 13.481363882167265, 0.0 ], [ 120.969266286476028, 13.481447619483403, 0.0 ], [ 120.969123678639676, 13.481526704699094, 0.0 ], [ 120.969213996935977, 13.481580203506613, 0.0 ], [ 120.969309068827002, 13.481577877471643, 0.0 ], [ 120.969333837616674, 13.481582358047895, 0.0 ], [ 120.969401191046046, 13.481594542014232, 0.0 ], [ 120.969405436330234, 13.481595358003148, 0.0 ], [ 120.969488452329216, 13.481611314555664, 0.0 ], [ 120.969502064765734, 13.481613931009212, 0.0 ], [ 120.969511693716569, 13.481609450727607, 0.0 ], [ 120.969555403000626, 13.481589113109827, 0.0 ], [ 120.9696363639531, 13.481551442549119, 0.0 ], [ 120.969800053153108, 13.481554077184015, 0.0 ], [ 120.969808186672495, 13.481554208094941, 0.0 ], [ 120.969898504968683, 13.481544903954179, 0.0 ], [ 120.970025663623247, 13.481447210456279, 0.0 ], [ 120.970041044963054, 13.481443350754565, 0.0 ], [ 120.970061864478211, 13.481438126429076, 0.0 ], [ 120.970211053810758, 13.481400689728732, 0.0 ], [ 120.970230068188926, 13.481437906311445, 0.0 ], [ 120.970462994321906, 13.481451862528452, 0.0 ], [ 120.970567357215714, 13.48144335136069, 0.0 ], [ 120.970577080591084, 13.481442558384131, 0.0 ], [ 120.970600848563905, 13.4815169915305, 0.0 ], [ 120.970710181238701, 13.481637945343545, 0.0 ], [ 120.970757717184028, 13.481600728792262, 0.0 ], [ 120.970914585804522, 13.481544903954152, 0.0 ], [ 120.970916990337741, 13.481553308163125, 0.0 ], [ 120.970947860966362, 13.481661205685112, 0.0 ], [ 120.971013307055955, 13.481675129230105, 0.0 ], [ 120.971057193640931, 13.481684466024131, 0.0 ], [ 120.971076208019326, 13.481754247028464, 0.0 ], [ 120.971034128916017, 13.481764542121027, 0.0 ], [ 120.971000150506484, 13.481772855292586, 0.0 ], [ 120.970989799780114, 13.481779608394453, 0.0 ], [ 120.970928846588095, 13.481819375946902, 0.0 ], [ 120.970790992345982, 13.481796115620991, 0.0 ], [ 120.97071968842782, 13.481772855292574, 0.0 ], [ 120.970624616536711, 13.481861244527847, 0.0 ], [ 120.970448733537992, 13.481921721354068, 0.0 ], [ 120.970390898302625, 13.481942946331007, 0.0 ], [ 120.97038749572414, 13.481944195044498, 0.0 ], [ 120.97034975970611, 13.481958043799198, 0.0 ], [ 120.970344148528184, 13.481960103047085, 0.0 ], [ 120.970334647269297, 13.481963589916703, 0.0 ], [ 120.970334647269297, 13.481967856946985, 0.0 ], [ 120.970334647269297, 13.482000806410754, 0.0 ], [ 120.970316853757041, 13.482016285037991, 0.0 ], [ 120.970305445024906, 13.482026209526124, 0.0 ], [ 120.97029186491784, 13.482038022898971, 0.0 ], [ 120.970187285838065, 13.482028718777448, 0.0 ], [ 120.970073199568773, 13.482051979080445, 0.0 ], [ 120.969959113299652, 13.48207989144098, 0.0 ], [ 120.969874750062331, 13.482049869158082, 0.0 ], [ 120.969854534219508, 13.482042674959587, 0.0 ], [ 120.96981972476226, 13.482057578811597, 0.0 ], [ 120.969778476706438, 13.482075239381128, 0.0 ], [ 120.96966914403184, 13.482107803798277, 0.0 ], [ 120.969688158410008, 13.482168280561215, 0.0 ], [ 120.969665684371535, 13.482177706559209, 0.0 ], [ 120.969621608086513, 13.482196192908312, 0.0 ], [ 120.969615054886276, 13.482203407784647, 0.0 ], [ 120.969583579329878, 13.482238061422491, 0.0 ], [ 120.969507521816823, 13.482303190207348, 0.0 ], [ 120.969498795644199, 13.482311729984767, 0.0 ], [ 120.96948637321421, 13.482323887064751, 0.0 ], [ 120.969464739466162, 13.482345058702363, 0.0 ], [ 120.969431348426369, 13.482304211467769, 0.0 ], [ 120.969426710709755, 13.482298538151898, 0.0 ], [ 120.969415120350291, 13.482304209543766, 0.0 ], [ 120.969408157128669, 13.482307616785755, 0.0 ], [ 120.969388681953234, 13.482317146373205, 0.0 ], [ 120.969274595684084, 13.482377623082527, 0.0 ], [ 120.969240646555704, 13.482402541041951, 0.0 ], [ 120.969190703158787, 13.482439198463402, 0.0 ], [ 120.969189440210471, 13.482440125441368, 0.0 ], [ 120.969161601982364, 13.482460558117182, 0.0 ], [ 120.969141495036638, 13.482475316195323, 0.0 ], [ 120.969098712685408, 13.482535792863942, 0.0 ], [ 120.969108219874784, 13.482596269517325, 0.0 ], [ 120.969079698307368, 13.482684658443947, 0.0 ], [ 120.969094207440207, 13.482688208240972, 0.0 ], [ 120.969117727063903, 13.482693962539711, 0.0 ], [ 120.96915575582014, 13.482768395291423, 0.0 ], [ 120.969127890724963, 13.482803102344114, 0.0 ], [ 120.969103466280103, 13.482833523930093, 0.0 ], [ 120.969085544189625, 13.482866409976317, 0.0 ], [ 120.969065437523582, 13.482903304594355, 0.0 ], [ 120.969019613090055, 13.482896223729057, 0.0 ], [ 120.968975119226911, 13.482889348463369, 0.0 ], [ 120.96887529374159, 13.482884696419115, 0.0 ], [ 120.968803989823527, 13.482917260724625, 0.0 ], [ 120.968771233056927, 13.482988498451435, 0.0 ], [ 120.968761207472312, 13.483010301572907, 0.0 ], [ 120.968746638641392, 13.483045945546744, 0.0 ], [ 120.968742193093803, 13.483056821982998, 0.0 ], [ 120.968690211965281, 13.483068561357848, 0.0 ], [ 120.968680396365031, 13.483070778104443, 0.0 ], [ 120.968663747820983, 13.483066490507673, 0.0 ], [ 120.96861855327279, 13.483054851292193, 0.0 ], [ 120.968616562557258, 13.483054338611284, 0.0 ], [ 120.968590078068374, 13.483047517901753, 0.0 ], [ 120.968461731015282, 13.483038213820018, 0.0 ], [ 120.968323876773425, 13.483005649531165, 0.0 ], [ 120.96829261261108, 13.482984232152685, 0.0 ], [ 120.968244303858569, 13.482951138448518, 0.0 ], [ 120.968228804882415, 13.482940520940268, 0.0 ], [ 120.968202693438116, 13.482938695682952, 0.0 ], [ 120.968095704235139, 13.482931216854416, 0.0 ], [ 120.968081146540626, 13.482943682713826, 0.0 ], [ 120.968057675478349, 13.482963781153236, 0.0 ], [ 120.967977958758638, 13.482989785723284, 0.0 ], [ 120.967972110776614, 13.482991693406179, 0.0 ], [ 120.967965346409756, 13.482982236466599, 0.0 ], [ 120.967938835614959, 13.482945172982934, 0.0 ], [ 120.967896917351723, 13.482952010111113, 0.0 ], [ 120.967860301117298, 13.482957982443967, 0.0 ], [ 120.967796227777981, 13.482968433195895, 0.0 ], [ 120.967639359157829, 13.483052169942493, 0.0 ], [ 120.9675490408613, 13.48314986277637, 0.0 ], [ 120.967533555433334, 13.483182697731598, 0.0 ], [ 120.967490626486779, 13.483273723292905, 0.0 ], [ 120.967463476159651, 13.483331292217283, 0.0 ], [ 120.96746051509524, 13.483364616938898, 0.0 ], [ 120.967453968970517, 13.483438289001723, 0.0 ], [ 120.967477736943025, 13.483535981675194, 0.0 ], [ 120.967494842454244, 13.483561091735018, 0.0 ], [ 120.967525652063031, 13.48360631874046, 0.0 ], [ 120.967534780077571, 13.483619718220741, 0.0 ], [ 120.967591823212615, 13.483675542567838, 0.0 ], [ 120.967644112752623, 13.483666238510915, 0.0 ], [ 120.967658373536338, 13.483740670956218, 0.0 ], [ 120.967630902551718, 13.483789958333555, 0.0 ], [ 120.967629851968809, 13.483791843248369, 0.0 ], [ 120.967614318331812, 13.483795147974099, 0.0 ], [ 120.967520519294126, 13.483815103377653, 0.0 ], [ 120.967515575131415, 13.483812280906303, 0.0 ], [ 120.967464241007761, 13.483782975824825, 0.0 ], [ 120.967463476159651, 13.483782539196282, 0.0 ], [ 120.967404018157609, 13.483703570316674, 0.0 ], [ 120.967396925835814, 13.483694150680526, 0.0 ], [ 120.967387302279363, 13.483703568617731, 0.0 ], [ 120.967377911457675, 13.483712758791853, 0.0 ], [ 120.967311361134179, 13.483726714874537, 0.0 ], [ 120.967254317999405, 13.483722062847164, 0.0 ], [ 120.967247642055426, 13.483692662980655, 0.0 ], [ 120.967244810810158, 13.483680194596278, 0.0 ], [ 120.967211535648403, 13.483647630396055, 0.0 ], [ 120.967186488041762, 13.483623117956308, 0.0 ], [ 120.967184837309233, 13.48362150249336, 0.0 ], [ 120.9671556104921, 13.483592900134129, 0.0 ], [ 120.967154492513728, 13.483591806042178, 0.0 ], [ 120.967106956568045, 13.483596458072208, 0.0 ], [ 120.967102228649864, 13.483594915771562, 0.0 ], [ 120.967060886172689, 13.483581429384616, 0.0 ], [ 120.967049913433584, 13.483577849951711, 0.0 ], [ 120.967035652649784, 13.483605762131965, 0.0 ], [ 120.966988116704499, 13.483624370250272, 0.0 ], [ 120.966912059191245, 13.483577849951709, 0.0 ], [ 120.96687999213556, 13.483580263946049, 0.0 ], [ 120.966850262462245, 13.483582501982108, 0.0 ], [ 120.966755190571121, 13.483624370250265, 0.0 ], [ 120.966683886652973, 13.483647630396055, 0.0 ], [ 120.966677385778098, 13.483644449407558, 0.0 ], [ 120.966626843518497, 13.483619718220758, 0.0 ], [ 120.966608606485593, 13.483606738306662, 0.0 ], [ 120.966586306887521, 13.483590866926525, 0.0 ], [ 120.966574553978148, 13.483582501982108, 0.0 ], [ 120.966536525221841, 13.483591806042176, 0.0 ], [ 120.966484798844135, 13.483587204115336, 0.0 ], [ 120.966484235681492, 13.483587154012501, 0.0 ], [ 120.966483964773374, 13.483586717344172, 0.0 ], [ 120.96640342457431, 13.483456897132896, 0.0 ], [ 120.966365395818002, 13.483308032040386, 0.0 ], [ 120.96633212065602, 13.483191731121122, 0.0 ], [ 120.966260816737872, 13.483094038304593, 0.0 ], [ 120.966216455344707, 13.483069230494236, 0.0 ], [ 120.966194266414035, 13.483056821982998, 0.0 ], [ 120.96611345530664, 13.483089386264972, 0.0 ], [ 120.965970847470189, 13.483066126064067, 0.0 ], [ 120.965875775579107, 13.483010301572929, 0.0 ], [ 120.96587231461767, 13.4830085344304, 0.0 ], [ 120.96578297345809, 13.482962917455263, 0.0 ], [ 120.96576644290441, 13.482954477068256, 0.0 ], [ 120.965747768911797, 13.482936202010475, 0.0 ], [ 120.965680878202647, 13.482870740286838, 0.0 ], [ 120.965628588662625, 13.482828871884953, 0.0 ], [ 120.965611615954572, 13.482816946664469, 0.0 ], [ 120.965536858844203, 13.482764421449875, 0.0 ], [ 120.965462490109402, 13.482783127970315, 0.0 ], [ 120.965412997320556, 13.482805970795901, 0.0 ], [ 120.965390154494699, 13.482844042171964, 0.0 ], [ 120.965325433155513, 13.482939220612263, 0.0 ], [ 120.965279747504155, 13.483000134814064, 0.0 ], [ 120.965218833302274, 13.483080084703857, 0.0 ], [ 120.965199797614446, 13.483133384630287, 0.0 ], [ 120.965180761926376, 13.483171456006346, 0.0 ], [ 120.96514649768767, 13.483194298832142, 0.0 ], [ 120.965104619173886, 13.483232370208214, 0.0 ], [ 120.965066547797989, 13.483259020171484, 0.0 ], [ 120.965028476421807, 13.48327805585955, 0.0 ], [ 120.964967562220195, 13.48327044158431, 0.0 ], [ 120.964935318790026, 13.483260768555509, 0.0 ], [ 120.964929490843815, 13.483259020171507, 0.0 ], [ 120.964891419468117, 13.48326282730903, 0.0 ], [ 120.964885891513632, 13.483267802468335, 0.0 ], [ 120.964853348091879, 13.483297091547394, 0.0 ], [ 120.964803855303003, 13.48331232009793, 0.0 ], [ 120.964735326826045, 13.483319934373213, 0.0 ], [ 120.964682026899368, 13.483331355786005, 0.0 ], [ 120.964625580211774, 13.483335944252325, 0.0 ], [ 120.964454450807906, 13.483428984935196, 0.0 ], [ 120.964273814214962, 13.483554589799116, 0.0 ], [ 120.964140713567303, 13.483689498652611, 0.0 ], [ 120.964102684810996, 13.483773235143424, 0.0 ], [ 120.964002859325547, 13.483875579702953, 0.0 ], [ 120.96391307658962, 13.484013233820386, 0.0 ], [ 120.963911401232295, 13.484015802452088, 0.0 ], [ 120.963860251488882, 13.484094224749859, 0.0 ], [ 120.963736658030697, 13.484331477656612, 0.0 ], [ 120.963674861301342, 13.484475690091205, 0.0 ], [ 120.963579789410574, 13.484610598417975, 0.0 ], [ 120.963322501105253, 13.485143252954799, 0.0 ], [ 120.963168009282526, 13.485608452439804, 0.0 ], [ 120.963016488456105, 13.48613761573875, 0.0 ], [ 120.962936271547633, 13.486541756140262, 0.0 ], [ 120.96284417065317, 13.486832504202324, 0.0 ], [ 120.962841199656637, 13.486905191161922, 0.0 ], [ 120.96284417065317, 13.486974970622155, 0.0 ], [ 120.962906561581903, 13.487004045391028, 0.0 ], [ 120.962942213540828, 13.487033120156244, 0.0 ], [ 120.96292277967531, 13.487031852265385, 0.0 ], [ 120.962897648592048, 13.487030212680006, 0.0 ], [ 120.962874648886356, 13.487048219054907, 0.0 ], [ 120.962867938625905, 13.487053472489864, 0.0 ], [ 120.962835257663528, 13.487062194918165, 0.0 ], [ 120.96279069271462, 13.487073824821643, 0.0 ], [ 120.962784750721298, 13.487099992102987, 0.0 ], [ 120.962734243779209, 13.487099992102991, 0.0 ], [ 120.962685288843758, 13.487098217723712, 0.0 ], [ 120.962654026871405, 13.487097084627301, 0.0 ], [ 120.962579751956127, 13.487129066856442, 0.0 ], [ 120.962526274017478, 13.487158141606656, 0.0 ], [ 120.962523303020816, 13.487184308878227, 0.0 ], [ 120.962475767075389, 13.487216291095447, 0.0 ], [ 120.962425260133273, 13.487207568673348, 0.0 ], [ 120.962377724187945, 13.487233735939579, 0.0 ], [ 120.962324246249068, 13.487236643413517, 0.0 ], [ 120.962294536283139, 13.487198846250408, 0.0 ], [ 120.962252942330679, 13.487123251906093, 0.0 ], [ 120.962241058344816, 13.487076732297522, 0.0 ], [ 120.962211348378204, 13.487018582773889, 0.0 ], [ 120.962137073463751, 13.486969155667756, 0.0 ], [ 120.962099514896622, 13.48697495917917, 0.0 ], [ 120.96208062452844, 13.486977878099088, 0.0 ], [ 120.961976639647446, 13.487006952867613, 0.0 ], [ 120.961875625763227, 13.487056379966146, 0.0 ], [ 120.96179540885548, 13.487126159381429, 0.0 ], [ 120.961768669885828, 13.487163956555911, 0.0 ], [ 120.961765698889394, 13.487198846250429, 0.0 ], [ 120.961741930916574, 13.487251180782344, 0.0 ], [ 120.961697365967311, 13.48726862562361, 0.0 ], [ 120.961637946035822, 13.487286070463833, 0.0 ], [ 120.961611207066241, 13.487315145194373, 0.0 ], [ 120.961551787134439, 13.487350034866319, 0.0 ], [ 120.961492367202723, 13.487347127393662, 0.0 ], [ 120.961412150294322, 13.487358757283486, 0.0 ], [ 120.961373527338523, 13.48739073947684, 0.0 ], [ 120.961314107406807, 13.487422721666407, 0.0 ], [ 120.961233890498647, 13.487413999251624, 0.0 ], [ 120.961191067274413, 13.487413999252681, 0.0 ], [ 120.961167481802704, 13.487413999252462, 0.0 ], [ 120.961138818607523, 13.487413999251425, 0.0 ], [ 120.961091282661869, 13.487434351552224, 0.0 ], [ 120.960948674825545, 13.487608799772374, 0.0 ], [ 120.960841718948487, 13.487742543320495, 0.0 ], [ 120.96075258905033, 13.487925713709236, 0.0 ], [ 120.960618894203208, 13.48826297944936, 0.0 ], [ 120.960517880319102, 13.488594429792839, 0.0 ], [ 120.96041983743153, 13.488986936176486, 0.0 ], [ 120.96036338849629, 13.489300940813331, 0.0 ], [ 120.960306939560979, 13.489809743735318, 0.0 ], [ 120.960271287601927, 13.490283656326444, 0.0 ], [ 120.960226722652791, 13.491301256832296, 0.0 ], [ 120.960197012687004, 13.49217057492981, 0.0 ], [ 120.96019719674473, 13.492223708600994, 0.0 ], [ 120.960199983683438, 13.493028260212945, 0.0 ], [ 120.960149476741677, 13.49306314903991, 0.0 ], [ 120.95996527495231, 13.493307370683192, 0.0 ], [ 120.959937355963135, 13.493334307223474, 0.0 ], [ 120.959892229060003, 13.493377846138188, 0.0 ], [ 120.959777070829318, 13.493488951990113, 0.0 ], [ 120.95975433419413, 13.493510888526092, 0.0 ], [ 120.9597327474156, 13.493526472298948, 0.0 ], [ 120.959573103401794, 13.493641721332219, 0.0 ], [ 120.959486321971454, 13.493709345714038, 0.0 ], [ 120.959380582822646, 13.493791742860726, 0.0 ], [ 120.959295018120599, 13.493840587058736, 0.0 ], [ 120.959247589706266, 13.493881374294107, 0.0 ], [ 120.959177366655695, 13.493941764293563, 0.0 ], [ 120.959013367643138, 13.493990608460672, 0.0 ], [ 120.958906411765838, 13.494008052803506, 0.0 ], [ 120.9588850205905, 13.494042941485295, 0.0 ], [ 120.958852933826961, 13.494081319029473, 0.0 ], [ 120.958799455888666, 13.494074341294624, 0.0 ], [ 120.958797365050259, 13.494057972694483, 0.0 ], [ 120.958792325496603, 13.494018519408488, 0.0 ], [ 120.958763803929386, 13.493987119591928, 0.0 ], [ 120.958742154729066, 13.493990378933141, 0.0 ], [ 120.958717456382487, 13.493994097329399, 0.0 ], [ 120.958642587268514, 13.494008052803514, 0.0 ], [ 120.958598465692631, 13.493985600776073, 0.0 ], [ 120.958553457370414, 13.493962697509254, 0.0 ], [ 120.958521370607272, 13.493899897856798, 0.0 ], [ 120.958507318738839, 13.493907398422843, 0.0 ], [ 120.95848215345211, 13.493920831076043, 0.0 ], [ 120.958389458358511, 13.493931297685156, 0.0 ], [ 120.958368719850355, 13.493923029546636, 0.0 ], [ 120.958293198068986, 13.493892920116656, 0.0 ], [ 120.958290829827803, 13.493891632594405, 0.0 ], [ 120.958236045186595, 13.493861848270393, 0.0 ], [ 120.958196937779121, 13.493840587058758, 0.0 ], [ 120.958136329448507, 13.493812676089588, 0.0 ], [ 120.958107847192323, 13.493819179674086, 0.0 ], [ 120.95802937357108, 13.493837098187669, 0.0 ], [ 120.957955411380254, 13.493819727279639, 0.0 ], [ 120.957940243672979, 13.493816164960826, 0.0 ], [ 120.957904746042672, 13.493762722356843, 0.0 ], [ 120.957893896126393, 13.493746387524892, 0.0 ], [ 120.957889830620616, 13.493735778266545, 0.0 ], [ 120.957872504950956, 13.493690565561277, 0.0 ], [ 120.957819027012079, 13.493634743584373, 0.0 ], [ 120.957811237714409, 13.493683019719466, 0.0 ], [ 120.957808331424417, 13.493701032180535, 0.0 ], [ 120.957722766722426, 13.493655676827261, 0.0 ], [ 120.957712620857833, 13.493644329779915, 0.0 ], [ 120.95767285397983, 13.493599854842243, 0.0 ], [ 120.957638973383169, 13.493539572466144, 0.0 ], [ 120.957633636824312, 13.493530077341967, 0.0 ], [ 120.957587289277512, 13.493523099590968, 0.0 ], [ 120.957580617048194, 13.493495607389228, 0.0 ], [ 120.957559064809985, 13.493406803708179, 0.0 ], [ 120.957460183565544, 13.493436225367086, 0.0 ], [ 120.957207298813174, 13.493511470005355, 0.0 ], [ 120.957196794748143, 13.493517029166801, 0.0 ], [ 120.957015725468779, 13.493612858087255, 0.0 ], [ 120.956997848108358, 13.4936223194793, 0.0 ], [ 120.956974372680193, 13.493634743584384, 0.0 ], [ 120.956610722696837, 13.493967349334811, 0.0 ], [ 120.956437216495615, 13.494134814989497, 0.0 ], [ 120.956378324738949, 13.494223880923153, 0.0 ], [ 120.956359129353018, 13.494199769431823, 0.0 ], [ 120.956312606636402, 13.494141331837177, 0.0 ], [ 120.956300267033825, 13.494156670878096, 0.0 ], [ 120.956171900237919, 13.494316240278133, 0.0 ], [ 120.956000770833953, 13.494666056770706, 0.0 ], [ 120.955826379595479, 13.495027963139405, 0.0 ], [ 120.955636620966743, 13.495304312635941, 0.0 ], [ 120.955634366936792, 13.495302759753502, 0.0 ], [ 120.955613840568176, 13.495288618397707, 0.0 ], [ 120.955602675662703, 13.495280926491892, 0.0 ], [ 120.955601468891359, 13.495280095103626, 0.0 ], [ 120.955585600842028, 13.495304799128419, 0.0 ], [ 120.955517805627466, 13.495410345453472, 0.0 ], [ 120.95542964918512, 13.4956057296409, 0.0 ], [ 120.955391197592803, 13.495703239467611, 0.0 ], [ 120.955385192890873, 13.495718466870599, 0.0 ], [ 120.955327661845345, 13.495864360396142, 0.0 ], [ 120.955263012959435, 13.496031824703282, 0.0 ], [ 120.955210262857932, 13.496274172366061, 0.0 ], [ 120.955229649376236, 13.49661365641016, 0.0 ], [ 120.955229737922096, 13.496614817344625, 0.0 ], [ 120.955255347555294, 13.496950588088621, 0.0 ], [ 120.95532020794009, 13.497327017272985, 0.0 ], [ 120.955323285415375, 13.497344877962236, 0.0 ], [ 120.955362904126773, 13.497574812328937, 0.0 ], [ 120.955555159641676, 13.498155547141836, 0.0 ], [ 120.955707539731961, 13.498358631610415, 0.0 ], [ 120.955698032542386, 13.498377238564638, 0.0 ], [ 120.955714670123712, 13.498423755943699, 0.0 ], [ 120.955743191691241, 13.498479576786922, 0.0 ], [ 120.955719423718051, 13.498515627740648, 0.0 ], [ 120.955857040280407, 13.498578426163451, 0.0 ], [ 120.955879857534356, 13.498599358967416, 0.0 ], [ 120.956001339965496, 13.498702079888915, 0.0 ], [ 120.956001386502862, 13.498702119239276, 0.0 ], [ 120.956026743605989, 13.498723560232285, 0.0 ], [ 120.956112308307979, 13.498745888542883, 0.0 ], [ 120.956176481834518, 13.498787754118949, 0.0 ], [ 120.95623780320399, 13.498821246574492, 0.0 ], [ 120.956337628689894, 13.498854739025276, 0.0 ], [ 120.956383263197623, 13.498875671804692, 0.0 ], [ 120.956415331277285, 13.498897010804965, 0.0 ], [ 120.956490219074794, 13.49894684324056, 0.0 ], [ 120.956491700536731, 13.498934018841075, 0.0 ], [ 120.956493926878707, 13.498914746321146, 0.0 ], [ 120.956522448445767, 13.498865903174373, 0.0 ], [ 120.956540029986513, 13.498817729778411, 0.0 ], [ 120.956558100405005, 13.498768216850783, 0.0 ], [ 120.956636534715116, 13.49870541847862, 0.0 ], [ 120.956836185686598, 13.498607732088615, 0.0 ], [ 120.957007689136617, 13.498562977834426, 0.0 ], [ 120.957050097441424, 13.498551911275934, 0.0 ], [ 120.957185574886111, 13.498663552887923, 0.0 ], [ 120.957199835669826, 13.498893813545278, 0.0 ], [ 120.957082639296118, 13.499087203689685, 0.0 ], [ 120.957046373811082, 13.499147046708737, 0.0 ], [ 120.956994777307841, 13.499232187991591, 0.0 ], [ 120.956852802650815, 13.499466465476493, 0.0 ], [ 120.956836185686598, 13.499493885716555, 0.0 ], [ 120.95677914255181, 13.499584594167642, 0.0 ], [ 120.956700708241911, 13.499696235290648, 0.0 ], [ 120.956608013147957, 13.499766010965295, 0.0 ], [ 120.956536709229667, 13.499766010965304, 0.0 ], [ 120.956458274919427, 13.499745078264962, 0.0 ], [ 120.956432154522304, 13.499748085391237, 0.0 ], [ 120.956337442407062, 13.499758989027123, 0.0 ], [ 120.956337058483427, 13.499759033225896, 0.0 ], [ 120.956337894559169, 13.499759278672908, 0.0 ], [ 120.956338850011761, 13.499759559165367, 0.0 ], [ 120.956343145736881, 13.499760820262525, 0.0 ], [ 120.956347668474109, 13.499762148003494, 0.0 ], [ 120.956349257118561, 13.49976261438224, 0.0 ], [ 120.95640836217683, 13.499779966097828, 0.0 ], [ 120.956468350731939, 13.499782761472781, 0.0 ], [ 120.956558100405005, 13.499786943663716, 0.0 ], [ 120.956686544326644, 13.499821223020666, 0.0 ], [ 120.956714969025356, 13.499828809054858, 0.0 ], [ 120.956793202592038, 13.499825746789458, 0.0 ], [ 120.956893228821301, 13.499821831490257, 0.0 ], [ 120.956974339407836, 13.499821831494346, 0.0 ], [ 120.957064358224912, 13.49982183149023, 0.0 ], [ 120.957157053318497, 13.499856719311785, 0.0 ], [ 120.957178444494389, 13.499919517376995, 0.0 ], [ 120.95713566214306, 13.500038135899443, 0.0 ], [ 120.957057227833147, 13.500212574794951, 0.0 ], [ 120.956950271955748, 13.500400968657072, 0.0 ], [ 120.956893228821272, 13.500498654303682, 0.0 ], [ 120.956874747230245, 13.500502206800256, 0.0 ], [ 120.956872103165239, 13.500508172814097, 0.0 ], [ 120.956692415922362, 13.500542959490021, 0.0 ], [ 120.956583424713003, 13.500558204213185, 0.0 ], [ 120.956493926878707, 13.500575407283478, 0.0 ], [ 120.956383485037748, 13.50062944446479, 0.0 ], [ 120.95637877005754, 13.500633530772083, 0.0 ], [ 120.956320212388064, 13.500759510090406, 0.0 ], [ 120.956373452646858, 13.500923249569265, 0.0 ], [ 120.956422890030268, 13.501176301267281, 0.0 ], [ 120.956491341792002, 13.501302827014301, 0.0 ], [ 120.956578807931578, 13.501507500873192, 0.0 ], [ 120.956699069667849, 13.501653151016848, 0.0 ], [ 120.956734725832803, 13.501775437292673, 0.0 ], [ 120.956772754589466, 13.501861028028934, 0.0 ], [ 120.956924869614895, 13.502028488075347, 0.0 ], [ 120.957185135081303, 13.502297128010545, 0.0 ], [ 120.957202479536818, 13.502315030545804, 0.0 ], [ 120.957302824271665, 13.502371798364161, 0.0 ], [ 120.957596021389804, 13.502537668070945, 0.0 ], [ 120.957689247618987, 13.502590408695035, 0.0 ], [ 120.958217847333231, 13.502720655005135, 0.0 ], [ 120.958742644171593, 13.502642507227867, 0.0 ], [ 120.95899669441053, 13.502557021017042, 0.0 ], [ 120.959075128720414, 13.502431426275088, 0.0 ], [ 120.959079406925412, 13.502407702985137, 0.0 ], [ 120.959096519895851, 13.502312808957376, 0.0 ], [ 120.959089389504157, 13.502208146568373, 0.0 ], [ 120.959146432638732, 13.502096506635912, 0.0 ], [ 120.959146432638704, 13.50204766414852, 0.0 ], [ 120.959224866948816, 13.50198486665027, 0.0 ], [ 120.959381735569295, 13.501915091632503, 0.0 ], [ 120.959453039487485, 13.501866249107481, 0.0 ], [ 120.959602777715901, 13.501789496548168, 0.0 ], [ 120.959709733593286, 13.501761586520459, 0.0 ], [ 120.959801043364905, 13.501761586520461, 0.0 ], [ 120.959866602213438, 13.501761586520626, 0.0 ], [ 120.960023470833889, 13.501789496548151, 0.0 ], [ 120.960187469845749, 13.501768564027543, 0.0 ], [ 120.960233914656143, 13.501798863367449, 0.0 ], [ 120.960444163951593, 13.501936024139981, 0.0 ], [ 120.961121551175552, 13.502291876483321, 0.0 ], [ 120.961319388856509, 13.502368919594085, 0.0 ], [ 120.961515604526767, 13.502445331032272, 0.0 ], [ 120.961531588292701, 13.502451555518292, 0.0 ], [ 120.961750914155928, 13.502536966538415, 0.0 ], [ 120.962519107973662, 13.502836120204169, 0.0 ], [ 120.962462064839016, 13.502884962527727, 0.0 ], [ 120.962561890324537, 13.502891940001778, 0.0 ], [ 120.962647455026499, 13.502926827368766, 0.0 ], [ 120.962704498161315, 13.502850075154919, 0.0 ], [ 120.962818584430465, 13.502731458047746, 0.0 ], [ 120.962818584430465, 13.502654705770125, 0.0 ], [ 120.962861366781695, 13.502598885916337, 0.0 ], [ 120.962968322659222, 13.50261284088096, 0.0 ], [ 120.962987894999756, 13.502620023112627, 0.0 ], [ 120.963082408928017, 13.502654705770301, 0.0 ], [ 120.963086328044952, 13.502656971948825, 0.0 ], [ 120.963239277548269, 13.502745413004741, 0.0 ], [ 120.96346745008691, 13.502794255347194, 0.0 ], [ 120.963802578502523, 13.502891940001824, 0.0 ], [ 120.963988305412968, 13.50296368102471, 0.0 ], [ 120.964678642071348, 13.503230338063615, 0.0 ], [ 120.964886398060344, 13.503310588063306, 0.0 ], [ 120.965523171441305, 13.50329113299464, 0.0 ], [ 120.965796978487219, 13.503224149349149, 0.0 ], [ 120.965941696051345, 13.50312917399482, 0.0 ], [ 120.966036559652949, 13.503067854102365, 0.0 ], [ 120.966008827067981, 13.503012347472145, 0.0 ], [ 120.965941696051345, 13.502877985053736, 0.0 ], [ 120.965946998630329, 13.502826096442243, 0.0 ], [ 120.965955956835089, 13.502738435526247, 0.0 ], [ 120.966020130361358, 13.502619818362987, 0.0 ], [ 120.966164772601488, 13.502525458068115, 0.0 ], [ 120.966191259765424, 13.502508178625533, 0.0 ], [ 120.966198023487536, 13.502508619871165, 0.0 ], [ 120.966298215642951, 13.502515156110647, 0.0 ], [ 120.966504997006055, 13.502515156110814, 0.0 ], [ 120.966683256801716, 13.502466313710284, 0.0 ], [ 120.966897168556216, 13.502403516323234, 0.0 ], [ 120.967018385217457, 13.502354673899825, 0.0 ], [ 120.967082558743883, 13.502263966514944, 0.0 ], [ 120.967160993053767, 13.502194191579788, 0.0 ], [ 120.967246557756098, 13.502187214084937, 0.0 ], [ 120.967303600890546, 13.502138371616731, 0.0 ], [ 120.96743907833546, 13.501984866650297, 0.0 ], [ 120.967595946955612, 13.501949979143715, 0.0 ], [ 120.967724294008576, 13.501949979143708, 0.0 ], [ 120.967767076359578, 13.501922069135015, 0.0 ], [ 120.967852641061413, 13.501859271603388, 0.0 ], [ 120.96795246654689, 13.501810429066969, 0.0 ], [ 120.968023770465379, 13.501740653997524, 0.0 ], [ 120.968080813600082, 13.501670878907271, 0.0 ], [ 120.968166378301689, 13.501573193746141, 0.0 ], [ 120.968194899869204, 13.501426665928882, 0.0 ], [ 120.968216291044769, 13.501342935706722, 0.0 ], [ 120.968202030260969, 13.50124525041003, 0.0 ], [ 120.968185870769389, 13.501181998211896, 0.0 ], [ 120.968180639085531, 13.501161520123361, 0.0 ], [ 120.968130726342451, 13.501049879694682, 0.0 ], [ 120.968101421850406, 13.50099571342697, 0.0 ], [ 120.96806655281614, 13.500931261681684, 0.0 ], [ 120.968009509681565, 13.500798688537364, 0.0 ], [ 120.967980988114377, 13.500652160238186, 0.0 ], [ 120.967980988114377, 13.500568429740866, 0.0 ], [ 120.968002379289842, 13.500470744122822, 0.0 ], [ 120.968009509681565, 13.500400968657056, 0.0 ], [ 120.968059992856183, 13.500340496569287, 0.0 ], [ 120.968088514423144, 13.500242810856788, 0.0 ], [ 120.968064746450651, 13.500117214881252, 0.0 ], [ 120.96808376082879, 13.500042787605343, 0.0 ], [ 120.968121789584998, 13.499847415893104, 0.0 ], [ 120.968121789584998, 13.499740426553412, 0.0 ], [ 120.968079007233996, 13.499619482024153, 0.0 ], [ 120.968055478111864, 13.499515870232468, 0.0 ], [ 120.968054558091694, 13.499511818872204, 0.0 ], [ 120.968050485666808, 13.499493885716577, 0.0 ], [ 120.968040978477788, 13.499410154807631, 0.0 ], [ 120.968031471288668, 13.499321772149235, 0.0 ], [ 120.968002949721281, 13.499265951505739, 0.0 ], [ 120.967983935343113, 13.499182220515943, 0.0 ], [ 120.96795066018116, 13.499079882598954, 0.0 ], [ 120.967907877830172, 13.499005454995128, 0.0 ], [ 120.96786034188483, 13.49892637564011, 0.0 ], [ 120.967836573912209, 13.49883799280043, 0.0 ], [ 120.967817559533842, 13.498721699539733, 0.0 ], [ 120.967820059987389, 13.498707630022826, 0.0 ], [ 120.967822139513601, 13.498695928973243, 0.0 ], [ 120.967836573912209, 13.498614709689157, 0.0 ], [ 120.967850834695696, 13.49855888887822, 0.0 ], [ 120.967850834695696, 13.498484461109738, 0.0 ], [ 120.967822313128295, 13.498386774627958, 0.0 ], [ 120.967822313128522, 13.498362356958772, 0.0 ], [ 120.967822313128295, 13.498354212458601, 0.0 ], [ 120.967884109857692, 13.498372819412991, 0.0 ], [ 120.967907877830172, 13.498405381579987, 0.0 ], [ 120.967926892208666, 13.498451898953597, 0.0 ], [ 120.967974428153994, 13.498437943742557, 0.0 ], [ 120.968007703315834, 13.498437943742726, 0.0 ], [ 120.968040978477788, 13.498470505900515, 0.0 ], [ 120.968007703315834, 13.498507719789893, 0.0 ], [ 120.967969674559527, 13.498540281938229, 0.0 ], [ 120.967983935343113, 13.498554237143432, 0.0 ], [ 120.967993442532133, 13.498610057955188, 0.0 ], [ 120.968031471288668, 13.498619361422882, 0.0 ], [ 120.968074253639671, 13.498661227021351, 0.0 ], [ 120.968131296774445, 13.498689137416276, 0.0 ], [ 120.96820735428696, 13.498763565120051, 0.0 ], [ 120.968254890232615, 13.498851947987657, 0.0 ], [ 120.968291156217106, 13.498889654872761, 0.0 ], [ 120.968292132904736, 13.498890670365308, 0.0 ], [ 120.968330947745471, 13.498931027367691, 0.0 ], [ 120.968397498069066, 13.499042668799721, 0.0 ], [ 120.968454541203741, 13.499140355009652, 0.0 ], [ 120.968478309176604, 13.499233389457865, 0.0 ], [ 120.968516337932911, 13.499261299784932, 0.0 ], [ 120.968545982324059, 13.499311029641786, 0.0 ], [ 120.968549613094751, 13.499317120429577, 0.0 ], [ 120.968559452486048, 13.499317995750028, 0.0 ], [ 120.968601902634845, 13.499321772149278, 0.0 ], [ 120.968635177796855, 13.499368289342236, 0.0 ], [ 120.968658945769548, 13.499428761678866, 0.0 ], [ 120.968673206553035, 13.499465975416907, 0.0 ], [ 120.96870172812055, 13.499498537432769, 0.0 ], [ 120.96869222093143, 13.49960087516803, 0.0 ], [ 120.968715988904023, 13.499707864570968, 0.0 ], [ 120.968768278444145, 13.499833460764666, 0.0 ], [ 120.96880630720068, 13.499898584690477, 0.0 ], [ 120.968868103929722, 13.499889281273594, 0.0 ], [ 120.968915639875377, 13.499875326147638, 0.0 ], [ 120.968952683094713, 13.499888919618536, 0.0 ], [ 120.968953668631684, 13.499889281273608, 0.0 ], [ 120.969001204577353, 13.499866022729693, 0.0 ], [ 120.969096276468392, 13.499796247084557, 0.0 ], [ 120.96913905881938, 13.499782291953091, 0.0 ], [ 120.96918659476502, 13.499754381687541, 0.0 ], [ 120.969187822501794, 13.499755049144719, 0.0 ], [ 120.969229377115653, 13.49977764024227, 0.0 ], [ 120.96925563679963, 13.49980136041918, 0.0 ], [ 120.969291173845122, 13.49983346076467, 0.0 ], [ 120.969331191158517, 13.499850243457562, 0.0 ], [ 120.969332807710188, 13.499850921416224, 0.0 ], [ 120.969357724168717, 13.499861371020652, 0.0 ], [ 120.969402115616276, 13.499857421930693, 0.0 ], [ 120.969410013708966, 13.499856719311367, 0.0 ], [ 120.969427899355651, 13.499872630490421, 0.0 ], [ 120.96944744221652, 13.499890015936399, 0.0 ], [ 120.969462303248761, 13.499903236398836, 0.0 ], [ 120.96946270971398, 13.499903492097411, 0.0 ], [ 120.969528853572584, 13.499945101769558, 0.0 ], [ 120.969578318266272, 13.499962934999722, 0.0 ], [ 120.969619171869113, 13.499977663719122, 0.0 ], [ 120.969690475787417, 13.499996270545404, 0.0 ], [ 120.969747518922077, 13.500052091015954, 0.0 ], [ 120.969771286894897, 13.500140473400416, 0.0 ], [ 120.969752272516402, 13.500224204050218, 0.0 ], [ 120.969752272516402, 13.500312586370018, 0.0 ], [ 120.969747518922105, 13.500410272053342, 0.0 ], [ 120.969738011733057, 13.500475395819992, 0.0 ], [ 120.969690475787388, 13.500517261088783, 0.0 ], [ 120.969672498731157, 13.500515907881965, 0.0 ], [ 120.96962867905826, 13.500512609392679, 0.0 ], [ 120.969619977362882, 13.500533045788707, 0.0 ], [ 120.969604911085398, 13.500568429740865, 0.0 ], [ 120.969612380611679, 13.500604976772015, 0.0 ], [ 120.96962867905826, 13.500684722090476, 0.0 ], [ 120.969695229381855, 13.500768452546444, 0.0 ], [ 120.969804562056552, 13.500894048174755, 0.0 ], [ 120.969932909109389, 13.501005688677081, 0.0 ], [ 120.970180096026198, 13.50110337407326, 0.0 ], [ 120.970351225430122, 13.501126632494913, 0.0 ], [ 120.970465311699286, 13.501131284179133, 0.0 ], [ 120.970512847644969, 13.50109407070393, 0.0 ], [ 120.970546483539351, 13.501036469809964, 0.0 ], [ 120.970550876401276, 13.501028947108528, 0.0 ], [ 120.970598412346703, 13.501033598794516, 0.0 ], [ 120.970624498947032, 13.501061962514276, 0.0 ], [ 120.970641194697961, 13.501080115649241, 0.0 ], [ 120.970698237832281, 13.501052205537711, 0.0 ], [ 120.970735999509415, 13.501053812153312, 0.0 ], [ 120.970755987168204, 13.501054662551661, 0.0 ], [ 120.970807570507077, 13.50105685722294, 0.0 ], [ 120.970855106452731, 13.501038250480294, 0.0 ], [ 120.970902642398059, 13.501028947108528, 0.0 ], [ 120.970950178343742, 13.500982430243475, 0.0 ], [ 120.970988517809687, 13.500988354067108, 0.0 ], [ 120.971020195317806, 13.500993248551898, 0.0 ], [ 120.971040496640398, 13.500996385303893, 0.0 ], [ 120.971117883544011, 13.500996385304454, 0.0 ], [ 120.9711308149367, 13.500996385303887, 0.0 ], [ 120.971164090098455, 13.500968475182212, 0.0 ], [ 120.971176142337782, 13.500965371534241, 0.0 ], [ 120.971254408395339, 13.500945216744926, 0.0 ], [ 120.971335219502507, 13.501019643736239, 0.0 ], [ 120.971344716393943, 13.501004542129866, 0.0 ], [ 120.971373248258814, 13.500959171807461, 0.0 ], [ 120.971429613770724, 13.50099161718949, 0.0 ], [ 120.971454059366451, 13.501005688677106, 0.0 ], [ 120.971501595311778, 13.501028947108539, 0.0 ], [ 120.971544377662809, 13.501024295422395, 0.0 ], [ 120.971601420797455, 13.500987081930354, 0.0 ], [ 120.971634695959438, 13.500968475182244, 0.0 ], [ 120.97165859017548, 13.500952887199563, 0.0 ], [ 120.971673759510281, 13.500942991108497, 0.0 ], [ 120.971677478310312, 13.500940565057199, 0.0 ], [ 120.971745272304133, 13.500919615381743, 0.0 ], [ 120.971748024905878, 13.500918764773843, 0.0 ], [ 120.971766405089269, 13.500913084935183, 0.0 ], [ 120.971767796606727, 13.500912654928767, 0.0 ], [ 120.971768767297462, 13.500913086693055, 0.0 ], [ 120.971820086146778, 13.500935913369418, 0.0 ], [ 120.971858114903284, 13.500991733617242, 0.0 ], [ 120.971905650848711, 13.501019643736262, 0.0 ], [ 120.971967447577754, 13.501024295422363, 0.0 ], [ 120.972000691585109, 13.501061474070301, 0.0 ], [ 120.972006388460599, 13.501067845206087, 0.0 ], [ 120.972033997901576, 13.501098722388695, 0.0 ], [ 120.972100548225399, 13.501154542597787, 0.0 ], [ 120.972133823387352, 13.501177801014672, 0.0 ], [ 120.972176605738355, 13.501224317840943, 0.0 ], [ 120.97218135933268, 13.501275486339694, 0.0 ], [ 120.972195620116395, 13.501317351466351, 0.0 ], [ 120.972214634494563, 13.501317351466353, 0.0 ], [ 120.972252663251197, 13.501289441382498, 0.0 ], [ 120.97226692403467, 13.501326654826768, 0.0 ], [ 120.972247909656531, 13.501382474982021, 0.0 ], [ 120.972271677629138, 13.501401081697654, 0.0 ], [ 120.972323967169359, 13.501405733376341, 0.0 ], [ 120.972333474358507, 13.501461553512948, 0.0 ], [ 120.972323967169359, 13.501512721959664, 0.0 ], [ 120.972366749520347, 13.501549935368532, 0.0 ], [ 120.972404778276427, 13.501573193746152, 0.0 ], [ 120.972438053438665, 13.501587148771776, 0.0 ], [ 120.972461821411699, 13.501582497096756, 0.0 ], [ 120.972523618140599, 13.501568542070865, 0.0 ], [ 120.972556893302354, 13.501568542070865, 0.0 ], [ 120.972613936437128, 13.501596452121667, 0.0 ], [ 120.972632950815068, 13.501573193746145, 0.0 ], [ 120.972670979571845, 13.501568542070869, 0.0 ], [ 120.972704254733557, 13.501619710494667, 0.0 ], [ 120.97275654427348, 13.501680182253835, 0.0 ], [ 120.972780312246329, 13.501722047308695, 0.0 ], [ 120.972804080219461, 13.50170809229108, 0.0 ], [ 120.972827848191983, 13.501740653997523, 0.0 ], [ 120.972804080219461, 13.501782519041754, 0.0 ], [ 120.972813587408055, 13.501880204115649, 0.0 ], [ 120.972827848191969, 13.501954630811555, 0.0 ], [ 120.972870630542957, 13.501954630811571, 0.0 ], [ 120.972913412893959, 13.501917417466654, 0.0 ], [ 120.972941934461147, 13.501945327475878, 0.0 ], [ 120.972937180866424, 13.501991844150856, 0.0 ], [ 120.973022745568429, 13.50204301248262, 0.0 ], [ 120.97305602073061, 13.50208022580785, 0.0 ], [ 120.973084542297556, 13.502108135797684, 0.0 ], [ 120.973094049486917, 13.502089529138024, 0.0 ], [ 120.973108310270391, 13.50205696748033, 0.0 ], [ 120.973108991860286, 13.502056633992778, 0.0 ], [ 120.973121375714427, 13.502050574836177, 0.0 ], [ 120.973155846216031, 13.502033709150638, 0.0 ], [ 120.9732033821615, 13.502033709150478, 0.0 ], [ 120.973279439674229, 13.502047664148519, 0.0 ], [ 120.973341236403712, 13.502084877473013, 0.0 ], [ 120.973369757970886, 13.502075574142449, 0.0 ], [ 120.973403033132627, 13.502075574142458, 0.0 ], [ 120.973445815483856, 13.50211743912719, 0.0 ], [ 120.973474337050789, 13.502159304104449, 0.0 ], [ 120.973502858618204, 13.502196517411004, 0.0 ], [ 120.973540887374867, 13.502233730712273, 0.0 ], [ 120.973559901752978, 13.502270944007293, 0.0 ], [ 120.973588423320166, 13.502280247330038, 0.0 ], [ 120.973597930509285, 13.502326763938887, 0.0 ], [ 120.973574442757709, 13.502369448673411, 0.0 ], [ 120.973564655347445, 13.50238723551667, 0.0 ], [ 120.973526626591024, 13.502433752104249, 0.0 ], [ 120.97352187299667, 13.502466313710096, 0.0 ], [ 120.97349810502385, 13.502494223654487, 0.0 ], [ 120.973494691783117, 13.502504243793341, 0.0 ], [ 120.97348859783483, 13.502522133595358, 0.0 ], [ 120.97351236580765, 13.502559346844931, 0.0 ], [ 120.973533065613097, 13.502606610623046, 0.0 ], [ 120.973540887374838, 13.502624470017517, 0.0 ], [ 120.973483844240036, 13.502712851437234, 0.0 ], [ 120.973407786727321, 13.502847749329698, 0.0 ], [ 120.973345989998052, 13.502894265826512, 0.0 ], [ 120.973296699291424, 13.502894265826853, 0.0 ], [ 120.973284193269038, 13.502894265826539, 0.0 ], [ 120.973278224619662, 13.502897982601176, 0.0 ], [ 120.973231903728902, 13.502926827368761, 0.0 ], [ 120.973193874972594, 13.502940782314052, 0.0 ], [ 120.973176787450697, 13.503007666545001, 0.0 ], [ 120.973174860594213, 13.503015208674748, 0.0 ], [ 120.973139695743612, 13.503043546887794, 0.0 ], [ 120.973094049486576, 13.503080331721486, 0.0 ], [ 120.973077609526754, 13.503093944116936, 0.0 ], [ 120.973032252757548, 13.503131499816998, 0.0 ], [ 120.972951441650267, 13.503159409682395, 0.0 ], [ 120.972882339201192, 13.503231538104002, 0.0 ], [ 120.972880137732105, 13.503233835974145, 0.0 ], [ 120.972839623516279, 13.503301232962041, 0.0 ], [ 120.97283260178645, 13.503312913883684, 0.0 ], [ 120.9727803122463, 13.503391991766605, 0.0 ], [ 120.972813587408055, 13.503475721260548, 0.0 ], [ 120.972821939512173, 13.503478786122537, 0.0 ], [ 120.972851616164789, 13.503489676173528, 0.0 ], [ 120.972851616164917, 13.503536946648303, 0.0 ], [ 120.972851616164789, 13.503578057268671, 0.0 ], [ 120.97275654427348, 13.503759470991653, 0.0 ], [ 120.972751775466904, 13.503774637173393, 0.0 ], [ 120.972732857955961, 13.503834800314678, 0.0 ], [ 120.972729310342402, 13.503846082747268, 0.0 ], [ 120.972718515517272, 13.503880413396134, 0.0 ], [ 120.972687824291143, 13.503951205211591, 0.0 ], [ 120.972684639869726, 13.503958550338233, 0.0 ], [ 120.972651965193464, 13.504033917127481, 0.0 ], [ 120.972611279705006, 13.504136766723562, 0.0 ], [ 120.972594922058633, 13.504178117511577, 0.0 ], [ 120.97254263251898, 13.504336272670244, 0.0 ], [ 120.972548487635223, 13.504382108762467, 0.0 ], [ 120.972551120132621, 13.504386051506021, 0.0 ], [ 120.972571034282282, 13.504415877322367, 0.0 ], [ 120.97259539996314, 13.504409785902002, 0.0 ], [ 120.97259844567327, 13.504393034496415, 0.0 ], [ 120.972633471339364, 13.504403694481843, 0.0 ], [ 120.972638039904609, 13.504443288713016, 0.0 ], [ 120.972637146658613, 13.504443735335823, 0.0 ], [ 120.972610628513635, 13.50445699440828, 0.0 ], [ 120.972583217122747, 13.504446334423006, 0.0 ], [ 120.972578648557715, 13.504461562973342, 0.0 ], [ 120.972578648557715, 13.504493542929271, 0.0 ], [ 120.972543622891521, 13.504507248624687, 0.0 ], [ 120.972525618784402, 13.504484635862379, 0.0 ], [ 120.972509357356671, 13.504503730957065, 0.0 ], [ 120.97242379265505, 13.504578156824332, 0.0 ], [ 120.972408854197411, 13.504605768569036, 0.0 ], [ 120.972381010304161, 13.504657234282735, 0.0 ], [ 120.97226692403467, 13.504787479449876, 0.0 ], [ 120.972231346584181, 13.504833483892295, 0.0 ], [ 120.972133823387352, 13.504959589025015, 0.0 ], [ 120.972014983523408, 13.505099137236598, 0.0 ], [ 120.972002334504282, 13.505113553551091, 0.0 ], [ 120.971995952309598, 13.505120827448152, 0.0 ], [ 120.971812955755027, 13.505329391605427, 0.0 ], [ 120.971646579945514, 13.50554801675738, 0.0 ], [ 120.971475450541689, 13.50573408055652, 0.0 ], [ 120.971388484060427, 13.505863433089718, 0.0 ], [ 120.971359136463533, 13.505907084218464, 0.0 ], [ 120.971356610677844, 13.50591084102944, 0.0 ], [ 120.971300278860426, 13.505946670991761, 0.0 ], [ 120.971261538786749, 13.505971311687462, 0.0 ], [ 120.971104670166937, 13.506129465641799, 0.0 ], [ 120.971014351869954, 13.506241103663424, 0.0 ], [ 120.970881251222622, 13.506492289018606, 0.0 ], [ 120.970824208088175, 13.506659745773064, 0.0 ], [ 120.970729136196994, 13.506906279112014, 0.0 ], [ 120.97071487541335, 13.507055129305, 0.0 ], [ 120.97068160025151, 13.507208630967746, 0.0 ], [ 120.97068635384619, 13.507380738773987, 0.0 ], [ 120.970705368224358, 13.507538891782, 0.0 ], [ 120.97074339698041, 13.507692393129654, 0.0 ], [ 120.970809947304488, 13.507808681962409, 0.0 ], [ 120.970873697976231, 13.507916811043065, 0.0 ], [ 120.970881251222622, 13.507929622288065, 0.0 ], [ 120.970971569519051, 13.507999395524344, 0.0 ], [ 120.971061887815935, 13.508087774927523, 0.0 ], [ 120.971171972978595, 13.508171558618425, 0.0 ], [ 120.971190234868573, 13.508185457387468, 0.0 ], [ 120.971204904022443, 13.508207330507689, 0.0 ], [ 120.971290060354022, 13.50833430677171, 0.0 ], [ 120.97131832774356, 13.508368114094335, 0.0 ], [ 120.971324952893269, 13.508376037659062, 0.0 ], [ 120.971418407407242, 13.508487807600829, 0.0 ], [ 120.971508725703544, 13.508594792968044, 0.0 ], [ 120.971537952361587, 13.508613859082413, 0.0 ], [ 120.971594290405406, 13.50865061140129, 0.0 ], [ 120.971656087134647, 13.508752945161067, 0.0 ], [ 120.971704741789722, 13.508814441431705, 0.0 ], [ 120.971770173404025, 13.508897142656068, 0.0 ], [ 120.971941302807991, 13.509069249228295, 0.0 ], [ 120.971955563591337, 13.509059946173403, 0.0 ], [ 120.971994490644192, 13.509035706300047, 0.0 ], [ 120.972007853131487, 13.509027385479174, 0.0 ], [ 120.972050635482447, 13.509055294645933, 0.0 ], [ 120.972093417833648, 13.509092506863574, 0.0 ], [ 120.972116446734503, 13.509124055063365, 0.0 ], [ 120.972164721751938, 13.509190188906302, 0.0 ], [ 120.972554516505056, 13.50929252243176, 0.0 ], [ 120.972687617152744, 13.509325083089726, 0.0 ], [ 120.972735153098043, 13.509287870908871, 0.0 ], [ 120.972733783041463, 13.509285388245193, 0.0 ], [ 120.972606806045079, 13.509055294645943, 0.0 ], [ 120.972606806045107, 13.508999476308613, 0.0 ], [ 120.972644834801486, 13.508952961017544, 0.0 ], [ 120.972687617152715, 13.508925051838464, 0.0 ], [ 120.972739906692468, 13.508901794186807, 0.0 ], [ 120.972777935449017, 13.508906445717358, 0.0 ], [ 120.972820717800005, 13.508943657958243, 0.0 ], [ 120.972834603382694, 13.508926673652416, 0.0 ], [ 120.972834609030073, 13.508919603856617, 0.0 ], [ 120.972838488893217, 13.508915838093442, 0.0 ], [ 120.972820717800005, 13.508850627344673, 0.0 ], [ 120.97283497858372, 13.508836672749535, 0.0 ], [ 120.972841396394529, 13.508841696762484, 0.0 ], [ 120.97285874655654, 13.508855278876254, 0.0 ], [ 120.972877760934693, 13.50889249112538, 0.0 ], [ 120.972915789691001, 13.508980870193513, 0.0 ], [ 120.972963325636684, 13.509036688535099, 0.0 ], [ 120.973034629554945, 13.509022733950951, 0.0 ], [ 120.973148715823996, 13.508971567135141, 0.0 ], [ 120.973283401091209, 13.508895265674328, 0.0 ], [ 120.973329352417068, 13.508869233470534, 0.0 ], [ 120.973329521770012, 13.508869160555166, 0.0 ], [ 120.973448192280784, 13.50881806662132, 0.0 ], [ 120.973519496199273, 13.508813415089161, 0.0 ], [ 120.973619321684851, 13.508804112024354, 0.0 ], [ 120.973776190304875, 13.508794808959026, 0.0 ], [ 120.973909290952321, 13.50876224822783, 0.0 ], [ 120.973923343030933, 13.508758319549498, 0.0 ], [ 120.973945927299269, 13.508752005442387, 0.0 ], [ 120.973959765231143, 13.508746038299115, 0.0 ], [ 120.973971987917139, 13.508743669484849, 0.0 ], [ 120.973979325485516, 13.508738922863088, 0.0 ], [ 120.973991548171512, 13.508736555847515, 0.0 ], [ 120.974001328298755, 13.508731810124992, 0.0 ], [ 120.974013550984651, 13.508729443109374, 0.0 ], [ 120.974017787114477, 13.508727975640081, 0.0 ], [ 120.974066159573013, 13.508692475217515, 0.0 ], [ 120.974151724274648, 13.508645959865762, 0.0 ], [ 120.974204013814642, 13.508608747577588, 0.0 ], [ 120.974346621651307, 13.508571535283517, 0.0 ], [ 120.974384650407941, 13.50854362605927, 0.0 ], [ 120.974479722298966, 13.508497110678231, 0.0 ], [ 120.974551026217142, 13.50845989836659, 0.0 ], [ 120.974650851702563, 13.508422686049084, 0.0 ], [ 120.974736416404426, 13.508422686049084, 0.0 ], [ 120.97473718354307, 13.508422650303094, 0.0 ], [ 120.974836241890202, 13.508418034509143, 0.0 ], [ 120.974959835348386, 13.508394776807236, 0.0 ], [ 120.975050153645043, 13.508357564479635, 0.0 ], [ 120.975107196779845, 13.508315700603866, 0.0 ], [ 120.975118002088493, 13.508306637744974, 0.0 ], [ 120.975173747103312, 13.508259882091254, 0.0 ], [ 120.975249804616155, 13.508231972830034, 0.0 ], [ 120.975373398074723, 13.508199412020884, 0.0 ], [ 120.975561466290387, 13.508208389132349, 0.0 ], [ 120.975568295451154, 13.50820871510984, 0.0 ], [ 120.975758439233232, 13.508222669742119, 0.0 ], [ 120.975934322231751, 13.508231972830018, 0.0 ], [ 120.976110205230086, 13.508227321286151, 0.0 ], [ 120.976295595417682, 13.508213366654072, 0.0 ], [ 120.976466724821648, 13.508194760476441, 0.0 ], [ 120.976666375792533, 13.508180805842434, 0.0 ], [ 120.976851765980442, 13.508190108932087, 0.0 ], [ 120.976965336890188, 13.508166712564378, 0.0 ], [ 120.976969022950257, 13.508165953210694, 0.0 ], [ 120.976997091470395, 13.508160170898538, 0.0 ], [ 120.977032402573386, 13.508152896571781, 0.0 ], [ 120.977198778382586, 13.508106381113269, 0.0 ], [ 120.977298603868334, 13.508083123380997, 0.0 ], [ 120.977298603868562, 13.508045224976744, 0.0 ], [ 120.977298603868363, 13.507990092427388, 0.0 ], [ 120.977308111057027, 13.507938925387345, 0.0 ], [ 120.977332446475316, 13.507896061960576, 0.0 ], [ 120.977353088073755, 13.507859704675234, 0.0 ], [ 120.977355647002682, 13.507855197479573, 0.0 ], [ 120.977366704268661, 13.507844377574939, 0.0 ], [ 120.977379414975545, 13.50783193972225, 0.0 ], [ 120.977412690137257, 13.507855197479577, 0.0 ], [ 120.977441211704672, 13.507873803683934, 0.0 ], [ 120.977445965299339, 13.507864500581848, 0.0 ], [ 120.977479240461321, 13.507831939722234, 0.0 ], [ 120.977536283595668, 13.507845894376715, 0.0 ], [ 120.977569558757637, 13.507831939722413, 0.0 ], [ 120.977607587514186, 13.507817985066664, 0.0 ], [ 120.977650369865145, 13.507817985066673, 0.0 ], [ 120.977683645027128, 13.50783659127371, 0.0 ], [ 120.977707412999649, 13.507804030410004, 0.0 ], [ 120.977750195350595, 13.507766817989154, 0.0 ], [ 120.977811992079765, 13.507757514882947, 0.0 ], [ 120.977838408002754, 13.507728434897036, 0.0 ], [ 120.977850020836073, 13.507715650901, 0.0 ], [ 120.977892803187274, 13.507664483800909, 0.0 ], [ 120.977898239406045, 13.507664170888024, 0.0 ], [ 120.977973614294569, 13.507659832245851, 0.0 ], [ 120.978040164618406, 13.507692393129631, 0.0 ], [ 120.978061161612217, 13.507750607566102, 0.0 ], [ 120.978068686185921, 13.507771469542108, 0.0 ], [ 120.978119663764119, 13.507825509759348, 0.0 ], [ 120.978125729320269, 13.507831939722246, 0.0 ], [ 120.978173265265696, 13.507869152132985, 0.0 ], [ 120.978236800359724, 13.507884694935393, 0.0 ], [ 120.978249322778879, 13.507887758336162, 0.0 ], [ 120.978257635011929, 13.50789589213289, 0.0 ], [ 120.978285089091855, 13.507922756861845, 0.0 ], [ 120.978299662917152, 13.507937017833413, 0.0 ], [ 120.97830161231866, 13.507938925387355, 0.0 ], [ 120.978339641075195, 13.507957531585012, 0.0 ], [ 120.978405304297112, 13.50798020933642, 0.0 ], [ 120.978420452182377, 13.507985440878706, 0.0 ], [ 120.978444220155211, 13.508018001717154, 0.0 ], [ 120.978420452182377, 13.508059865645874, 0.0 ], [ 120.978320626697027, 13.508092426474221, 0.0 ], [ 120.978258829967658, 13.508162199662474, 0.0 ], [ 120.978206540427678, 13.508213366653875, 0.0 ], [ 120.978144743698508, 13.508250579004377, 0.0 ], [ 120.978054425402078, 13.508250579004377, 0.0 ], [ 120.977999808701625, 13.50824114767935, 0.0 ], [ 120.977973614294569, 13.508236624373875, 0.0 ], [ 120.977949846321749, 13.508278488263503, 0.0 ], [ 120.977959410720246, 13.508331522966682, 0.0 ], [ 120.977964107105549, 13.508357564479443, 0.0 ], [ 120.977906922102179, 13.508392905942186, 0.0 ], [ 120.977873788809134, 13.508413382969051, 0.0 ], [ 120.977878542403786, 13.508487807600613, 0.0 ], [ 120.977930831943937, 13.508580838357618, 0.0 ], [ 120.978016396645543, 13.508659914471947, 0.0 ], [ 120.978025903834919, 13.508785505893517, 0.0 ], [ 120.978035411023583, 13.508855278876064, 0.0 ], [ 120.978106714942101, 13.508990173251231, 0.0 ], [ 120.978277844346067, 13.509064597700958, 0.0 ], [ 120.978396684209883, 13.509176234331173, 0.0 ], [ 120.978458480938784, 13.509241355674719, 0.0 ], [ 120.978591581586315, 13.509292522431741, 0.0 ], [ 120.978677146288632, 13.509352992221146, 0.0 ], [ 120.978753203801247, 13.509399507433379, 0.0 ], [ 120.978805493341198, 13.509408810474785, 0.0 ], [ 120.978843522097804, 13.509487886311165, 0.0 ], [ 120.978843522097833, 13.509495871643516, 0.0 ], [ 120.978843522097804, 13.509557659085878, 0.0 ], [ 120.978843522097904, 13.5095808444288, 0.0 ], [ 120.978843522097804, 13.509659992451516, 0.0 ], [ 120.978886304448579, 13.509748371231545, 0.0 ], [ 120.978943347583254, 13.509860007537789, 0.0 ], [ 120.978981376339561, 13.509869310560999, 0.0 ], [ 120.979019405096125, 13.509906522649763, 0.0 ], [ 120.979081201825238, 13.509934431712853, 0.0 ], [ 120.979123984176226, 13.509985598319094, 0.0 ], [ 120.979176273716575, 13.50998559831908, 0.0 ], [ 120.97923807044539, 13.510022810389678, 0.0 ], [ 120.979304620769184, 13.51006932546931, 0.0 ], [ 120.979361663903887, 13.510115840540045, 0.0 ], [ 120.979409199849556, 13.510157704095853, 0.0 ], [ 120.979470996578684, 13.510194916139252, 0.0 ], [ 120.979499518145872, 13.510236779680842, 0.0 ], [ 120.979467589835863, 13.510303683806848, 0.0 ], [ 120.97954245895005, 13.510345547329276, 0.0 ], [ 120.979627689283944, 13.510393662623899, 0.0 ], [ 120.979628645246521, 13.510394202295679, 0.0 ], [ 120.979635154043763, 13.510397876721491, 0.0 ], [ 120.979720718745497, 13.510453694727531, 0.0 ], [ 120.979781327076367, 13.510523467216457, 0.0 ], [ 120.979806283447957, 13.510589751061172, 0.0 ], [ 120.979838370210814, 13.51065254626578, 0.0 ], [ 120.979877587365877, 13.510718830074222, 0.0 ], [ 120.979882164066012, 13.510723868273777, 0.0 ], [ 120.979906108933051, 13.510750227661333, 0.0 ], [ 120.979944944521776, 13.510772791024401, 0.0 ], [ 120.980020195202528, 13.510816511442671, 0.0 ], [ 120.980148542255492, 13.510875817967889, 0.0 ], [ 120.980217244955384, 13.51089766676138, 0.0 ], [ 120.98021884842673, 13.510898176696077, 0.0 ], [ 120.980291150091944, 13.510921170006622, 0.0 ], [ 120.980367075542731, 13.510945528902841, 0.0 ], [ 120.980410824295518, 13.510959564658847, 0.0 ], [ 120.980508627042923, 13.510990942356608, 0.0 ], [ 120.980694017230263, 13.511022339907546, 0.0 ], [ 120.980815233891505, 13.511046760221971, 0.0 ], [ 120.980950711336163, 13.51105373745413, 0.0 ], [ 120.980954037221565, 13.511053228947109, 0.0 ], [ 120.981064797605541, 13.511036294373202, 0.0 ], [ 120.981057667213562, 13.511022339907536, 0.0 ], [ 120.981057667213562, 13.510973499271257, 0.0 ], [ 120.981064797605541, 13.510931635860766, 0.0 ], [ 120.981089753976903, 13.510903726915723, 0.0 ], [ 120.981128971131852, 13.510865352111761, 0.0 ], [ 120.981128971131852, 13.510833954539917, 0.0 ], [ 120.981118275544191, 13.510799068344147, 0.0 ], [ 120.9811396667194, 13.510732784557847, 0.0 ], [ 120.981175318678879, 13.510676966618238, 0.0 ], [ 120.981218101029512, 13.510656034887598, 0.0 ], [ 120.981232962320746, 13.510641492789768, 0.0 ], [ 120.981253752988792, 13.510621148665518, 0.0 ], [ 120.981262632635662, 13.510617093832037, 0.0 ], [ 120.981284954789558, 13.510606900563994, 0.0 ], [ 120.981287297581829, 13.510605830742922, 0.0 ], [ 120.981307230927669, 13.510596728306988, 0.0 ], [ 120.98134288288658, 13.510579285192286, 0.0 ], [ 120.981360986751042, 13.510573970682726, 0.0 ], [ 120.981378534845931, 13.510568819322495, 0.0 ], [ 120.981378534845931, 13.510550323671467, 0.0 ], [ 120.981378534845931, 13.510540910335022, 0.0 ], [ 120.981394964708443, 13.510524833347988, 0.0 ], [ 120.981407056413445, 13.510513001344188, 0.0 ], [ 120.981416088242796, 13.510490906724183, 0.0 ], [ 120.981416088242796, 13.510473914591685, 0.0 ], [ 120.981416088242796, 13.510469974976639, 0.0 ], [ 120.981416088242796, 13.510439740227358, 0.0 ], [ 120.981451740202033, 13.510416482725125, 0.0 ], [ 120.981482638566646, 13.510400202472232, 0.0 ], [ 120.981484639431528, 13.510399668501686, 0.0 ], [ 120.981508783336707, 13.510393225220595, 0.0 ], [ 120.981512672647114, 13.510374196322323, 0.0 ], [ 120.981513536931075, 13.510369967713718, 0.0 ], [ 120.981520667322897, 13.510344384453786, 0.0 ], [ 120.98152592954149, 13.510340027436465, 0.0 ], [ 120.981534316346028, 13.510333083320411, 0.0 ], [ 120.981551565687738, 13.510318801190982, 0.0 ], [ 120.981566396437657, 13.51032605730742, 0.0 ], [ 120.981584840849337, 13.510335081449178, 0.0 ], [ 120.981587311750332, 13.510321380393066, 0.0 ], [ 120.981591971241315, 13.510295543676666, 0.0 ], [ 120.981627623200325, 13.510274611911891, 0.0 ], [ 120.981637130389444, 13.510235074129088, 0.0 ], [ 120.981651815874329, 13.510222500297852, 0.0 ], [ 120.98165189925453, 13.510222428906962, 0.0 ], [ 120.981675159146008, 13.51020251359723, 0.0 ], [ 120.981684280226204, 13.510198051000659, 0.0 ], [ 120.981708434307833, 13.510186233329591, 0.0 ], [ 120.981700846882404, 13.510173034260349, 0.0 ], [ 120.981687043132396, 13.510149021284755, 0.0 ], [ 120.981687043132396, 13.510121112247376, 0.0 ], [ 120.981677535943305, 13.510100180467326, 0.0 ], [ 120.981649014375861, 13.510065294162835, 0.0 ], [ 120.981639507186969, 13.510030407853336, 0.0 ], [ 120.981634753592289, 13.509990870029487, 0.0 ], [ 120.981640035963778, 13.509990546971617, 0.0 ], [ 120.981672782348724, 13.509988544274742, 0.0 ], [ 120.981701303915884, 13.51001877908214, 0.0 ], [ 120.981739332672419, 13.510046688131771, 0.0 ], [ 120.981760723847856, 13.510079248685315, 0.0 ], [ 120.981789245415371, 13.510076922931493, 0.0 ], [ 120.981824897374409, 13.5100839001924, 0.0 ], [ 120.981855795738994, 13.51010250622098, 0.0 ], [ 120.981881940508728, 13.510118786494125, 0.0 ], [ 120.981891439492529, 13.510134278133883, 0.0 ], [ 120.981891844421284, 13.510134938521182, 0.0 ], [ 120.98190333168462, 13.510153672790752, 0.0 ], [ 120.981941360440828, 13.510162975802306, 0.0 ], [ 120.981979389197477, 13.510172278813648, 0.0 ], [ 120.982015041156387, 13.510190884834524, 0.0 ], [ 120.982043562723675, 13.510228096872609, 0.0 ], [ 120.98207208429119, 13.510262983153163, 0.0 ], [ 120.982076837885529, 13.510251354393525, 0.0 ], [ 120.982080120897095, 13.510250711892882, 0.0 ], [ 120.982100605858122, 13.510246702889596, 0.0 ], [ 120.982110113047398, 13.510258331649258, 0.0 ], [ 120.982110113047369, 13.510282317911644, 0.0 ], [ 120.982110113047369, 13.510288566422005, 0.0 ], [ 120.982141011411983, 13.510330429947082, 0.0 ], [ 120.982160025790222, 13.510358338959582, 0.0 ], [ 120.982164779384789, 13.510342058702797, 0.0 ], [ 120.982188547357609, 13.510316475439479, 0.0 ], [ 120.982202808141224, 13.51030949818551, 0.0 ], [ 120.982233706505667, 13.510330429947107, 0.0 ], [ 120.982240836897788, 13.510342058702822, 0.0 ], [ 120.982250344086779, 13.510337407200511, 0.0 ], [ 120.982262228073296, 13.510360664710571, 0.0 ], [ 120.982255097681204, 13.510393225220575, 0.0 ], [ 120.982274112059713, 13.51039089946994, 0.0 ], [ 120.982319271207871, 13.510395550971145, 0.0 ], [ 120.982321648005268, 13.510421134225638, 0.0 ], [ 120.982359676761348, 13.510472300726349, 0.0 ], [ 120.982381067937013, 13.510460671977206, 0.0 ], [ 120.982402459112564, 13.510435088726865, 0.0 ], [ 120.982430980679737, 13.510444391727333, 0.0 ], [ 120.982469009436045, 13.510502535471927, 0.0 ], [ 120.982476175214387, 13.510525324063011, 0.0 ], [ 120.982478516625193, 13.51053277021305, 0.0 ], [ 120.982472111980769, 13.510551571475627, 0.0 ], [ 120.98247163029032, 13.510552985510584, 0.0 ], [ 120.982464255841705, 13.510574633694629, 0.0 ], [ 120.982466632638776, 13.510623474413812, 0.0 ], [ 120.982462791156991, 13.510642269286125, 0.0 ], [ 120.982459502247252, 13.510658360635565, 0.0 ], [ 120.982473763030725, 13.510649057643551, 0.0 ], [ 120.982499907800857, 13.510656034887578, 0.0 ], [ 120.982498005584475, 13.510685816645815, 0.0 ], [ 120.982497531003361, 13.51069324685211, 0.0 ], [ 120.982492159836951, 13.510714270061976, 0.0 ], [ 120.982488023814213, 13.510730458810759, 0.0 ], [ 120.982523675773677, 13.510783950991067, 0.0 ], [ 120.982571211719133, 13.510809534203416, 0.0 ], [ 120.982618747664802, 13.510795579724254, 0.0 ], [ 120.982656776420981, 13.510790928231037, 0.0 ], [ 120.98268445738654, 13.510803429652237, 0.0 ], [ 120.982687674785552, 13.51080488271057, 0.0 ], [ 120.982688783696176, 13.510811031568164, 0.0 ], [ 120.982692052534148, 13.510829157121467, 0.0 ], [ 120.982692204888068, 13.510830001916666, 0.0 ], [ 120.982694805177289, 13.51084442039781, 0.0 ], [ 120.982713819555457, 13.510900238297801, 0.0 ], [ 120.982747094717396, 13.510956056184307, 0.0 ], [ 120.982782746676904, 13.510988616612066, 0.0 ], [ 120.982806514649525, 13.510997919590526, 0.0 ], [ 120.982827479250091, 13.511014704008455, 0.0 ], [ 120.982832659419415, 13.511018851291015, 0.0 ], [ 120.982846415147151, 13.511036798301815, 0.0 ], [ 120.982854050594824, 13.51104676022198, 0.0 ], [ 120.982856192926974, 13.511045129754827, 0.0 ], [ 120.982875441770361, 13.511030480012444, 0.0 ], [ 120.982892079351373, 13.51102350277977, 0.0 ], [ 120.982887325756778, 13.510993268101416, 0.0 ], [ 120.982913470526682, 13.51098629086751, 0.0 ], [ 120.982953876080529, 13.511004896824454, 0.0 ], [ 120.982966948465446, 13.511033387192711, 0.0 ], [ 120.982952093482609, 13.511062458994203, 0.0 ], [ 120.982910499530476, 13.511082809252754, 0.0 ], [ 120.982943180492725, 13.511120602585681, 0.0 ], [ 120.982993687434814, 13.511132231302525, 0.0 ], [ 120.982996265054211, 13.51113475355408, 0.0 ], [ 120.983028443314453, 13.511166240617362, 0.0 ], [ 120.983029339394079, 13.511167117448741, 0.0 ], [ 120.983062020356599, 13.511181653341389, 0.0 ], [ 120.983064991353231, 13.511111881048079, 0.0 ], [ 120.983082817332843, 13.511074087713734, 0.0 ], [ 120.983130353278298, 13.511079902073233, 0.0 ], [ 120.98317194723063, 13.51111478822726, 0.0 ], [ 120.983192744206704, 13.511164210269916, 0.0 ], [ 120.983154944689559, 13.511222333591158, 0.0 ], [ 120.983154624722374, 13.511222825595835, 0.0 ], [ 120.983151150254571, 13.511228168192428, 0.0 ], [ 120.98311846929208, 13.511277590211424, 0.0 ], [ 120.983121440288542, 13.511324105043421, 0.0 ], [ 120.983139266268154, 13.511399691625906, 0.0 ], [ 120.983159403299496, 13.51145141583339, 0.0 ], [ 120.983163034240647, 13.511460742309348, 0.0 ], [ 120.983195592606762, 13.511480347823715, 0.0 ], [ 120.983201657196474, 13.511483999708238, 0.0 ], [ 120.983222530456601, 13.511522580011784, 0.0 ], [ 120.983223637903649, 13.511524626919494, 0.0 ], [ 120.983228396165941, 13.511533421673583, 0.0 ], [ 120.983201657196446, 13.51159447232255, 0.0 ], [ 120.983191365907047, 13.511617489946612, 0.0 ], [ 120.983180860220301, 13.511640987092012, 0.0 ], [ 120.983209461819229, 13.511657779393969, 0.0 ], [ 120.983210570186301, 13.511658430127813, 0.0 ], [ 120.983209458646101, 13.511661693113071, 0.0 ], [ 120.983204885029522, 13.511675119205684, 0.0 ], [ 120.98318977321027, 13.511719480744322, 0.0 ], [ 120.983174264239878, 13.511765008130805, 0.0 ], [ 120.983173054454952, 13.511768559517702, 0.0 ], [ 120.983168976233969, 13.511780531344582, 0.0 ], [ 120.983139266268154, 13.511780531344611, 0.0 ], [ 120.983100643312525, 13.511806695882878, 0.0 ], [ 120.983047165373364, 13.511821231736306, 0.0 ], [ 120.982978832451963, 13.511797974370511, 0.0 ], [ 120.982928325510102, 13.511815417395097, 0.0 ], [ 120.982904557536926, 13.511844489099611, 0.0 ], [ 120.982865934581596, 13.511861932120855, 0.0 ], [ 120.982850566150674, 13.51185591681384, 0.0 ], [ 120.982836224615554, 13.511850303440278, 0.0 ], [ 120.982817045686701, 13.511858644286862, 0.0 ], [ 120.98280948564593, 13.51186193212086, 0.0 ], [ 120.982803778592839, 13.511859354683589, 0.0 ], [ 120.982800830535652, 13.511858023272875, 0.0 ], [ 120.982770862690259, 13.511844489099586, 0.0 ], [ 120.982744123720863, 13.511829953247821, 0.0 ], [ 120.98272213921166, 13.511806050785754, 0.0 ], [ 120.982717384751609, 13.511800881541332, 0.0 ], [ 120.982708471761953, 13.511821231736276, 0.0 ], [ 120.982711527558408, 13.511834687405397, 0.0 ], [ 120.98271441375482, 13.511847396269959, 0.0 ], [ 120.982678761796038, 13.51187065363094, 0.0 ], [ 120.982637167843436, 13.511885189480264, 0.0 ], [ 120.982625098206782, 13.511906841771058, 0.0 ], [ 120.982619341863838, 13.51191716834588, 0.0 ], [ 120.982625084012952, 13.511925596527425, 0.0 ], [ 120.982637167843436, 13.511943332868674, 0.0 ], [ 120.9826402285521, 13.511945953453351, 0.0 ], [ 120.982641659957153, 13.511947179024968, 0.0 ], [ 120.982660935816298, 13.511963683051208, 0.0 ], [ 120.982684703789133, 13.511972404557579, 0.0 ], [ 120.982686559792441, 13.51199056585471, 0.0 ], [ 120.982687674785581, 13.512001476242935, 0.0 ], [ 120.982689548508262, 13.512004409791778, 0.0 ], [ 120.982702529768403, 13.512024733588479, 0.0 ], [ 120.98270674759479, 13.512027209915185, 0.0 ], [ 120.982717384751609, 13.512033455092471, 0.0 ], [ 120.982760507179165, 13.51207565107701, 0.0 ], [ 120.982782746676904, 13.512097412778783, 0.0 ], [ 120.982824340629108, 13.512123577281677, 0.0 ], [ 120.982857021591599, 13.512138113115546, 0.0 ], [ 120.982854050594824, 13.512164277614053, 0.0 ], [ 120.982815427639352, 13.51218172061146, 0.0 ], [ 120.982801275630308, 13.512212186121078, 0.0 ], [ 120.982800722636739, 13.512213376568489, 0.0 ], [ 120.982800572656288, 13.512213699436588, 0.0 ], [ 120.982800572656302, 13.512228235264555, 0.0 ], [ 120.982794630663093, 13.512254399753109, 0.0 ], [ 120.982744123720863, 13.51229800722777, 0.0 ], [ 120.982705500765164, 13.512338707529695, 0.0 ], [ 120.982700163363006, 13.512372655253465, 0.0 ], [ 120.982699558771969, 13.512376500660986, 0.0 ], [ 120.982699558771969, 13.512411386623011, 0.0 ], [ 120.982714413754849, 13.512443365417042, 0.0 ], [ 120.982714413754849, 13.512478251369128, 0.0 ], [ 120.982690796115534, 13.512488155739069, 0.0 ], [ 120.982679497483772, 13.512492893969448, 0.0 ], [ 120.98267281980236, 13.512495694343283, 0.0 ], [ 120.982652301442855, 13.512505063845836, 0.0 ], [ 120.98262825485358, 13.512516044478062, 0.0 ], [ 120.982624323670393, 13.512519541494761, 0.0 ], [ 120.982614522067379, 13.512528260591306, 0.0 ], [ 120.982614408911786, 13.512528361249972, 0.0 ], [ 120.982595573891103, 13.512545116096216, 0.0 ], [ 120.982583657212103, 13.512564550490042, 0.0 ], [ 120.982583021805013, 13.512565586747728, 0.0 ], [ 120.982577747911392, 13.512574187710808, 0.0 ], [ 120.982562892928527, 13.512611980804323, 0.0 ], [ 120.982530211966036, 13.512632330929245, 0.0 ], [ 120.982506477577559, 13.51262613775017, 0.0 ], [ 120.982490874883297, 13.51262206643031, 0.0 ], [ 120.982485647017143, 13.512620702286647, 0.0 ], [ 120.982481862993737, 13.51259478325388, 0.0 ], [ 120.98247970502392, 13.512580002033204, 0.0 ], [ 120.982460146135068, 13.512582553852583, 0.0 ], [ 120.982435140075054, 13.512585816355561, 0.0 ], [ 120.982393546122921, 13.512597444999944, 0.0 ], [ 120.982351952170447, 13.512614887965185, 0.0 ], [ 120.982325425783188, 13.512622304088909, 0.0 ], [ 120.982310358217987, 13.512626516607803, 0.0 ], [ 120.982321648918841, 13.512641983953925, 0.0 ], [ 120.982325213200866, 13.51264686673148, 0.0 ], [ 120.982319880826822, 13.512651610186387, 0.0 ], [ 120.982292532238375, 13.51267593833353, 0.0 ], [ 120.982253180080747, 13.51267337122607, 0.0 ], [ 120.982247967289481, 13.512673031173531, 0.0 ], [ 120.982247967289481, 13.512643959571106, 0.0 ], [ 120.982218257323439, 13.512643959571115, 0.0 ], [ 120.982210993328181, 13.512645381154865, 0.0 ], [ 120.982173692374531, 13.512652681052273, 0.0 ], [ 120.982159825144876, 13.512643182561538, 0.0 ], [ 120.982114272442686, 13.51261198080431, 0.0 ], [ 120.982075213988225, 13.512603672276237, 0.0 ], [ 120.982045939520972, 13.512597445000118, 0.0 ], [ 120.982004345568839, 13.512617795125974, 0.0 ], [ 120.982000801892241, 13.512618011847167, 0.0 ], [ 120.981956809623, 13.512620702286654, 0.0 ], [ 120.981919084868423, 13.512602245192495, 0.0 ], [ 120.981909273677843, 13.512597444999953, 0.0 ], [ 120.981840940755987, 13.512597444999953, 0.0 ], [ 120.981808259793539, 13.512611980804323, 0.0 ], [ 120.981807707943176, 13.51261846072345, 0.0 ], [ 120.981805288796878, 13.512646866731474, 0.0 ], [ 120.981768390064985, 13.512665981624089, 0.0 ], [ 120.981766061147482, 13.512667188088537, 0.0 ], [ 120.981754781854661, 13.512673031173509, 0.0 ], [ 120.98173055916358, 13.512665920505174, 0.0 ], [ 120.981695361922689, 13.512655588212466, 0.0 ], [ 120.981659709964006, 13.512614887965199, 0.0 ], [ 120.981594348038485, 13.512568373388106, 0.0 ], [ 120.981555725082771, 13.51253058028772, 0.0 ], [ 120.981493334154493, 13.512504415829939, 0.0 ], [ 120.981430943225973, 13.512443365417207, 0.0 ], [ 120.981386378276966, 13.512370686333504, 0.0 ], [ 120.981321016351771, 13.512274749909009, 0.0 ], [ 120.981276451402778, 13.512167184780445, 0.0 ], [ 120.981231886454012, 13.512141020282348, 0.0 ], [ 120.981132060968207, 13.512127065881993, 0.0 ], [ 120.981003713915243, 13.512154974681552, 0.0 ], [ 120.980889627646448, 13.512196837874621, 0.0 ], [ 120.980704237458781, 13.512224746666014, 0.0 ], [ 120.980561629622102, 13.512266609847023, 0.0 ], [ 120.980546998895335, 13.512266609850764, 0.0 ], [ 120.980545665346213, 13.512266609850936, 0.0 ], [ 120.98054414018273, 13.51226660985111, 0.0 ], [ 120.980539410079473, 13.51226660985145, 0.0 ], [ 120.980421155931495, 13.512266609847183, 0.0 ], [ 120.980419021785451, 13.512266609847027, 0.0 ], [ 120.980415655227944, 13.512265198035559, 0.0 ], [ 120.980397912288041, 13.512257757292085, 0.0 ], [ 120.980332537331378, 13.512230341410447, 0.0 ], [ 120.980319196300016, 13.512224746666009, 0.0 ], [ 120.980247892381499, 13.512196837874647, 0.0 ], [ 120.980190849247052, 13.512154974681565, 0.0 ], [ 120.980033980626899, 13.512071248272852, 0.0 ], [ 120.979934155141223, 13.512057293868621, 0.0 ], [ 120.979903341814193, 13.5120535249531, 0.0 ], [ 120.979821363878258, 13.512043497861615, 0.0 ], [ 120.979820068872073, 13.51204333946351, 0.0 ], [ 120.979763025737284, 13.512057293868624, 0.0 ], [ 120.979705982602582, 13.512113111480875, 0.0 ], [ 120.979686250041027, 13.512113111481552, 0.0 ], [ 120.97963467868442, 13.512113111481042, 0.0 ], [ 120.979534853198615, 13.512057293868811, 0.0 ], [ 120.979534853198615, 13.511959613014993, 0.0 ], [ 120.97949450037936, 13.51194645105087, 0.0 ], [ 120.979406506145779, 13.511917749779654, 0.0 ], [ 120.979327156992554, 13.511927455338306, 0.0 ], [ 120.979292419876529, 13.511931704192222, 0.0 ], [ 120.97925220756099, 13.511940448285847, 0.0 ], [ 120.97921766068167, 13.511947960439581, 0.0 ], [ 120.979164072823693, 13.511959613015016, 0.0 ], [ 120.979111557201904, 13.511964284599173, 0.0 ], [ 120.979074606163991, 13.511967571617298, 0.0 ], [ 120.979007204203313, 13.511973567425068, 0.0 ], [ 120.97893590028535, 13.512043339463498, 0.0 ], [ 120.978871920662186, 13.512061752725344, 0.0 ], [ 120.978814683624151, 13.512078225474729, 0.0 ], [ 120.978703338547461, 13.51211027045208, 0.0 ], [ 120.978693466963065, 13.512113111481028, 0.0 ], [ 120.97860077186921, 13.512154974681566, 0.0 ], [ 120.978486685600032, 13.512203815072867, 0.0 ], [ 120.978458164032546, 13.512259632650792, 0.0 ], [ 120.978458622804396, 13.512261428310776, 0.0 ], [ 120.978472424816403, 13.512315450214905, 0.0 ], [ 120.978459239511707, 13.512347705253701, 0.0 ], [ 120.978429642465358, 13.512420108112856, 0.0 ], [ 120.978423127132046, 13.512434452645167, 0.0 ], [ 120.978418200077869, 13.512445300328297, 0.0 ], [ 120.978372599330669, 13.512545697528536, 0.0 ], [ 120.978279904237183, 13.5126084922112, 0.0 ], [ 120.978278859691372, 13.512622801642367, 0.0 ], [ 120.978274737051379, 13.51267927846612, 0.0 ], [ 120.978273858075553, 13.512691319721569, 0.0 ], [ 120.978272773845006, 13.512706172795935, 0.0 ], [ 120.97834407776341, 13.512720127161765, 0.0 ], [ 120.978334567438083, 13.512757351076012, 0.0 ], [ 120.978329816979908, 13.512775944616923, 0.0 ], [ 120.978358338547196, 13.512873625131844, 0.0 ], [ 120.978336947371631, 13.512943396903479, 0.0 ], [ 120.978272773845006, 13.512957351255482, 0.0 ], [ 120.978240636392371, 13.51299778296819, 0.0 ], [ 120.978222861102282, 13.513020145828213, 0.0 ], [ 120.978287034628906, 13.513075963212499, 0.0 ], [ 120.978294916747686, 13.513080590859966, 0.0 ], [ 120.978309920338944, 13.513089399573687, 0.0 ], [ 120.978322686587958, 13.513096894728045, 0.0 ], [ 120.978337880408162, 13.513120257673977, 0.0 ], [ 120.978338335075932, 13.513120956798964, 0.0 ], [ 120.978366489955064, 13.51316424945554, 0.0 ], [ 120.978372599330669, 13.513173643602821, 0.0 ], [ 120.978404928599076, 13.513255893433294, 0.0 ], [ 120.978408251289821, 13.513264346786125, 0.0 ], [ 120.978372599330669, 13.513334118441959, 0.0 ], [ 120.978322686587958, 13.513445753048098, 0.0 ], [ 120.978350715770489, 13.513452609758819, 0.0 ], [ 120.978379729722633, 13.513459707370384, 0.0 ], [ 120.978425172663037, 13.513510526083175, 0.0 ], [ 120.97842964246513, 13.513515524650259, 0.0 ], [ 120.978433613926526, 13.513538841332725, 0.0 ], [ 120.97844096728771, 13.513582013344452, 0.0 ], [ 120.978443903249058, 13.513599250545273, 0.0 ], [ 120.978461315426671, 13.513650364486066, 0.0 ], [ 120.978465294424595, 13.513662044947141, 0.0 ], [ 120.97848870302164, 13.513650592181984, 0.0 ], [ 120.978521277517984, 13.513634654956384, 0.0 ], [ 120.978522337559127, 13.513634136326301, 0.0 ], [ 120.978552062461318, 13.513585659492209, 0.0 ], [ 120.978565119910272, 13.513564364759262, 0.0 ], [ 120.978586881415012, 13.513555492324953, 0.0 ], [ 120.978650684612035, 13.513529478968108, 0.0 ], [ 120.978692109620383, 13.513523078741642, 0.0 ], [ 120.978786162056863, 13.513508547490789, 0.0 ], [ 120.978786162056863, 13.513466684530913, 0.0 ], [ 120.978790857809031, 13.513458643558915, 0.0 ], [ 120.978805099696743, 13.51343425585163, 0.0 ], [ 120.978814683624151, 13.51341784440168, 0.0 ], [ 120.97889311793439, 13.513362027098317, 0.0 ], [ 120.978915074751853, 13.513366985170883, 0.0 ], [ 120.978985813028004, 13.513382958588638, 0.0 ], [ 120.979064247338215, 13.513403890077022, 0.0 ], [ 120.979079438818758, 13.513403890077374, 0.0 ], [ 120.979104500074641, 13.513403890077734, 0.0 ], [ 120.979142681648227, 13.513403890077022, 0.0 ], [ 120.979182358080379, 13.513359520016486, 0.0 ], [ 120.979182517396154, 13.513359341854331, 0.0 ], [ 120.979192594390824, 13.51334807277069, 0.0 ], [ 120.979199821308754, 13.513305643071483, 0.0 ], [ 120.979206855174667, 13.513264346786112, 0.0 ], [ 120.979306680660343, 13.513194575109891, 0.0 ], [ 120.979377984578491, 13.513166666433465, 0.0 ], [ 120.979513462023547, 13.513131780583349, 0.0 ], [ 120.979577635549717, 13.51310387189962, 0.0 ], [ 120.979600509809757, 13.513103871900102, 0.0 ], [ 120.979631144494761, 13.513103871900125, 0.0 ], [ 120.979656069859857, 13.513103871899425, 0.0 ], [ 120.979684591427016, 13.513075963212495, 0.0 ], [ 120.979687021671452, 13.513075530844983, 0.0 ], [ 120.979751359416127, 13.513064084437763, 0.0 ], [ 120.979763025737284, 13.513062008867623, 0.0 ], [ 120.979812938480137, 13.513075963212511, 0.0 ], [ 120.979802772444486, 13.513102490105529, 0.0 ], [ 120.979791547304544, 13.513131780583342, 0.0 ], [ 120.979855357055172, 13.513136583554347, 0.0 ], [ 120.979882159314698, 13.513138600960321, 0.0 ], [ 120.979884242398498, 13.513138757753849, 0.0 ], [ 120.979967394332675, 13.513118416472446, 0.0 ], [ 120.979969807100233, 13.513117826241839, 0.0 ], [ 120.979980457107899, 13.513120431531865, 0.0 ], [ 120.980083893369624, 13.513145734923977, 0.0 ], [ 120.980190849247052, 13.513173643602851, 0.0 ], [ 120.980262153165199, 13.513208529446974, 0.0 ], [ 120.980304935516173, 13.513173643602833, 0.0 ], [ 120.980426152177188, 13.513152712094101, 0.0 ], [ 120.980533108054942, 13.513187597941023, 0.0 ], [ 120.980675715891266, 13.513257369619748, 0.0 ], [ 120.980701732695579, 13.513273569992188, 0.0 ], [ 120.980708942481101, 13.513278059444385, 0.0 ], [ 120.980754150201506, 13.51330620978241, 0.0 ], [ 120.980846845295218, 13.513306209782415, 0.0 ], [ 120.980892630961861, 13.513342051194249, 0.0 ], [ 120.98091814921338, 13.513362027098337, 0.0 ], [ 120.980944709016299, 13.513397297942571, 0.0 ], [ 120.980992184007164, 13.513460343698023, 0.0 ], [ 120.981017974699412, 13.513494593171622, 0.0 ], [ 120.980992309758321, 13.513563655015174, 0.0 ], [ 120.98098945313177, 13.513571341916983, 0.0 ], [ 120.981014517138775, 13.51361548758473, 0.0 ], [ 120.981025105090808, 13.513634136326099, 0.0 ], [ 120.98096093156461, 13.513682976410621, 0.0 ], [ 120.980966389175251, 13.513773761869965, 0.0 ], [ 120.980968061956332, 13.513801588002266, 0.0 ], [ 120.981067887441782, 13.513892290943602, 0.0 ], [ 120.981217625670411, 13.513996948140486, 0.0 ], [ 120.981296059980437, 13.51398299385011, 0.0 ], [ 120.981431537425138, 13.513976016704722, 0.0 ], [ 120.981517102127029, 13.513899268091569, 0.0 ], [ 120.981645449179993, 13.513822519453349, 0.0 ], [ 120.981731013881927, 13.51383647375309, 0.0 ], [ 120.981788057016615, 13.513857405201135, 0.0 ], [ 120.981909273677843, 13.513899268091572, 0.0 ], [ 120.981994838379705, 13.514010902429966, 0.0 ], [ 120.982023359946993, 13.514094628148957, 0.0 ], [ 120.982080403081682, 13.514150445278123, 0.0 ], [ 120.982201619742582, 13.514220216671287, 0.0 ], [ 120.982227951944878, 13.514267454779068, 0.0 ], [ 120.982244402093656, 13.514296965179973, 0.0 ], [ 120.982246774703768, 13.514301350451637, 0.0 ], [ 120.982308575619982, 13.514415576462017, 0.0 ], [ 120.982342460370759, 13.514448732897291, 0.0 ], [ 120.982358488362706, 13.514464416384319, 0.0 ], [ 120.982329966795518, 13.514513256296704, 0.0 ], [ 120.98229497617092, 13.514557277257268, 0.0 ], [ 120.982280054052808, 13.514576050454478, 0.0 ], [ 120.982294314836281, 13.514610936090749, 0.0 ], [ 120.982536748158623, 13.514862112517987, 0.0 ], [ 120.982600921684835, 13.514896998111931, 0.0 ], [ 120.982772051089, 13.515064448889403, 0.0 ], [ 120.982821963831711, 13.515064448889413, 0.0 ], [ 120.982894442305565, 13.515043589937354, 0.0 ], [ 120.982901831106474, 13.515041463476068, 0.0 ], [ 120.982928930755747, 13.515033664326799, 0.0 ], [ 120.982943180492626, 13.515029563320697, 0.0 ], [ 120.98303646230579, 13.514986967574037, 0.0 ], [ 120.983050136370025, 13.514980723515402, 0.0 ], [ 120.983135701072115, 13.514994677746428, 0.0 ], [ 120.983137787357478, 13.514994809452793, 0.0 ], [ 120.983286259997868, 13.515004182427392, 0.0 ], [ 120.98335164220147, 13.515008309953785, 0.0 ], [ 120.983356743218906, 13.515008631976741, 0.0 ], [ 120.98340345540943, 13.515023867995072, 0.0 ], [ 120.98341110644516, 13.515026363517224, 0.0 ], [ 120.983485090271643, 13.515050494662496, 0.0 ], [ 120.983507092533969, 13.515084941525451, 0.0 ], [ 120.983520742231121, 13.515106311565269, 0.0 ], [ 120.983528229302692, 13.515124626872955, 0.0 ], [ 120.983563524582109, 13.515210968222295, 0.0 ], [ 120.98357149427919, 13.515225005290119, 0.0 ], [ 120.983583154274811, 13.515245542098445, 0.0 ], [ 120.98359917654102, 13.515273762194067, 0.0 ], [ 120.983663350067488, 13.515266785086867, 0.0 ], [ 120.983670129395591, 13.515261099152291, 0.0 ], [ 120.983713262810184, 13.515224922439581, 0.0 ], [ 120.983750615582949, 13.515193995689025, 0.0 ], [ 120.983780750387268, 13.515169045153906, 0.0 ], [ 120.983805957903868, 13.515148174233616, 0.0 ], [ 120.983819793859411, 13.515107558653211, 0.0 ], [ 120.983820218687583, 13.515106311565264, 0.0 ], [ 120.983948565740548, 13.515134220011833, 0.0 ], [ 120.984055521617975, 13.515162128454858, 0.0 ], [ 120.984133955927987, 13.515210968222286, 0.0 ], [ 120.984190999062889, 13.515217945331148, 0.0 ], [ 120.984240911805614, 13.515162128454838, 0.0 ], [ 120.984305085332153, 13.515155151344411, 0.0 ], [ 120.984312215723776, 13.515120265789006, 0.0 ], [ 120.984383519642066, 13.515099334453222, 0.0 ], [ 120.984440562776769, 13.515057471776114, 0.0 ], [ 120.98449663125723, 13.51507575951069, 0.0 ], [ 120.984504736303265, 13.515078403115654, 0.0 ], [ 120.984507282982236, 13.515087747867083, 0.0 ], [ 120.984524015835063, 13.515149147181218, 0.0 ], [ 120.984533257870794, 13.515183059784937, 0.0 ], [ 120.984533257871021, 13.515256627870773, 0.0 ], [ 120.984533257870453, 13.515273762194052, 0.0 ], [ 120.984540762089523, 13.515310476678872, 0.0 ], [ 120.984547518654196, 13.515343533254281, 0.0 ], [ 120.984518997086752, 13.515392372984273, 0.0 ], [ 120.984524390997876, 13.515426679674533, 0.0 ], [ 120.984533257870481, 13.515483075312737, 0.0 ], [ 120.984576040221683, 13.515552846310754, 0.0 ], [ 120.98467586570716, 13.515587731802274, 0.0 ], [ 120.984702714078594, 13.515526432403993, 0.0 ], [ 120.984715970662393, 13.515496165364452, 0.0 ], [ 120.984718648058106, 13.515490052413382, 0.0 ], [ 120.984768560800831, 13.515441212703879, 0.0 ], [ 120.984839864719333, 13.515413304293697, 0.0 ], [ 120.984871595515415, 13.515480576354737, 0.0 ], [ 120.984882647069981, 13.515504006614201, 0.0 ], [ 120.984828941789701, 13.515543419640512, 0.0 ], [ 120.984825603935533, 13.515545869211929, 0.0 ], [ 120.984804212760096, 13.51559470889994, 0.0 ], [ 120.984811343151819, 13.515664479864927, 0.0 ], [ 120.984868386286493, 13.515720296622382, 0.0 ], [ 120.984982472555657, 13.51581797591531, 0.0 ], [ 120.985160732351346, 13.515943563518531, 0.0 ], [ 120.985281949012474, 13.516069151054644, 0.0 ], [ 120.985478508193978, 13.516137841410245, 0.0 ], [ 120.985481599983601, 13.51613892187898, 0.0 ], [ 120.985588555861327, 13.516159853122547, 0.0 ], [ 120.985716902913964, 13.516194738523613, 0.0 ], [ 120.98599498819533, 13.516383119601608, 0.0 ], [ 120.986130465639917, 13.51643195911573, 0.0 ], [ 120.986172333304907, 13.516404647502323, 0.0 ], [ 120.986173247991019, 13.516404050823178, 0.0 ], [ 120.986230291125722, 13.51641800496999, 0.0 ], [ 120.986330116611171, 13.516438936188722, 0.0 ], [ 120.986408550921283, 13.516487775690901, 0.0 ], [ 120.986437072488826, 13.516508706903194, 0.0 ], [ 120.986601071500672, 13.516445913260775, 0.0 ], [ 120.986700896986477, 13.51641800496998, 0.0 ], [ 120.986793592080403, 13.516376142527589, 0.0 ], [ 120.986793592080403, 13.516339786253129, 0.0 ], [ 120.986793592080403, 13.516327303001749, 0.0 ], [ 120.986636723459924, 13.516111013551553, 0.0 ], [ 120.986672375419161, 13.51596449477916, 0.0 ], [ 120.986722288161687, 13.515978448951913, 0.0 ], [ 120.98670418016593, 13.51610247959708, 0.0 ], [ 120.986700896986477, 13.516124967715623, 0.0 ], [ 120.986786461688311, 13.516264509310764, 0.0 ], [ 120.98681590509014, 13.51627891447284, 0.0 ], [ 120.986817978737676, 13.516279929003169, 0.0 ], [ 120.986829244039086, 13.516285440543022, 0.0 ], [ 120.986886287174116, 13.516306371773075, 0.0 ], [ 120.986964721484355, 13.516341257153176, 0.0 ], [ 120.987036025402517, 13.516348234228079, 0.0 ], [ 120.98714298127959, 13.516348234228072, 0.0 ], [ 120.987257067549081, 13.516355211303354, 0.0 ], [ 120.987267648226194, 13.516359525126992, 0.0 ], [ 120.987342632250844, 13.516390096675833, 0.0 ], [ 120.98747810969563, 13.51642498204332, 0.0 ], [ 120.987542283221956, 13.51643893618856, 0.0 ], [ 120.987585065573157, 13.516480798619936, 0.0 ], [ 120.98766349988307, 13.516543592253146, 0.0 ], [ 120.987713412626022, 13.516585454665705, 0.0 ], [ 120.987798977327998, 13.516620340004076, 0.0 ], [ 120.987884542029633, 13.516606385869315, 0.0 ], [ 120.987898802813433, 13.516557546391445, 0.0 ], [ 120.987941585164663, 13.516529638113772, 0.0 ], [ 120.98799888607482, 13.516498488783208, 0.0 ], [ 120.988005758690861, 13.516494752761899, 0.0 ], [ 120.988045223024884, 13.516487731716511, 0.0 ], [ 120.9880841930011, 13.516480798619751, 0.0 ], [ 120.988141236135789, 13.516466844477192, 0.0 ], [ 120.988164177925896, 13.516451878817856, 0.0 ], [ 120.988166100877152, 13.516450624415626, 0.0 ], [ 120.988184018486777, 13.516438936188555, 0.0 ], [ 120.988233931229502, 13.51639707374968, 0.0 ], [ 120.988269583188526, 13.51637614252742, 0.0 ], [ 120.988326626323229, 13.516362188378075, 0.0 ], [ 120.988393432396037, 13.516388336222857, 0.0 ], [ 120.988397930241717, 13.51639009667602, 0.0 ], [ 120.988433470601194, 13.516404007143272, 0.0 ], [ 120.988433582200955, 13.516403952993702, 0.0 ], [ 120.988433582200955, 13.516369165452844, 0.0 ], [ 120.988438879742702, 13.516358798183852, 0.0 ], [ 120.988447842984328, 13.516341257153, 0.0 ], [ 120.988490625335302, 13.516299394696743, 0.0 ], [ 120.988526277294582, 13.516306371773096, 0.0 ], [ 120.988548944098994, 13.516339640916042, 0.0 ], [ 120.988554798861514, 13.516348234228097, 0.0 ], [ 120.988533407686106, 13.516431959115717, 0.0 ], [ 120.988569059645243, 13.516418004969985, 0.0 ], [ 120.988577701898521, 13.51641646743812, 0.0 ], [ 120.988640119244465, 13.516405362849033, 0.0 ], [ 120.988641227889389, 13.516405165611433, 0.0 ], [ 120.988647493955554, 13.516404050823157, 0.0 ], [ 120.988654624347546, 13.516355211303349, 0.0 ], [ 120.988656041081981, 13.516354379540285, 0.0 ], [ 120.988690276306485, 13.516334280077389, 0.0 ], [ 120.988740189049182, 13.516334280077407, 0.0 ], [ 120.988775841008746, 13.516299394696734, 0.0 ], [ 120.988813841798802, 13.516256013696783, 0.0 ], [ 120.988818623359421, 13.516250555155247, 0.0 ], [ 120.988831897357187, 13.516257977205271, 0.0 ], [ 120.98883649036668, 13.516260545349899, 0.0 ], [ 120.988868536102373, 13.516278463465948, 0.0 ], [ 120.988902033913078, 13.51631670394376, 0.0 ], [ 120.988911318453347, 13.516327303001727, 0.0 ], [ 120.988996883154982, 13.516341257153005, 0.0 ], [ 120.989046795897835, 13.516341257153011, 0.0 ], [ 120.98910383903241, 13.516390096675842, 0.0 ], [ 120.989125230207947, 13.516424982043137, 0.0 ], [ 120.989160882167184, 13.5164319591159, 0.0 ], [ 120.989182273342649, 13.516404050823148, 0.0 ], [ 120.989246446869203, 13.516362188378254, 0.0 ], [ 120.989274968436462, 13.516369165452833, 0.0 ], [ 120.989283978364597, 13.516370424909731, 0.0 ], [ 120.989324881179414, 13.516376142527422, 0.0 ], [ 120.989324881179414, 13.51643195911574, 0.0 ], [ 120.989313936239924, 13.516460518044489, 0.0 ], [ 120.989303490003863, 13.516487775690926, 0.0 ], [ 120.989306902431736, 13.516490446932854, 0.0 ], [ 120.989339141962802, 13.516515683973706, 0.0 ], [ 120.989344332952783, 13.516541080824013, 0.0 ], [ 120.989346272354624, 13.516550569322368, 0.0 ], [ 120.989359713626797, 13.516549747307758, 0.0 ], [ 120.989459330292433, 13.516543655141868, 0.0 ], [ 120.989460358624015, 13.516543592252981, 0.0 ], [ 120.989514947541352, 13.516524168576449, 0.0 ], [ 120.989538792934255, 13.516515683973733, 0.0 ], [ 120.989553053717472, 13.516550569322357, 0.0 ], [ 120.989609847602182, 13.516567241121036, 0.0 ], [ 120.989624357635989, 13.516571500528986, 0.0 ], [ 120.989624357635989, 13.516487775690921, 0.0 ], [ 120.989663566690751, 13.516484578528221, 0.0 ], [ 120.989709922338207, 13.516480798619765, 0.0 ], [ 120.989709922338179, 13.516543592252983, 0.0 ], [ 120.989736254878835, 13.516560769799636, 0.0 ], [ 120.989752704688854, 13.516571500528986, 0.0 ], [ 120.98984539978278, 13.516529638113752, 0.0 ], [ 120.989952355659966, 13.516550569322369, 0.0 ], [ 120.990009398794655, 13.516550569322368, 0.0 ], [ 120.99003078997022, 13.516522661043668, 0.0 ], [ 120.99007357232108, 13.516501729832802, 0.0 ], [ 120.99009811415749, 13.5165120216007, 0.0 ], [ 120.990123485063904, 13.516522661043656, 0.0 ], [ 120.990129046375387, 13.516555311414432, 0.0 ], [ 120.990130615455655, 13.516564523460316, 0.0 ], [ 120.990156918122224, 13.516562685097956, 0.0 ], [ 120.990184431174157, 13.516560762138567, 0.0 ], [ 120.990187079699126, 13.51656057702621, 0.0 ], [ 120.990207430479359, 13.516559154654853, 0.0 ], [ 120.990230440941559, 13.516557546391436, 0.0 ], [ 120.99023398610646, 13.516576625526129, 0.0 ], [ 120.990244701725373, 13.516634294137869, 0.0 ], [ 120.990250934706623, 13.51670748156735, 0.0 ], [ 120.990251832117096, 13.516718018923763, 0.0 ], [ 120.990275636000206, 13.516743640142545, 0.0 ], [ 120.99029471198935, 13.516764172509074, 0.0 ], [ 120.990323136035613, 13.516794766617785, 0.0 ], [ 120.990395115013243, 13.516846663258073, 0.0 ], [ 120.990458613479845, 13.516892445465215, 0.0 ], [ 120.990512832239119, 13.516892445466118, 0.0 ], [ 120.990544178181835, 13.516892445465194, 0.0 ], [ 120.990585333570266, 13.516920324956283, 0.0 ], [ 120.990620745222373, 13.516944313521584, 0.0 ], [ 120.990636873275562, 13.516955238988507, 0.0 ], [ 120.990679655626536, 13.516997101328069, 0.0 ], [ 120.99069135655337, 13.51700959147634, 0.0 ], [ 120.990747337224093, 13.517069348009205, 0.0 ], [ 120.990758089936776, 13.517080825984777, 0.0 ], [ 120.990836524246916, 13.517108734197409, 0.0 ], [ 120.990936349732351, 13.51712268830213, 0.0 ], [ 120.990939842948038, 13.517163705418774, 0.0 ], [ 120.990943480124443, 13.51720641291406, 0.0 ], [ 120.990893567381491, 13.517297114543574, 0.0 ], [ 120.990923467827784, 13.517330551584472, 0.0 ], [ 120.990943480124443, 13.517352930913605, 0.0 ], [ 120.990975274931202, 13.517391819693222, 0.0 ], [ 120.991000523258791, 13.51742270135759, 0.0 ], [ 120.990950610516165, 13.517513402903795, 0.0 ], [ 120.990907828165177, 13.517583173299961, 0.0 ], [ 120.990893567381491, 13.517659920711774, 0.0 ], [ 120.990865045814203, 13.517638989601942, 0.0 ], [ 120.990815133071507, 13.517673874784188, 0.0 ], [ 120.990815133071479, 13.517736668099257, 0.0 ], [ 120.990802397745639, 13.51774601416345, 0.0 ], [ 120.990758089936776, 13.517778530299735, 0.0 ], [ 120.990808002679501, 13.517799461396933, 0.0 ], [ 120.990808751529244, 13.517803125114254, 0.0 ], [ 120.990822263463201, 13.517869231708604, 0.0 ], [ 120.990872176205926, 13.517869231708579, 0.0 ], [ 120.990892948075299, 13.517920044462931, 0.0 ], [ 120.990893684061916, 13.517921844854591, 0.0 ], [ 120.990900697773213, 13.517939001999327, 0.0 ], [ 120.990850785030489, 13.51798086416407, 0.0 ], [ 120.990822263463201, 13.518050634421702, 0.0 ], [ 120.990779481112227, 13.518113427635905, 0.0 ], [ 120.990800872287636, 13.518141335725948, 0.0 ], [ 120.990815133071479, 13.518232036995217, 0.0 ], [ 120.990772350720505, 13.51828785314339, 0.0 ], [ 120.990772350720476, 13.518350646294268, 0.0 ], [ 120.990779481112213, 13.518469255533898, 0.0 ], [ 120.990758089936776, 13.518573910695588, 0.0 ], [ 120.990715307585774, 13.518664611797817, 0.0 ], [ 120.990658264451099, 13.518755312865508, 0.0 ], [ 120.990644003667541, 13.518887875901241, 0.0 ], [ 120.990693916410564, 13.518971599885386, 0.0 ], [ 120.990765220328527, 13.519020438862364, 0.0 ], [ 120.990822263463201, 13.519118116785881, 0.0 ], [ 120.990865045814203, 13.519222771658912, 0.0 ], [ 120.99087083705264, 13.519324771271615, 0.0 ], [ 120.990870961504712, 13.519326963217786, 0.0 ], [ 120.990872176205926, 13.519348357445152, 0.0 ], [ 120.990869421634201, 13.519396873005247, 0.0 ], [ 120.990867259491097, 13.519434954266075, 0.0 ], [ 120.990865045814203, 13.519473943164368, 0.0 ], [ 120.990843654638638, 13.519634413708275, 0.0 ], [ 120.990850785030489, 13.519732091376914, 0.0 ], [ 120.990914958556928, 13.519850699920328, 0.0 ], [ 120.990957740907888, 13.519983262338789, 0.0 ], [ 120.99100765365084, 13.520053032002998, 0.0 ], [ 120.991043305609765, 13.520150709497855, 0.0 ], [ 120.991057566393565, 13.520255363911884, 0.0 ], [ 120.991064687217545, 13.520271621637727, 0.0 ], [ 120.991078957569002, 13.520304202622185, 0.0 ], [ 120.991100348744567, 13.520387926102622, 0.0 ], [ 120.991102332153915, 13.520389866831652, 0.0 ], [ 120.991143131095811, 13.52042978783145, 0.0 ], [ 120.991178783054806, 13.520492580410743, 0.0 ], [ 120.991171652663084, 13.520576303824056, 0.0 ], [ 120.991193043838535, 13.520673981101686, 0.0 ], [ 120.991235826189154, 13.520743750561049, 0.0 ], [ 120.991253047988252, 13.520756005966982, 0.0 ], [ 120.991314260499394, 13.520799566113404, 0.0 ], [ 120.99144973794408, 13.520862358594458, 0.0 ], [ 120.9914944760434, 13.520885929912881, 0.0 ], [ 120.991542433037807, 13.520911197178718, 0.0 ], [ 120.991555807607739, 13.520918467588904, 0.0 ], [ 120.99160660656446, 13.520946081875779, 0.0 ], [ 120.991673125394186, 13.520980539845782, 0.0 ], [ 120.991727823225347, 13.521008874317454, 0.0 ], [ 120.991808387034453, 13.521056172300531, 0.0 ], [ 120.991812673277082, 13.521058688698488, 0.0 ], [ 120.991834779102874, 13.521071666742388, 0.0 ], [ 120.991884691845598, 13.521134459150639, 0.0 ], [ 120.99193460458855, 13.521204228473223, 0.0 ], [ 120.991984517331304, 13.521207716938717, 0.0 ], [ 120.992034430074, 13.521214693869936, 0.0 ], [ 120.992119994775862, 13.521200740007483, 0.0 ], [ 120.992198429086102, 13.521197251541826, 0.0 ], [ 120.992259037416716, 13.521214693870114, 0.0 ], [ 120.992326776138867, 13.52120771693872, 0.0 ], [ 120.992390949665278, 13.521225159265958, 0.0 ], [ 120.99241040554773, 13.521234043269324, 0.0 ], [ 120.99244442760417, 13.521249578521916, 0.0 ], [ 120.99250147073883, 13.5212530669867, 0.0 ], [ 120.992504060114243, 13.521252933637193, 0.0 ], [ 120.992569209461195, 13.521249578521699, 0.0 ], [ 120.992622687400086, 13.521263532381107, 0.0 ], [ 120.992642327002486, 13.521271939781052, 0.0 ], [ 120.992679730534419, 13.521287951633152, 0.0 ], [ 120.992686609112283, 13.521287951633337, 0.0 ], [ 120.992711817297604, 13.521287951633171, 0.0 ], [ 120.992754599648833, 13.521305393954362, 0.0 ], [ 120.992758164844432, 13.52132632473819, 0.0 ], [ 120.992754599648833, 13.521350743983495, 0.0 ], [ 120.992772425628232, 13.521382140152333, 0.0 ], [ 120.992804512391558, 13.521399582466826, 0.0 ], [ 120.992818773175259, 13.521424001704464, 0.0 ], [ 120.992832284168799, 13.521447798057407, 0.0 ], [ 120.992836599154671, 13.52145539786377, 0.0 ], [ 120.992893642289374, 13.521479235685206, 0.0 ], [ 120.992976423520304, 13.521488765043516, 0.0 ], [ 120.99305526450452, 13.52149784081297, 0.0 ], [ 120.993083786071352, 13.521562958747689, 0.0 ], [ 120.99311230763864, 13.521628076664081, 0.0 ], [ 120.993064771693184, 13.521702497118065, 0.0 ], [ 120.993036250125783, 13.521776917548575, 0.0 ], [ 120.993074278882659, 13.521869943053561, 0.0 ], [ 120.992988714180328, 13.521944363431333, 0.0 ], [ 120.992912656667485, 13.521981573611153, 0.0 ], [ 120.99282709196585, 13.521990876155144, 0.0 ], [ 120.992747040443064, 13.521990876155323, 0.0 ], [ 120.992733702780797, 13.521994278848206, 0.0 ], [ 120.992706192269566, 13.522006242554161, 0.0 ], [ 120.992655962561685, 13.522028086327685, 0.0 ], [ 120.9926174203747, 13.52205322802531, 0.0 ], [ 120.992598919427209, 13.522065296494372, 0.0 ], [ 120.992570397859723, 13.522186229495572, 0.0 ], [ 120.99255138348181, 13.522353675086487, 0.0 ], [ 120.992627440994497, 13.522511818035879, 0.0 ], [ 120.992722512885408, 13.522651355843687, 0.0 ], [ 120.992743644764573, 13.522667437915713, 0.0 ], [ 120.992776482103636, 13.522692428235546, 0.0 ], [ 120.992808077587384, 13.522716473458811, 0.0 ], [ 120.992751034452908, 13.522800196080729, 0.0 ], [ 120.992655962561685, 13.522893221181231, 0.0 ], [ 120.992551383481782, 13.522930431210932, 0.0 ], [ 120.992551383482109, 13.522851498307004, 0.0 ], [ 120.992551383481782, 13.522804923522436, 0.0 ], [ 120.992551383481782, 13.522800196080889, 0.0 ], [ 120.99249434034688, 13.522753683516576, 0.0 ], [ 120.992418282834251, 13.522800196080899, 0.0 ], [ 120.992332718132261, 13.522837406125172, 0.0 ], [ 120.992247153430071, 13.522828103614769, 0.0 ], [ 120.992133067160907, 13.522697868427679, 0.0 ], [ 120.992018980891785, 13.522679263395188, 0.0 ], [ 120.991989432325909, 13.522666121377542, 0.0 ], [ 120.991929013494882, 13.522639249499832, 0.0 ], [ 120.991914401811528, 13.522632750807258, 0.0 ], [ 120.991858575159881, 13.522588057770573, 0.0 ], [ 120.991809822731284, 13.52254902812583, 0.0 ], [ 120.991714750840501, 13.522511818035721, 0.0 ], [ 120.991610171760399, 13.522456002889404, 0.0 ], [ 120.99146756392372, 13.522418792784372, 0.0 ], [ 120.991334463276431, 13.522344372556898, 0.0 ], [ 120.991115797926582, 13.522288557370825, 0.0 ], [ 120.991098398731097, 13.522284430184913, 0.0 ], [ 120.990802060686306, 13.522214137102088, 0.0 ], [ 120.990545366580477, 13.52214901934788, 0.0 ], [ 120.990212614961933, 13.522111809194568, 0.0 ], [ 120.990031978368748, 13.522065296494382, 0.0 ], [ 120.989832327397522, 13.522000178699116, 0.0 ], [ 120.989575633291665, 13.521990876154964, 0.0 ], [ 120.989431418460995, 13.522007158149721, 0.0 ], [ 120.989347046422381, 13.522016683825086, 0.0 ], [ 120.989328446374984, 13.522018783785091, 0.0 ], [ 120.989119288215079, 13.522083901575758, 0.0 ], [ 120.988872101298327, 13.522083901575547, 0.0 ], [ 120.988739000650753, 13.52201878378508, 0.0 ], [ 120.988520335301359, 13.521897850698112, 0.0 ], [ 120.988396741842877, 13.521804825204145, 0.0 ], [ 120.988273148384579, 13.521842035405816, 0.0 ], [ 120.9881305405479, 13.521842035406006, 0.0 ], [ 120.988016454278522, 13.521814127755018, 0.0 ], [ 120.987978425522229, 13.52174900988979, 0.0 ], [ 120.987883353631091, 13.521776917548557, 0.0 ], [ 120.987788281740109, 13.521869943053556, 0.0 ], [ 120.987740745794554, 13.52186994305357, 0.0 ], [ 120.987645673903799, 13.521907153245083, 0.0 ], [ 120.987493558877972, 13.521990876155, 0.0 ], [ 120.987350951041321, 13.52203738886989, 0.0 ], [ 120.987227357583023, 13.522000178698947, 0.0 ], [ 120.987122778502922, 13.522037388869874, 0.0 ], [ 120.987056228179213, 13.522149019347864, 0.0 ], [ 120.986932634720688, 13.522204834567011, 0.0 ], [ 120.986771012505869, 13.522232742171605, 0.0 ], [ 120.98662840466946, 13.522297859902899, 0.0 ], [ 120.98654283996747, 13.522372280144983, 0.0 ], [ 120.986447768076445, 13.522511818035879, 0.0 ], [ 120.9863942070956, 13.522459410081094, 0.0 ], [ 120.986371710563503, 13.522437397837693, 0.0 ], [ 120.986306635828328, 13.522427344073675, 0.0 ], [ 120.986191073970517, 13.522409490257267, 0.0 ], [ 120.986110403714648, 13.522366987512285, 0.0 ], [ 120.986067480512148, 13.522344372556866, 0.0 ], [ 120.986043240533277, 13.522324303334127, 0.0 ], [ 120.985989956304707, 13.522280187241694, 0.0 ], [ 120.985943887053864, 13.522242044705589, 0.0 ], [ 120.985915128198272, 13.522232664779271, 0.0 ], [ 120.985801279217199, 13.522195532031567, 0.0 ], [ 120.98565867138052, 13.522149019347859, 0.0 ], [ 120.985535077922449, 13.522102506655198, 0.0 ], [ 120.985420991653115, 13.522130414271833, 0.0 ], [ 120.985259369438481, 13.522149019347854, 0.0 ], [ 120.985126268790864, 13.522111809194545, 0.0 ], [ 120.98500267533268, 13.522158321885454, 0.0 ], [ 120.984812531550219, 13.522232742171592, 0.0 ], [ 120.98466992371371, 13.522288557370819, 0.0 ], [ 120.984508301499091, 13.522362977616092, 0.0 ], [ 120.984394215229941, 13.52242809531128, 0.0 ], [ 120.984270621771671, 13.522521120558759, 0.0 ], [ 120.984232593015122, 13.522660658361044, 0.0 ], [ 120.984185057069666, 13.5227908935687, 0.0 ], [ 120.984013927665515, 13.522883918672592, 0.0 ], [ 120.983880827018183, 13.522958338729572, 0.0 ], [ 120.983757233559686, 13.522995548748963, 0.0 ], [ 120.983614625723263, 13.523032758762662, 0.0 ], [ 120.983405467562875, 13.523088573772052, 0.0 ], [ 120.983272366915472, 13.52303275876268, 0.0 ], [ 120.983177295024461, 13.522949036223562, 0.0 ], [ 120.983091730322599, 13.522902523688989, 0.0 ], [ 120.982901586540265, 13.523004851252775, 0.0 ], [ 120.982749471514467, 13.522986246244805, 0.0 ], [ 120.982644160340357, 13.522917550313133, 0.0 ], [ 120.982606863678029, 13.522893221181221, 0.0 ], [ 120.982578084484786, 13.522898853102813, 0.0 ], [ 120.982511791787289, 13.522911826196669, 0.0 ], [ 120.982436473852204, 13.522911826198323, 0.0 ], [ 120.982397705517883, 13.522911826196676, 0.0 ], [ 120.982333731417626, 13.522900089300279, 0.0 ], [ 120.982245590492084, 13.522883918672575, 0.0 ], [ 120.982172703946745, 13.522812601291264, 0.0 ], [ 120.982141011411983, 13.522781591056191, 0.0 ], [ 120.982036717571873, 13.522696550590636, 0.0 ], [ 120.982026925142804, 13.522688565911393, 0.0 ], [ 120.981884317306125, 13.522679263395162, 0.0 ], [ 120.981703680713508, 13.522651355843674, 0.0 ], [ 120.981580087254869, 13.52261414576952, 0.0 ], [ 120.981370929094496, 13.522567633168663, 0.0 ], [ 120.981199799690842, 13.522576935689699, 0.0 ], [ 120.981095220610527, 13.522632750807263, 0.0 ], [ 120.98094310558497, 13.52269786842769, 0.0 ], [ 120.980808420405893, 13.522755621540195, 0.0 ], [ 120.980737116487731, 13.522796320034146, 0.0 ], [ 120.980618276623659, 13.522807948173687, 0.0 ], [ 120.980505378753264, 13.522802134103936, 0.0 ], [ 120.980463784800804, 13.52281376224329, 0.0 ], [ 120.980344944936988, 13.52284864665849, 0.0 ], [ 120.980243931052655, 13.522860274795331, 0.0 ], [ 120.980142917168806, 13.52281957631307, 0.0 ], [ 120.980030019298056, 13.522755621540158, 0.0 ], [ 120.979952773386344, 13.522743993398038, 0.0 ], [ 120.979839875515722, 13.52268585267751, 0.0 ], [ 120.979732919638423, 13.522645154164879, 0.0 ], [ 120.979625963761265, 13.522621897868776, 0.0 ], [ 120.979507123897065, 13.522598641570214, 0.0 ], [ 120.979429877985922, 13.522587013420202, 0.0 ], [ 120.979340748087793, 13.522563757118251, 0.0 ], [ 120.979210024237901, 13.522587013420207, 0.0 ], [ 120.979049590421482, 13.522604455645096, 0.0 ], [ 120.978895098598528, 13.522650968238493, 0.0 ], [ 120.978752490762091, 13.522691666750301, 0.0 ], [ 120.978651476877886, 13.52273236525533, 0.0 ], [ 120.978631637509011, 13.522734522174028, 0.0 ], [ 120.978614646249056, 13.522741463347881, 0.0 ], [ 120.978604734820706, 13.522743863638542, 0.0 ], [ 120.978594818895886, 13.522751082496548, 0.0 ], [ 120.978584910165523, 13.522751076201295, 0.0 ], [ 120.978572748484339, 13.5227409245357, 0.0 ], [ 120.978491043061467, 13.522749807469223, 0.0 ], [ 120.978485764906651, 13.522731731631675, 0.0 ], [ 120.978479159075164, 13.522709108967552, 0.0 ], [ 120.978550462993311, 13.522650968238516, 0.0 ], [ 120.978597998938994, 13.522598641570209, 0.0 ], [ 120.978597998938994, 13.522528872660779, 0.0 ], [ 120.978586114952591, 13.52243584741654, 0.0 ], [ 120.978609882925412, 13.522348636216543, 0.0 ], [ 120.978645534884663, 13.522203284144434, 0.0 ], [ 120.978645534884663, 13.522063746070732, 0.0 ], [ 120.978609882925412, 13.521999791092691, 0.0 ], [ 120.978479159075164, 13.521877695177317, 0.0 ], [ 120.978422214123512, 13.521859122103715, 0.0 ], [ 120.978390029177262, 13.521848624712177, 0.0 ], [ 120.97834843522493, 13.52182536833682, 0.0 ], [ 120.97834843522493, 13.521743971006524, 0.0 ], [ 120.978227123927908, 13.521584339695744, 0.0 ], [ 120.978176117422436, 13.521517221152461, 0.0 ], [ 120.978141051260224, 13.521522122784241, 0.0 ], [ 120.978134523470203, 13.521523035254363, 0.0 ], [ 120.978069161545037, 13.521523035254203, 0.0 ], [ 120.978032546596978, 13.521479246851083, 0.0 ], [ 120.978015683606387, 13.521459080128878, 0.0 ], [ 120.977956298160862, 13.521435837215003, 0.0 ], [ 120.977867133776485, 13.521400939090954, 0.0 ], [ 120.977789887865498, 13.521313727507573, 0.0 ], [ 120.977659164015108, 13.521302099293809, 0.0 ], [ 120.977504672192026, 13.521243958217145, 0.0 ], [ 120.977344238376077, 13.521156746575107, 0.0 ], [ 120.977243224491531, 13.521116047797811, 0.0 ], [ 120.977142210607354, 13.521052092562407, 0.0 ], [ 120.977053080709453, 13.520993951423943, 0.0 ], [ 120.976958008818542, 13.520924182038813, 0.0 ], [ 120.976856994934238, 13.520842784396741, 0.0 ], [ 120.97673221307717, 13.520767200846661, 0.0 ], [ 120.976613373213354, 13.520703245516202, 0.0 ], [ 120.976562296771604, 13.520667967435163, 0.0 ], [ 120.976549925183122, 13.520659422478904, 0.0 ], [ 120.97651235932905, 13.520633476044969, 0.0 ], [ 120.976446997404082, 13.520592777177226, 0.0 ], [ 120.976369751492712, 13.520592777177248, 0.0 ], [ 120.976369751492712, 13.52063929016837, 0.0 ], [ 120.976316273554076, 13.520668360783267, 0.0 ], [ 120.97626279561517, 13.520703245516209, 0.0 ], [ 120.97626279561517, 13.520738130244027, 0.0 ], [ 120.976227143656061, 13.520819527922299, 0.0 ], [ 120.976191491696795, 13.520895111455731, 0.0 ], [ 120.976036999873926, 13.520906739689192, 0.0 ], [ 120.976025115887509, 13.520929996154756, 0.0 ], [ 120.975995405921594, 13.520970694964598, 0.0 ], [ 120.97594786997594, 13.5209590667338, 0.0 ], [ 120.975942385551889, 13.520953700340055, 0.0 ], [ 120.97590033403084, 13.520912553806012, 0.0 ], [ 120.975842680792212, 13.520908663292518, 0.0 ], [ 120.975728016228018, 13.520900925572352, 0.0 ], [ 120.975727826095067, 13.520896832661105, 0.0 ], [ 120.975722074234923, 13.520773014966915, 0.0 ], [ 120.975686422275672, 13.52073231612332, 0.0 ], [ 120.975671611311682, 13.520727098920638, 0.0 ], [ 120.975537872446068, 13.520679989028297, 0.0 ], [ 120.975347728663905, 13.520697431394577, 0.0 ], [ 120.975240772786478, 13.520732316123336, 0.0 ], [ 120.975104106943036, 13.520761386726479, 0.0 ], [ 120.975056570997467, 13.520813713803715, 0.0 ], [ 120.974955557113489, 13.520831156159881, 0.0 ], [ 120.974830775256351, 13.520877669103982, 0.0 ], [ 120.974682225426491, 13.520906739689169, 0.0 ], [ 120.974551501576556, 13.520929996154756, 0.0 ], [ 120.974426719719446, 13.520996858481288, 0.0 ], [ 120.974325705835213, 13.521034650222356, 0.0 ], [ 120.974192010988304, 13.521089884294454, 0.0 ], [ 120.974085055111118, 13.521116047797811, 0.0 ], [ 120.973992954216541, 13.521127676020642, 0.0 ], [ 120.973933534284726, 13.521148025409346, 0.0 ], [ 120.973826578407397, 13.521185817126277, 0.0 ], [ 120.973713680536676, 13.521238144108452, 0.0 ], [ 120.973618608645666, 13.521284656972298, 0.0 ], [ 120.973514623764686, 13.521354426250436, 0.0 ], [ 120.973410638883692, 13.521427102560034, 0.0 ], [ 120.973306654002954, 13.521508500000113, 0.0 ], [ 120.973187814139465, 13.521607339710393, 0.0 ], [ 120.973134336200587, 13.521693969775495, 0.0 ], [ 120.973070162674077, 13.521749785102783, 0.0 ], [ 120.972963206796749, 13.521847461893186, 0.0 ], [ 120.972863381310958, 13.521938161733839, 0.0 ], [ 120.972777816608982, 13.522056769164946, 0.0 ], [ 120.972713643082585, 13.522140492021855, 0.0 ], [ 120.972685121515269, 13.522238168650055, 0.0 ], [ 120.972699382299069, 13.522321891442127, 0.0 ], [ 120.972713643082557, 13.522405614204173, 0.0 ], [ 120.972692251907119, 13.522454452468498, 0.0 ], [ 120.972663730339832, 13.522545152075056, 0.0 ], [ 120.972620947988958, 13.522607944089843, 0.0 ], [ 120.972611013063457, 13.522614193335027, 0.0 ], [ 120.972521122503153, 13.522670736087946, 0.0 ], [ 120.97244981858492, 13.522670736087944, 0.0 ], [ 120.972357123491278, 13.522656782312025, 0.0 ], [ 120.972353008529026, 13.522657357508773, 0.0 ], [ 120.972257298005601, 13.522670736087955, 0.0 ], [ 120.97210042938535, 13.5227125974109, 0.0 ], [ 120.972000603899673, 13.522747481840611, 0.0 ], [ 120.971922169589789, 13.522775389381106, 0.0 ], [ 120.971843735279677, 13.522803296918157, 0.0 ], [ 120.971715388226357, 13.522880042627314, 0.0 ], [ 120.971646874681852, 13.522932507554669, 0.0 ], [ 120.971638514769793, 13.52293890923848, 0.0 ], [ 120.971551389214838, 13.523005626461503, 0.0 ], [ 120.971358868635448, 13.523117256480328, 0.0 ], [ 120.971202000014955, 13.523221909574307, 0.0 ], [ 120.971052261786568, 13.523326562622358, 0.0 ], [ 120.970988088260128, 13.523424238758151, 0.0 ], [ 120.970888262774452, 13.523480053674934, 0.0 ], [ 120.970838350031954, 13.523521914853465, 0.0 ], [ 120.970759915721715, 13.523528891715902, 0.0 ], [ 120.970638699060487, 13.523612614048421, 0.0 ], [ 120.970510352007651, 13.523780058624482, 0.0 ], [ 120.970396265738714, 13.523926572530742, 0.0 ], [ 120.97029644025281, 13.524045178959467, 0.0 ], [ 120.970225136334534, 13.524163785328271, 0.0 ], [ 120.970225136334577, 13.524261461116623, 0.0 ], [ 120.970239397118334, 13.524435882065918, 0.0 ], [ 120.970239397118334, 13.524568441901408, 0.0 ], [ 120.970182353983532, 13.524638210205746, 0.0 ], [ 120.97011105006537, 13.524784723577348, 0.0 ], [ 120.970139571632672, 13.524861468640433, 0.0 ], [ 120.970168093199845, 13.525014958691337, 0.0 ], [ 120.970168093199845, 13.525189379082367, 0.0 ], [ 120.97011105006537, 13.525328915301904, 0.0 ], [ 120.970054006930567, 13.525489381852045, 0.0 ], [ 120.969939920661446, 13.525580080288478, 0.0 ], [ 120.969878749910094, 13.525576090081923, 0.0 ], [ 120.969832964783791, 13.525573103487158, 0.0 ], [ 120.969726008906605, 13.525538219475884, 0.0 ], [ 120.969669538960957, 13.525482965889298, 0.0 ], [ 120.969640444204742, 13.525454497828655, 0.0 ], [ 120.969630449670149, 13.525430748204727, 0.0 ], [ 120.96959053146189, 13.525335892110713, 0.0 ], [ 120.969547749110689, 13.525280077634488, 0.0 ], [ 120.9694741681393, 13.525191467018244, 0.0 ], [ 120.969455054017075, 13.525168448642221, 0.0 ], [ 120.969319576572289, 13.525084726863218, 0.0 ], [ 120.969148447168422, 13.525014958691347, 0.0 ], [ 120.968955926589061, 13.524959144138919, 0.0 ], [ 120.968806188360659, 13.524938213678517, 0.0 ], [ 120.968725035535726, 13.524924404118787, 0.0 ], [ 120.968716320142008, 13.52492292104291, 0.0 ], [ 120.968642189348429, 13.52491030639453, 0.0 ], [ 120.968442538377303, 13.524910306394553, 0.0 ], [ 120.968285669757179, 13.524910306394531, 0.0 ], [ 120.968107409961362, 13.524931236857753, 0.0 ], [ 120.967893498206664, 13.524973097778181, 0.0 ], [ 120.967708108018996, 13.525035889145178, 0.0 ], [ 120.967601152141697, 13.525119610941379, 0.0 ], [ 120.967422892346022, 13.525245193580078, 0.0 ], [ 120.967330197252281, 13.525321938492704, 0.0 ], [ 120.967294545292816, 13.525419613800425, 0.0 ], [ 120.96728741490108, 13.525517289066837, 0.0 ], [ 120.967301675685121, 13.52561496429314, 0.0 ], [ 120.967280284509229, 13.525691709085397, 0.0 ], [ 120.967216110982932, 13.525761477056502, 0.0 ], [ 120.967159067848115, 13.525845198594501, 0.0 ], [ 120.967109155105391, 13.525907989728353, 0.0 ], [ 120.967044981578866, 13.525949850475238, 0.0 ], [ 120.967016460011678, 13.526019618369633, 0.0 ], [ 120.967016460011678, 13.526110316601844, 0.0 ], [ 120.966952286485011, 13.526173107665231, 0.0 ], [ 120.966973677660675, 13.52621496836446, 0.0 ], [ 120.966987938444291, 13.526277759399793, 0.0 ], [ 120.966916634526328, 13.52632659685994, 0.0 ], [ 120.966880982566749, 13.526389387865562, 0.0 ], [ 120.966873852175382, 13.526466132404975, 0.0 ], [ 120.966802548256851, 13.526480085954761, 0.0 ], [ 120.966716983554875, 13.526480085954747, 0.0 ], [ 120.966652810028449, 13.526528923373133, 0.0 ], [ 120.966595766894002, 13.526605667867113, 0.0 ], [ 120.966495941408326, 13.526626598179362, 0.0 ], [ 120.966367594355361, 13.526605667867289, 0.0 ], [ 120.966210725734982, 13.526591714324617, 0.0 ], [ 120.966096639465817, 13.526633574949429, 0.0 ], [ 120.965989683588646, 13.526682412336042, 0.0 ], [ 120.96589698849462, 13.526766133546227, 0.0 ], [ 120.965740119874454, 13.526780087078238, 0.0 ], [ 120.96558325125433, 13.526745203246461, 0.0 ], [ 120.965404991458414, 13.526654505259152, 0.0 ], [ 120.965233862054475, 13.526570784009323, 0.0 ], [ 120.965084123826372, 13.526535900146618, 0.0 ], [ 120.964905864030456, 13.526494039503826, 0.0 ], [ 120.964727604234781, 13.526459155629535, 0.0 ], [ 120.964542214047469, 13.526424271750097, 0.0 ], [ 120.964385345426976, 13.526375434310067, 0.0 ], [ 120.964347270531334, 13.526353865843792, 0.0 ], [ 120.964325520795683, 13.526341545165232, 0.0 ], [ 120.964249867982417, 13.526298689740987, 0.0 ], [ 120.964192824847615, 13.526340550418007, 0.0 ], [ 120.964146031305532, 13.526333271588056, 0.0 ], [ 120.964107408349818, 13.526318736630811, 0.0 ], [ 120.964084618509432, 13.526298295997263, 0.0 ], [ 120.964071756390609, 13.526286759722204, 0.0 ], [ 120.964030162438348, 13.526266410778554, 0.0 ], [ 120.963982626492708, 13.526234433862845, 0.0 ], [ 120.964003423468853, 13.526199549949865, 0.0 ], [ 120.963958858520186, 13.526167573025431, 0.0 ], [ 120.963936015907038, 13.526164779210495, 0.0 ], [ 120.963911322574532, 13.526161759038661, 0.0 ], [ 120.963851902642659, 13.526118154133199, 0.0 ], [ 120.963846962877255, 13.526096404053042, 0.0 ], [ 120.963840018656242, 13.526065828236147, 0.0 ], [ 120.963771685734514, 13.526004781341667, 0.0 ], [ 120.963753000555698, 13.526001204300108, 0.0 ], [ 120.963635019891086, 13.525978618381908, 0.0 ], [ 120.96352806401363, 13.52592919945018, 0.0 ], [ 120.963433310313818, 13.525878628965826, 0.0 ], [ 120.963430021126214, 13.52587687351104, 0.0 ], [ 120.963370696780117, 13.525860104548675, 0.0 ], [ 120.963296326279419, 13.525839082547819, 0.0 ], [ 120.963272638798443, 13.525811691283245, 0.0 ], [ 120.963230964354466, 13.52576350060299, 0.0 ], [ 120.962951690674345, 13.525705360628926, 0.0 ], [ 120.962847705793592, 13.525653034640008, 0.0 ], [ 120.962734807922971, 13.525626871641368, 0.0 ], [ 120.96266944599779, 13.52557163863419, 0.0 ], [ 120.962375317334946, 13.52543210255871, 0.0 ], [ 120.96220002853579, 13.525339078462551, 0.0 ], [ 120.962178392667042, 13.525327040705418, 0.0 ], [ 120.962082238420308, 13.525273542430636, 0.0 ], [ 120.962048507709483, 13.525254775343221, 0.0 ], [ 120.961994429024102, 13.525240425815795, 0.0 ], [ 120.961873218910569, 13.525208263264586, 0.0 ], [ 120.961816769974916, 13.525185007221822, 0.0 ], [ 120.96162068419973, 13.525170472193858, 0.0 ], [ 120.961522641312186, 13.525115239079597, 0.0 ], [ 120.961478076363278, 13.52506581996637, 0.0 ], [ 120.961463221380086, 13.525028028872725, 0.0 ], [ 120.961415685434773, 13.525025121865266, 0.0 ], [ 120.961341410520163, 13.524987330765288, 0.0 ], [ 120.961332270984158, 13.524980720950344, 0.0 ], [ 120.961273077598108, 13.524937911625404, 0.0 ], [ 120.961198802683185, 13.524865236400403, 0.0 ], [ 120.961154237734263, 13.524810003214569, 0.0 ], [ 120.96112452776822, 13.524760584037391, 0.0 ], [ 120.961103730792175, 13.52469081576926, 0.0 ], [ 120.961088875809196, 13.52464430357886, 0.0 ], [ 120.961065107836475, 13.524621047480485, 0.0 ], [ 120.961053223850058, 13.524562907223983, 0.0 ], [ 120.961053223850058, 13.524516395008739, 0.0 ], [ 120.961029455877224, 13.524437905623982, 0.0 ], [ 120.961011629897826, 13.524379765322706, 0.0 ], [ 120.96098489092833, 13.524321625006275, 0.0 ], [ 120.960961122955723, 13.524257670642164, 0.0 ], [ 120.960961122955723, 13.524208251348819, 0.0 ], [ 120.961005687904631, 13.52417336713542, 0.0 ], [ 120.961032426873885, 13.524153018008411, 0.0 ], [ 120.961005687904631, 13.524054179367697, 0.0 ], [ 120.960984890928358, 13.5239495266435, 0.0 ], [ 120.960981919931768, 13.523841966850805, 0.0 ], [ 120.960990832921553, 13.523746035102354, 0.0 ], [ 120.961047281857063, 13.523673359509541, 0.0 ], [ 120.961044310860302, 13.5236268471179, 0.0 ], [ 120.961074020826118, 13.523600683893635, 0.0 ], [ 120.961145324744606, 13.523586148768024, 0.0 ], [ 120.961249309625629, 13.523498937994251, 0.0 ], [ 120.961388946465263, 13.52337102880097, 0.0 ], [ 120.961478076363278, 13.52326346874414, 0.0 ], [ 120.961498873339352, 13.523196607062081, 0.0 ], [ 120.961492931346129, 13.52312974536104, 0.0 ], [ 120.961516699319091, 13.523051255513856, 0.0 ], [ 120.961522641312186, 13.522920439044031, 0.0 ], [ 120.961519670315752, 13.522807064710772, 0.0 ], [ 120.961567206261179, 13.522719853648443, 0.0 ], [ 120.961576119250836, 13.522661712922071, 0.0 ], [ 120.961534525298589, 13.522626828479723, 0.0 ], [ 120.961531554302169, 13.522571594767903, 0.0 ], [ 120.961573148254629, 13.522516361043456, 0.0 ], [ 120.961593945230433, 13.522455313227741, 0.0 ], [ 120.961593945230433, 13.522394265396116, 0.0 ], [ 120.96157017725784, 13.522327403467099, 0.0 ], [ 120.96157017725784, 13.522275076726821, 0.0 ], [ 120.96158206124403, 13.522214028848451, 0.0 ], [ 120.961588003237239, 13.522187865467114, 0.0 ], [ 120.961585032240691, 13.522129724609307, 0.0 ], [ 120.961585032240691, 13.522039606251349, 0.0 ], [ 120.961584318349992, 13.522008172670304, 0.0 ], [ 120.961582384141465, 13.521923006816909, 0.0 ], [ 120.96158206124403, 13.521908789218768, 0.0 ], [ 120.961591473964972, 13.521807477961794, 0.0 ], [ 120.961593945230675, 13.521780879161104, 0.0 ], [ 120.961614742206734, 13.52171692410616, 0.0 ], [ 120.961697930111441, 13.521696574766924, 0.0 ], [ 120.961718727087472, 13.52164715493547, 0.0 ], [ 120.961715756091039, 13.521545408191125, 0.0 ], [ 120.961680104132057, 13.521507616532084, 0.0 ], [ 120.961690343256024, 13.521432475937011, 0.0 ], [ 120.961690679457078, 13.521430008698299, 0.0 ], [ 120.961691988118218, 13.521420404987735, 0.0 ], [ 120.961724669080695, 13.521286680557315, 0.0 ], [ 120.961733582070352, 13.521234353585719, 0.0 ], [ 120.961852421934196, 13.521196561876598, 0.0 ], [ 120.961882131900211, 13.520987253839728, 0.0 ], [ 120.961953435818501, 13.520612243140993, 0.0 ], [ 120.962119811627971, 13.520222696510997, 0.0 ], [ 120.962179231560071, 13.520216882377106, 0.0 ], [ 120.962226767505399, 13.520068621919535, 0.0 ], [ 120.96222973850216, 13.520016294677085, 0.0 ], [ 120.962161405580446, 13.520025015884823, 0.0 ], [ 120.962119811627971, 13.519949432072169, 0.0 ], [ 120.962167347573683, 13.51983896337938, 0.0 ], [ 120.962220825512205, 13.519783729013309, 0.0 ], [ 120.962241622488577, 13.519708145123388, 0.0 ], [ 120.962342636372796, 13.519379645626101, 0.0 ], [ 120.962396114311105, 13.51915870765345, 0.0 ], [ 120.962396114311105, 13.518966840298582, 0.0 ], [ 120.962428795273823, 13.518754623193171, 0.0 ], [ 120.962439177858172, 13.518675042520098, 0.0 ], [ 120.962446621253193, 13.518617990160978, 0.0 ], [ 120.962490152823548, 13.518514164459539, 0.0 ], [ 120.962494157198762, 13.518504613754958, 0.0 ], [ 120.96263082304236, 13.518205183496953, 0.0 ], [ 120.962770459882222, 13.518033665022131, 0.0 ], [ 120.962883357752972, 13.517760398041515, 0.0 ], [ 120.962927922701738, 13.517693534795926, 0.0 ], [ 120.962921980708643, 13.517620857333261, 0.0 ], [ 120.963014081603205, 13.517452245533786, 0.0 ], [ 120.96313292146705, 13.517277819407264, 0.0 ], [ 120.96320010971543, 13.517204186880681, 0.0 ], [ 120.963207196381987, 13.517196420504, 0.0 ], [ 120.963271977409249, 13.517172435898038, 0.0 ], [ 120.96331712325582, 13.517155721041682, 0.0 ], [ 120.963415166143605, 13.517129557097991, 0.0 ], [ 120.963536977003969, 13.517091764729631, 0.0 ], [ 120.963676613844186, 13.517007458655499, 0.0 ], [ 120.963794999279585, 13.516947222054023, 0.0 ], [ 120.963825163673732, 13.516931873873672, 0.0 ], [ 120.963941032540774, 13.516926059658635, 0.0 ], [ 120.964054198556354, 13.516991196393924, 0.0 ], [ 120.964092553367209, 13.51701327286861, 0.0 ], [ 120.964123371088235, 13.517041417529777, 0.0 ], [ 120.964146167364206, 13.517062236506572, 0.0 ], [ 120.96422624821389, 13.517135371307864, 0.0 ], [ 120.964351030070929, 13.51714409262258, 0.0 ], [ 120.964475811928068, 13.517141185517824, 0.0 ], [ 120.964627332754389, 13.517173163669115, 0.0 ], [ 120.964790737567114, 13.517187699191021, 0.0 ], [ 120.964865012482051, 13.517219677336378, 0.0 ], [ 120.964915519424167, 13.517196420504, 0.0 ], [ 120.96502247530168, 13.517193513399883, 0.0 ], [ 120.965141315165283, 13.517234212855273, 0.0 ], [ 120.96522510694615, 13.51727020837825, 0.0 ], [ 120.965230994006902, 13.517272737358518, 0.0 ], [ 120.965263126025889, 13.517286540716627, 0.0 ], [ 120.965301748981233, 13.517335961463916, 0.0 ], [ 120.965343342933707, 13.517335961463926, 0.0 ], [ 120.965376023896155, 13.517312704642901, 0.0 ], [ 120.965488921767133, 13.517335961463912, 0.0 ], [ 120.965536457712489, 13.517365032486698, 0.0 ], [ 120.96558993565111, 13.517388289302541, 0.0 ], [ 120.965613703623816, 13.517353404077987, 0.0 ], [ 120.965670152559127, 13.517327240156174, 0.0 ], [ 120.965794934416195, 13.517402824811137, 0.0 ], [ 120.965892977304065, 13.517490037844221, 0.0 ], [ 120.965931600259751, 13.517513294647603, 0.0 ], [ 120.965949426239376, 13.517536551448693, 0.0 ], [ 120.965961310225794, 13.517513294647573, 0.0 ], [ 120.966014788164344, 13.517492944944721, 0.0 ], [ 120.966062324109771, 13.517495852045219, 0.0 ], [ 120.966083121085845, 13.517460966836714, 0.0 ], [ 120.96616630899041, 13.51744352423079, 0.0 ], [ 120.966201960949888, 13.517478409441603, 0.0 ], [ 120.966237612908898, 13.517434802926937, 0.0 ], [ 120.966359423769532, 13.517402824811141, 0.0 ], [ 120.96639801158517, 13.517420130532058, 0.0 ], [ 120.966430727687467, 13.517434802926932, 0.0 ], [ 120.966438126285652, 13.51746617400954, 0.0 ], [ 120.966439640677677, 13.517472595240172, 0.0 ], [ 120.966445582670531, 13.517501666246059, 0.0 ], [ 120.966463408650142, 13.517542365648508, 0.0 ], [ 120.966481234629782, 13.517545272748483, 0.0 ], [ 120.966472321639898, 13.517513294647591, 0.0 ], [ 120.966475292636915, 13.517469688139325, 0.0 ], [ 120.966519857585581, 13.517463873937579, 0.0 ], [ 120.966546596554764, 13.517472595240175, 0.0 ], [ 120.966576306520764, 13.517487130743699, 0.0 ], [ 120.966606016486821, 13.517452245533782, 0.0 ], [ 120.966674349408549, 13.517458059735896, 0.0 ], [ 120.966766450302899, 13.517510387547249, 0.0 ], [ 120.966781890758966, 13.517520163559604, 0.0 ], [ 120.966783071149649, 13.517520910915392, 0.0 ], [ 120.966816957244987, 13.517542365648518, 0.0 ], [ 120.966867464187075, 13.51754817984831, 0.0 ], [ 120.966941155322289, 13.517551533636283, 0.0 ], [ 120.966942481442771, 13.517551593989632, 0.0 ], [ 120.966995217040903, 13.517553994047892, 0.0 ], [ 120.967045630791162, 13.517576416551556, 0.0 ], [ 120.967093259928319, 13.517597600540508, 0.0 ], [ 120.967135573034426, 13.517653494685311, 0.0 ], [ 120.967152679860192, 13.517676092206669, 0.0 ], [ 120.967229925771576, 13.517710977383585, 0.0 ], [ 120.967307171683288, 13.517751676749747, 0.0 ], [ 120.967366591615018, 13.517745862555099, 0.0 ], [ 120.967396301581104, 13.517719698676961, 0.0 ], [ 120.96747354749256, 13.517719698676958, 0.0 ], [ 120.967577532373426, 13.517716791579087, 0.0 ], [ 120.967669633267775, 13.517702256089837, 0.0 ], [ 120.967773618148712, 13.517702256089825, 0.0 ], [ 120.967827096087262, 13.517728419969806, 0.0 ], [ 120.967882701017274, 13.517740283589211, 0.0 ], [ 120.967966701490937, 13.51775820554821, 0.0 ], [ 120.967985153106284, 13.517762142299961, 0.0 ], [ 120.968441498183211, 13.517713303061747, 0.0 ], [ 120.968626888370636, 13.517587716402947, 0.0 ], [ 120.968652549589592, 13.517580901020724, 0.0 ], [ 120.968727352369001, 13.517561034089869, 0.0 ], [ 120.969126015798793, 13.517455152634984, 0.0 ], [ 120.969489665782149, 13.517287703557788, 0.0 ], [ 120.969522957876407, 13.51729799075558, 0.0 ], [ 120.969543933097981, 13.517304472061054, 0.0 ], [ 120.969625143227063, 13.517329565838576, 0.0 ], [ 120.969874706940914, 13.517134208465983, 0.0 ], [ 120.970288269666867, 13.517176070773544, 0.0 ], [ 120.970459399071061, 13.517127231413948, 0.0 ], [ 120.970487920638007, 13.517078392043931, 0.0 ], [ 120.970573485340211, 13.517106300256742, 0.0 ], [ 120.970623398082935, 13.517127231414145, 0.0 ], [ 120.970730353960363, 13.517043506773765, 0.0 ], [ 120.970851570621335, 13.516910942699056, 0.0 ], [ 120.971165307861895, 13.516673722589719, 0.0 ], [ 120.971414871576016, 13.516569066582976, 0.0 ], [ 120.971507566669644, 13.516534181236972, 0.0 ], [ 120.971600261763342, 13.516436502241076, 0.0 ], [ 120.971728608816306, 13.516310914900904, 0.0 ], [ 120.971799912734454, 13.516206258732891, 0.0 ], [ 120.971892607828181, 13.516003923343032, 0.0 ], [ 120.971994675847995, 13.51598394864312, 0.0 ], [ 120.972038261590342, 13.515975418914712, 0.0 ], [ 120.972070867624097, 13.515969037913401, 0.0 ], [ 120.97215643232596, 13.515641114622033, 0.0 ], [ 120.972127910758573, 13.515334122190401, 0.0 ], [ 120.97204234605681, 13.514978289552845, 0.0 ], [ 120.971935390179041, 13.514699204755095, 0.0 ], [ 120.971771391167167, 13.514441051022404, 0.0 ], [ 120.971638311325279, 13.514356791373528, 0.0 ], [ 120.971560414240599, 13.514307470734257, 0.0 ], [ 120.97152895784518, 13.51428755407408, 0.0 ], [ 120.9715090242088, 13.514278207848474, 0.0 ], [ 120.971186699037389, 13.514127079884826, 0.0 ], [ 120.971152184642278, 13.514122255232477, 0.0 ], [ 120.971144934496579, 13.514121241758925, 0.0 ], [ 120.971080263336589, 13.514112201588889, 0.0 ], [ 120.970979203170842, 13.514098074710565, 0.0 ], [ 120.970937135323211, 13.514092194177117, 0.0 ], [ 120.97089992477207, 13.514103779434663, 0.0 ], [ 120.970780266703059, 13.514141034166428, 0.0 ], [ 120.97070183239282, 13.514182897006389, 0.0 ], [ 120.97067914282114, 13.514170942133203, 0.0 ], [ 120.97060913729922, 13.514134057025807, 0.0 ], [ 120.970580615731933, 13.51398055987727, 0.0 ], [ 120.970580615731933, 13.513820085478699, 0.0 ], [ 120.970555367451297, 13.513783026983452, 0.0 ], [ 120.970541381744269, 13.513762499276602, 0.0 ], [ 120.970532171200503, 13.513764909298292, 0.0 ], [ 120.970480790246256, 13.513834039778851, 0.0 ], [ 120.970438007895268, 13.513854971226893, 0.0 ], [ 120.970420364501479, 13.513837707014627, 0.0 ], [ 120.970359573585029, 13.513778222574286, 0.0 ], [ 120.970245832321098, 13.513693113217029, 0.0 ], [ 120.970238356924142, 13.513687519588869, 0.0 ], [ 120.970124270654992, 13.513617748037847, 0.0 ], [ 120.970010184385501, 13.513554953624292, 0.0 ], [ 120.969846185373626, 13.513540999308043, 0.0 ], [ 120.969675055969788, 13.513540999307866, 0.0 ], [ 120.969496796173743, 13.513624725193791, 0.0 ], [ 120.969311405986431, 13.513882879821965, 0.0 ], [ 120.969190189325559, 13.514175919867004, 0.0 ], [ 120.968954886395181, 13.514427096758542, 0.0 ], [ 120.968798017774702, 13.514608502124471, 0.0 ], [ 120.968712453073067, 13.51460152499768, 0.0 ], [ 120.968719583464562, 13.514706181879051, 0.0 ], [ 120.968434367791801, 13.515062014927929, 0.0 ], [ 120.968049326632681, 13.515173648714802, 0.0 ], [ 120.967535938421065, 13.51511783182805, 0.0 ], [ 120.967436393349871, 13.515034341657751, 0.0 ], [ 120.967365653747848, 13.514975011118279, 0.0 ], [ 120.967336287449839, 13.514950381088209, 0.0 ], [ 120.967331643625243, 13.514935739303668, 0.0 ], [ 120.967272113923499, 13.514748044618855, 0.0 ], [ 120.967329157058089, 13.514489890939386, 0.0 ], [ 120.967528808029201, 13.51428057693772, 0.0 ], [ 120.967578720772053, 13.5142875540741, 0.0 ], [ 120.967735589392404, 13.513952651294286, 0.0 ], [ 120.967842545269832, 13.513680542434773, 0.0 ], [ 120.96800654428182, 13.513345638791291, 0.0 ], [ 120.968070717808118, 13.513261912806023, 0.0 ], [ 120.968056457024772, 13.51310143791752, 0.0 ], [ 120.96809210898401, 13.512864213969122, 0.0 ], [ 120.968177673685645, 13.512752579087369, 0.0 ], [ 120.968263238387877, 13.512571172291072, 0.0 ], [ 120.968427237399723, 13.512501400409469, 0.0 ], [ 120.968448628575189, 13.512494423220183, 0.0 ], [ 120.968355933481334, 13.512396742547702, 0.0 ], [ 120.968441498183225, 13.512187426685161, 0.0 ], [ 120.968548454060738, 13.512131609090174, 0.0 ], [ 120.968669670721837, 13.512131609090163, 0.0 ], [ 120.968691061897403, 13.512033928267449, 0.0 ], [ 120.968833669733954, 13.511999042249455, 0.0 ], [ 120.968926364827666, 13.511908338578559, 0.0 ], [ 120.968869321693191, 13.511817634872841, 0.0 ], [ 120.96876423849983, 13.511817634874443, 0.0 ], [ 120.968733844248405, 13.511817634872827, 0.0 ], [ 120.968534193277151, 13.511894384164934, 0.0 ], [ 120.968516172978624, 13.511856178974092, 0.0 ], [ 120.968491410926163, 13.511803680453319, 0.0 ], [ 120.968455758966911, 13.511678090641903, 0.0 ], [ 120.968370194265276, 13.511524591892407, 0.0 ], [ 120.968322769134744, 13.511392002273285, 0.0 ], [ 120.968320281522097, 13.511385047487581, 0.0 ], [ 120.968307681609872, 13.511364498733769, 0.0 ], [ 120.968256107995785, 13.511280389130036, 0.0 ], [ 120.96820308418215, 13.511254446719347, 0.0 ], [ 120.968149784386114, 13.511228369277452, 0.0 ], [ 120.968113500159248, 13.511210616865441, 0.0 ], [ 120.968007744749357, 13.511158884455247, 0.0 ], [ 120.967928109971808, 13.511119912890823, 0.0 ], [ 120.96791715142821, 13.511114551314922, 0.0 ], [ 120.967856502837549, 13.511084878386994, 0.0 ], [ 120.967785502135357, 13.511050140579137, 0.0 ], [ 120.967764110959934, 13.51092455036555, 0.0 ], [ 120.967842545269832, 13.510771051124667, 0.0 ], [ 120.967778754361163, 13.510727836745046, 0.0 ], [ 120.967749850176119, 13.510708255951867, 0.0 ], [ 120.967678546257957, 13.510805937324326, 0.0 ], [ 120.967600111947718, 13.510931527601375, 0.0 ], [ 120.967407591368357, 13.510917573129538, 0.0 ], [ 120.96730378411452, 13.510897257623924, 0.0 ], [ 120.967286426875489, 13.510893860739788, 0.0 ], [ 120.967215337826701, 13.510879948313512, 0.0 ], [ 120.967198895720344, 13.510876730523202, 0.0 ], [ 120.967193679613487, 13.510875709708857, 0.0 ], [ 120.967141640190206, 13.51088947232515, 0.0 ], [ 120.967086895343527, 13.510903950427972, 0.0 ], [ 120.96704425929434, 13.510915226173957, 0.0 ], [ 120.966961108901501, 13.510937216542265, 0.0 ], [ 120.966929855115936, 13.510945482072408, 0.0 ], [ 120.966808638454722, 13.511029208881654, 0.0 ], [ 120.966651769834243, 13.51121759409298, 0.0 ], [ 120.96644498847138, 13.511399001931748, 0.0 ], [ 120.966323771810494, 13.51147575136026, 0.0 ], [ 120.966395075728428, 13.511643204571183, 0.0 ], [ 120.966366554161482, 13.511873452542096, 0.0 ], [ 120.966295250242979, 13.512271153052495, 0.0 ], [ 120.966283689962879, 13.512339024491951, 0.0 ], [ 120.966273859067314, 13.512396742547706, 0.0 ], [ 120.966227296525091, 13.512431949642588, 0.0 ], [ 120.966200227547134, 13.51245241716682, 0.0 ], [ 120.966176292740442, 13.512470514865237, 0.0 ], [ 120.96611699044719, 13.512515354787432, 0.0 ], [ 120.966025092638915, 13.51260099600807, 0.0 ], [ 120.965980765836761, 13.512642304942869, 0.0 ], [ 120.965967252218988, 13.512654898522399, 0.0 ], [ 120.965810383598537, 13.51276653345055, 0.0 ], [ 120.965696297329373, 13.512829328074272, 0.0 ], [ 120.965644787664246, 13.512825967884636, 0.0 ], [ 120.965589341451945, 13.512822350894693, 0.0 ], [ 120.965482385574418, 13.512724670358537, 0.0 ], [ 120.965282734603306, 13.512710715993, 0.0 ], [ 120.965147257158733, 13.512633966967236, 0.0 ], [ 120.965130237357116, 13.512628019072237, 0.0 ], [ 120.965047431673042, 13.512599081038241, 0.0 ], [ 120.965008840524661, 13.512588291906518, 0.0 ], [ 120.964979396121066, 13.512580059977637, 0.0 ], [ 120.964847780701916, 13.51254326354095, 0.0 ], [ 120.964598216987838, 13.512424651315479, 0.0 ], [ 120.964255958179947, 13.51243162850694, 0.0 ], [ 120.964181408024857, 13.51243162851423, 0.0 ], [ 120.964177793346366, 13.512431628514229, 0.0 ], [ 120.96408482877608, 13.512431628506953, 0.0 ], [ 120.964003243024663, 13.512402216409461, 0.0 ], [ 120.963949351331394, 13.512382788162888, 0.0 ], [ 120.96393624163953, 13.512386208970893, 0.0 ], [ 120.963735439576567, 13.512438605698055, 0.0 ], [ 120.963688449031451, 13.512442142695553, 0.0 ], [ 120.96360140682792, 13.512448694391663, 0.0 ], [ 120.963550049389156, 13.512452560079845, 0.0 ], [ 120.963386050377039, 13.512522331976012, 0.0 ], [ 120.963264833715584, 13.512508377598481, 0.0 ], [ 120.963197714262023, 13.51248374859882, 0.0 ], [ 120.963150747446647, 13.512466514460765, 0.0 ], [ 120.963065182744486, 13.512424651315502, 0.0 ], [ 120.963043306291638, 13.512446057740048, 0.0 ], [ 120.963029530785434, 13.512459537270411, 0.0 ], [ 120.962983521210617, 13.512456535869845, 0.0 ], [ 120.962922574908248, 13.512452560079856, 0.0 ], [ 120.96290981299228, 13.51244810018143, 0.0 ], [ 120.962908082592548, 13.512447495459806, 0.0 ], [ 120.962759175280311, 13.512395456903812, 0.0 ], [ 120.962731898654752, 13.512385924553771, 0.0 ], [ 120.962722923936667, 13.512382788162903, 0.0 ], [ 120.962714945396215, 13.512385911011007, 0.0 ], [ 120.962580316100244, 13.512438605698039, 0.0 ], [ 120.962516142574074, 13.512431628506766, 0.0 ], [ 120.962402056304526, 13.512396742547724, 0.0 ], [ 120.962280839643654, 13.512487446030512, 0.0 ], [ 120.962252318076139, 13.512578149478452, 0.0 ], [ 120.962245298583099, 13.512626230175547, 0.0 ], [ 120.962244930384941, 13.512628752184664, 0.0 ], [ 120.962230926900929, 13.512724670358704, 0.0 ], [ 120.96215249259069, 13.512871191147605, 0.0 ], [ 120.962116840631438, 13.513031666192955, 0.0 ], [ 120.962173883766255, 13.513261912806021, 0.0 ], [ 120.962224076688926, 13.513329444988701, 0.0 ], [ 120.962287970035405, 13.513415410422988, 0.0 ], [ 120.962387693717346, 13.513512991056315, 0.0 ], [ 120.962394925912804, 13.513520067831752, 0.0 ], [ 120.962416317088369, 13.513631702349707, 0.0 ], [ 120.962382608598887, 13.513724057741875, 0.0 ], [ 120.962380665129103, 13.513729382509675, 0.0 ], [ 120.962410678569526, 13.513754920265566, 0.0 ], [ 120.962430174497058, 13.513771508906988, 0.0 ], [ 120.962544664141205, 13.513868925524848, 0.0 ], [ 120.962548708669601, 13.513871678642264, 0.0 ], [ 120.962595620452134, 13.513903611560767, 0.0 ], [ 120.962660891898381, 13.513948041923657, 0.0 ], [ 120.96270866315318, 13.51398055987727, 0.0 ], [ 120.962965357259236, 13.514134057025792, 0.0 ], [ 120.963088025418074, 13.514234083415474, 0.0 ], [ 120.963109036885839, 13.514251216637959, 0.0 ], [ 120.963123850577176, 13.514263296053985, 0.0 ], [ 120.963136486662975, 13.514273599801211, 0.0 ], [ 120.963148779247717, 13.514303670737331, 0.0 ], [ 120.96320779058135, 13.514448028154145, 0.0 ], [ 120.963204573224075, 13.514472426728155, 0.0 ], [ 120.963199803897851, 13.514508594531664, 0.0 ], [ 120.963179269013835, 13.514664319132018, 0.0 ], [ 120.963145215245277, 13.514754763964296, 0.0 ], [ 120.963129356271111, 13.514796884471878, 0.0 ], [ 120.963029530785434, 13.514915495502189, 0.0 ], [ 120.962851270989759, 13.515055037814315, 0.0 ], [ 120.962730054328844, 13.515110854716022, 0.0 ], [ 120.962604319765759, 13.515081157415537, 0.0 ], [ 120.96255819850083, 13.515070264009927, 0.0 ], [ 120.962523272965541, 13.515062014927933, 0.0 ], [ 120.962506069257998, 13.515052587950885, 0.0 ], [ 120.962395927949615, 13.514992234707394, 0.0 ], [ 120.962394539194406, 13.514991473723464, 0.0 ], [ 120.962345013170079, 13.514964335321002, 0.0 ], [ 120.962252318076139, 13.514831770075441, 0.0 ], [ 120.96217444680542, 13.514719715063402, 0.0 ], [ 120.962131101415252, 13.514657342007036, 0.0 ], [ 120.962125232718122, 13.514646494965532, 0.0 ], [ 120.962066927888827, 13.514538730846304, 0.0 ], [ 120.961959972011087, 13.514371279694679, 0.0 ], [ 120.961795972998985, 13.514175919867011, 0.0 ], [ 120.961696147513408, 13.514043354177552, 0.0 ], [ 120.96159632202783, 13.513917765560546, 0.0 ], [ 120.961503626934373, 13.513792176876745, 0.0 ], [ 120.96148519336235, 13.513768589490965, 0.0 ], [ 120.961410931840192, 13.513673565280282, 0.0 ], [ 120.961346758313894, 13.51356193078214, 0.0 ], [ 120.961261193612245, 13.513464250552959, 0.0 ], [ 120.961231483645975, 13.513359593119473, 0.0 ], [ 120.961060354242008, 13.513331684462589, 0.0 ], [ 120.960939137580795, 13.513199118297765, 0.0 ], [ 120.960917746405698, 13.513024689019474, 0.0 ], [ 120.960989050324216, 13.512794442174176, 0.0 ], [ 120.961003311107561, 13.512599081038239, 0.0 ], [ 120.961024702283126, 13.512438605698044, 0.0 ], [ 120.961110266985088, 13.512222312675268, 0.0 ], [ 120.961127679153392, 13.512080328688182, 0.0 ], [ 120.961131658160198, 13.512047882673258, 0.0 ], [ 120.961103136593138, 13.511852520917836, 0.0 ], [ 120.961074615025851, 13.511692045068708, 0.0 ], [ 120.961074615025851, 13.511608318495473, 0.0 ], [ 120.961100920698655, 13.511488195830253, 0.0 ], [ 120.961104182886515, 13.51147329931246, 0.0 ], [ 120.961117397376839, 13.511412956375187, 0.0 ], [ 120.961160179727685, 13.511147821809871, 0.0 ], [ 120.961202962078687, 13.511050140579135, 0.0 ], [ 120.961302787564136, 13.510861755233595, 0.0 ], [ 120.961424004225364, 13.5106803469809, 0.0 ], [ 120.961545220886478, 13.510624529028695, 0.0 ], [ 120.961737741465868, 13.510422188841392, 0.0 ], [ 120.961830436559595, 13.510247757506257, 0.0 ], [ 120.961965914004509, 13.510031462470884, 0.0 ], [ 120.962022957138984, 13.509870985380614, 0.0 ], [ 120.962101391448968, 13.509745394538305, 0.0 ], [ 120.96236521594642, 13.509557008149178, 0.0 ], [ 120.962536345350486, 13.509515144486633, 0.0 ], [ 120.962814430632079, 13.509480258095396, 0.0 ], [ 120.963071124737553, 13.50943141713925, 0.0 ], [ 120.963356340410684, 13.509347689762386, 0.0 ], [ 120.963705729610538, 13.509180234918817, 0.0 ], [ 120.963962423716339, 13.508998825370448, 0.0 ], [ 120.964147813903992, 13.508775551888583, 0.0 ], [ 120.964198058500187, 13.508585034235379, 0.0 ], [ 120.964204857038467, 13.508559255501039, 0.0 ], [ 120.96422624821389, 13.508252253835867, 0.0 ], [ 120.96422624821389, 13.507966183742205, 0.0 ], [ 120.964204857038467, 13.50782663722886, 0.0 ], [ 120.96422624821389, 13.507687090632881, 0.0 ], [ 120.9641406835119, 13.507519634608535, 0.0 ], [ 120.964026597242437, 13.507359155806919, 0.0 ], [ 120.963955293324389, 13.507191699549727, 0.0 ], [ 120.963883989406099, 13.507038197875771, 0.0 ], [ 120.963869728622285, 13.506926560231928, 0.0 ], [ 120.963734251177698, 13.506793990461121, 0.0 ], [ 120.963605904124734, 13.506661420615879, 0.0 ], [ 120.963563229776241, 13.50662761612104, 0.0 ], [ 120.96348064862967, 13.506562199436328, 0.0 ], [ 120.963456165896446, 13.506542805427824, 0.0 ], [ 120.963434770344207, 13.506544113952657, 0.0 ], [ 120.963342079627182, 13.50654978279336, 0.0 ], [ 120.963213732574218, 13.506591646982949, 0.0 ], [ 120.963189116461649, 13.506586294136085, 0.0 ], [ 120.963045460125286, 13.506555055625668, 0.0 ], [ 120.963021211994828, 13.506549782793364, 0.0 ], [ 120.962778778672828, 13.506549782793359, 0.0 ], [ 120.962600518877153, 13.506612579075099, 0.0 ], [ 120.962472171824203, 13.506780035744123, 0.0 ], [ 120.962243999285548, 13.506856786677872, 0.0 ], [ 120.962115652232498, 13.50701028846961, 0.0 ], [ 120.962019761189154, 13.507033035851535, 0.0 ], [ 120.961934216483101, 13.507053328854679, 0.0 ], [ 120.961880349302319, 13.507066107278394, 0.0 ], [ 120.96172348068221, 13.50705215257768, 0.0 ], [ 120.961580872845715, 13.507073084628608, 0.0 ], [ 120.961466786576366, 13.507080061978517, 0.0 ], [ 120.961302787564136, 13.507135880770779, 0.0 ], [ 120.961188701294773, 13.507163790161831, 0.0 ], [ 120.961140239076371, 13.507110440359408, 0.0 ], [ 120.961131658160198, 13.507100994027148, 0.0 ], [ 120.961103136593138, 13.507073084628605, 0.0 ], [ 120.961068151220488, 13.507054065477583, 0.0 ], [ 120.961038963066571, 13.507038197875792, 0.0 ], [ 120.960839312095459, 13.507114948725134, 0.0 ], [ 120.96061113955659, 13.507296359724416, 0.0 ], [ 120.960532705246933, 13.507394042512395, 0.0 ], [ 120.960468531720394, 13.507589407966627, 0.0 ], [ 120.960290271924578, 13.507812682572933, 0.0 ], [ 120.960241806951771, 13.507896992967531, 0.0 ], [ 120.960161924871485, 13.508035956967602, 0.0 ], [ 120.959940882724936, 13.508112707491986, 0.0 ], [ 120.959808402638487, 13.508096502990789, 0.0 ], [ 120.95976606988495, 13.508091324992487, 0.0 ], [ 120.959712710186295, 13.508084798213199, 0.0 ], [ 120.959609366531254, 13.508122720134605, 0.0 ], [ 120.959575741497474, 13.508135058826948, 0.0 ], [ 120.959541580782698, 13.508147594085639, 0.0 ], [ 120.959531707573788, 13.508147594086404, 0.0 ], [ 120.959413233729833, 13.508147594085683, 0.0 ], [ 120.959306277852306, 13.508008047679944, 0.0 ], [ 120.95922784354218, 13.507861523865204, 0.0 ], [ 120.959186494014148, 13.507871639339985, 0.0 ], [ 120.959113757272902, 13.507889433170075, 0.0 ], [ 120.959042453354414, 13.507875478517917, 0.0 ], [ 120.959036470712618, 13.507863153851495, 0.0 ], [ 120.958979037458221, 13.50774483731357, 0.0 ], [ 120.958977575498011, 13.50774182557103, 0.0 ], [ 120.958906975909599, 13.507596385301449, 0.0 ], [ 120.958906975909599, 13.507407997193139, 0.0 ], [ 120.958978279828116, 13.507128903422673, 0.0 ], [ 120.959120887664653, 13.506933537586249, 0.0 ], [ 120.959377581770582, 13.506724216867591, 0.0 ], [ 120.959641406268133, 13.506507918596599, 0.0 ], [ 120.959905281068714, 13.506307804370426, 0.0 ], [ 120.959926621941221, 13.506291620126261, 0.0 ], [ 120.9601761856553, 13.506221846384289, 0.0 ], [ 120.960254619965895, 13.506089276216667, 0.0 ], [ 120.960382967018504, 13.505796226108377, 0.0 ], [ 120.960447140544701, 13.505684587875871, 0.0 ], [ 120.960425749369179, 13.505552017406226, 0.0 ], [ 120.96032592388373, 13.505370605063511, 0.0 ], [ 120.960268880749027, 13.505140350734976, 0.0 ], [ 120.960233332427393, 13.505123873335778, 0.0 ], [ 120.960133403304326, 13.505077554060811, 0.0 ], [ 120.960127992102684, 13.505071798512063, 0.0 ], [ 120.959969404292451, 13.504903118767398, 0.0 ], [ 120.959954281325409, 13.504907854293, 0.0 ], [ 120.959791144496535, 13.504958938075324, 0.0 ], [ 120.959749564067124, 13.504972185443881, 0.0 ], [ 120.959630486343599, 13.505010123147139, 0.0 ], [ 120.959508634354634, 13.505048944717648, 0.0 ], [ 120.959484537648009, 13.505056621832424, 0.0 ], [ 120.959467809389366, 13.505051397572121, 0.0 ], [ 120.959149409231941, 13.504951960662529, 0.0 ], [ 120.958971149436252, 13.504896141353033, 0.0 ], [ 120.958895297696031, 13.504922862137509, 0.0 ], [ 120.958792889640449, 13.504958938075342, 0.0 ], [ 120.958678803371512, 13.505063599242195, 0.0 ], [ 120.958544684477246, 13.505046100396074, 0.0 ], [ 120.958507877796123, 13.505041298128013, 0.0 ], [ 120.958464891616259, 13.505035689602227, 0.0 ], [ 120.958265240645233, 13.505042667012914, 0.0 ], [ 120.958122632808468, 13.505168260362682, 0.0 ], [ 120.957987155363867, 13.505314785852873, 0.0 ], [ 120.957823156351992, 13.505426424260751, 0.0 ], [ 120.957587853421273, 13.505524107823984, 0.0 ], [ 120.957575246537658, 13.505526380316459, 0.0 ], [ 120.957417362821943, 13.50555484011522, 0.0 ], [ 120.957334574096663, 13.505569763432417, 0.0 ], [ 120.957316898532, 13.505572949590553, 0.0 ], [ 120.957195681871113, 13.50546828865005, 0.0 ], [ 120.957128285249823, 13.505478701891494, 0.0 ], [ 120.95706020442617, 13.505489220841808, 0.0 ], [ 120.956968411650664, 13.505575301393778, 0.0 ], [ 120.956889075022588, 13.505649700917456, 0.0 ], [ 120.956785001183562, 13.505780638900763, 0.0 ], [ 120.956739336793831, 13.505838090431743, 0.0 ], [ 120.95671825460272, 13.505877876478236, 0.0 ], [ 120.956658763386471, 13.505990147530577, 0.0 ], [ 120.956639511308481, 13.506026479795615, 0.0 ], [ 120.956511164255517, 13.506277665379574, 0.0 ], [ 120.956484089375522, 13.506482992650328, 0.0 ], [ 120.956482642688343, 13.506493963862344, 0.0 ], [ 120.956457936383785, 13.506697042879575, 0.0 ], [ 120.956447445619816, 13.506783274029273, 0.0 ], [ 120.956446990729091, 13.506787013102846, 0.0 ], [ 120.956429722943554, 13.506901913909589, 0.0 ], [ 120.956411338769854, 13.507024243173156, 0.0 ], [ 120.956374680428212, 13.507078050475018, 0.0 ], [ 120.956314994935966, 13.50716565712497, 0.0 ], [ 120.956311513284405, 13.507170767509097, 0.0 ], [ 120.956235158191831, 13.507248060142507, 0.0 ], [ 120.956120309206199, 13.507364319285966, 0.0 ], [ 120.956104731921229, 13.507380087830834, 0.0 ], [ 120.956075922348674, 13.507388440777108, 0.0 ], [ 120.955958850835827, 13.507422384069743, 0.0 ], [ 120.955912211341797, 13.50743590655186, 0.0 ], [ 120.955869378477004, 13.50744891418168, 0.0 ], [ 120.955773435281912, 13.507478050528924, 0.0 ], [ 120.955745910071755, 13.507486409473541, 0.0 ], [ 120.955725268795192, 13.50749267788245, 0.0 ], [ 120.955705429978693, 13.507498702597383, 0.0 ], [ 120.955698138850494, 13.507498153781114, 0.0 ], [ 120.955638649950401, 13.50749367594346, 0.0 ], [ 120.95552430328371, 13.507485068851917, 0.0 ], [ 120.955434344975401, 13.507478297509316, 0.0 ], [ 120.955427344697355, 13.507477770583934, 0.0 ], [ 120.955423578967483, 13.507472745722, 0.0 ], [ 120.955348910387457, 13.507373110489846, 0.0 ], [ 120.955306128036455, 13.507296359724412, 0.0 ], [ 120.955199172159084, 13.507282405037094, 0.0 ], [ 120.955042303538903, 13.507184722202814, 0.0 ], [ 120.954913956485939, 13.507094016677973, 0.0 ], [ 120.954849782959172, 13.506982379060579, 0.0 ], [ 120.954822617146988, 13.50698636647525, 0.0 ], [ 120.954764148441924, 13.506994948545097, 0.0 ], [ 120.954707175122863, 13.507003311117748, 0.0 ], [ 120.954703971701292, 13.507000624260973, 0.0 ], [ 120.954690836033478, 13.506989606771297, 0.0 ], [ 120.954607349637058, 13.506919582877753, 0.0 ], [ 120.954557436894461, 13.506745148947855, 0.0 ], [ 120.954621610420872, 13.506668397978062, 0.0 ], [ 120.95465013198806, 13.506500941229268, 0.0 ], [ 120.9547285662983, 13.506354416476761, 0.0 ], [ 120.954835522175699, 13.506193936881457, 0.0 ], [ 120.954899695702224, 13.506026479795603, 0.0 ], [ 120.954849782959172, 13.505865999976676, 0.0 ], [ 120.954792739824498, 13.505607836560342, 0.0 ], [ 120.95476421825721, 13.505426424260751, 0.0 ], [ 120.954714305514585, 13.505272921436424, 0.0 ], [ 120.954707175122863, 13.50510546369595, 0.0 ], [ 120.954737888862496, 13.504972363991364, 0.0 ], [ 120.954739615182575, 13.504964882880889, 0.0 ], [ 120.95475708786546, 13.504889163938456, 0.0 ], [ 120.954757087865488, 13.504749615602181, 0.0 ], [ 120.954807000608184, 13.504561225217284, 0.0 ], [ 120.954856913351023, 13.504421676686885, 0.0 ], [ 120.954871174134936, 13.504240263473914, 0.0 ], [ 120.954871174134936, 13.504037917801959, 0.0 ], [ 120.954942478053255, 13.50388441407315, 0.0 ], [ 120.954978130012464, 13.503689045546263, 0.0 ], [ 120.954978130012464, 13.503507631768937, 0.0 ], [ 120.954963869228663, 13.503368082614449, 0.0 ], [ 120.954928217269412, 13.503207600984693, 0.0 ], [ 120.954856913351023, 13.502970367070942, 0.0 ], [ 120.954786666767745, 13.502973640409527, 0.0 ], [ 120.954707175122891, 13.502977344542163, 0.0 ], [ 120.954682947915572, 13.502940466011877, 0.0 ], [ 120.954643001596295, 13.502879659923146, 0.0 ], [ 120.954595227616323, 13.502868660059566, 0.0 ], [ 120.954521784935196, 13.502851750024282, 0.0 ], [ 120.954483898498651, 13.502847115786224, 0.0 ], [ 120.954441195458244, 13.502841892383154, 0.0 ], [ 120.95441995692839, 13.502839294501761, 0.0 ], [ 120.954293612396782, 13.502823840122446, 0.0 ], [ 120.954135888521932, 13.502785254778169, 0.0 ], [ 120.954065439858496, 13.502768020308471, 0.0 ], [ 120.953801608751974, 13.502761040182149, 0.0 ], [ 120.953650839572248, 13.502733593101592, 0.0 ], [ 120.953495008512036, 13.502705223002065, 0.0 ], [ 120.953420132881334, 13.502686905528515, 0.0 ], [ 120.953378799707707, 13.502676793833935, 0.0 ], [ 120.953266835973395, 13.502649403160396, 0.0 ], [ 120.953174140879469, 13.502670335602293, 0.0 ], [ 120.953109967353271, 13.502914547291565, 0.0 ], [ 120.952995881084121, 13.502900592344826, 0.0 ], [ 120.952997271510867, 13.502890727938293, 0.0 ], [ 120.953024402650954, 13.502698245522707, 0.0 ], [ 120.95294926289283, 13.502685568220466, 0.0 ], [ 120.952817621288204, 13.502663358122, 0.0 ], [ 120.95265699296759, 13.502663358121989, 0.0 ], [ 120.952658041000049, 13.50268059000013, 0.0 ], [ 120.952641791000119, 13.502701767000195, 0.0 ], [ 120.952620501000069, 13.502701724000131, 0.0 ], [ 120.952596379000283, 13.502712295000228, 0.0 ], [ 120.952566714000227, 13.502733509000159, 0.0 ], [ 120.952544987000124, 13.502754785000162, 0.0 ], [ 120.952515262000261, 13.50277341500011, 0.0 ], [ 120.95248317800008, 13.50277601300014, 0.0 ], [ 120.952440289000151, 13.502783935000098, 0.0 ], [ 120.952400634000128, 13.502770471000208, 0.0 ], [ 120.952363480000031, 13.502765043000126, 0.0 ], [ 120.952323529000424, 13.502764950000202, 0.0 ], [ 120.952241013000162, 13.502764757000092, 0.0 ], [ 120.952187706000146, 13.502767300000203, 0.0 ], [ 120.952139840000086, 13.502767188000181, 0.0 ], [ 120.952130522786817, 13.50276654113437, 0.0 ], [ 120.952100086000073, 13.502764428000175, 0.0 ], [ 120.952086142834773, 13.502764395525684, 0.0 ], [ 120.952057580000201, 13.502764329000252, 0.0 ], [ 120.952017745000148, 13.502764236000131, 0.0 ], [ 120.951986023000245, 13.502761497000154, 0.0 ], [ 120.9519836321453, 13.502761015358971, 0.0 ], [ 120.951983365444136, 13.502761042830679, 0.0 ], [ 120.951869279174957, 13.502747087874937, 0.0 ], [ 120.951819546695106, 13.502728162225786, 0.0 ], [ 120.951781217000317, 13.50273390700022, 0.0 ], [ 120.95172968500016, 13.502729019000105, 0.0 ], [ 120.951687265000032, 13.502708107000203, 0.0 ], [ 120.951642992000188, 13.502671372000087, 0.0 ], [ 120.951606805000452, 13.502637296000108, 0.0 ], [ 120.951587121000131, 13.502600581000221, 0.0 ], [ 120.951569603000422, 13.502574427000139, 0.0 ], [ 120.951568079000239, 13.502553487000176, 0.0 ], [ 120.951568177759668, 13.502551969475054, 0.0 ], [ 120.951544940024519, 13.502555559910061, 0.0 ], [ 120.951434325273453, 13.502572650855953, 0.0 ], [ 120.951433393769108, 13.502572858021601, 0.0 ], [ 120.951277456653315, 13.502607538269949, 0.0 ], [ 120.951035023331301, 13.502684290563042, 0.0 ], [ 120.95097334148808, 13.502744649625145, 0.0 ], [ 120.950920937061824, 13.502795930216958, 0.0 ], [ 120.950827140267165, 13.502795930216978, 0.0 ], [ 120.950685634131446, 13.502795930216985, 0.0 ], [ 120.950639304988385, 13.502841265801035, 0.0 ], [ 120.950571547861941, 13.502907569818376, 0.0 ], [ 120.95053921635008, 13.502914600516373, 0.0 ], [ 120.950379027282679, 13.502949434655497, 0.0 ], [ 120.950165115527966, 13.502928502237772, 0.0 ], [ 120.950008246907814, 13.502768020308476, 0.0 ], [ 120.949996660925081, 13.50276167129929, 0.0 ], [ 120.949829987111926, 13.502670335602271, 0.0 ], [ 120.94980782120831, 13.502680096353059, 0.0 ], [ 120.949687379275616, 13.502733132918083, 0.0 ], [ 120.949594684181562, 13.502754065353027, 0.0 ], [ 120.949522022264091, 13.502797821445316, 0.0 ], [ 120.949501989087949, 13.502809885170294, 0.0 ], [ 120.94945647460348, 13.50283417884151, 0.0 ], [ 120.949423554777724, 13.502851750024444, 0.0 ], [ 120.949312942712041, 13.502912634962975, 0.0 ], [ 120.949309468508574, 13.502914547291544, 0.0 ], [ 120.949312938382718, 13.50291765979558, 0.0 ], [ 120.949336610425917, 13.50293889380124, 0.0 ], [ 120.949395033210422, 13.502991299484409, 0.0 ], [ 120.949480597912384, 13.503019209366668, 0.0 ], [ 120.949487248557034, 13.503027163601992, 0.0 ], [ 120.949608944965121, 13.503172713659277, 0.0 ], [ 120.949581463118534, 13.503246667859763, 0.0 ], [ 120.949580423397862, 13.503249465768148, 0.0 ], [ 120.949608944965348, 13.503326217851964, 0.0 ], [ 120.949657970922331, 13.503362198694278, 0.0 ], [ 120.949728754370085, 13.503414147657955, 0.0 ], [ 120.949751552801786, 13.503430879744258, 0.0 ], [ 120.949858886369839, 13.503508271332125, 0.0 ], [ 120.949887030246714, 13.503528564134823, 0.0 ], [ 120.949979725340071, 13.503605316127782, 0.0 ], [ 120.95002396122301, 13.503629198650069, 0.0 ], [ 120.950186506703503, 13.503716955345855, 0.0 ], [ 120.950379027282679, 13.50384254940225, 0.0 ], [ 120.950392807474827, 13.503865665871727, 0.0 ], [ 120.950420762588223, 13.503912560969807, 0.0 ], [ 120.950428940025631, 13.503926278736285, 0.0 ], [ 120.950557287078254, 13.503961165949944, 0.0 ], [ 120.950764068441345, 13.504044895241927, 0.0 ], [ 120.950771701693029, 13.50404902313036, 0.0 ], [ 120.951035023330974, 13.504191421430981, 0.0 ], [ 120.95124180469405, 13.504310037802941, 0.0 ], [ 120.951412934097675, 13.504442608971592, 0.0 ], [ 120.95146921004779, 13.504552746334817, 0.0 ], [ 120.951491368407929, 13.504596112336806, 0.0 ], [ 120.951496550565025, 13.504608367212326, 0.0 ], [ 120.951576933109891, 13.504798457529153, 0.0 ], [ 120.951698149771133, 13.50504266701275, 0.0 ], [ 120.951709215180699, 13.505068312272336, 0.0 ], [ 120.951801751543272, 13.50528277506637, 0.0 ], [ 120.951833627215763, 13.505356650261904, 0.0 ], [ 120.951919191917682, 13.50558690437904, 0.0 ], [ 120.951931725302302, 13.505639466312299, 0.0 ], [ 120.951969104660407, 13.505796226108219, 0.0 ], [ 120.951969813668711, 13.505800041974906, 0.0 ], [ 120.952011887011423, 13.506026479795441, 0.0 ], [ 120.952001727211623, 13.506092095542563, 0.0 ], [ 120.951976235052129, 13.506256733257969, 0.0 ], [ 120.951905033375965, 13.506401440122211, 0.0 ], [ 120.951883539958544, 13.506445122286786, 0.0 ], [ 120.951880859448025, 13.506451417452595, 0.0 ], [ 120.951812236040283, 13.506612579075149, 0.0 ], [ 120.951662497811853, 13.506703284785623, 0.0 ], [ 120.951477107624243, 13.506717239507058, 0.0 ], [ 120.951305978220375, 13.506647465890701, 0.0 ], [ 120.951120588032936, 13.506535828061544, 0.0 ], [ 120.951013632155409, 13.506431167549145, 0.0 ], [ 120.950871024318772, 13.506256733258132, 0.0 ], [ 120.95071415569862, 13.506117185731677, 0.0 ], [ 120.950535895902831, 13.506005547651421, 0.0 ], [ 120.950321984148104, 13.505970660740465, 0.0 ], [ 120.950136593960451, 13.505970660740445, 0.0 ], [ 120.9498727694629, 13.505991592887646, 0.0 ], [ 120.949630336140558, 13.506012525032945, 0.0 ], [ 120.94938790281843, 13.506047411937875, 0.0 ], [ 120.949273816549308, 13.506103230974727, 0.0 ], [ 120.949138339104593, 13.50622882375923, 0.0 ], [ 120.949009992051401, 13.506340461733673, 0.0 ], [ 120.948924427349766, 13.506410235440971, 0.0 ], [ 120.948710515594826, 13.506661420615696, 0.0 ], [ 120.948567907758516, 13.506940514940441, 0.0 ], [ 120.948418686603645, 13.507218645171266, 0.0 ], [ 120.948418162764355, 13.507219661896457, 0.0 ], [ 120.948387121896303, 13.507462658637914, 0.0 ], [ 120.948386547582899, 13.507467154525695, 0.0 ], [ 120.948379179903, 13.507524830801341, 0.0 ], [ 120.948375387179141, 13.507554521290158, 0.0 ], [ 120.948346865611597, 13.507770818600379, 0.0 ], [ 120.948268431301358, 13.50793827444603, 0.0 ], [ 120.948118693072956, 13.508098752853073, 0.0 ], [ 120.948154345032208, 13.508273185780071, 0.0 ], [ 120.948075910722196, 13.50840575471832, 0.0 ], [ 120.947947563669359, 13.508468550505153, 0.0 ], [ 120.947894009874759, 13.508466367009071, 0.0 ], [ 120.947781118271578, 13.508461764173999, 0.0 ], [ 120.947776434265421, 13.508461573196314, 0.0 ], [ 120.947555121690343, 13.508533760267039, 0.0 ], [ 120.947487701508408, 13.508555751156125, 0.0 ], [ 120.947476957808362, 13.508559255500881, 0.0 ], [ 120.947462753234177, 13.508564403505563, 0.0 ], [ 120.947415575069485, 13.508581501756167, 0.0 ], [ 120.947369646739162, 13.508598147040807, 0.0 ], [ 120.94735118592142, 13.508604837585281, 0.0 ], [ 120.9472844372292, 13.508629028550953, 0.0 ], [ 120.947255915661685, 13.508754619988469, 0.0 ], [ 120.947056264690559, 13.508887188655795, 0.0 ], [ 120.947020612731421, 13.50928489420979, 0.0 ], [ 120.947013482339571, 13.509563985425368, 0.0 ], [ 120.946992091164361, 13.509961689836258, 0.0 ], [ 120.947020612731421, 13.510310552801796, 0.0 ], [ 120.947023218125224, 13.510349644160405, 0.0 ], [ 120.947042003907086, 13.510631506273416, 0.0 ], [ 120.9471346990006, 13.511175730725617, 0.0 ], [ 120.947191742135487, 13.511468774140409, 0.0 ], [ 120.947320089188239, 13.51171297670715, 0.0 ], [ 120.947351764176958, 13.511805960266654, 0.0 ], [ 120.947370001930935, 13.511859498126018, 0.0 ], [ 120.947371672356226, 13.511860587818596, 0.0 ], [ 120.947442046845268, 13.511906496227594, 0.0 ], [ 120.947513768935877, 13.511953283727868, 0.0 ], [ 120.947519740159237, 13.511957179021186, 0.0 ], [ 120.947523171927514, 13.511961524721549, 0.0 ], [ 120.947534225135314, 13.511975521565571, 0.0 ], [ 120.947640956820479, 13.512110677489, 0.0 ], [ 120.947712260738626, 13.512299061835019, 0.0 ], [ 120.947805190983786, 13.512448452760392, 0.0 ], [ 120.947812086224417, 13.512459537270228, 0.0 ], [ 120.947883390142565, 13.51252930916446, 0.0 ], [ 120.947983215628241, 13.512620012596246, 0.0 ], [ 120.948104432289483, 13.512675830075253, 0.0 ], [ 120.948275561693322, 13.512710715992847, 0.0 ], [ 120.948482343056568, 13.512766533450382, 0.0 ], [ 120.948703385203132, 13.512829328074437, 0.0 ], [ 120.948881644998792, 13.512885145503697, 0.0 ], [ 120.948881644998792, 13.513003757497151, 0.0 ], [ 120.949017122443351, 13.513136323772267, 0.0 ], [ 120.949295207724873, 13.513240981305039, 0.0 ], [ 120.949523380263386, 13.513282844305046, 0.0 ], [ 120.949808595936474, 13.513436341908475, 0.0 ], [ 120.950008246907586, 13.513617748037868, 0.0 ], [ 120.950045286329996, 13.513657143059497, 0.0 ], [ 120.950107687674773, 13.513723512937833, 0.0 ], [ 120.950172245919703, 13.513792176876734, 0.0 ], [ 120.950207620945775, 13.513844099019391, 0.0 ], [ 120.950247340842125, 13.513902398408172, 0.0 ], [ 120.950253018081057, 13.513910731246019, 0.0 ], [ 120.950315926035628, 13.514003065150476, 0.0 ], [ 120.950357636107142, 13.514064285607464, 0.0 ], [ 120.950364282607552, 13.514069163345507, 0.0 ], [ 120.950405378803325, 13.514099323048303, 0.0 ], [ 120.950498525723901, 13.514167681758824, 0.0 ], [ 120.950528765511066, 13.514189874145753, 0.0 ], [ 120.950590574888665, 13.514277846368712, 0.0 ], [ 120.950607199821263, 13.514301508346318, 0.0 ], [ 120.95067617941892, 13.514418094034816, 0.0 ], [ 120.950685634131091, 13.514434073890323, 0.0 ], [ 120.950678503739468, 13.514573616487841, 0.0 ], [ 120.950671373347646, 13.514678273381653, 0.0 ], [ 120.95071415569862, 13.514768975985723, 0.0 ], [ 120.95071415569862, 13.514824792955036, 0.0 ], [ 120.950657112564272, 13.514859678554327, 0.0 ], [ 120.950663222652707, 13.514979253482093, 0.0 ], [ 120.950664242955668, 13.514999220899496, 0.0 ], [ 120.950728416482193, 13.51508294626697, 0.0 ], [ 120.950828241967898, 13.515006198014568, 0.0 ], [ 120.950942328237048, 13.515117831827858, 0.0 ], [ 120.951020762547159, 13.515257374020067, 0.0 ], [ 120.951030703638139, 13.515299526010789, 0.0 ], [ 120.951042153723051, 13.51534807640062, 0.0 ], [ 120.951113457640886, 13.515473664254325, 0.0 ], [ 120.951132339807259, 13.51550291828533, 0.0 ], [ 120.951135055608574, 13.5155071258608, 0.0 ], [ 120.951199022343175, 13.515606229138374, 0.0 ], [ 120.951217205629177, 13.515654522689724, 0.0 ], [ 120.951233044578899, 13.515696589844147, 0.0 ], [ 120.951298847828625, 13.515871358682837, 0.0 ], [ 120.951398673314202, 13.516052762935825, 0.0 ], [ 120.951406990205371, 13.516082990055521, 0.0 ], [ 120.951413875199947, 13.516108013053231, 0.0 ], [ 120.951448586057055, 13.516234167048962, 0.0 ], [ 120.951484238016164, 13.516422548095475, 0.0 ], [ 120.951498498799651, 13.516589997788005, 0.0 ], [ 120.951491583527741, 13.516725329228301, 0.0 ], [ 120.951491368407929, 13.516729539107516, 0.0 ], [ 120.951519206727994, 13.516798686015944, 0.0 ], [ 120.951584063501613, 13.516959782103561, 0.0 ], [ 120.951605454677079, 13.517120254361613, 0.0 ], [ 120.951605454677079, 13.517336542884351, 0.0 ], [ 120.951605454677079, 13.517469106719279, 0.0 ], [ 120.951605454677079, 13.517643532704046, 0.0 ], [ 120.951605454677079, 13.51772725713092, 0.0 ], [ 120.951519889975444, 13.517804004496011, 0.0 ], [ 120.951412934097675, 13.517880751836024, 0.0 ], [ 120.951277456653088, 13.517950522123337, 0.0 ], [ 120.9511799195717, 13.517974381924027, 0.0 ], [ 120.951163370383938, 13.517978430232764, 0.0 ], [ 120.951035023330974, 13.517971453205465, 0.0 ], [ 120.950935197845325, 13.51801331536416, 0.0 ], [ 120.950863893927007, 13.518090062636043, 0.0 ], [ 120.950785459616768, 13.518166809882958, 0.0 ], [ 120.950772103518844, 13.518232153956216, 0.0 ], [ 120.950771198833422, 13.518236580085549, 0.0 ], [ 120.950771198833451, 13.518313327284714, 0.0 ], [ 120.950766619794777, 13.518393977053741, 0.0 ], [ 120.950764068441345, 13.518438913556212, 0.0 ], [ 120.950755396517152, 13.518466491059561, 0.0 ], [ 120.950736237968968, 13.518527416966908, 0.0 ], [ 120.950735546874171, 13.51852961471052, 0.0 ], [ 120.950733007912746, 13.518532347491165, 0.0 ], [ 120.950664242955668, 13.518606361814001, 0.0 ], [ 120.950565230805168, 13.518638655904768, 0.0 ], [ 120.950557287078283, 13.518641246852837, 0.0 ], [ 120.950464591984542, 13.518648223859882, 0.0 ], [ 120.950357636107142, 13.518690085898378, 0.0 ], [ 120.950307723364418, 13.518717993919838, 0.0 ], [ 120.950329114539869, 13.518969165964288, 0.0 ], [ 120.950229289054505, 13.519192429778467, 0.0 ], [ 120.950227536084697, 13.519193409925441, 0.0 ], [ 120.95020261257676, 13.51920734553228, 0.0 ], [ 120.950079550825777, 13.519276153654475, 0.0 ], [ 120.949989631479298, 13.519330298153834, 0.0 ], [ 120.949894160638337, 13.519387785442383, 0.0 ], [ 120.949819517064611, 13.519419087293265, 0.0 ], [ 120.94979433515266, 13.519429647349165, 0.0 ], [ 120.949715900842421, 13.51945057829986, 0.0 ], [ 120.949573293006097, 13.519450578299878, 0.0 ], [ 120.949359381251142, 13.519457555282772, 0.0 ], [ 120.949231034198334, 13.519478486231112, 0.0 ], [ 120.949095556753591, 13.519569186984885, 0.0 ], [ 120.948974340092377, 13.519652910726565, 0.0 ], [ 120.948931557741389, 13.519729657463706, 0.0 ], [ 120.948931557741744, 13.519816841310334, 0.0 ], [ 120.948931557741389, 13.519869196921396, 0.0 ], [ 120.948908431873747, 13.519906910717584, 0.0 ], [ 120.94886738421495, 13.519973851460477, 0.0 ], [ 120.948767558729273, 13.519966874492869, 0.0 ], [ 120.948739037161985, 13.519938966619371, 0.0 ], [ 120.948689124419388, 13.519897104803089, 0.0 ], [ 120.948596429325676, 13.519883150862885, 0.0 ], [ 120.948583867947036, 13.519858568659737, 0.0 ], [ 120.948582168541634, 13.519855242979412, 0.0 ], [ 120.948579665374723, 13.519854865247236, 0.0 ], [ 120.948349858474671, 13.519820186952357, 0.0 ], [ 120.948214381029857, 13.519820186952352, 0.0 ], [ 120.94799333888318, 13.5198620487821, 0.0 ], [ 120.947836470263283, 13.51994577241971, 0.0 ], [ 120.947761087202011, 13.520012827917757, 0.0 ], [ 120.947758035953143, 13.520015542094898, 0.0 ], [ 120.947758035953143, 13.520120196568786, 0.0 ], [ 120.947850397696456, 13.520171839047027, 0.0 ], [ 120.947857861438578, 13.520176012269328, 0.0 ], [ 120.947914904573295, 13.520294620588748, 0.0 ], [ 120.947900643789453, 13.520399274938445, 0.0 ], [ 120.947815079087619, 13.520517883145445, 0.0 ], [ 120.947729514385628, 13.520608583498605, 0.0 ], [ 120.947565515373739, 13.520692306870515, 0.0 ], [ 120.947401516361893, 13.52076207632417, 0.0 ], [ 120.947287430092146, 13.520803937986573, 0.0 ], [ 120.947144822255737, 13.520783007156378, 0.0 ], [ 120.94695943206807, 13.520824868815222, 0.0 ], [ 120.946826784938708, 13.520907737812385, 0.0 ], [ 120.946702023933312, 13.520926383790821, 0.0 ], [ 120.946593858805755, 13.521007740598348, 0.0 ], [ 120.94645317424829, 13.521048130868689, 0.0 ], [ 120.946373414963887, 13.520989598796366, 0.0 ], [ 120.946367609546428, 13.520985338437885, 0.0 ], [ 120.946289175236188, 13.520950453746279, 0.0 ], [ 120.946280684885338, 13.520954014159591, 0.0 ], [ 120.946222770913892, 13.520978300279646, 0.0 ], [ 120.946189349750711, 13.520992315375299, 0.0 ], [ 120.94611804583235, 13.521083015545697, 0.0 ], [ 120.945989698779385, 13.521173715680924, 0.0 ], [ 120.945911466054255, 13.521211990191969, 0.0 ], [ 120.945861351726748, 13.521236508061813, 0.0 ], [ 120.945790047808273, 13.521208600339085, 0.0 ], [ 120.945776475027515, 13.521184695135412, 0.0 ], [ 120.945718743889984, 13.521083015545695, 0.0 ], [ 120.945702302673354, 13.521067821911073, 0.0 ], [ 120.945656236020341, 13.52102525085432, 0.0 ], [ 120.945590396837147, 13.520964407623246, 0.0 ], [ 120.945574543210157, 13.520957513205765, 0.0 ], [ 120.945462049784311, 13.52090859211037, 0.0 ], [ 120.945382617448089, 13.520922644358409, 0.0 ], [ 120.945335015918104, 13.520931065465957, 0.0 ], [ 120.945322272262842, 13.520933319924247, 0.0 ], [ 120.945236707560639, 13.520963553326011, 0.0 ], [ 120.945219616462069, 13.520908592110175, 0.0 ], [ 120.945210398015888, 13.520908267719356, 0.0 ], [ 120.945159806366561, 13.520906487432107, 0.0 ], [ 120.945134536968567, 13.520905598217407, 0.0 ], [ 120.945038704502281, 13.520957692697603, 0.0 ], [ 120.944991548844428, 13.520923459183443, 0.0 ], [ 120.944979379642405, 13.52087731835201, 0.0 ], [ 120.9449625281203, 13.520865989504101, 0.0 ], [ 120.944904052012816, 13.520826677507229, 0.0 ], [ 120.944870227262285, 13.520803937986566, 0.0 ], [ 120.944792263742883, 13.520767802646182, 0.0 ], [ 120.944745774446233, 13.520746255300942, 0.0 ], [ 120.944734749817599, 13.520741145490218, 0.0 ], [ 120.944700672606828, 13.520702244308895, 0.0 ], [ 120.944649185115651, 13.52064346824047, 0.0 ], [ 120.944632628621804, 13.520634089175632, 0.0 ], [ 120.944513707671064, 13.520566721801396, 0.0 ], [ 120.944407729595682, 13.520525242801218, 0.0 ], [ 120.944406751793508, 13.520524860096904, 0.0 ], [ 120.944359827819085, 13.520553619078571, 0.0 ], [ 120.944343723606039, 13.52055624535577, 0.0 ], [ 120.944317045468097, 13.520560596028981, 0.0 ], [ 120.944281393508845, 13.520544316477759, 0.0 ], [ 120.944289090531385, 13.520495362451117, 0.0 ], [ 120.944290900698206, 13.520483849563062, 0.0 ], [ 120.944257625536025, 13.520437336541189, 0.0 ], [ 120.944212466387953, 13.520365241339066, 0.0 ], [ 120.944199970430404, 13.520245781876104, 0.0 ], [ 120.944228491997691, 13.52008531174949, 0.0 ], [ 120.944356839050911, 13.520008565128176, 0.0 ], [ 120.944406751793508, 13.519917864543849, 0.0 ], [ 120.944499446887363, 13.519834140896489, 0.0 ], [ 120.944562735786704, 13.519805241558299, 0.0 ], [ 120.944606402764634, 13.519785302088298, 0.0 ], [ 120.944599272372912, 13.519694601417815, 0.0 ], [ 120.944554566742582, 13.519570487173629, 0.0 ], [ 120.944506577279085, 13.519450407131, 0.0 ], [ 120.944392491009808, 13.519317844412173, 0.0 ], [ 120.944351280955956, 13.519283724564069, 0.0 ], [ 120.944299795916081, 13.519241097540728, 0.0 ], [ 120.944135796904007, 13.519185281618729, 0.0 ], [ 120.944014580242765, 13.519164350644411, 0.0 ], [ 120.943975862430889, 13.51913972548795, 0.0 ], [ 120.943871972406328, 13.519073649734542, 0.0 ], [ 120.943871972406342, 13.518982948789645, 0.0 ], [ 120.943864842014591, 13.5188922478099, 0.0 ], [ 120.943786407704479, 13.518787592789991, 0.0 ], [ 120.943757886136964, 13.518682937723348, 0.0 ], [ 120.943686582218774, 13.518592236627805, 0.0 ], [ 120.943643799868042, 13.518473627450421, 0.0 ], [ 120.943629539084, 13.518361995228702, 0.0 ], [ 120.943693712610767, 13.518243385934976, 0.0 ], [ 120.943700535945155, 13.518149039553915, 0.0 ], [ 120.943650623202331, 13.518074850543426, 0.0 ], [ 120.943645372925062, 13.518063641779943, 0.0 ], [ 120.943587875754474, 13.517940891644187, 0.0 ], [ 120.943502311052512, 13.517851585669142, 0.0 ], [ 120.943422450663789, 13.517790187791203, 0.0 ], [ 120.943319773021571, 13.517717626642311, 0.0 ], [ 120.943230237141734, 13.517594522271335, 0.0 ], [ 120.943116150872569, 13.517587545232855, 0.0 ], [ 120.942880847942206, 13.517643361534107, 0.0 ], [ 120.942795283240244, 13.517685223751242, 0.0 ], [ 120.942756876439034, 13.51766016990288, 0.0 ], [ 120.942666936187379, 13.517601499309313, 0.0 ], [ 120.942595632269217, 13.517531728918598, 0.0 ], [ 120.94247441560799, 13.517420096250135, 0.0 ], [ 120.942460154824502, 13.517364279896123, 0.0 ], [ 120.942417372473173, 13.517273578292583, 0.0 ], [ 120.942398741726947, 13.517209773003863, 0.0 ], [ 120.942397627179048, 13.517205955977374, 0.0 ], [ 120.942388850906013, 13.517175899603274, 0.0 ], [ 120.942374590122313, 13.517008450327458, 0.0 ], [ 120.942453024432453, 13.516882863292848, 0.0 ], [ 120.942531458742337, 13.516764253253722, 0.0 ], [ 120.942595632269217, 13.516673551418871, 0.0 ], [ 120.942617023444683, 13.516589826617192, 0.0 ], [ 120.942596180859027, 13.516530395934073, 0.0 ], [ 120.94252260759356, 13.516433428110265, 0.0 ], [ 120.942521644496196, 13.516432158770641, 0.0 ], [ 120.942445894040702, 13.51633865203368, 0.0 ], [ 120.942388850906013, 13.516310743729916, 0.0 ], [ 120.942281895028586, 13.516310743729898, 0.0 ], [ 120.942139287191964, 13.516345629108969, 0.0 ], [ 120.942046592098222, 13.516345629108967, 0.0 ], [ 120.941975072252163, 13.516332299198954, 0.0 ], [ 120.941896853870048, 13.516317720806066, 0.0 ], [ 120.941775637208949, 13.516247950034897, 0.0 ], [ 120.941682942114994, 13.516150270919896, 0.0 ], [ 120.941633029372142, 13.516073523015585, 0.0 ], [ 120.941547464670307, 13.515968866742048, 0.0 ], [ 120.941511812711028, 13.51587816460081, 0.0 ], [ 120.941497551927355, 13.515773508240388, 0.0 ], [ 120.941476160752018, 13.515675828928636, 0.0 ], [ 120.941476160752018, 13.515557218281462, 0.0 ], [ 120.94151894310302, 13.515438607574609, 0.0 ], [ 120.941590247021168, 13.515313019702093, 0.0 ], [ 120.941675811723144, 13.515243248632608, 0.0 ], [ 120.941747115641647, 13.515215340199365, 0.0 ], [ 120.941797028384144, 13.515215340199347, 0.0 ], [ 120.941839810735345, 13.515180454652796, 0.0 ], [ 120.941853467454493, 13.515086912649339, 0.0 ], [ 120.94185407151906, 13.515082775094861, 0.0 ], [ 120.941818419559809, 13.514978118381201, 0.0 ], [ 120.941761376425106, 13.514901370094487, 0.0 ], [ 120.941747385793903, 13.514897947621888, 0.0 ], [ 120.941704333290659, 13.514887415857798, 0.0 ], [ 120.941661550939457, 13.514936255682477, 0.0 ], [ 120.941611638196704, 13.514971141265217, 0.0 ], [ 120.941490421535832, 13.514971141265244, 0.0 ], [ 120.941340683307104, 13.514957187032641, 0.0 ], [ 120.941291784902319, 13.514929276116749, 0.0 ], [ 120.941255118605227, 13.514908347212438, 0.0 ], [ 120.941183814686951, 13.514838576023257, 0.0 ], [ 120.941148162727799, 13.514733919200655, 0.0 ], [ 120.941155293119792, 13.514608330952244, 0.0 ], [ 120.941183814686951, 13.514468788375263, 0.0 ], [ 120.941262248997191, 13.514343199985275, 0.0 ], [ 120.941340683307104, 13.514315291445248, 0.0 ], [ 120.941511812711269, 13.514245520080088, 0.0 ], [ 120.941711463682182, 13.514078068719904, 0.0 ], [ 120.941868332302533, 13.513980388704693, 0.0 ], [ 120.942067983273787, 13.513889685797121, 0.0 ], [ 120.942296155812301, 13.513812937155743, 0.0 ], [ 120.942502937175504, 13.513771074250041, 0.0 ], [ 120.942688327362944, 13.513785028552833, 0.0 ], [ 120.942887978334298, 13.513812937155707, 0.0 ], [ 120.943059107738122, 13.513771074250048, 0.0 ], [ 120.943337193019289, 13.51361757686495, 0.0 ], [ 120.943579626341375, 13.513436170735547, 0.0 ], [ 120.943836320447176, 13.513254764465788, 0.0 ], [ 120.944064492985717, 13.51299660914947, 0.0 ], [ 120.944178579254867, 13.512731476367446, 0.0 ], [ 120.944271274348921, 13.512417502949868, 0.0 ], [ 120.944321187091646, 13.512159346715325, 0.0 ], [ 120.944321187091646, 13.511943053435859, 0.0 ], [ 120.944306926307831, 13.511643033396801, 0.0 ], [ 120.944292665524358, 13.511538375154053, 0.0 ], [ 120.94437823022632, 13.511426739643094, 0.0 ], [ 120.94452796845475, 13.511356967422156, 0.0 ], [ 120.944627793940199, 13.511308126855075, 0.0 ], [ 120.944670576291159, 13.511196491235356, 0.0 ], [ 120.944756140993164, 13.511008106007072, 0.0 ], [ 120.944891618437751, 13.510868561296334, 0.0 ], [ 120.945012835099334, 13.510673198562358, 0.0 ], [ 120.945148312543907, 13.510498767412958, 0.0 ], [ 120.945305181164031, 13.510380154157435, 0.0 ], [ 120.945433528216995, 13.51031735888035, 0.0 ], [ 120.945604657620834, 13.510282472608178, 0.0 ], [ 120.945790047808273, 13.510268518097936, 0.0 ], [ 120.94592552525296, 13.510254563586564, 0.0 ], [ 120.946025350738637, 13.510226654561793, 0.0 ], [ 120.946132306616065, 13.510045245819535, 0.0 ], [ 120.946239262493464, 13.509968495925145, 0.0 ], [ 120.946567260517554, 13.509703359733518, 0.0 ], [ 120.946695607570405, 13.509494041476403, 0.0 ], [ 120.946831085015106, 13.509235882036666, 0.0 ], [ 120.946873867366094, 13.509124245434659, 0.0 ], [ 120.946873867366094, 13.508998654194118, 0.0 ], [ 120.946795433056209, 13.508921903958447, 0.0 ], [ 120.946761490921659, 13.508938510640311, 0.0 ], [ 120.946695607570433, 13.508970745020649, 0.0 ], [ 120.946552999733868, 13.509026563364385, 0.0 ], [ 120.946446043856668, 13.509061449822521, 0.0 ], [ 120.946303436019889, 13.509075404404525, 0.0 ], [ 120.946193541546123, 13.509056427664195, 0.0 ], [ 120.946182219358789, 13.50905447253143, 0.0 ], [ 120.946163742080785, 13.509048015195265, 0.0 ], [ 120.94608824436979, 13.509021630671551, 0.0 ], [ 120.94608239387334, 13.50901958607205, 0.0 ], [ 120.946011089954922, 13.508914926663085, 0.0 ], [ 120.945954046820376, 13.508796312609885, 0.0 ], [ 120.9460182203469, 13.508656766588379, 0.0 ], [ 120.946034647553375, 13.508617473338365, 0.0 ], [ 120.946037001515379, 13.508611842749362, 0.0 ], [ 120.94608239387334, 13.508503265869601, 0.0 ], [ 120.946053872306152, 13.508342787738011, 0.0 ], [ 120.946011702445276, 13.508274013497351, 0.0 ], [ 120.945946916428625, 13.508168354862262, 0.0 ], [ 120.945934273177159, 13.508134094404451, 0.0 ], [ 120.945854221334798, 13.507917171294768, 0.0 ], [ 120.945790047808273, 13.507679942123568, 0.0 ], [ 120.945668831147032, 13.507435735374328, 0.0 ], [ 120.945554744878237, 13.507233392447366, 0.0 ], [ 120.945469180175934, 13.507051981399922, 0.0 ], [ 120.945305181164059, 13.506856615499938, 0.0 ], [ 120.945191094894568, 13.506731023049911, 0.0 ], [ 120.945148312543679, 13.506654272075274, 0.0 ], [ 120.945169703719117, 13.506472860581624, 0.0 ], [ 120.945219616462069, 13.506284471574658, 0.0 ], [ 120.945241007637605, 13.506075150279402, 0.0 ], [ 120.94519109489454, 13.505949557412844, 0.0 ], [ 120.94508413901724, 13.505803032317328, 0.0 ], [ 120.945005704707, 13.505684416697036, 0.0 ], [ 120.944970052747991, 13.5055867332002, 0.0 ], [ 120.944994115206669, 13.50552465701386, 0.0 ], [ 120.944995139719254, 13.505522013981949, 0.0 ], [ 120.945048487058045, 13.505384388684996, 0.0 ], [ 120.94519109489454, 13.505244840642201, 0.0 ], [ 120.945241007637605, 13.505202976213287, 0.0 ], [ 120.945205355678681, 13.505119247333106, 0.0 ], [ 120.945155400709496, 13.505079252003386, 0.0 ], [ 120.945126921368441, 13.50505645065307, 0.0 ], [ 120.945055617449952, 13.504923879830153, 0.0 ], [ 120.945090804903998, 13.504832059729111, 0.0 ], [ 120.945119790976392, 13.504756421841332, 0.0 ], [ 120.945198225286404, 13.50456803146194, 0.0 ], [ 120.945255268421079, 13.50439359579121, 0.0 ], [ 120.945262398813156, 13.504268002028098, 0.0 ], [ 120.94525511800633, 13.504265231342179, 0.0 ], [ 120.945134051760192, 13.504219159991177, 0.0 ], [ 120.944959757415177, 13.50427032663209, 0.0 ], [ 120.944920140005237, 13.504281956893797, 0.0 ], [ 120.944912729694465, 13.504283683405749, 0.0 ], [ 120.944850388401633, 13.504298208160835, 0.0 ], [ 120.944807589198149, 13.504308179846714, 0.0 ], [ 120.944770401776836, 13.504316844054877, 0.0 ], [ 120.944656315507501, 13.504358708641359, 0.0 ], [ 120.944583380650243, 13.504389295894269, 0.0 ], [ 120.944506577279085, 13.504421505507214, 0.0 ], [ 120.944388008740802, 13.504292588835376, 0.0 ], [ 120.94437823022632, 13.504281956893799, 0.0 ], [ 120.944250387097668, 13.504163440434921, 0.0 ], [ 120.944242752781406, 13.504156363071349, 0.0 ], [ 120.944207100822496, 13.504023791741659, 0.0 ], [ 120.944164318471522, 13.503905175225736, 0.0 ], [ 120.944142927295957, 13.503863310558454, 0.0 ], [ 120.94395040671634, 13.503793536097, 0.0 ], [ 120.943943276324603, 13.503570257681215, 0.0 ], [ 120.943918139932393, 13.503563229896782, 0.0 ], [ 120.943843450839154, 13.503542347864325, 0.0 ], [ 120.943793538096074, 13.503688874365995, 0.0 ], [ 120.943707973394439, 13.503723761614845, 0.0 ], [ 120.94370442911486, 13.503721036555515, 0.0 ], [ 120.943608147908762, 13.503647009660535, 0.0 ], [ 120.943608147908762, 13.503549325318867, 0.0 ], [ 120.943622408692633, 13.503514438044075, 0.0 ], [ 120.943486931247563, 13.50347955076418, 0.0 ], [ 120.943436807929771, 13.503484713743713, 0.0 ], [ 120.943353653010476, 13.503493279155579, 0.0 ], [ 120.943215976358246, 13.503507460588489, 0.0 ], [ 120.943197620602405, 13.503506263120249, 0.0 ], [ 120.94300206460322, 13.503493505676788, 0.0 ], [ 120.942674066579102, 13.503549325318655, 0.0 ], [ 120.942303286204151, 13.503751671410386, 0.0 ], [ 120.941996679355498, 13.503981927095838, 0.0 ], [ 120.941894707974825, 13.504098341783848, 0.0 ], [ 120.941843598826935, 13.504156690055822, 0.0 ], [ 120.941825549951545, 13.504177295379858, 0.0 ], [ 120.94181557844594, 13.50420168938617, 0.0 ], [ 120.941754246033383, 13.504351731210992, 0.0 ], [ 120.941739985249669, 13.504512212061476, 0.0 ], [ 120.941736810246681, 13.504523474538651, 0.0 ], [ 120.941682942114994, 13.504714557325714, 0.0 ], [ 120.941646893312168, 13.50475605783169, 0.0 ], [ 120.941641722156419, 13.504762011026077, 0.0 ], [ 120.94156172545398, 13.504854105682398, 0.0 ], [ 120.941326422523616, 13.505189021401762, 0.0 ], [ 120.941205205862758, 13.50557277841177, 0.0 ], [ 120.941196301786803, 13.505632680420778, 0.0 ], [ 120.941148162727799, 13.505956534796109, 0.0 ], [ 120.941290770564379, 13.506514724784719, 0.0 ], [ 120.941307457540915, 13.506602900585282, 0.0 ], [ 120.941320062815407, 13.506669508221657, 0.0 ], [ 120.941326422523645, 13.506703113607497, 0.0 ], [ 120.941354944090932, 13.506905456989912, 0.0 ], [ 120.941369204874619, 13.507065936100823, 0.0 ], [ 120.941338506922534, 13.507128745059573, 0.0 ], [ 120.941290770564379, 13.507226415102265, 0.0 ], [ 120.941265700215141, 13.507256608624061, 0.0 ], [ 120.941137005352189, 13.5074116024772, 0.0 ], [ 120.94110538037711, 13.507449690052638, 0.0 ], [ 120.941055512229056, 13.507480414551317, 0.0 ], [ 120.940912859797436, 13.507568304783835, 0.0 ], [ 120.940862947054583, 13.507631100793953, 0.0 ], [ 120.940898599013863, 13.507728783443012, 0.0 ], [ 120.940805903920236, 13.507896239318592, 0.0 ], [ 120.940753722107956, 13.507947300952315, 0.0 ], [ 120.940720339218274, 13.507979967211856, 0.0 ], [ 120.940641904908162, 13.507993921857864, 0.0 ], [ 120.940527818638643, 13.507993921858043, 0.0 ], [ 120.94039947158592, 13.508021831147117, 0.0 ], [ 120.940249733357518, 13.508105558995416, 0.0 ], [ 120.940057212777887, 13.508154400226733, 0.0 ], [ 120.939907474549727, 13.508154400226706, 0.0 ], [ 120.939736345145789, 13.508084627036338, 0.0 ], [ 120.939643650052162, 13.507979967211869, 0.0 ], [ 120.939536694174791, 13.50786833001421, 0.0 ], [ 120.939408347121798, 13.507819488724142, 0.0 ], [ 120.939251478501319, 13.507700874119047, 0.0 ], [ 120.939101740273017, 13.507575282119152, 0.0 ], [ 120.939016175571282, 13.507428758034907, 0.0 ], [ 120.938930610869093, 13.507296188546711, 0.0 ], [ 120.938780872640919, 13.507212460410811, 0.0 ], [ 120.938467135400288, 13.506947321116305, 0.0 ], [ 120.93811061580881, 13.506584498440599, 0.0 ], [ 120.938008409743802, 13.506499705207148, 0.0 ], [ 120.938004409825538, 13.506496386753893, 0.0 ], [ 120.937996953991728, 13.506490201163384, 0.0 ], [ 120.937782617785047, 13.506312381066781, 0.0 ], [ 120.937497402111703, 13.506089105038219, 0.0 ], [ 120.937076708993672, 13.505872806183815, 0.0 ], [ 120.936705928618622, 13.505705348869681, 0.0 ], [ 120.936285235500691, 13.505586733200188, 0.0 ], [ 120.936117677014437, 13.505549925201931, 0.0 ], [ 120.93611516157479, 13.505549372628151, 0.0 ], [ 120.935935846301064, 13.505509981852862, 0.0 ], [ 120.935873634661448, 13.50550162622558, 0.0 ], [ 120.935587524031689, 13.505463198739118, 0.0 ], [ 120.935572196317707, 13.505461140073178, 0.0 ], [ 120.935144372808281, 13.505530914041135, 0.0 ], [ 120.93513296990524, 13.505533783302067, 0.0 ], [ 120.934894809093976, 13.505593710594157, 0.0 ], [ 120.93489308207154, 13.505593710594509, 0.0 ], [ 120.934609593421115, 13.505593710594169, 0.0 ], [ 120.934324377748126, 13.505607665381515, 0.0 ], [ 120.934162290238547, 13.505640862740506, 0.0 ], [ 120.934017770899445, 13.50567046191431, 0.0 ], [ 120.933618468956979, 13.505830941866462, 0.0 ], [ 120.93354003464674, 13.505879783569243, 0.0 ], [ 120.933563728308314, 13.505924370554526, 0.0 ], [ 120.933632729740452, 13.506054218139639, 0.0 ], [ 120.93350171955592, 13.506153257998637, 0.0 ], [ 120.93349430113993, 13.506158866101941, 0.0 ], [ 120.933481208914387, 13.506168763437374, 0.0 ], [ 120.933371282040198, 13.506340290555396, 0.0 ], [ 120.933469324927643, 13.506442043871546, 0.0 ], [ 120.933563959652474, 13.50655371313133, 0.0 ], [ 120.933570338812146, 13.506561240557684, 0.0 ], [ 120.933617393122063, 13.50652670720322, 0.0 ], [ 120.933629758744019, 13.506517632020984, 0.0 ], [ 120.933638207313862, 13.506518550604774, 0.0 ], [ 120.933639578000268, 13.506517220000166, 0.0 ], [ 120.9340496920004, 13.506543603000118, 0.0 ], [ 120.934029927000225, 13.506608773000153, 0.0 ], [ 120.933895286970596, 13.506602162616284, 0.0 ], [ 120.933892334869157, 13.506602017677663, 0.0 ], [ 120.933796891540197, 13.506597331707841, 0.0 ], [ 120.93363298411191, 13.506589284347356, 0.0 ], [ 120.933627745639114, 13.506592044527373, 0.0 ], [ 120.933621251406635, 13.506595466374009, 0.0 ], [ 120.933612381329695, 13.506606961110906, 0.0 ], [ 120.933644613726869, 13.50665427207525, 0.0 ], [ 120.933629758744019, 13.506683344417313, 0.0 ], [ 120.933624416234338, 13.50668721438405, 0.0 ], [ 120.933700781000198, 13.506778562000077, 0.0 ], [ 120.933626696000132, 13.506824408000174, 0.0 ], [ 120.933579417000146, 13.506778562000076, 0.0 ], [ 120.933525518000025, 13.506817857000064, 0.0 ], [ 120.933566081000208, 13.506889957000164, 0.0 ], [ 120.933491890000255, 13.506935879000093, 0.0 ], [ 120.933414832779135, 13.506839030828077, 0.0 ], [ 120.933400992006213, 13.506849056696751, 0.0 ], [ 120.933377288263628, 13.506832890481196, 0.0 ], [ 120.933349408693502, 13.506813876303747, 0.0 ], [ 120.933334610746428, 13.506825729528316, 0.0 ], [ 120.933233206022123, 13.506906955183641, 0.0 ], [ 120.93280447900041, 13.507250367000173, 0.0 ], [ 120.932670161000033, 13.507165081000224, 0.0 ], [ 120.932253176000259, 13.507505293000138, 0.0 ], [ 120.93144246139137, 13.507609205048645, 0.0 ], [ 120.931384143322603, 13.507635257026507, 0.0 ], [ 120.931315352396396, 13.507665987459065, 0.0 ], [ 120.930887528886601, 13.507869492901984, 0.0 ], [ 120.930536951288218, 13.508026482695056, 0.0 ], [ 120.930055649839915, 13.508259059973755, 0.0 ], [ 120.929675362275475, 13.508561410093106, 0.0 ], [ 120.929366378629666, 13.508863759823779, 0.0 ], [ 120.929033627011222, 13.509183552385979, 0.0 ], [ 120.92896852629282, 13.509278245840481, 0.0 ], [ 120.928813773263059, 13.50950334451422, 0.0 ], [ 120.928688991406034, 13.509823136207793, 0.0 ], [ 120.928694933399242, 13.509869651327016, 0.0 ], [ 120.928708638679851, 13.509895655479458, 0.0 ], [ 120.929150166241243, 13.5107334011894, 0.0 ], [ 120.929182176840882, 13.510794137416688, 0.0 ], [ 120.929140027071753, 13.510879787363884, 0.0 ], [ 120.929063394362288, 13.51103550791677, 0.0 ], [ 120.929020612010959, 13.511109931720044, 0.0 ], [ 120.929026071878752, 13.511131658240927, 0.0 ], [ 120.929091915929476, 13.51139367225425, 0.0 ], [ 120.929057382771958, 13.511381121185439, 0.0 ], [ 120.928925540119977, 13.511333202988729, 0.0 ], [ 120.92870681738566, 13.511416273811337, 0.0 ], [ 120.928255283288095, 13.511165749557172, 0.0 ], [ 120.927941546047592, 13.511040159405036, 0.0 ], [ 120.927527983321866, 13.510937826639454, 0.0 ], [ 120.927438448161411, 13.510936959211389, 0.0 ], [ 120.927057798416953, 13.510933271338455, 0.0 ], [ 120.927047870271721, 13.51093317514909, 0.0 ], [ 120.926831009600278, 13.510983984240056, 0.0 ], [ 120.926710365058625, 13.511012250473527, 0.0 ], [ 120.926330077494526, 13.511230870350211, 0.0 ], [ 120.926203583689571, 13.511408462865996, 0.0 ], [ 120.926202492234097, 13.51140999522744, 0.0 ], [ 120.926115968602531, 13.511531471043336, 0.0 ], [ 120.926111412144905, 13.511537868132404, 0.0 ], [ 120.926132378775947, 13.511771906226205, 0.0 ], [ 120.926110235973184, 13.511894029981953, 0.0 ], [ 120.926087362759873, 13.51202018196625, 0.0 ], [ 120.926082476673272, 13.512047130065843, 0.0 ], [ 120.92554769728612, 13.512354126783446, 0.0 ], [ 120.924818434427252, 13.512170468360654, 0.0 ], [ 120.92429553902592, 13.51206813608605, 0.0 ], [ 120.923739368463558, 13.512007666993748, 0.0 ], [ 120.923606271182507, 13.512015855440628, 0.0 ], [ 120.923442329268383, 13.512025941494773, 0.0 ], [ 120.923368645915048, 13.512062494699324, 0.0 ], [ 120.923012842990943, 13.512239003061403, 0.0 ], [ 120.922707838445731, 13.512416995930568, 0.0 ], [ 120.922479665907076, 13.512454207617074, 0.0 ], [ 120.922249891065462, 13.512406455729433, 0.0 ], [ 120.922039544506461, 13.512326218007551, 0.0 ], [ 120.921949839828955, 13.512290689085029, 0.0 ], [ 120.92193585198379, 13.512285148979238, 0.0 ], [ 120.921889806278401, 13.512266911847568, 0.0 ], [ 120.921679459719371, 13.512165742481573, 0.0 ], [ 120.921561305908881, 13.5121484001815, 0.0 ], [ 120.921536851882365, 13.512144810883058, 0.0 ], [ 120.921408504829529, 13.512071550273745, 0.0 ], [ 120.921403228445456, 13.512069452794583, 0.0 ], [ 120.921294418560592, 13.512026198456686, 0.0 ], [ 120.921232354251529, 13.512036320278973, 0.0 ], [ 120.921187462683065, 13.512043641464418, 0.0 ], [ 120.92113475157521, 13.512013076327902, 0.0 ], [ 120.921091202393328, 13.511987823835344, 0.0 ], [ 120.921090416460402, 13.511987054787362, 0.0 ], [ 120.921002072495398, 13.511900608763902, 0.0 ], [ 120.920995731329185, 13.511894403827238, 0.0 ], [ 120.920955724948598, 13.511855256913968, 0.0 ], [ 120.920877290638487, 13.511900608763881, 0.0 ], [ 120.920813117111962, 13.511970380823692, 0.0 ], [ 120.920659813687635, 13.512043641464432, 0.0 ], [ 120.920577814181925, 13.512071550273751, 0.0 ], [ 120.920488337902029, 13.512100734927522, 0.0 ], [ 120.920470858304171, 13.512106436281066, 0.0 ], [ 120.920456597520456, 13.512026198456695, 0.0 ], [ 120.920488684283768, 13.511938983399288, 0.0 ], [ 120.920520771047123, 13.511851768309544, 0.0 ], [ 120.920545727418116, 13.511802927845297, 0.0 ], [ 120.920641987707995, 13.511743621553309, 0.0 ], [ 120.920745378389597, 13.51166687221251, 0.0 ], [ 120.920765090523929, 13.511637939203151, 0.0 ], [ 120.920830943091573, 13.511541282327913, 0.0 ], [ 120.92083486838078, 13.511536714691481, 0.0 ], [ 120.92096285534069, 13.511387783489056, 0.0 ], [ 120.920987811712052, 13.51133894292844, 0.0 ], [ 120.920966420536189, 13.511255216229495, 0.0 ], [ 120.920880855834298, 13.511119160280213, 0.0 ], [ 120.920795291132322, 13.511035433503194, 0.0 ], [ 120.920695465646517, 13.510962172549304, 0.0 ], [ 120.920339022493422, 13.51068519449597, 0.0 ], [ 120.920178184471638, 13.510560213464423, 0.0 ], [ 120.920092929465895, 13.510493965062841, 0.0 ], [ 120.920089382341303, 13.510491208726709, 0.0 ], [ 120.919990809074989, 13.5104172050073, 0.0 ], [ 120.919799826978547, 13.510273825453165, 0.0 ], [ 120.91949042942781, 13.509863255498965, 0.0 ], [ 120.919486089737688, 13.509413295736181, 0.0 ], [ 120.919693176059468, 13.508710566161211, 0.0 ], [ 120.919721385172934, 13.508550186548707, 0.0 ], [ 120.919722155265035, 13.508545808277553, 0.0 ], [ 120.91977207990513, 13.508261967188513, 0.0 ], [ 120.919858629273108, 13.508200165418396, 0.0 ], [ 120.92011621184065, 13.508016234934779, 0.0 ], [ 120.920273906665699, 13.507903630636081, 0.0 ], [ 120.920299728900204, 13.507885191886151, 0.0 ], [ 120.920299325272822, 13.507865274408704, 0.0 ], [ 120.92028725071475, 13.507269442062011, 0.0 ], [ 120.92033386656442, 13.507258132489946, 0.0 ], [ 120.920431046949929, 13.507234555338464, 0.0 ], [ 120.92041344268705, 13.507103203959117, 0.0 ], [ 120.920413406132653, 13.507102931213394, 0.0 ], [ 120.920407278977336, 13.507057214412718, 0.0 ], [ 120.920356772035007, 13.506952554131725, 0.0 ], [ 120.920317038524445, 13.506963662909621, 0.0 ], [ 120.920231990178209, 13.506987440897417, 0.0 ], [ 120.920024020416562, 13.506606593427202, 0.0 ], [ 120.919542718968287, 13.506246096018085, 0.0 ], [ 120.919307674549714, 13.50614633680547, 0.0 ], [ 120.919049533533425, 13.506036774688718, 0.0 ], [ 120.918933664666042, 13.50603677468872, 0.0 ], [ 120.918799969819133, 13.506039681930432, 0.0 ], [ 120.91869301394172, 13.506016423993694, 0.0 ], [ 120.9185622900917, 13.506062939865064, 0.0 ], [ 120.918458305210606, 13.5060716615899, 0.0 ], [ 120.918410221807889, 13.506061579111005, 0.0 ], [ 120.918333523353695, 13.506045496414311, 0.0 ], [ 120.918220625483073, 13.506010609509381, 0.0 ], [ 120.91814646900913, 13.505961265196559, 0.0 ], [ 120.91814635056835, 13.505961186384923, 0.0 ], [ 120.918092872629501, 13.505885598057333, 0.0 ], [ 120.918018597714749, 13.505873969081335, 0.0 ], [ 120.917941351803051, 13.505897227032062, 0.0 ], [ 120.91782845393243, 13.505876876325376, 0.0 ], [ 120.917786859980339, 13.505932113954215, 0.0 ], [ 120.917771178498583, 13.505913978977011, 0.0 ], [ 120.917754179017606, 13.505894319788579, 0.0 ], [ 120.917753567099339, 13.505881146461965, 0.0 ], [ 120.917751208021073, 13.505830360417628, 0.0 ], [ 120.917748237024412, 13.505783844500989, 0.0 ], [ 120.917718527058611, 13.505734421328786, 0.0 ], [ 120.917662078123271, 13.505705348869828, 0.0 ], [ 120.917629397160795, 13.5056326677069, 0.0 ], [ 120.917608600184622, 13.505539635785512, 0.0 ], [ 120.917644252143646, 13.505437882079784, 0.0 ], [ 120.917682875099672, 13.505379737084999, 0.0 ], [ 120.917651976735087, 13.505329732378152, 0.0 ], [ 120.91757017384748, 13.505296892287344, 0.0 ], [ 120.917512934094574, 13.505273913158151, 0.0 ], [ 120.917422056178253, 13.50522001736136, 0.0 ], [ 120.917395282628931, 13.505204139114387, 0.0 ], [ 120.917373776143691, 13.505200361798495, 0.0 ], [ 120.917256239988419, 13.505179718194317, 0.0 ], [ 120.917228500893899, 13.5052163035001, 0.0 ], [ 120.917174240482282, 13.505287867964347, 0.0 ], [ 120.917120762543732, 13.505392528984975, 0.0 ], [ 120.917120762543732, 13.505427415981741, 0.0 ], [ 120.917096667806618, 13.50540531184067, 0.0 ], [ 120.91707816102749, 13.505388334004991, 0.0 ], [ 120.917063719409057, 13.505375085485007, 0.0 ], [ 120.917003111078643, 13.505329732378131, 0.0 ], [ 120.916985285099045, 13.505333221079198, 0.0 ], [ 120.91716354489472, 13.505758842191446, 0.0 ], [ 120.916931807160154, 13.50583908215099, 0.0 ], [ 120.916767395832167, 13.505465417218202, 0.0 ], [ 120.916710765013605, 13.505336709779726, 0.0 ], [ 120.916708668464835, 13.505327990627727, 0.0 ], [ 120.91669650422989, 13.505277401859757, 0.0 ], [ 120.91664302629124, 13.505221582627298, 0.0 ], [ 120.916596678744114, 13.505190184302968, 0.0 ], [ 120.916546766001375, 13.505151808568046, 0.0 ], [ 120.916479027279166, 13.505109944122294, 0.0 ], [ 120.916407723360848, 13.505095989305573, 0.0 ], [ 120.916340307127712, 13.505086993422278, 0.0 ], [ 120.916329289050736, 13.50508552319228, 0.0 ], [ 120.916258315419924, 13.505099992127505, 0.0 ], [ 120.916243724349101, 13.505102966714132, 0.0 ], [ 120.916159627011325, 13.505082730747807, 0.0 ], [ 120.916159104337439, 13.505082604979076, 0.0 ], [ 120.916026247398008, 13.505050636145235, 0.0 ], [ 120.915872943973696, 13.505106455418398, 0.0 ], [ 120.915765988096268, 13.505075057078951, 0.0 ], [ 120.915676858198466, 13.505061102260036, 0.0 ], [ 120.915555641537253, 13.505071568374046, 0.0 ], [ 120.915095731264387, 13.505263447052663, 0.0 ], [ 120.915024427345898, 13.505291356665593, 0.0 ], [ 120.914717820497344, 13.505549520428854, 0.0 ], [ 120.91448964795903, 13.505901878622137, 0.0 ], [ 120.914450876143761, 13.506012084840862, 0.0 ], [ 120.914389822473353, 13.506185625430772, 0.0 ], [ 120.914347040122394, 13.506380991887639, 0.0 ], [ 120.914370808094986, 13.506427507686537, 0.0 ], [ 120.91440955466966, 13.506379252164431, 0.0 ], [ 120.914423097635265, 13.506362385565144, 0.0 ], [ 120.914437615445649, 13.506358207255838, 0.0 ], [ 120.914478746832287, 13.506346369404802, 0.0 ], [ 120.914503908742873, 13.506339127660363, 0.0 ], [ 120.914523967636242, 13.506374022633686, 0.0 ], [ 120.914524551913601, 13.506375039057406, 0.0 ], [ 120.914541624596723, 13.506404739138738, 0.0 ], [ 120.914546691093847, 13.506413552947619, 0.0 ], [ 120.914522923121041, 13.506483326633255, 0.0 ], [ 120.914503908742873, 13.506543797144012, 0.0 ], [ 120.914543402156369, 13.506550823660966, 0.0 ], [ 120.914556198282625, 13.506553100298323, 0.0 ], [ 120.914670284552017, 13.506553100298367, 0.0 ], [ 120.914687597930765, 13.506566512567385, 0.0 ], [ 120.914691650443061, 13.506569651953658, 0.0 ], [ 120.914784370821167, 13.506641480243857, 0.0 ], [ 120.914841413955997, 13.50672986015651, 0.0 ], [ 120.914855674739357, 13.506841497893722, 0.0 ], [ 120.914850921144989, 13.506920574592035, 0.0 ], [ 120.914817950304496, 13.506964569857599, 0.0 ], [ 120.914798631604754, 13.506990348127454, 0.0 ], [ 120.914732081280931, 13.507022909103588, 0.0 ], [ 120.914684545335831, 13.507060121642224, 0.0 ], [ 120.914888949901638, 13.507129895136165, 0.0 ], [ 120.915079093683659, 13.507171759222626, 0.0 ], [ 120.915390740863145, 13.507328594752284, 0.0 ], [ 120.915411845302046, 13.507339215494216, 0.0 ], [ 120.915568713922312, 13.507571793451813, 0.0 ], [ 120.915563960327844, 13.507841583594621, 0.0 ], [ 120.915530685165891, 13.507953220804684, 0.0 ], [ 120.915511670787723, 13.508078812602964, 0.0 ], [ 120.915407091707721, 13.508334647540154, 0.0 ], [ 120.915331034194779, 13.508469542213216, 0.0 ], [ 120.915202687141914, 13.508706770589205, 0.0 ], [ 120.915131124708068, 13.508853491641903, 0.0 ], [ 120.915102861656493, 13.508911438015272, 0.0 ], [ 120.915110337497694, 13.509038236961048, 0.0 ], [ 120.915117122439966, 13.509153317471661, 0.0 ], [ 120.915147072944009, 13.509249613210349, 0.0 ], [ 120.915148548369572, 13.509254356942863, 0.0 ], [ 120.915167236517277, 13.50931444236234, 0.0 ], [ 120.915183672763547, 13.509367287552957, 0.0 ], [ 120.915264483870942, 13.509534742263323, 0.0 ], [ 120.915435613275008, 13.509585908956822, 0.0 ], [ 120.915535438760358, 13.5097114998843, 0.0 ], [ 120.915598538231961, 13.50976674492324, 0.0 ], [ 120.915599432415547, 13.509767527801403, 0.0 ], [ 120.915625757056887, 13.509790575619096, 0.0 ], [ 120.915711321758977, 13.509902211905226, 0.0 ], [ 120.915801640055179, 13.510078969250355, 0.0 ], [ 120.915869525999256, 13.510222896618354, 0.0 ], [ 120.915887204757496, 13.510260377966535, 0.0 ], [ 120.915887204758548, 13.51034618861862, 0.0 ], [ 120.915887204757496, 13.510483650040559, 0.0 ], [ 120.9158063936502, 13.510660406949052, 0.0 ], [ 120.915668539407875, 13.510762739835583, 0.0 ], [ 120.915597235489372, 13.510920890572567, 0.0 ], [ 120.915640017840715, 13.511060435252324, 0.0 ], [ 120.91570760092894, 13.51116955206677, 0.0 ], [ 120.915709217596131, 13.511172162268807, 0.0 ], [ 120.915735089731712, 13.511213934304418, 0.0 ], [ 120.915740511020317, 13.511263446098006, 0.0 ], [ 120.915746591010702, 13.511318973715669, 0.0 ], [ 120.915749350515284, 13.511344175846224, 0.0 ], [ 120.915728878654477, 13.511402602803191, 0.0 ], [ 120.91569912295256, 13.511487525947071, 0.0 ], [ 120.915692307380482, 13.511506977671729, 0.0 ], [ 120.915694847286773, 13.511526860422814, 0.0 ], [ 120.91569775486721, 13.511549621381803, 0.0 ], [ 120.915697948967946, 13.511551140831802, 0.0 ], [ 120.915701148250264, 13.51157618527122, 0.0 ], [ 120.915706114081331, 13.511615058508848, 0.0 ], [ 120.915711321759005, 13.511655824956636, 0.0 ], [ 120.91565286567301, 13.511727325335064, 0.0 ], [ 120.915635264246035, 13.511748854462002, 0.0 ], [ 120.915620583394457, 13.511774486952628, 0.0 ], [ 120.915589554025374, 13.511828663641506, 0.0 ], [ 120.915533440030487, 13.511926637589395, 0.0 ], [ 120.915404061735686, 13.512152529483039, 0.0 ], [ 120.915392830923906, 13.512172138247227, 0.0 ], [ 120.915370396437993, 13.512141742485108, 0.0 ], [ 120.915331034194779, 13.512088411844578, 0.0 ], [ 120.915303369037247, 13.512085227045819, 0.0 ], [ 120.915250223087241, 13.512079108909242, 0.0 ], [ 120.915083847277742, 13.512097714779657, 0.0 ], [ 120.915058074959575, 13.512103023963665, 0.0 ], [ 120.915054319568739, 13.51210379758699, 0.0 ], [ 120.914993528981441, 13.512116320648731, 0.0 ], [ 120.914971124051476, 13.512157731850445, 0.0 ], [ 120.914969948727617, 13.512159904209984, 0.0 ], [ 120.914950746630439, 13.512195395576112, 0.0 ], [ 120.915022050548927, 13.512269819012793, 0.0 ], [ 120.91500303617056, 13.512320985111517, 0.0 ], [ 120.914803385199434, 13.512381454123503, 0.0 ], [ 120.914736834875612, 13.512414014354148, 0.0 ], [ 120.914660777362997, 13.512376802661556, 0.0 ], [ 120.914522923121012, 13.512288424867901, 0.0 ], [ 120.914328025744226, 13.512214001437322, 0.0 ], [ 120.914251968231369, 13.512167486781228, 0.0 ], [ 120.914180664313122, 13.512181441179004, 0.0 ], [ 120.914052317260257, 13.512111669181602, 0.0 ], [ 120.91389544863992, 13.512051200100485, 0.0 ], [ 120.913881208843904, 13.512039920301678, 0.0 ], [ 120.913795623154328, 13.511972125124894, 0.0 ], [ 120.913776608776288, 13.511907004536866, 0.0 ], [ 120.913805130343476, 13.511846535403143, 0.0 ], [ 120.913790694656001, 13.511812634047336, 0.0 ], [ 120.913781362370614, 13.511790717727374, 0.0 ], [ 120.913733826424959, 13.511762808884681, 0.0 ], [ 120.913710278309622, 13.511774330002595, 0.0 ], [ 120.913676783290541, 13.511790717727379, 0.0 ], [ 120.913614986561342, 13.511716294139388, 0.0 ], [ 120.913500900291993, 13.511544189502002, 0.0 ], [ 120.913286988537379, 13.511362781774752, 0.0 ], [ 120.913231769405343, 13.511333063643672, 0.0 ], [ 120.913191916646369, 13.511311615467429, 0.0 ], [ 120.913020787242075, 13.511404645108888, 0.0 ], [ 120.912911454567393, 13.511460462875974, 0.0 ], [ 120.912825889865744, 13.511372084738657, 0.0 ], [ 120.912607224516137, 13.511455811395866, 0.0 ], [ 120.912412327139805, 13.511544189502009, 0.0 ], [ 120.912341023221188, 13.511237191727925, 0.0 ], [ 120.912279731729313, 13.511140565455104, 0.0 ], [ 120.912255458519212, 13.511102298640155, 0.0 ], [ 120.912255458519212, 13.510967405475046, 0.0 ], [ 120.91224595133032, 13.510902284609021, 0.0 ], [ 120.912240863645948, 13.510892327797825, 0.0 ], [ 120.912165140222896, 13.510744133859598, 0.0 ], [ 120.912146125844743, 13.510725527882096, 0.0 ], [ 120.912046300359066, 13.510637149468664, 0.0 ], [ 120.911585201687799, 13.510181302389489, 0.0 ], [ 120.911328507581501, 13.509999893612425, 0.0 ], [ 120.910910191260896, 13.50981848469555, 0.0 ], [ 120.910825303767083, 13.509797932703982, 0.0 ], [ 120.910824669853355, 13.509797779227604, 0.0 ], [ 120.910449092589488, 13.509706848369595, 0.0 ], [ 120.909987993917881, 13.5097394089702, 0.0 ], [ 120.90978408655927, 13.50981020944076, 0.0 ], [ 120.909701509224405, 13.509838881829143, 0.0 ], [ 120.909545909624427, 13.509892908883435, 0.0 ], [ 120.909179882844015, 13.510088272264754, 0.0 ], [ 120.909082187054551, 13.510156906495629, 0.0 ], [ 120.908890210651421, 13.510291775633165, 0.0 ], [ 120.908809102469036, 13.510348756520894, 0.0 ], [ 120.908728291361399, 13.510506907536254, 0.0 ], [ 120.908726897075553, 13.510561481233502, 0.0 ], [ 120.908723537767059, 13.510692967417887, 0.0 ], [ 120.908676001821533, 13.510906936100147, 0.0 ], [ 120.908585683524848, 13.511046480788266, 0.0 ], [ 120.908504872417566, 13.511172070936652, 0.0 ], [ 120.908493503048234, 13.511187169355386, 0.0 ], [ 120.908474469770582, 13.511212445372408, 0.0 ], [ 120.908446151696978, 13.511250051512105, 0.0 ], [ 120.908438322093716, 13.511260449149191, 0.0 ], [ 120.908355368681541, 13.511422792121479, 0.0 ], [ 120.908352757391754, 13.511427902513391, 0.0 ], [ 120.908341387414225, 13.511419955560109, 0.0 ], [ 120.90831896555801, 13.511404283985108, 0.0 ], [ 120.908286207068059, 13.511381387701828, 0.0 ], [ 120.908262439095225, 13.51127905508428, 0.0 ], [ 120.908091309691486, 13.511213934304399, 0.0 ], [ 120.908006034526224, 13.511118586946624, 0.0 ], [ 120.907975870574873, 13.511084860204161, 0.0 ], [ 120.907838967051703, 13.510995551628024, 0.0 ], [ 120.907772857100198, 13.510960718588246, 0.0 ], [ 120.907771985298027, 13.510960259239425, 0.0 ], [ 120.907740092284811, 13.510943454942998, 0.0 ], [ 120.907732486533618, 13.510831819150278, 0.0 ], [ 120.907489102492491, 13.510772280039014, 0.0 ], [ 120.907344593218113, 13.510883915860175, 0.0 ], [ 120.907153054182459, 13.510961090828312, 0.0 ], [ 120.907085997674699, 13.510988109245124, 0.0 ], [ 120.90695732972857, 13.510853407189355, 0.0 ], [ 120.906956232113757, 13.51085305822375, 0.0 ], [ 120.906871500881394, 13.510826119538983, 0.0 ], [ 120.906774564000656, 13.510795300290178, 0.0 ], [ 120.906841114324152, 13.510758088341971, 0.0 ], [ 120.906784071189449, 13.510627846476005, 0.0 ], [ 120.906750277199322, 13.510546148642815, 0.0 ], [ 120.906703260082168, 13.510432483542347, 0.0 ], [ 120.90656065224573, 13.510232468942283, 0.0 ], [ 120.906441812381914, 13.510069666235273, 0.0 ], [ 120.906332479707089, 13.509902211905223, 0.0 ], [ 120.906080539195955, 13.509534742263309, 0.0 ], [ 120.905976482873257, 13.509366655603007, 0.0 ], [ 120.905974053883241, 13.50936273194767, 0.0 ], [ 120.905481586282136, 13.508567224514792, 0.0 ], [ 120.904768547099479, 13.507488065413437, 0.0 ], [ 120.904373998751467, 13.506906619882448, 0.0 ], [ 120.903960436025386, 13.506464720319123, 0.0 ], [ 120.903613423623142, 13.506050729449797, 0.0 ], [ 120.903171339330029, 13.505650692637589, 0.0 ], [ 120.90267696549644, 13.505278564760268, 0.0 ], [ 120.902125548528375, 13.505013423289382, 0.0 ], [ 120.901388741372571, 13.504762236357315, 0.0 ], [ 120.901341194612314, 13.504754062752898, 0.0 ], [ 120.901124811110193, 13.504716864961436, 0.0 ], [ 120.901036975375874, 13.504701765388994, 0.0 ], [ 120.900535946510345, 13.504787566499365, 0.0 ], [ 120.90011763018957, 13.504657321331837, 0.0 ], [ 120.899813400138115, 13.504471256682272, 0.0 ], [ 120.899724605840788, 13.504400432722425, 0.0 ], [ 120.899658188783405, 13.504347457252742, 0.0 ], [ 120.899651454907158, 13.504342086187537, 0.0 ], [ 120.899598945612638, 13.504300203790923, 0.0 ], [ 120.899571614143269, 13.50413621497643, 0.0 ], [ 120.899571557962403, 13.504135877891944, 0.0 ], [ 120.899570392080477, 13.504128882598552, 0.0 ], [ 120.89948473148425, 13.504037511296033, 0.0 ], [ 120.899357055061515, 13.503875848816001, 0.0 ], [ 120.898944401762279, 13.503413170770392, 0.0 ], [ 120.898944127166274, 13.50341286288513, 0.0 ], [ 120.898930792961906, 13.503397912177626, 0.0 ], [ 120.89881884025921, 13.503296920266814, 0.0 ], [ 120.898818649556119, 13.50329674823481, 0.0 ], [ 120.89877380509121, 13.503256294257373, 0.0 ], [ 120.898773589406346, 13.503256099689295, 0.0 ], [ 120.898752045204219, 13.503236664760284, 0.0 ], [ 120.898695250986179, 13.503185430927793, 0.0 ], [ 120.898687126235458, 13.503178101620676, 0.0 ], [ 120.898114161944591, 13.5026612310503, 0.0 ], [ 120.897371770110908, 13.501930260629264, 0.0 ], [ 120.897072794425526, 13.501664763726575, 0.0 ], [ 120.896857761872411, 13.501429783029268, 0.0 ], [ 120.896849320654155, 13.501420558724224, 0.0 ], [ 120.896281025185885, 13.500799540759326, 0.0 ], [ 120.895361601453388, 13.499805877843313, 0.0 ], [ 120.89366922072611, 13.498752798132921, 0.0 ], [ 120.893231890027323, 13.498562077086167, 0.0 ], [ 120.892875370435718, 13.498562077086147, 0.0 ], [ 120.892304939089613, 13.498576032289957, 0.0 ], [ 120.891777290094183, 13.498576032289936, 0.0 ], [ 120.891049990127627, 13.498659763495318, 0.0 ], [ 120.890628108611281, 13.498767916258162, 0.0 ], [ 120.890253763040405, 13.498855136191809, 0.0 ], [ 120.889701157673343, 13.498901653476606, 0.0 ], [ 120.889231740211372, 13.498878394835419, 0.0 ], [ 120.888916814572312, 13.498942356093554, 0.0 ], [ 120.888696960824518, 13.498953985411154, 0.0 ], [ 120.88844739711044, 13.498895838816757, 0.0 ], [ 120.888168123430546, 13.498855136191841, 0.0 ], [ 120.887895584009129, 13.498819085290013, 0.0 ], [ 120.887287123906745, 13.498977244045079, 0.0 ], [ 120.88677373569476, 13.499163313032874, 0.0 ], [ 120.886583031202008, 13.499282906333971, 0.0 ], [ 120.886386523892739, 13.499400799912111, 0.0 ], [ 120.886131379897051, 13.499518198905903, 0.0 ], [ 120.885990042755267, 13.499564413633953, 0.0 ], [ 120.885817725486717, 13.499620758173474, 0.0 ], [ 120.885435745809332, 13.499713176712115, 0.0 ], [ 120.885127019469905, 13.49981099459905, 0.0 ], [ 120.884802959699869, 13.499985194734563, 0.0 ], [ 120.884714246455715, 13.500070522254358, 0.0 ], [ 120.884707590469134, 13.500271310176345, 0.0 ], [ 120.884613232237726, 13.500442666037218, 0.0 ], [ 120.88448024624914, 13.500561093853056, 0.0 ], [ 120.884450464360825, 13.500613444536453, 0.0 ], [ 120.884464533581209, 13.500680511283631, 0.0 ], [ 120.884424936740174, 13.500737561132553, 0.0 ], [ 120.884395281238085, 13.500775566867704, 0.0 ], [ 120.884385803439045, 13.500742012874312, 0.0 ], [ 120.884361666459768, 13.500708335165493, 0.0 ], [ 120.884326829557509, 13.500779771168368, 0.0 ], [ 120.884326365983384, 13.500832369263888, 0.0 ], [ 120.884233102999829, 13.500879402138878, 0.0 ], [ 120.884115492289666, 13.500916665465692, 0.0 ], [ 120.88401759574117, 13.500934967140735, 0.0 ], [ 120.883924712036233, 13.500938965092011, 0.0 ], [ 120.883861399633929, 13.500914520643805, 0.0 ], [ 120.883818180825088, 13.500828079816497, 0.0 ], [ 120.883784397600039, 13.500779974633183, 0.0 ], [ 120.883687006972323, 13.500740896466541, 0.0 ], [ 120.883570028657132, 13.500706434893747, 0.0 ], [ 120.883355406899113, 13.5006615848426, 0.0 ], [ 120.883141291239994, 13.500559354921522, 0.0 ], [ 120.883083118430363, 13.500506261716524, 0.0 ], [ 120.883044153845731, 13.500491586686074, 0.0 ], [ 120.88285337396249, 13.500513885532229, 0.0 ], [ 120.882633697512446, 13.50048812019943, 0.0 ], [ 120.882468699287088, 13.500357612642482, 0.0 ], [ 120.88231819165587, 13.500246355389448, 0.0 ], [ 120.882172486178092, 13.500144702622922, 0.0 ], [ 120.882060858886106, 13.500057683676761, 0.0 ], [ 120.881928842426547, 13.500066132315704, 0.0 ], [ 120.881797501023712, 13.499998074683951, 0.0 ], [ 120.881631828532818, 13.49994407288059, 0.0 ], [ 120.881549055614187, 13.499909899486523, 0.0 ], [ 120.881446737250826, 13.499875560897475, 0.0 ], [ 120.881134262953651, 13.499844228139164, 0.0 ], [ 120.880924444668267, 13.499808980751274, 0.0 ], [ 120.880739395977926, 13.499735686656052, 0.0 ], [ 120.880602704464181, 13.499720185139498, 0.0 ], [ 120.880285977575483, 13.499617085564783, 0.0 ], [ 120.87996542029623, 13.499394403507798, 0.0 ], [ 120.879893391792166, 13.499250334735393, 0.0 ], [ 120.879660071685421, 13.499109683896178, 0.0 ], [ 120.877743643888053, 13.498098816185902, 0.0 ], [ 120.877543685201445, 13.498054085729802, 0.0 ], [ 120.877270305036163, 13.498023079476916, 0.0 ], [ 120.877031002358194, 13.498006707422135, 0.0 ], [ 120.876869838505854, 13.497995778802727, 0.0 ], [ 120.876738161710819, 13.497965971867284, 0.0 ], [ 120.876645702324595, 13.497922151049179, 0.0 ], [ 120.87649435349806, 13.497906523338154, 0.0 ], [ 120.876406315298482, 13.497915341662006, 0.0 ], [ 120.876405723217246, 13.497982284363331, 0.0 ], [ 120.876375770951881, 13.498053760369785, 0.0 ], [ 120.876220043317304, 13.497980711645733, 0.0 ], [ 120.876103237086909, 13.49792712045328, 0.0 ], [ 120.875986388615502, 13.497878310834341, 0.0 ], [ 120.875898435037925, 13.497877565738467, 0.0 ], [ 120.87583996853256, 13.497857942511471, 0.0 ], [ 120.875786811380991, 13.497790544473245, 0.0 ], [ 120.87568441045164, 13.497765767019015, 0.0 ], [ 120.875600920168836, 13.49781287941479, 0.0 ], [ 120.875537567406496, 13.497793214722662, 0.0 ], [ 120.875528344801623, 13.497730970873498, 0.0 ], [ 120.875533823420014, 13.497664069610687, 0.0 ], [ 120.875470936102829, 13.497591807101973, 0.0 ], [ 120.875348778544094, 13.497590772008911, 0.0 ], [ 120.875290227544738, 13.49758071190662, 0.0 ], [ 120.875246843215677, 13.497513396595581, 0.0 ], [ 120.875183152055797, 13.497531984772502, 0.0 ], [ 120.875139048406723, 13.497545956950212, 0.0 ], [ 120.875085426050859, 13.497531156594226, 0.0 ], [ 120.875061502352651, 13.497473570133648, 0.0 ], [ 120.875027848385898, 13.497411119233735, 0.0 ], [ 120.874969678318621, 13.49735802450979, 0.0 ], [ 120.874940614453877, 13.497329086335247, 0.0 ], [ 120.874857885994402, 13.497290129380611, 0.0 ], [ 120.874677177758258, 13.497279033780808, 0.0 ], [ 120.874666093120908, 13.497427181052853, 0.0 ], [ 120.874660021730733, 13.497561024890343, 0.0 ], [ 120.874615706429836, 13.497598905051094, 0.0 ], [ 120.874532597004986, 13.497602982526493, 0.0 ], [ 120.874493675920917, 13.49758352469375, 0.0 ], [ 120.874449572240252, 13.497597496742715, 0.0 ], [ 120.874390894317926, 13.497601781282023, 0.0 ], [ 120.874327668750198, 13.497567771460746, 0.0 ], [ 120.874279229091925, 13.497519541058141, 0.0 ], [ 120.874240689044655, 13.497457048656482, 0.0 ], [ 120.87418239216835, 13.497418298618335, 0.0 ], [ 120.874163355000618, 13.497360753532107, 0.0 ], [ 120.874168622300999, 13.497317760426339, 0.0 ], [ 120.87419343476607, 13.497274933026498, 0.0 ], [ 120.874198744390043, 13.497227158303865, 0.0 ], [ 120.874150474155272, 13.497159801430039, 0.0 ], [ 120.874131310004628, 13.497116601188583, 0.0 ], [ 120.872530697526727, 13.495764074235915, 0.0 ], [ 120.872467599827004, 13.495715719220977, 0.0 ], [ 120.872349524778755, 13.49580557484898, 0.0 ], [ 120.872266670258682, 13.49578096200287, 0.0 ], [ 120.872159299748546, 13.495765705043603, 0.0 ], [ 120.872105550946031, 13.495765248960772, 0.0 ], [ 120.872003448064774, 13.495706998921856, 0.0 ], [ 120.871872239598702, 13.495624592008026, 0.0 ], [ 120.871824139838964, 13.495538108389558, 0.0 ], [ 120.871727092885749, 13.495460773296918, 0.0 ], [ 120.871634889864154, 13.495388261253787, 0.0 ], [ 120.871562316634012, 13.495306351857893, 0.0 ], [ 120.871504275037069, 13.495238911688011, 0.0 ], [ 120.871441516756249, 13.495152303606762, 0.0 ], [ 120.871407864039483, 13.495089852397607, 0.0 ], [ 120.871345148210395, 13.494998462695548, 0.0 ], [ 120.87130686359933, 13.494907280363311, 0.0 ], [ 120.871258637012716, 13.494835141503248, 0.0 ], [ 120.871195963682709, 13.494738970173845, 0.0 ], [ 120.871147398074072, 13.494705084152615, 0.0 ], [ 120.870454857495019, 13.494001037587156, 0.0 ], [ 120.870299601070073, 13.493875388172928, 0.0 ], [ 120.870202852098942, 13.493764581426396, 0.0 ], [ 120.869960619607482, 13.493528208076897, 0.0 ], [ 120.869126683435297, 13.492789484183975, 0.0 ], [ 120.869009881648367, 13.492735890272813, 0.0 ], [ 120.868683525683906, 13.492618350252044, 0.0 ], [ 120.868513103437976, 13.492549954617889, 0.0 ], [ 120.868342638869649, 13.492486340480093, 0.0 ], [ 120.868245467021467, 13.492423349165344, 0.0 ], [ 120.868138819946367, 13.492326803576216, 0.0 ], [ 120.868080822463781, 13.492254581250128, 0.0 ], [ 120.867993338241732, 13.492201236115951, 0.0 ], [ 120.867940311882293, 13.492119492104745, 0.0 ], [ 120.867897270094886, 13.492013923167683, 0.0 ], [ 120.867869056594387, 13.491889352440252, 0.0 ], [ 120.867816200103093, 13.491788482029214, 0.0 ], [ 120.86774877006485, 13.491677923813864, 0.0 ], [ 120.867656569748647, 13.491605410680146, 0.0 ], [ 120.867603586060682, 13.491518885034331, 0.0 ], [ 120.867482768857826, 13.491312233779292, 0.0 ], [ 120.8671971605919, 13.49100854229388, 0.0 ], [ 120.866945883354788, 13.490690796636178, 0.0 ], [ 120.86675672526917, 13.490531383592842, 0.0 ], [ 120.866576872607752, 13.490424651081135, 0.0 ], [ 120.866367915696983, 13.490293761151971, 0.0 ], [ 120.866231996046622, 13.490192184049359, 0.0 ], [ 120.866047130371726, 13.490099754444037, 0.0 ], [ 120.865857336261456, 13.490012064747658, 0.0 ], [ 120.865745465289933, 13.489953729588359, 0.0 ], [ 120.8654768138897, 13.489941879974145, 0.0 ], [ 120.865379473953567, 13.489898014161792, 0.0 ], [ 120.865243385054441, 13.489815562974576, 0.0 ], [ 120.865141838934505, 13.489695150073437, 0.0 ], [ 120.864977113466253, 13.489535943865409, 0.0 ], [ 120.864763994649721, 13.489323724248964, 0.0 ], [ 120.864481705874496, 13.489196990817556, 0.0 ], [ 120.864277297403873, 13.489104393749786, 0.0 ], [ 120.864131309679266, 13.489036203647286, 0.0 ], [ 120.864000320392051, 13.488929885582346, 0.0 ], [ 120.863913433540588, 13.48880959712176, 0.0 ], [ 120.863832113038598, 13.488612844872801, 0.0 ], [ 120.863730483104632, 13.488501994740819, 0.0 ], [ 120.863584708502785, 13.488409896469058, 0.0 ], [ 120.863497481894228, 13.488327860597856, 0.0 ], [ 120.863454272530262, 13.488241417598795, 0.0 ], [ 120.863289549201355, 13.488082210579295, 0.0 ], [ 120.863158752022997, 13.488035440749316, 0.0 ], [ 120.863273723170892, 13.489717232402846, 0.0 ], [ 120.863274558463672, 13.489729451044361, 0.0 ], [ 120.863695868618606, 13.495892379259802, 0.0 ], [ 120.863698444445262, 13.495930058683097, 0.0 ], [ 120.864142532458516, 13.502426226122799, 0.0 ], [ 120.866706353797895, 13.539930957210204, 0.0 ], [ 120.857038630544366, 13.558107713636936, 0.0 ], [ 120.853675444944656, 13.564430140324388, 0.0 ], [ 120.867530852425062, 13.565236239099093, 0.0 ], [ 120.912253061297747, 13.569402373991293, 0.0 ], [ 120.938919810868583, 13.579401572331914, 0.0 ] ], [ [ 120.951259450062651, 13.531323049204623, 0.0 ], [ 120.951221421306073, 13.531239329616797, 0.0 ], [ 120.951186724869771, 13.53123508608555, 0.0 ], [ 120.951183392549765, 13.531234678527555, 0.0 ], [ 120.951121595820624, 13.531243980705771, 0.0 ], [ 120.951083567064089, 13.53123002743842, 0.0 ], [ 120.951080037818855, 13.531221641237149, 0.0 ], [ 120.951050291902163, 13.53115095890835, 0.0 ], [ 120.950989119146968, 13.53112983408657, 0.0 ], [ 120.950969480794825, 13.531123052362043, 0.0 ], [ 120.950902096980116, 13.531109866202577, 0.0 ], [ 120.950898319933927, 13.531109127082155, 0.0 ], [ 120.950898176876677, 13.531109099087589, 0.0 ], [ 120.950898058252946, 13.531108881464361, 0.0 ], [ 120.950860148120086, 13.531039332703012, 0.0 ], [ 120.950780730010365, 13.531030190865161, 0.0 ], [ 120.950779337012833, 13.531030030516844, 0.0 ], [ 120.950708033094642, 13.530992821768411, 0.0 ], [ 120.950679511527156, 13.530955613014141, 0.0 ], [ 120.950649196180407, 13.530943748346584, 0.0 ], [ 120.950631975581643, 13.530937008634741, 0.0 ], [ 120.950582332624592, 13.530907117845839, 0.0 ], [ 120.950570178852658, 13.530899799871769, 0.0 ], [ 120.950565208715943, 13.53088812874643, 0.0 ], [ 120.95054641087971, 13.530843986715992, 0.0 ], [ 120.950555918068673, 13.530797475742727, 0.0 ], [ 120.950532150095952, 13.530769569154444, 0.0 ], [ 120.950460846177705, 13.530685849369538, 0.0 ], [ 120.950456092583124, 13.530602129554826, 0.0 ], [ 120.950532150095952, 13.530583525147621, 0.0 ], [ 120.950560671663311, 13.53056026963629, 0.0 ], [ 120.950570178852431, 13.53049515419265, 0.0 ], [ 120.950572875504321, 13.530458215053097, 0.0 ], [ 120.950572978780485, 13.530456800360476, 0.0 ], [ 120.950574932446941, 13.530430038731129, 0.0 ], [ 120.950612961203404, 13.530360272144989, 0.0 ], [ 120.950689018716247, 13.530346318825163, 0.0 ], [ 120.95076032263448, 13.530332365504783, 0.0 ], [ 120.950750815445417, 13.530290505538229, 0.0 ], [ 120.950736554661788, 13.530234692237816, 0.0 ], [ 120.950736554661759, 13.53017887892427, 0.0 ], [ 120.950712786689024, 13.53014632115187, 0.0 ], [ 120.950674757932518, 13.530118414486164, 0.0 ], [ 120.950658965315654, 13.530108113058091, 0.0 ], [ 120.950617714797986, 13.530081205593506, 0.0 ], [ 120.950565425257992, 13.530123065597326, 0.0 ], [ 120.950503628528864, 13.530141670041209, 0.0 ], [ 120.950427571015894, 13.530155623373009, 0.0 ], [ 120.950389542259344, 13.530146321151792, 0.0 ], [ 120.950384797627521, 13.530138583916179, 0.0 ], [ 120.950361020691986, 13.530099810040689, 0.0 ], [ 120.950316753801729, 13.530107685047826, 0.0 ], [ 120.950308731152077, 13.530109112263927, 0.0 ], [ 120.950304613747889, 13.530086954759669, 0.0 ], [ 120.950299223962929, 13.530057950032749, 0.0 ], [ 120.950284963179342, 13.529955625537376, 0.0 ], [ 120.950337252719251, 13.529871905462635, 0.0 ], [ 120.950413310232236, 13.529755627531742, 0.0 ], [ 120.950536903690576, 13.529732371938703, 0.0 ], [ 120.950532150096066, 13.529644000663826, 0.0 ], [ 120.950489367745078, 13.529541675988456, 0.0 ], [ 120.950486792177898, 13.529537992844464, 0.0 ], [ 120.950427571015865, 13.529453304642059, 0.0 ], [ 120.950365774286851, 13.529378886640352, 0.0 ], [ 120.950265948801146, 13.529248655080735, 0.0 ], [ 120.950185137693822, 13.529118423448962, 0.0 ], [ 120.950085312208088, 13.528937029270095, 0.0 ], [ 120.949966472344371, 13.528746332675038, 0.0 ], [ 120.949852386075193, 13.528499822213146, 0.0 ], [ 120.949766821373075, 13.528281218379531, 0.0 ], [ 120.949686010265722, 13.528011451666851, 0.0 ], [ 120.949576677591125, 13.527834707790744, 0.0 ], [ 120.949466911057073, 13.527718714618144, 0.0 ], [ 120.949462983143434, 13.527714563886221, 0.0 ], [ 120.949338997863464, 13.527583545211787, 0.0 ], [ 120.94915836127052, 13.527411452178855, 0.0 ], [ 120.949010999839459, 13.527174242656608, 0.0 ], [ 120.948835116840868, 13.526899823499152, 0.0 ], [ 120.948683001815297, 13.526588194576153, 0.0 ], [ 120.948568915545962, 13.526337030666058, 0.0 ], [ 120.948402539736648, 13.52605795934023, 0.0 ], [ 120.948288453467441, 13.525853306824057, 0.0 ], [ 120.94825951135212, 13.525810828839381, 0.0 ], [ 120.948254992618004, 13.525804196747748, 0.0 ], [ 120.948174367198234, 13.525685863723997, 0.0 ], [ 120.948099421855517, 13.525635998660741, 0.0 ], [ 120.948055527334418, 13.525606793329708, 0.0 ], [ 120.948012744983544, 13.525606793329723, 0.0 ], [ 120.94796996263257, 13.525634700530697, 0.0 ], [ 120.947927180281582, 13.525648654130038, 0.0 ], [ 120.947879644336254, 13.525630049330925, 0.0 ], [ 120.947871686502282, 13.525617813529777, 0.0 ], [ 120.947846369174087, 13.525578886125381, 0.0 ], [ 120.947822601201338, 13.525611444530091, 0.0 ], [ 120.947775065255755, 13.525578886125357, 0.0 ], [ 120.94771802212118, 13.525574234924253, 0.0 ], [ 120.9476514717974, 13.525569583723209, 0.0 ], [ 120.947613443041178, 13.525564932522022, 0.0 ], [ 120.947589675068286, 13.525518420504662, 0.0 ], [ 120.94755639990629, 13.525504466897786, 0.0 ], [ 120.947499879161001, 13.525516317603305, 0.0 ], [ 120.947489849582666, 13.525518420504593, 0.0 ], [ 120.947494603177461, 13.525560281320672, 0.0 ], [ 120.947494603177461, 13.525597490928698, 0.0 ], [ 120.947485095988341, 13.525630049330921, 0.0 ], [ 120.947451820826458, 13.525662607728473, 0.0 ], [ 120.947399531286337, 13.525681212525132, 0.0 ], [ 120.947394777691684, 13.525704468518875, 0.0 ], [ 120.947337734557337, 13.525727724510158, 0.0 ], [ 120.947313966584474, 13.52570911971724, 0.0 ], [ 120.947315335841481, 13.525697061856084, 0.0 ], [ 120.947318720178785, 13.525667258927818, 0.0 ], [ 120.947294952206036, 13.525597490928675, 0.0 ], [ 120.947290198611412, 13.525564932522025, 0.0 ], [ 120.947290198611441, 13.525518420504611, 0.0 ], [ 120.947271184233145, 13.525467257275, 0.0 ], [ 120.947261677044182, 13.525420745238304, 0.0 ], [ 120.947256923449672, 13.52536958198748, 0.0 ], [ 120.947247416260424, 13.525318418725409, 0.0 ], [ 120.947252169855062, 13.525271906659327, 0.0 ], [ 120.947247416260424, 13.525230045792007, 0.0 ], [ 120.947280691422449, 13.52518818491721, 0.0 ], [ 120.947275937827897, 13.525146324034981, 0.0 ], [ 120.947229849172643, 13.525111634819069, 0.0 ], [ 120.947214141098698, 13.525099811934856, 0.0 ], [ 120.947212274688681, 13.525098214000256, 0.0 ], [ 120.947176112342362, 13.525067253459376, 0.0 ], [ 120.947123822802098, 13.525034694979318, 0.0 ], [ 120.947128576396707, 13.52496492679256, 0.0 ], [ 120.947128576396736, 13.524937019511977, 0.0 ], [ 120.947114315613121, 13.524885856155862, 0.0 ], [ 120.947090661165817, 13.524866568660885, 0.0 ], [ 120.947085794045833, 13.524862600081352, 0.0 ], [ 120.947057767510188, 13.524843012279764, 0.0 ], [ 120.947052518883964, 13.524839344004281, 0.0 ], [ 120.947038258100235, 13.524792831843463, 0.0 ], [ 120.947004982938381, 13.524727714803017, 0.0 ], [ 120.947014490127501, 13.524690505057411, 0.0 ], [ 120.947032953316736, 13.524687924263976, 0.0 ], [ 120.947047765289298, 13.524685853838847, 0.0 ], [ 120.947090547640201, 13.524737017238394, 0.0 ], [ 120.947123822802041, 13.524797483060071, 0.0 ], [ 120.947127162183222, 13.52480168408092, 0.0 ], [ 120.947157097963952, 13.524839344004285, 0.0 ], [ 120.947189170935388, 13.524827575675211, 0.0 ], [ 120.94719512672053, 13.524825390357154, 0.0 ], [ 120.947233155476837, 13.524830041572908, 0.0 ], [ 120.947233155476837, 13.524871902511455, 0.0 ], [ 120.947218894693179, 13.524937019511972, 0.0 ], [ 120.947247416260709, 13.524978880431501, 0.0 ], [ 120.947252169855133, 13.525025392555619, 0.0 ], [ 120.947299705800674, 13.525071904670323, 0.0 ], [ 120.947333585515281, 13.525111684677492, 0.0 ], [ 120.947347241746144, 13.525127719195988, 0.0 ], [ 120.947366256124297, 13.525169580081569, 0.0 ], [ 120.947413792069852, 13.525230045792041, 0.0 ], [ 120.947421564924895, 13.525176807728931, 0.0 ], [ 120.947423299259, 13.525164928872474, 0.0 ], [ 120.947409038475243, 13.525099811934799, 0.0 ], [ 120.947404284880733, 13.525020741343532, 0.0 ], [ 120.947413792069852, 13.524950973152764, 0.0 ], [ 120.94747083520447, 13.524867251296497, 0.0 ], [ 120.947518371150082, 13.52482539035716, 0.0 ], [ 120.94759918225742, 13.524769575759672, 0.0 ], [ 120.947694254148402, 13.524741668455931, 0.0 ], [ 120.94777981885035, 13.524704458712627, 0.0 ], [ 120.947813094012218, 13.524620736768501, 0.0 ], [ 120.947851122768711, 13.524578875785288, 0.0 ], [ 120.947927180281596, 13.524560270901558, 0.0 ], [ 120.947955701848912, 13.524537014794603, 0.0 ], [ 120.948036512956165, 13.524490502574071, 0.0 ], [ 120.948098309685363, 13.524369570757527, 0.0 ], [ 120.948093556090882, 13.524248638878799, 0.0 ], [ 120.948074541712629, 13.524192824144595, 0.0 ], [ 120.948047916671271, 13.52415560744822, 0.0 ], [ 120.948041266551058, 13.524146311856001, 0.0 ], [ 120.948042587655593, 13.524142433888731, 0.0 ], [ 120.94805552733439, 13.524104450788256, 0.0 ], [ 120.948126831252679, 13.524071892175021, 0.0 ], [ 120.94822665673837, 13.524057938482123, 0.0 ], [ 120.948274192683826, 13.524034682325697, 0.0 ], [ 120.948830158683251, 13.523325037278306, 0.0 ], [ 120.948831095844525, 13.523323841063531, 0.0 ], [ 120.949003030947821, 13.523104378750102, 0.0 ], [ 120.949162751724714, 13.522970422714149, 0.0 ], [ 120.949191273292101, 13.522825303588984, 0.0 ], [ 120.949094299963164, 13.522786233040225, 0.0 ], [ 120.949105708590082, 13.522680184374584, 0.0 ], [ 120.949196977605467, 13.522696928903871, 0.0 ], [ 120.949200129756548, 13.522696454398091, 0.0 ], [ 120.949271133680526, 13.522685765884574, 0.0 ], [ 120.94933701159303, 13.522707252444597, 0.0 ], [ 120.949349616891482, 13.522711351348066, 0.0 ], [ 120.949373811322857, 13.522719254941052, 0.0 ], [ 120.949381088090803, 13.522756042174224, 0.0 ], [ 120.949408037203696, 13.522892281658105, 0.0 ], [ 120.949503947919538, 13.522880550935289, 0.0 ], [ 120.949636209742252, 13.522864374131636, 0.0 ], [ 120.949696764836375, 13.522874954743582, 0.0 ], [ 120.949795930519173, 13.522892281658077, 0.0 ], [ 120.949892903848053, 13.522802977561923, 0.0 ], [ 120.949954999180818, 13.522802977564266, 0.0 ], [ 120.950012694430711, 13.522802977561886, 0.0 ], [ 120.950172415207703, 13.522886700153034, 0.0 ], [ 120.950210732421283, 13.52292289959292, 0.0 ], [ 120.950251255748071, 13.522961183209851, 0.0 ], [ 120.950337840298062, 13.523042982243052, 0.0 ], [ 120.950382272873611, 13.523095909486848, 0.0 ], [ 120.95046903950778, 13.523199264229568, 0.0 ], [ 120.950457630880834, 13.523216008721885, 0.0 ], [ 120.950534087782827, 13.523180572048162, 0.0 ], [ 120.950566012836703, 13.523165775241248, 0.0 ], [ 120.950627752279161, 13.523238267445102, 0.0 ], [ 120.950651577538537, 13.523266242191925, 0.0 ], [ 120.950771368121366, 13.523282986679471, 0.0 ], [ 120.95101665360022, 13.523204845727092, 0.0 ], [ 120.951490111617517, 13.52290902617224, 0.0 ], [ 120.951746805723417, 13.522691347394254, 0.0 ], [ 120.951963569635041, 13.522378782642919, 0.0 ], [ 120.952083360217685, 13.522378782642932, 0.0 ], [ 120.952123327865777, 13.522331295269831, 0.0 ], [ 120.952126468018633, 13.522327564310746, 0.0 ], [ 120.952243080994705, 13.522189010984057, 0.0 ], [ 120.952383453653567, 13.522200959992576, 0.0 ], [ 120.952585339802425, 13.522110869668335, 0.0 ], [ 120.952733651952542, 13.521954586958895, 0.0 ], [ 120.952781172433603, 13.521843708051572, 0.0 ], [ 120.952807808027387, 13.521781559552505, 0.0 ], [ 120.952910485670017, 13.521692255034736, 0.0 ], [ 120.952945427976758, 13.521679946562566, 0.0 ], [ 120.953053093506441, 13.52164202122867, 0.0 ], [ 120.953252744477609, 13.521580624340123, 0.0 ], [ 120.953475212702529, 13.521558298194803, 0.0 ], [ 120.953726202494934, 13.521496901284142, 0.0 ], [ 120.953852170896411, 13.52151803108705, 0.0 ], [ 120.953892534019488, 13.521524801548287, 0.0 ], [ 120.95392585346616, 13.521530390510163, 0.0 ], [ 120.954103023831564, 13.521596247612431, 0.0 ], [ 120.954482917608672, 13.521514607581542, 0.0 ], [ 120.954650301275905, 13.521446667436473, 0.0 ], [ 120.954715274005423, 13.521358309630783, 0.0 ], [ 120.954734595148921, 13.521332034388532, 0.0 ], [ 120.954869215985028, 13.521347981626789, 0.0 ], [ 120.95490129106841, 13.521351781250331, 0.0 ], [ 120.955072420472234, 13.521323873541236, 0.0 ], [ 120.955184603348414, 13.521177191753345, 0.0 ], [ 120.955193329588923, 13.521165781974146, 0.0 ], [ 120.955222183055113, 13.52112805536445, 0.0 ], [ 120.95534622751849, 13.521139682578125, 0.0 ], [ 120.955500243981874, 13.521139682578111, 0.0 ], [ 120.955561732993445, 13.520986006894683, 0.0 ], [ 120.955731822736055, 13.520914850944287, 0.0 ], [ 120.955837178763588, 13.520870775916581, 0.0 ], [ 120.955839666876514, 13.520868544230574, 0.0 ], [ 120.955882813271273, 13.520829844525174, 0.0 ], [ 120.955974082286659, 13.52080007623584, 0.0 ], [ 120.956076759929076, 13.520762865869093, 0.0 ], [ 120.956122394436761, 13.520751702757938, 0.0 ], [ 120.956221269203439, 13.520770307942946, 0.0 ], [ 120.956240283581593, 13.520751702757918, 0.0 ], [ 120.956221269203468, 13.520707050307825, 0.0 ], [ 120.956236480705982, 13.520647513694778, 0.0 ], [ 120.956274509462347, 13.520617745382435, 0.0 ], [ 120.956289720964975, 13.52060286122485, 0.0 ], [ 120.956233844626652, 13.520529962673612, 0.0 ], [ 120.956232677830258, 13.520528440423158, 0.0 ], [ 120.956232677830286, 13.520527974515858, 0.0 ], [ 120.956232677830243, 13.520450298555724, 0.0 ], [ 120.956255495084108, 13.520353551446039, 0.0 ], [ 120.956263100835557, 13.52030145683203, 0.0 ], [ 120.956316341094436, 13.520264246386461, 0.0 ], [ 120.956346764099564, 13.5202605253415, 0.0 ], [ 120.956377187104735, 13.520193546523574, 0.0 ], [ 120.956445638866157, 13.520152615014116, 0.0 ], [ 120.95659775389197, 13.520171220246528, 0.0 ], [ 120.956673811404841, 13.520204709661177, 0.0 ], [ 120.956734657415041, 13.520241920116218, 0.0 ], [ 120.95681832067919, 13.52007819406988, 0.0 ], [ 120.956943815575443, 13.519921910010394, 0.0 ], [ 120.956952225308015, 13.519899728088435, 0.0 ], [ 120.957031281715203, 13.519691204780566, 0.0 ], [ 120.957118747854878, 13.519508873067815, 0.0 ], [ 120.957168185238174, 13.519200025150402, 0.0 ], [ 120.957183396740703, 13.519028856250523, 0.0 ], [ 120.957164382362478, 13.518831639755067, 0.0 ], [ 120.95716438236245, 13.518645586305807, 0.0 ], [ 120.957149170859907, 13.518437206268189, 0.0 ], [ 120.957156776611257, 13.518236268200038, 0.0 ], [ 120.957156776611285, 13.518079982917371, 0.0 ], [ 120.957187199616271, 13.517938581857596, 0.0 ], [ 120.957191002491996, 13.517867881296086, 0.0 ], [ 120.957271690013499, 13.517786461950287, 0.0 ], [ 120.95731269451278, 13.517745085533143, 0.0 ], [ 120.957437640110186, 13.517696182206487, 0.0 ], [ 120.957464809538138, 13.517685548170524, 0.0 ], [ 120.957561810987556, 13.517653909769765, 0.0 ], [ 120.957567487180626, 13.517652058397429, 0.0 ], [ 120.957715243571201, 13.517625160063726, 0.0 ], [ 120.957731010833143, 13.517622289706337, 0.0 ], [ 120.95787171723191, 13.517581357749828, 0.0 ], [ 120.957943971869156, 13.517555310137469, 0.0 ], [ 120.958023832257652, 13.517473446193886, 0.0 ], [ 120.958064401594427, 13.51738743637997, 0.0 ], [ 120.958115101273009, 13.517283670579015, 0.0 ], [ 120.958152221197778, 13.517122852121874, 0.0 ], [ 120.958161836504161, 13.517082144414923, 0.0 ], [ 120.958189684917897, 13.516972146241624, 0.0 ], [ 120.958232990417997, 13.516796207023836, 0.0 ], [ 120.958274822050029, 13.51672178501823, 0.0 ], [ 120.958354682438497, 13.516636199682621, 0.0 ], [ 120.958457360080814, 13.516569219833073, 0.0 ], [ 120.958475939486476, 13.516554536074029, 0.0 ], [ 120.95855623484745, 13.516491076651103, 0.0 ], [ 120.958639898111585, 13.51646875002305, 0.0 ], [ 120.958719758500081, 13.51647991333739, 0.0 ], [ 120.958795816012909, 13.516539451005052, 0.0 ], [ 120.958877452289087, 13.516535131574937, 0.0 ], [ 120.958985959795157, 13.51653200879737, 0.0 ], [ 120.959048903570348, 13.516579912374919, 0.0 ], [ 120.959054411556636, 13.516584104245704, 0.0 ], [ 120.959081926977561, 13.516611028005936, 0.0 ], [ 120.959141877696553, 13.516669689600302, 0.0 ], [ 120.959157895119034, 13.51680952915696, 0.0 ], [ 120.959193199370247, 13.51699912431922, 0.0 ], [ 120.959219819499836, 13.517174015789104, 0.0 ], [ 120.95925024250505, 13.517427050026189, 0.0 ], [ 120.959307285639397, 13.517646594217412, 0.0 ], [ 120.959398554654882, 13.517888464699274, 0.0 ], [ 120.959440386287042, 13.518048471189285, 0.0 ], [ 120.959540211772719, 13.518211268378305, 0.0 ], [ 120.95961151569098, 13.518318249326891, 0.0 ], [ 120.959635251423649, 13.518376312256382, 0.0 ], [ 120.959649544447288, 13.518411276199265, 0.0 ], [ 120.959746043427955, 13.518489962225239, 0.0 ], [ 120.959763630716679, 13.518504303034801, 0.0 ], [ 120.959830181040175, 13.518606632511775, 0.0 ], [ 120.959906238553444, 13.518708961943805, 0.0 ], [ 120.959958528093239, 13.518774080650315, 0.0 ], [ 120.960029832011642, 13.51883454800414, 0.0 ], [ 120.960120150307972, 13.518908969341801, 0.0 ], [ 120.96020096141558, 13.519001995980496, 0.0 ], [ 120.960196207820914, 13.519095022582539, 0.0 ], [ 120.960148671875459, 13.51921595711037, 0.0 ], [ 120.960096382335124, 13.519313634952885, 0.0 ], [ 120.960053599984221, 13.519383404815297, 0.0 ], [ 120.959991803255107, 13.519485733909859, 0.0 ], [ 120.959991803255107, 13.519569457681222, 0.0 ], [ 120.95994426730968, 13.519681089330071, 0.0 ], [ 120.959891977769431, 13.519760161716038, 0.0 ], [ 120.95979690587842, 13.519871793274369, 0.0 ], [ 120.959554472556206, 13.520146220630467, 0.0 ], [ 120.95943563269249, 13.520271805923691, 0.0 ], [ 120.959302532045058, 13.520527627610589, 0.0 ], [ 120.959145663424579, 13.520820659382951, 0.0 ], [ 120.959022069966409, 13.521113690789727, 0.0 ], [ 120.958917490886279, 13.521416024399073, 0.0 ], [ 120.958784390238776, 13.52175091655841, 0.0 ], [ 120.958656043186011, 13.522034644265164, 0.0 ], [ 120.958513435349346, 13.522327674160234, 0.0 ], [ 120.958370827512667, 13.522574191091053, 0.0 ], [ 120.958232973270739, 13.522816056507798, 0.0 ], [ 120.958085611839579, 13.523071875428174, 0.0 ], [ 120.957976279165138, 13.523304437841771, 0.0 ], [ 120.95792398962476, 13.523476533879771, 0.0 ], [ 120.957857439301037, 13.523625373594792, 0.0 ], [ 120.957824164139097, 13.523704444655058, 0.0 ], [ 120.957752860220964, 13.523843981755478, 0.0 ], [ 120.957695817086233, 13.523988170005646, 0.0 ], [ 120.957634020357318, 13.524113753248475, 0.0 ], [ 120.957602183782129, 13.524256157784341, 0.0 ], [ 120.957600745195194, 13.524262592560257, 0.0 ], [ 120.957622134622568, 13.524314914581543, 0.0 ], [ 120.957628809008042, 13.524331241213545, 0.0 ], [ 120.957629266762552, 13.524332360955368, 0.0 ], [ 120.957641335952545, 13.52437369342719, 0.0 ], [ 120.957657788329811, 13.52443003667368, 0.0 ], [ 120.957619759573618, 13.524509107463423, 0.0 ], [ 120.957591238006088, 13.52459748066765, 0.0 ], [ 120.957593163642755, 13.524613810101638, 0.0 ], [ 120.957605498789675, 13.524718412367035, 0.0 ], [ 120.957681556302546, 13.524797483059903, 0.0 ], [ 120.957685043055562, 13.524810447360627, 0.0 ], [ 120.957705324275253, 13.524885856155729, 0.0 ], [ 120.957648281140791, 13.524978880431467, 0.0 ], [ 120.957624513168298, 13.525076555881281, 0.0 ], [ 120.957600745195464, 13.525178882499576, 0.0 ], [ 120.957567470033496, 13.52527190665932, 0.0 ], [ 120.957600745195492, 13.525374233192517, 0.0 ], [ 120.957553209249781, 13.525439350054123, 0.0 ], [ 120.957448630169679, 13.525588188527204, 0.0 ], [ 120.957432255508209, 13.525623145508296, 0.0 ], [ 120.957396340629657, 13.525699817320175, 0.0 ], [ 120.95731552952212, 13.525802143667383, 0.0 ], [ 120.957196689658176, 13.525950981910819, 0.0 ], [ 120.957077849794715, 13.526150983152146, 0.0 ], [ 120.956925734768902, 13.526360286595011, 0.0 ], [ 120.956773619743103, 13.526550985125045, 0.0 ], [ 120.956650026284962, 13.526695171715694, 0.0 ], [ 120.956474143286414, 13.526806799983223, 0.0 ], [ 120.956312521071851, 13.526937032895333, 0.0 ], [ 120.956074841344048, 13.527081219249183, 0.0 ], [ 120.955922726318406, 13.527155637977961, 0.0 ], [ 120.955784872076265, 13.52724401018798, 0.0 ], [ 120.955647017834281, 13.527350987029225, 0.0 ], [ 120.955437859674134, 13.527504475455464, 0.0 ], [ 120.955361802161292, 13.527625405660185, 0.0 ], [ 120.955347541377506, 13.527685870739118, 0.0 ], [ 120.955357048566839, 13.527792847379493, 0.0 ], [ 120.955323773404658, 13.527881219349879, 0.0 ], [ 120.955271483864664, 13.527983544747956, 0.0 ], [ 120.95519542635202, 13.528090521252585, 0.0 ], [ 120.955128876028198, 13.52821145115599, 0.0 ], [ 120.955114615244483, 13.528295171822004, 0.0 ], [ 120.955114615244483, 13.528374241312312, 0.0 ], [ 120.955115471116486, 13.528376633958953, 0.0 ], [ 120.955147890406252, 13.528467264208219, 0.0 ], [ 120.955175623314759, 13.528503444474126, 0.0 ], [ 120.955190672757325, 13.528523077928247, 0.0 ], [ 120.955152644001018, 13.528550984783035, 0.0 ], [ 120.955095090645727, 13.528545353491451, 0.0 ], [ 120.955057572109808, 13.528541682498373, 0.0 ], [ 120.955008921052212, 13.528547824760471, 0.0 ], [ 120.954910210679031, 13.528560287067259, 0.0 ], [ 120.95480087800388, 13.528578891634773, 0.0 ], [ 120.954663023762222, 13.528634705327995, 0.0 ], [ 120.954501401547418, 13.528685867868681, 0.0 ], [ 120.954330272143253, 13.528783541778882, 0.0 ], [ 120.954121113983007, 13.528895169055229, 0.0 ], [ 120.953916709417527, 13.529006796278576, 0.0 ], [ 120.953750333608028, 13.529099818924191, 0.0 ], [ 120.953607725771576, 13.529257957337459, 0.0 ], [ 120.953564943420361, 13.529346328757129, 0.0 ], [ 120.953526914664053, 13.529467258014693, 0.0 ], [ 120.953560189825893, 13.529550978233367, 0.0 ], [ 120.953579204204061, 13.529602140574752, 0.0 ], [ 120.953526914664053, 13.529662605145525, 0.0 ], [ 120.953512653880367, 13.529718418581512, 0.0 ], [ 120.953479378718384, 13.529788185358047, 0.0 ], [ 120.953436596367624, 13.529764929768245, 0.0 ], [ 120.953424653933112, 13.529756166030381, 0.0 ], [ 120.953398567610975, 13.529737023057439, 0.0 ], [ 120.953384662705815, 13.529738318786761, 0.0 ], [ 120.953298742125412, 13.529746325294775, 0.0 ], [ 120.953179902261596, 13.529746325294944, 0.0 ], [ 120.953032540830492, 13.529755627531776, 0.0 ], [ 120.952866165021192, 13.52976958088648, 0.0 ], [ 120.952771093130195, 13.529797487593493, 0.0 ], [ 120.952666514050065, 13.529797487593507, 0.0 ], [ 120.952466863079039, 13.529899812157584, 0.0 ], [ 120.952267212107614, 13.530011438904035, 0.0 ], [ 120.952181647405723, 13.530081205593515, 0.0 ], [ 120.952077068325494, 13.530146321151808, 0.0 ], [ 120.951991503623617, 13.530164925593688, 0.0 ], [ 120.951920199705341, 13.530174227814205, 0.0 ], [ 120.951844142192499, 13.530230041128844, 0.0 ], [ 120.951768084679642, 13.530248645564216, 0.0 ], [ 120.951696780761154, 13.530267249998092, 0.0 ], [ 120.951634984032125, 13.530304458861112, 0.0 ], [ 120.951520897763203, 13.530388178781893, 0.0 ], [ 120.951440086655566, 13.530527711916818, 0.0 ], [ 120.951368782737092, 13.530662593868625, 0.0 ], [ 120.95135452195359, 13.530755615858951, 0.0 ], [ 120.951368782737077, 13.53078817354705, 0.0 ], [ 120.951397304304365, 13.530834684522199, 0.0 ], [ 120.951373536331758, 13.530857940006126, 0.0 ], [ 120.951345014764598, 13.530890497680007, 0.0 ], [ 120.951359275548384, 13.530941659729711, 0.0 ], [ 120.951402057899017, 13.530969566297827, 0.0 ], [ 120.95144008665558, 13.531002123956059, 0.0 ], [ 120.951501883384694, 13.531067239259423, 0.0 ], [ 120.951558926519397, 13.531118401270742, 0.0 ], [ 120.951592201681123, 13.531202120901652, 0.0 ], [ 120.951601708870371, 13.531248631794536, 0.0 ], [ 120.951611216059291, 13.531341653553422, 0.0 ], [ 120.951596955275818, 13.531416070933927, 0.0 ], [ 120.951530404951981, 13.531490488290808, 0.0 ], [ 120.951473078784531, 13.531501005154551, 0.0 ], [ 120.951468217635366, 13.531501896964217, 0.0 ], [ 120.951454347439139, 13.531504441542486, 0.0 ], [ 120.951446505554003, 13.531501883951057, 0.0 ], [ 120.951431857763495, 13.531497106647489, 0.0 ], [ 120.951426342942739, 13.531495308016101, 0.0 ], [ 120.951354521953562, 13.531471883953634, 0.0 ], [ 120.951287971629824, 13.531425373104732, 0.0 ], [ 120.951259450062651, 13.531323049204623, 0.0 ] ], [ [ 120.955188230891991, 13.528694628379771, 0.0 ], [ 120.955207266580032, 13.528687014104509, 0.0 ], [ 120.955241530818384, 13.528709856930085, 0.0 ], [ 120.955260566506595, 13.52873650689339, 0.0 ], [ 120.955260566506595, 13.528774578269459, 0.0 ], [ 120.955252952231362, 13.528801228232812, 0.0 ], [ 120.955245337955958, 13.528827878196076, 0.0 ], [ 120.955222495130684, 13.528805035370365, 0.0 ], [ 120.955207266580032, 13.528778385407172, 0.0 ], [ 120.955192038029509, 13.528751735443928, 0.0 ], [ 120.955188230891977, 13.528725085480605, 0.0 ], [ 120.955188230891991, 13.528694628379771, 0.0 ] ], [ [ 120.947313966584474, 13.523835609531842, 0.0 ], [ 120.947328227368189, 13.523863516942978, 0.0 ], [ 120.947366256124297, 13.523886773116512, 0.0 ], [ 120.947409038475257, 13.523891424350758, 0.0 ], [ 120.947418545664505, 13.5238495632378, 0.0 ], [ 120.947461328015279, 13.523891424350733, 0.0 ], [ 120.947470835204626, 13.523928634222722, 0.0 ], [ 120.947508863960806, 13.523961192855863, 0.0 ], [ 120.947532631933669, 13.523984449019798, 0.0 ], [ 120.947580167879352, 13.524003053949119, 0.0 ], [ 120.947565907095623, 13.524054217497167, 0.0 ], [ 120.947580167879323, 13.524072822421003, 0.0 ], [ 120.947594428662796, 13.52408212488241, 0.0 ], [ 120.94760393585193, 13.524086776113048, 0.0 ], [ 120.947608689446611, 13.524119334724171, 0.0 ], [ 120.947551646311808, 13.524133288413585, 0.0 ], [ 120.947518371150281, 13.524133288413417, 0.0 ], [ 120.947480342393646, 13.524147242101716, 0.0 ], [ 120.947485095988341, 13.524193754390136, 0.0 ], [ 120.947442313637339, 13.524193754390119, 0.0 ], [ 120.947385270502437, 13.524203056846568, 0.0 ], [ 120.947337734557337, 13.524184451933193, 0.0 ], [ 120.947294952206335, 13.524170498247054, 0.0 ], [ 120.947275937827996, 13.524165847018248, 0.0 ], [ 120.947242662665985, 13.524161195789191, 0.0 ], [ 120.947218894693165, 13.524137939642856, 0.0 ], [ 120.947233155476866, 13.524091427343434, 0.0 ], [ 120.947261677044125, 13.524077473651699, 0.0 ], [ 120.947261677044153, 13.524054217497186, 0.0 ], [ 120.9472569234497, 13.524026310108745, 0.0 ], [ 120.9472569234497, 13.524012356413341, 0.0 ], [ 120.947247416260709, 13.52398910025212, 0.0 ], [ 120.947218894693165, 13.52398910025209, 0.0 ], [ 120.94720463390945, 13.523961192855841, 0.0 ], [ 120.947199880315253, 13.523923982989183, 0.0 ], [ 120.947185619531282, 13.523910029287732, 0.0 ], [ 120.947180865937213, 13.523886773116491, 0.0 ], [ 120.947138083585855, 13.523877470647335, 0.0 ], [ 120.947085794045833, 13.523882121882094, 0.0 ], [ 120.947076286856714, 13.523900726819436, 0.0 ], [ 120.947066779667693, 13.523933285456291, 0.0 ], [ 120.947062026073013, 13.523951890389894, 0.0 ], [ 120.947030923450768, 13.523940478061878, 0.0 ], [ 120.947023997316492, 13.523937936689791, 0.0 ], [ 120.947026392965952, 13.523923872314167, 0.0 ], [ 120.947033504505725, 13.523882121881933, 0.0 ], [ 120.947071533262161, 13.523844912002664, 0.0 ], [ 120.947114315613362, 13.52383095829636, 0.0 ], [ 120.947157097964023, 13.523835609531863, 0.0 ], [ 120.94716185155869, 13.52378444593621, 0.0 ], [ 120.947199880315225, 13.523733282329163, 0.0 ], [ 120.9472569234497, 13.523705374902715, 0.0 ], [ 120.947275937827968, 13.523723979854097, 0.0 ], [ 120.947237909071532, 13.523742584804223, 0.0 ], [ 120.947214141098698, 13.523775143462927, 0.0 ], [ 120.9472569234497, 13.523784445936199, 0.0 ], [ 120.94728544501686, 13.523793748408931, 0.0 ], [ 120.947313966584474, 13.523835609531842, 0.0 ] ], [ [ 120.947696418599648, 13.52619333897036, 0.0 ], [ 120.947677382911593, 13.526221892502514, 0.0 ], [ 120.947644070457613, 13.526198097892529, 0.0 ], [ 120.947625034769544, 13.526169544360354, 0.0 ], [ 120.947639311535667, 13.526140990828177, 0.0 ], [ 120.947663106145669, 13.526126714062283, 0.0 ], [ 120.947686900755699, 13.526112437296186, 0.0 ], [ 120.9477106953656, 13.526117196218189, 0.0 ], [ 120.947710695365572, 13.526164785438363, 0.0 ], [ 120.947696418599648, 13.52619333897036, 0.0 ] ], [ [ 120.990901894252829, 13.519374628607457, 0.0 ], [ 120.990911412096935, 13.519368917901064, 0.0 ], [ 120.990920929941041, 13.519371773254377, 0.0 ], [ 120.99093044778499, 13.519374628607476, 0.0 ], [ 120.99094091741334, 13.519376532176306, 0.0 ], [ 120.990947579904187, 13.519382242882742, 0.0 ], [ 120.990948531688474, 13.519395567864358, 0.0 ], [ 120.99094282098234, 13.519407941061564, 0.0 ], [ 120.990925688862959, 13.519427928534055, 0.0 ], [ 120.990905701390361, 13.51942792853408, 0.0 ], [ 120.990891424624465, 13.519420314258801, 0.0 ], [ 120.990885713918033, 13.519408892846009, 0.0 ], [ 120.990884762133632, 13.519401278570742, 0.0 ], [ 120.990886665702433, 13.519390808942367, 0.0 ], [ 120.990894279977766, 13.51937938752941, 0.0 ], [ 120.990901894252829, 13.519374628607457, 0.0 ] ], [ [ 120.972958220177375, 13.503459714711532, 0.0 ], [ 120.972970117482205, 13.503459714711569, 0.0 ], [ 120.972974876404479, 13.50347399147763, 0.0 ], [ 120.972974876404493, 13.503497786087467, 0.0 ], [ 120.972953461255244, 13.503497786087468, 0.0 ], [ 120.972946322872332, 13.503483509321597, 0.0 ], [ 120.972951081794236, 13.503466853094439, 0.0 ], [ 120.972958220177375, 13.503459714711532, 0.0 ] ], [ [ 120.971065673035696, 13.500913063257366, 0.0 ], [ 120.971068718745741, 13.500918393250169, 0.0 ], [ 120.971067195890768, 13.500925246097889, 0.0 ], [ 120.97106186589815, 13.500932860372991, 0.0 ], [ 120.971051205912786, 13.500936667510683, 0.0 ], [ 120.971039784500007, 13.500934383228067, 0.0 ], [ 120.971036738789863, 13.500926007525271, 0.0 ], [ 120.971038261644935, 13.500917631822629, 0.0 ], [ 120.971046637347854, 13.500915347540005, 0.0 ], [ 120.971053490195587, 13.500915347540014, 0.0 ], [ 120.971065673035696, 13.500913063257366, 0.0 ] ], [ [ 120.971501209578392, 13.500929433949239, 0.0 ], [ 120.971516438128674, 13.500921819673987, 0.0 ], [ 120.971540803809262, 13.500923342529074, 0.0 ], [ 120.971546895229622, 13.500932479659264, 0.0 ], [ 120.971546895229622, 13.500952276774797, 0.0 ], [ 120.971546895229622, 13.500958368194976, 0.0 ], [ 120.97153775809943, 13.500964459615144, 0.0 ], [ 120.971517960983661, 13.500969028180419, 0.0 ], [ 120.971521006693806, 13.500975119600602, 0.0 ], [ 120.97153166667907, 13.500975119600596, 0.0 ], [ 120.971539280954175, 13.500982733875684, 0.0 ], [ 120.971539280954175, 13.500988825295771, 0.0 ], [ 120.97153166667907, 13.500994916716156, 0.0 ], [ 120.971514915273573, 13.500997962426155, 0.0 ], [ 120.971514915273573, 13.500996439571059, 0.0 ], [ 120.971492072448072, 13.500991871005967, 0.0 ], [ 120.971479889607735, 13.500973596745501, 0.0 ], [ 120.971489026737913, 13.500964459615158, 0.0 ], [ 120.971495118158032, 13.500959891050064, 0.0 ], [ 120.971498163868233, 13.500944662499728, 0.0 ], [ 120.971501209578392, 13.500929433949239, 0.0 ] ], [ [ 120.971522815084072, 13.500869471531814, 0.0 ], [ 120.971531952214406, 13.500861476542932, 0.0 ], [ 120.971543373627142, 13.500863760825403, 0.0 ], [ 120.971538805062139, 13.5008751822382, 0.0 ], [ 120.971529667931918, 13.500879750803447, 0.0 ], [ 120.971522815084072, 13.500869471531814, 0.0 ] ], [ [ 120.968868355414784, 13.482909524938925, 0.0 ], [ 120.968886629675254, 13.482903433518743, 0.0 ], [ 120.968903381080523, 13.482908002083859, 0.0 ], [ 120.968918609631146, 13.482915616359113, 0.0 ], [ 120.968918609631146, 13.482927799199443, 0.0 ], [ 120.968918609631146, 13.482939982039792, 0.0 ], [ 120.968907949645782, 13.482952164880102, 0.0 ], [ 120.968886629675254, 13.482952164880107, 0.0 ], [ 120.968871401124701, 13.482944550604842, 0.0 ], [ 120.96885769542952, 13.482932367764537, 0.0 ], [ 120.96885769542952, 13.48293084490945, 0.0 ], [ 120.968859218284265, 13.482915616359088, 0.0 ], [ 120.968868355414784, 13.482909524938925, 0.0 ] ], [ [ 120.990012739855942, 13.466541109130898, 0.0 ], [ 120.990029852796297, 13.466510403513508, 0.0 ], [ 120.990044113580197, 13.466515986353443, 0.0 ], [ 120.990061226520424, 13.466518777773338, 0.0 ], [ 120.99008119161752, 13.466518777773308, 0.0 ], [ 120.990098304557947, 13.466529943452622, 0.0 ], [ 120.990109713184665, 13.466538317711199, 0.0 ], [ 120.990143939065646, 13.466541109130914, 0.0 ], [ 120.990181017103168, 13.466549483389544, 0.0 ], [ 120.990203834357089, 13.46655785764797, 0.0 ], [ 120.990215242983837, 13.46657460616364, 0.0 ], [ 120.990215242983837, 13.46659693751606, 0.0 ], [ 120.990198130043623, 13.466638808796189, 0.0 ], [ 120.990149643379141, 13.466638808796191, 0.0 ], [ 120.990123973968366, 13.466641600214464, 0.0 ], [ 120.99013823475218, 13.466661140142552, 0.0 ], [ 120.990123973968366, 13.466666722978992, 0.0 ], [ 120.990092600244438, 13.46664439163294, 0.0 ], [ 120.990072635147484, 13.46663601737772, 0.0 ], [ 120.990066930833919, 13.466602520353877, 0.0 ], [ 120.990044113580197, 13.466599728934842, 0.0 ], [ 120.990018444169451, 13.466577397582627, 0.0 ], [ 120.990012739855942, 13.466541109130898, 0.0 ] ], [ [ 121.000050883288893, 13.456240782146494, 0.0 ], [ 121.000046319838262, 13.456233338036441, 0.0 ], [ 121.000026544884491, 13.456237804502814, 0.0 ], [ 121.000011333382076, 13.456224405104038, 0.0 ], [ 121.000020460283395, 13.456218449815477, 0.0 ], [ 121.000038714086486, 13.456213983349196, 0.0 ], [ 121.00006001019041, 13.456213983349206, 0.0 ], [ 121.000073700542544, 13.456213983349198, 0.0 ], [ 121.000088912045044, 13.456203561594029, 0.0 ], [ 121.000107165848135, 13.456196117482714, 0.0 ], [ 121.000125419651226, 13.456200583949585, 0.0 ], [ 121.000137588853406, 13.456202072771617, 0.0 ], [ 121.000136067702996, 13.456213983349187, 0.0 ], [ 121.000126940801479, 13.456224405104217, 0.0 ], [ 121.000114771599684, 13.456231849214427, 0.0 ], [ 121.000093475495987, 13.456225893926064, 0.0 ], [ 121.000082827444089, 13.45622589392606, 0.0 ], [ 121.000066094791123, 13.45622887157017, 0.0 ], [ 121.000050883288893, 13.456240782146494, 0.0 ] ] ] ] } }
]
}
