{
"type": "FeatureCollection",
"name": "puertogalera_muniboundary",
"crs": { "type": "name", "properties": { "name": "urn:ogc:def:crs:OGC:1.3:CRS84" } },
"features": [
{ "type": "Feature", "properties": { "Area_ha": 26392.763185600001, "Area_sqm": 263927631.85599998, "Mun": "Puerto Galera", "Name": "Municipal Boundary" }, "geometry": { "type": "MultiPolygon", "coordinates": [ [ [ [ 121.000050883288608, 13.456240782146427, 0.0 ], [ 121.000066094791123, 13.456228871570238, 0.0 ], [ 121.000082827444075, 13.456225893926128, 0.0 ], [ 121.000093475495845, 13.456225893926145, 0.0 ], [ 121.000114771599385, 13.45623184921441, 0.0 ], [ 121.000126940801451, 13.456224405104031, 0.0 ], [ 121.000136067703068, 13.456213983349205, 0.0 ], [ 121.000137588853249, 13.456202072771664, 0.0 ], [ 121.000125419651297, 13.456200583949368, 0.0 ], [ 121.000107165848206, 13.45619611748263, 0.0 ], [ 121.000088912045115, 13.456203561593744, 0.0 ], [ 121.000073700542572, 13.456213983349182, 0.0 ], [ 121.000060010190097, 13.456213983349171, 0.0 ], [ 121.000038714086529, 13.456213983349196, 0.0 ], [ 121.000020460283437, 13.456218449815596, 0.0 ], [ 121.000011333381977, 13.45622440510402, 0.0 ], [ 121.000026544884491, 13.456237804502496, 0.0 ], [ 121.000046319838006, 13.456233338036439, 0.0 ], [ 121.000050883288608, 13.456240782146427, 0.0 ] ] ], [ [ [ 120.990098304557861, 13.466529943452537, 0.0 ], [ 120.990081191617548, 13.466518777773292, 0.0 ], [ 120.990061226520268, 13.466518777773256, 0.0 ], [ 120.990044113580069, 13.466515986353425, 0.0 ], [ 120.990029852796312, 13.466510403513542, 0.0 ], [ 120.990012739855871, 13.466541109130965, 0.0 ], [ 120.990018444169394, 13.466577397582677, 0.0 ], [ 120.990044113580055, 13.466599728934927, 0.0 ], [ 120.990066930833791, 13.466602520353758, 0.0 ], [ 120.990072635147342, 13.466636017377654, 0.0 ], [ 120.990092600244438, 13.466644391632922, 0.0 ], [ 120.990123973968394, 13.466666722978688, 0.0 ], [ 120.990138234752152, 13.466661140142502, 0.0 ], [ 120.990123973968394, 13.466641600214395, 0.0 ], [ 120.99014964337907, 13.466638808796155, 0.0 ], [ 120.990198130043495, 13.466638808796153, 0.0 ], [ 120.990215242983908, 13.466596937516062, 0.0 ], [ 120.990215242983908, 13.466574606163521, 0.0 ], [ 120.990203834356961, 13.466557857647917, 0.0 ], [ 120.990181017103026, 13.466549483389576, 0.0 ], [ 120.990143939065518, 13.466541109130995, 0.0 ], [ 120.990109713184665, 13.466538317711283, 0.0 ], [ 120.990098304557861, 13.466529943452537, 0.0 ] ] ], [ [ [ 120.968903381080523, 13.482908002083791, 0.0 ], [ 120.968886629675126, 13.482903433518707, 0.0 ], [ 120.968868355414656, 13.482909524938856, 0.0 ], [ 120.968859218284265, 13.482915616359039, 0.0 ], [ 120.968857695429392, 13.482930844909331, 0.0 ], [ 120.968857695429392, 13.482932367764432, 0.0 ], [ 120.968871401124602, 13.482944550604804, 0.0 ], [ 120.968886629675126, 13.482952164880055, 0.0 ], [ 120.968907949645654, 13.482952164880052, 0.0 ], [ 120.968918609631032, 13.48293998203969, 0.0 ], [ 120.968918609631032, 13.482927799199372, 0.0 ], [ 120.968918609631032, 13.482915616359064, 0.0 ], [ 120.968903381080523, 13.482908002083791, 0.0 ] ] ], [ [ [ 120.971543373627142, 13.500863760825336, 0.0 ], [ 120.971531952214278, 13.500861476542864, 0.0 ], [ 120.971522815084072, 13.500869471531713, 0.0 ], [ 120.971529667931691, 13.500879750803408, 0.0 ], [ 120.971538805061982, 13.500875182238131, 0.0 ], [ 120.971543373627142, 13.500863760825336, 0.0 ] ] ], [ [ [ 120.97106871874567, 13.500918393250135, 0.0 ], [ 120.971065673035696, 13.50091306325735, 0.0 ], [ 120.971053490195359, 13.500915347539944, 0.0 ], [ 120.971046637347627, 13.500915347539967, 0.0 ], [ 120.971038261644836, 13.500917631822579, 0.0 ], [ 120.971036738789735, 13.500926007525221, 0.0 ], [ 120.971039784499908, 13.500934383228017, 0.0 ], [ 120.971051205912659, 13.500936667510645, 0.0 ], [ 120.97106186589815, 13.50093286037292, 0.0 ], [ 120.971067195890768, 13.500925246097871, 0.0 ], [ 120.97106871874567, 13.500918393250135, 0.0 ] ] ], [ [ [ 120.971539280954175, 13.500982733875599, 0.0 ], [ 120.97153166667897, 13.500975119600547, 0.0 ], [ 120.971521006693706, 13.500975119600552, 0.0 ], [ 120.971517960983533, 13.500969028180386, 0.0 ], [ 120.971537758099302, 13.500964459615076, 0.0 ], [ 120.971546895229494, 13.500958368194958, 0.0 ], [ 120.971546895229494, 13.500952276774743, 0.0 ], [ 120.971546895229494, 13.500932479659127, 0.0 ], [ 120.971540803809262, 13.500923342529024, 0.0 ], [ 120.971516438128674, 13.500921819673936, 0.0 ], [ 120.971501209578179, 13.500929433949118, 0.0 ], [ 120.971498163867977, 13.500944662499641, 0.0 ], [ 120.971495118157918, 13.500959891050027, 0.0 ], [ 120.9714890267378, 13.500964459615089, 0.0 ], [ 120.971479889607636, 13.500973596745466, 0.0 ], [ 120.971492072447973, 13.500991871005915, 0.0 ], [ 120.971514915273573, 13.500996439570992, 0.0 ], [ 120.971514915273573, 13.500997962426105, 0.0 ], [ 120.97153166667897, 13.500994916716104, 0.0 ], [ 120.971539280954175, 13.500988825295771, 0.0 ], [ 120.971539280954175, 13.500982733875599, 0.0 ] ] ], [ [ [ 120.970719223513242, 13.500977784596726, 0.0 ], [ 120.970710086382965, 13.500968647466568, 0.0 ], [ 120.970698664970087, 13.500974358172991, 0.0 ], [ 120.970706279245391, 13.500991490292167, 0.0 ], [ 120.970714654947997, 13.500993774574797, 0.0 ], [ 120.970723030650817, 13.500991490292183, 0.0 ], [ 120.970724553505889, 13.50098083030691, 0.0 ], [ 120.970719223513242, 13.500977784596726, 0.0 ] ] ], [ [ [ 120.970772904153478, 13.5009838760169, 0.0 ], [ 120.970761482740613, 13.500970551035286, 0.0 ], [ 120.970742447052672, 13.500972454604119, 0.0 ], [ 120.97073673634624, 13.500978165310505, 0.0 ], [ 120.970732929208694, 13.500997200998567, 0.0 ], [ 120.970746254190317, 13.501014333117709, 0.0 ], [ 120.970765289878145, 13.501012429549078, 0.0 ], [ 120.970772904153478, 13.501001008136253, 0.0 ], [ 120.970772904153478, 13.5009838760169, 0.0 ] ] ], [ [ [ 120.884791083880941, 13.500299853948048, 0.0 ], [ 120.884782517821236, 13.500279866475573, 0.0 ], [ 120.884753964289303, 13.500282721828706, 0.0 ], [ 120.884751108936172, 13.50029128788835, 0.0 ], [ 120.88476253034878, 13.500316986067222, 0.0 ], [ 120.884782517821236, 13.50031984142033, 0.0 ], [ 120.884791083880941, 13.500299853948048, 0.0 ] ] ], [ [ [ 120.884739687523179, 13.500411212723083, 0.0 ], [ 120.884728266110429, 13.500379803837784, 0.0 ], [ 120.884713989344277, 13.500391225250556, 0.0 ], [ 120.884713989344277, 13.50040835736977, 0.0 ], [ 120.884722555403982, 13.500434055548791, 0.0 ], [ 120.884739687523179, 13.500411212723083, 0.0 ] ] ], [ [ [ 120.884765385702053, 13.500502584025758, 0.0 ], [ 120.884751108936157, 13.500479741199989, 0.0 ], [ 120.884722555403982, 13.500494017966043, 0.0 ], [ 120.884722555403982, 13.500522571498248, 0.0 ], [ 120.884745398229583, 13.500539703617394, 0.0 ], [ 120.884756819642561, 13.500522571498232, 0.0 ], [ 120.884765385702053, 13.500502584025758, 0.0 ] ] ], [ [ [ 120.973037104068467, 13.503191635116721, 0.0 ], [ 120.973029489793262, 13.503176406566185, 0.0 ], [ 120.973018829807998, 13.503185543696556, 0.0 ], [ 120.973008169822734, 13.503190112261619, 0.0 ], [ 120.972994464127311, 13.503191635116735, 0.0 ], [ 120.972995986982369, 13.503211432232096, 0.0 ], [ 120.973012738387766, 13.503214477942288, 0.0 ], [ 120.973029489793277, 13.503214477942285, 0.0 ], [ 120.973043195488671, 13.503208386522104, 0.0 ], [ 120.97304014977864, 13.503199249391791, 0.0 ], [ 120.973037104068467, 13.503191635116721, 0.0 ] ] ], [ [ [ 120.972974876404237, 13.503473991477579, 0.0 ], [ 120.972970117482234, 13.503459714711484, 0.0 ], [ 120.972958220177247, 13.503459714711484, 0.0 ], [ 120.972951081794264, 13.503466853094324, 0.0 ], [ 120.972946322872076, 13.503483509321493, 0.0 ], [ 120.972953461255088, 13.503497786087417, 0.0 ], [ 120.972974876404237, 13.503497786087413, 0.0 ], [ 120.972974876404237, 13.503473991477579, 0.0 ] ] ], [ [ [ 120.987719127211335, 13.516304172125455, 0.0 ], [ 120.987690573679174, 13.51630131677237, 0.0 ], [ 120.987682007619696, 13.516309882831814, 0.0 ], [ 120.987670586206832, 13.516324159597938, 0.0 ], [ 120.987670586206832, 13.51634414707036, 0.0 ], [ 120.987699139738879, 13.516358423836454, 0.0 ], [ 120.987719127211335, 13.51635556848319, 0.0 ], [ 120.987727693271069, 13.516332725657639, 0.0 ], [ 120.987719127211335, 13.516304172125455, 0.0 ] ] ], [ [ [ 120.989523710438206, 13.516378411308949, 0.0 ], [ 120.989512289025384, 13.516366989895966, 0.0 ], [ 120.989495156906173, 13.516366989895996, 0.0 ], [ 120.989475169433703, 13.516352713130052, 0.0 ], [ 120.98946089266758, 13.516338436363977, 0.0 ], [ 120.989449471254858, 13.516324159597872, 0.0 ], [ 120.989426628429101, 13.516324159597934, 0.0 ], [ 120.989412351663191, 13.516327014951006, 0.0 ], [ 120.989403785603486, 13.516341291717124, 0.0 ], [ 120.989403785603486, 13.516349857776802, 0.0 ], [ 120.989383798131016, 13.516358423836433, 0.0 ], [ 120.989372376718165, 13.516364134542854, 0.0 ], [ 120.98936952136512, 13.516386977368422, 0.0 ], [ 120.989378087424612, 13.516404109487599, 0.0 ], [ 120.989386653484317, 13.516415530900442, 0.0 ], [ 120.989386653484317, 13.516432663019787, 0.0 ], [ 120.989389508837462, 13.516446939785871, 0.0 ], [ 120.989400930250213, 13.516458361198692, 0.0 ], [ 120.989415207016251, 13.516461216551775, 0.0 ], [ 120.989429483782374, 13.516475493317866, 0.0 ], [ 120.989475169433703, 13.516472637964727, 0.0 ], [ 120.989500867612605, 13.516464071905114, 0.0 ], [ 120.989517999731802, 13.516444084432555, 0.0 ], [ 120.989523710438206, 13.516426952313376, 0.0 ], [ 120.989517999731802, 13.516404109487649, 0.0 ], [ 120.989523710438206, 13.516395543428146, 0.0 ], [ 120.989523710438206, 13.516378411308949, 0.0 ] ] ], [ [ [ 120.990919978156512, 13.518268655131928, 0.0 ], [ 120.990899990684056, 13.518265799778641, 0.0 ], [ 120.990894279977638, 13.51827722119142, 0.0 ], [ 120.990885713917933, 13.518291497957486, 0.0 ], [ 120.990891424624351, 13.518317196136383, 0.0 ], [ 120.990911412096807, 13.518314340783261, 0.0 ], [ 120.99092854421599, 13.518300064017184, 0.0 ], [ 120.990934254922436, 13.518277221191406, 0.0 ], [ 120.990919978156512, 13.518268655131928, 0.0 ] ] ], [ [ [ 120.990920929940813, 13.51937177325426, 0.0 ], [ 120.990911412096807, 13.519368917900998, 0.0 ], [ 120.990901894252715, 13.519374628607425, 0.0 ], [ 120.99089427997761, 13.519379387529359, 0.0 ], [ 120.990886665702462, 13.519390808942317, 0.0 ], [ 120.990884762133533, 13.519401278570706, 0.0 ], [ 120.990885713917933, 13.519408892845973, 0.0 ], [ 120.990891424624351, 13.519420314258749, 0.0 ], [ 120.990905701390361, 13.519427928534032, 0.0 ], [ 120.990925688862959, 13.519427928534038, 0.0 ], [ 120.990942820982113, 13.519407941061495, 0.0 ], [ 120.990948531688446, 13.51939556786434, 0.0 ], [ 120.990947579904059, 13.519382242882619, 0.0 ], [ 120.990940917413241, 13.519376532176253, 0.0 ], [ 120.990930447784862, 13.519374628607423, 0.0 ], [ 120.990920929940813, 13.51937177325426, 0.0 ] ] ], [ [ [ 120.947580167879167, 13.524003053949116, 0.0 ], [ 120.947532631933569, 13.523984449019695, 0.0 ], [ 120.947508863960834, 13.523961192855829, 0.0 ], [ 120.947470835204456, 13.523928634222802, 0.0 ], [ 120.947461328015322, 13.523891424350767, 0.0 ], [ 120.947418545664362, 13.523849563237748, 0.0 ], [ 120.947409038475257, 13.523891424350808, 0.0 ], [ 120.947366256124269, 13.523886773116429, 0.0 ], [ 120.947328227368033, 13.52386351694301, 0.0 ], [ 120.947313966584247, 13.523835609531805, 0.0 ], [ 120.947285445016902, 13.523793748408828, 0.0 ], [ 120.947256923449672, 13.523784445936165, 0.0 ], [ 120.947214141098542, 13.523775143462892, 0.0 ], [ 120.947237909071433, 13.523742584804138, 0.0 ], [ 120.947275937827897, 13.523723979854097, 0.0 ], [ 120.947256923449643, 13.523705374902663, 0.0 ], [ 120.94719988031504, 13.523733282329177, 0.0 ], [ 120.947161851558576, 13.523784445936174, 0.0 ], [ 120.947157097963952, 13.523835609531796, 0.0 ], [ 120.947114315613078, 13.52383095829636, 0.0 ], [ 120.947071533262132, 13.523844912002545, 0.0 ], [ 120.947033504505598, 13.523882121881833, 0.0 ], [ 120.947023997316492, 13.523937936689757, 0.0 ], [ 120.947062026072985, 13.523951890389792, 0.0 ], [ 120.947066779667495, 13.523933285456323, 0.0 ], [ 120.947076286856614, 13.523900726819303, 0.0 ], [ 120.947085794045734, 13.52388212188184, 0.0 ], [ 120.947138083585799, 13.523877470647284, 0.0 ], [ 120.947180865936957, 13.523886773116422, 0.0 ], [ 120.947185619531339, 13.523910029287514, 0.0 ], [ 120.94719988031504, 13.523923982989182, 0.0 ], [ 120.94720463390945, 13.523961192855841, 0.0 ], [ 120.947218894693179, 13.523989100252106, 0.0 ], [ 120.947247416260424, 13.523989100252136, 0.0 ], [ 120.947256923449643, 13.524012356413124, 0.0 ], [ 120.947256923449643, 13.524026310108727, 0.0 ], [ 120.947261677044153, 13.524054217497152, 0.0 ], [ 120.947261677044153, 13.524077473651717, 0.0 ], [ 120.947233155476923, 13.524091427343485, 0.0 ], [ 120.947218894693179, 13.524137939642907, 0.0 ], [ 120.947242662665914, 13.524161195789189, 0.0 ], [ 120.947275937827897, 13.524165847018246, 0.0 ], [ 120.947294952206036, 13.524170498247051, 0.0 ], [ 120.947337734557024, 13.52418445193331, 0.0 ], [ 120.947385270502508, 13.524203056846652, 0.0 ], [ 120.947442313637239, 13.524193754390151, 0.0 ], [ 120.947485095988213, 13.524193754390152, 0.0 ], [ 120.947480342393604, 13.524147242101732, 0.0 ], [ 120.947518371150053, 13.524133288413399, 0.0 ], [ 120.947551646311808, 13.524133288413418, 0.0 ], [ 120.94760868944654, 13.524119334724187, 0.0 ], [ 120.947603935851902, 13.52408677611308, 0.0 ], [ 120.947594428662796, 13.524082124882307, 0.0 ], [ 120.947580167879167, 13.524072822421035, 0.0 ], [ 120.947565907095566, 13.524054217497165, 0.0 ], [ 120.947580167879167, 13.524003053949116, 0.0 ] ] ], [ [ [ 120.947710695365572, 13.52611719621814, 0.0 ], [ 120.947686900755571, 13.526112437296169, 0.0 ], [ 120.947663106145569, 13.526126714062267, 0.0 ], [ 120.947639311535568, 13.526140990828141, 0.0 ], [ 120.947625034769544, 13.52616954436032, 0.0 ], [ 120.947644070457528, 13.526198097892291, 0.0 ], [ 120.947677382911493, 13.52622189250248, 0.0 ], [ 120.947696418599548, 13.526193338970327, 0.0 ], [ 120.947710695365572, 13.526164785438331, 0.0 ], [ 120.947710695365572, 13.52611719621814, 0.0 ] ] ], [ [ [ 120.966096639465775, 13.526633574949464, 0.0 ], [ 120.96621072573501, 13.526591714324448, 0.0 ], [ 120.966367594355361, 13.52660566786702, 0.0 ], [ 120.966495941408169, 13.526626598179279, 0.0 ], [ 120.966595766893903, 13.526605667867027, 0.0 ], [ 120.966652810028478, 13.526528923373046, 0.0 ], [ 120.966716983554875, 13.526480085954796, 0.0 ], [ 120.966802548256624, 13.526480085954775, 0.0 ], [ 120.966873852175212, 13.52646613240489, 0.0 ], [ 120.966880982566778, 13.52638938786548, 0.0 ], [ 120.966916634526072, 13.526326596859819, 0.0 ], [ 120.966987938444191, 13.526277759399758, 0.0 ], [ 120.966973677660675, 13.526214968364446, 0.0 ], [ 120.966952286485011, 13.526173107665096, 0.0 ], [ 120.967016460011678, 13.526110316601674, 0.0 ], [ 120.967016460011678, 13.526019618369684, 0.0 ], [ 120.967044981578908, 13.525949850475168, 0.0 ], [ 120.967109155105319, 13.525907989728365, 0.0 ], [ 120.967159067848115, 13.525845198594418, 0.0 ], [ 120.967216110982974, 13.525761477056452, 0.0 ], [ 120.967280284509286, 13.52569170908528, 0.0 ], [ 120.967301675684837, 13.525614964293187, 0.0 ], [ 120.96728741490108, 13.525517289066837, 0.0 ], [ 120.967294545292859, 13.525419613800187, 0.0 ], [ 120.96733019725221, 13.525321938492702, 0.0 ], [ 120.967422892345851, 13.525245193579977, 0.0 ], [ 120.967601152141611, 13.525119610941328, 0.0 ], [ 120.967708108018996, 13.525035889145128, 0.0 ], [ 120.967893498206578, 13.524973097778231, 0.0 ], [ 120.968107409961362, 13.524931236857689, 0.0 ], [ 120.968285669757122, 13.524910306394615, 0.0 ], [ 120.968442538377346, 13.524910306394604, 0.0 ], [ 120.9686421893485, 13.524910306394595, 0.0 ], [ 120.968806188360631, 13.524938213678416, 0.0 ], [ 120.968955926588876, 13.524959144138933, 0.0 ], [ 120.969148447168379, 13.525014958691278, 0.0 ], [ 120.96931957657219, 13.525084726863115, 0.0 ], [ 120.969455054017075, 13.525168448642203, 0.0 ], [ 120.969547749110745, 13.525280077634408, 0.0 ], [ 120.969590531461748, 13.525335892110629, 0.0 ], [ 120.969640444204671, 13.525454497828756, 0.0 ], [ 120.969726008906505, 13.525538219475933, 0.0 ], [ 120.969832964783791, 13.525573103486893, 0.0 ], [ 120.969939920661446, 13.525580080288444, 0.0 ], [ 120.970054006930539, 13.525489381851962, 0.0 ], [ 120.970111050065256, 13.525328915301801, 0.0 ], [ 120.970168093199845, 13.525189379082233, 0.0 ], [ 120.970168093199845, 13.525014958691319, 0.0 ], [ 120.970139571632714, 13.524861468640383, 0.0 ], [ 120.970111050065256, 13.524784723577312, 0.0 ], [ 120.970182353983589, 13.524638210205715, 0.0 ], [ 120.970239397118192, 13.524568441901339, 0.0 ], [ 120.970239397118192, 13.524435882065983, 0.0 ], [ 120.970225136334449, 13.52426146111657, 0.0 ], [ 120.970225136334449, 13.52416378532817, 0.0 ], [ 120.970296440252795, 13.524045178959367, 0.0 ], [ 120.970396265738543, 13.523926572530673, 0.0 ], [ 120.970510352007651, 13.523780058624482, 0.0 ], [ 120.970638699060487, 13.523612614048421, 0.0 ], [ 120.970759915721615, 13.523528891715866, 0.0 ], [ 120.970838350031855, 13.523521914853363, 0.0 ], [ 120.970888262774409, 13.523480053674696, 0.0 ], [ 120.970988088260157, 13.523424238758032, 0.0 ], [ 120.971052261786568, 13.523326562622358, 0.0 ], [ 120.971202000014941, 13.523221909574373, 0.0 ], [ 120.971358868635136, 13.523117256480072, 0.0 ], [ 120.971551389214639, 13.523005626461398, 0.0 ], [ 120.971715388226386, 13.522880042627399, 0.0 ], [ 120.971843735279606, 13.522803296918006, 0.0 ], [ 120.971922169589774, 13.522775389381055, 0.0 ], [ 120.972000603899545, 13.522747481840645, 0.0 ], [ 120.972100429385378, 13.522712597410747, 0.0 ], [ 120.972257298005601, 13.522670736087887, 0.0 ], [ 120.972357123491307, 13.522656782311991, 0.0 ], [ 120.972449818584948, 13.522670736087829, 0.0 ], [ 120.972521122503181, 13.522670736087846, 0.0 ], [ 120.972620947988887, 13.522607944089776, 0.0 ], [ 120.972663730339761, 13.522545152074938, 0.0 ], [ 120.972692251907148, 13.522454452468329, 0.0 ], [ 120.972713643082557, 13.522405614204089, 0.0 ], [ 120.972699382299055, 13.522321891441845, 0.0 ], [ 120.972685121515184, 13.522238168650071, 0.0 ], [ 120.972713643082557, 13.522140492021601, 0.0 ], [ 120.972777816608982, 13.52205676916498, 0.0 ], [ 120.972863381310958, 13.521938161733907, 0.0 ], [ 120.972963206796649, 13.521847461893117, 0.0 ], [ 120.973070162674077, 13.521749785102562, 0.0 ], [ 120.973134336200488, 13.521693969775512, 0.0 ], [ 120.973187814139308, 13.521607339710307, 0.0 ], [ 120.973306654002897, 13.521508499999841, 0.0 ], [ 120.973410638883692, 13.521427102559951, 0.0 ], [ 120.973514623764714, 13.521354426250454, 0.0 ], [ 120.97361860864541, 13.521284656972229, 0.0 ], [ 120.973713680536619, 13.521238144108507, 0.0 ], [ 120.973826578407341, 13.52118581712609, 0.0 ], [ 120.973933534284654, 13.521148025409326, 0.0 ], [ 120.973992954216442, 13.521127676020607, 0.0 ], [ 120.974085055111047, 13.521116047797863, 0.0 ], [ 120.974192010988304, 13.521089884294488, 0.0 ], [ 120.974325705835184, 13.521034650222305, 0.0 ], [ 120.974426719719375, 13.520996858481253, 0.0 ], [ 120.974551501576329, 13.520929996154836, 0.0 ], [ 120.974682225426463, 13.520906739689133, 0.0 ], [ 120.974830775256251, 13.520877669103895, 0.0 ], [ 120.97495555711329, 13.520831156159883, 0.0 ], [ 120.975056570997467, 13.520813713803578, 0.0 ], [ 120.975104106942979, 13.520761386726441, 0.0 ], [ 120.975240772786464, 13.520732316123233, 0.0 ], [ 120.975347728663834, 13.520697431394494, 0.0 ], [ 120.975537872445912, 13.520679989028075, 0.0 ], [ 120.9756864222757, 13.520732316123254, 0.0 ], [ 120.975722074234895, 13.520773014966831, 0.0 ], [ 120.975728016228089, 13.520900925572438, 0.0 ], [ 120.975900334030612, 13.520912553805926, 0.0 ], [ 120.975947869975982, 13.520959066733754, 0.0 ], [ 120.975995405921594, 13.520970694964479, 0.0 ], [ 120.976025115887467, 13.520929996154823, 0.0 ], [ 120.976036999873884, 13.520906739689119, 0.0 ], [ 120.976191491696795, 13.520895111455616, 0.0 ], [ 120.976227143656089, 13.520819527922365, 0.0 ], [ 120.976262795615099, 13.520738130244094, 0.0 ], [ 120.976262795615099, 13.52070324551617, 0.0 ], [ 120.976316273553934, 13.520668360783235, 0.0 ], [ 120.976369751492626, 13.520639290168422, 0.0 ], [ 120.976369751492626, 13.520592777177148, 0.0 ], [ 120.976446997403954, 13.520592777177123, 0.0 ], [ 120.976512359329092, 13.520633476044969, 0.0 ], [ 120.976613373213411, 13.520703245516183, 0.0 ], [ 120.976732213077099, 13.520767200846727, 0.0 ], [ 120.976856994934138, 13.520842784396672, 0.0 ], [ 120.976958008818471, 13.520924182038707, 0.0 ], [ 120.977053080709325, 13.52099395142384, 0.0 ], [ 120.977142210607326, 13.521052092562307, 0.0 ], [ 120.977243224491502, 13.521116047797845, 0.0 ], [ 120.977344238375892, 13.521156746575176, 0.0 ], [ 120.977504672191913, 13.521243958217028, 0.0 ], [ 120.977659164015037, 13.52130209929364, 0.0 ], [ 120.977789887865185, 13.521313727507422, 0.0 ], [ 120.977867133776513, 13.521400939090919, 0.0 ], [ 120.978015683606301, 13.521459080128945, 0.0 ], [ 120.978069161545037, 13.521523035254098, 0.0 ], [ 120.978134523470146, 13.521523035254074, 0.0 ], [ 120.978176117422436, 13.521517221152378, 0.0 ], [ 120.97834843522493, 13.52174397100659, 0.0 ], [ 120.978348435224945, 13.521825368336902, 0.0 ], [ 120.978390029177319, 13.521848624712009, 0.0 ], [ 120.978479159075206, 13.521877695177183, 0.0 ], [ 120.97860988292534, 13.521999791092707, 0.0 ], [ 120.978645534884535, 13.522063746070796, 0.0 ], [ 120.978645534884535, 13.522203284144396, 0.0 ], [ 120.97860988292534, 13.522348636216339, 0.0 ], [ 120.978586114952606, 13.52243584741656, 0.0 ], [ 120.978597998938923, 13.522528872660846, 0.0 ], [ 120.978597998938923, 13.522598641570207, 0.0 ], [ 120.97855046299334, 13.522650968238416, 0.0 ], [ 120.978479159075235, 13.522709108967501, 0.0 ], [ 120.978491043061496, 13.522749807469152, 0.0 ], [ 120.978651476877729, 13.52273236525501, 0.0 ], [ 120.978752490761906, 13.522691666750262, 0.0 ], [ 120.978895098598485, 13.522650968238427, 0.0 ], [ 120.979049590421383, 13.522604455645077, 0.0 ], [ 120.979210024237616, 13.522587013420239, 0.0 ], [ 120.979340748087779, 13.522563757118167, 0.0 ], [ 120.979429877985794, 13.522587013420198, 0.0 ], [ 120.979507123897065, 13.522598641570196, 0.0 ], [ 120.979625963761009, 13.522621897868687, 0.0 ], [ 120.979732919638465, 13.522645154164849, 0.0 ], [ 120.979839875515694, 13.522685852677528, 0.0 ], [ 120.979952773386188, 13.522743993398002, 0.0 ], [ 120.980030019297942, 13.522755621540259, 0.0 ], [ 120.980142917168521, 13.522819576312864, 0.0 ], [ 120.980243931052698, 13.522860274795296, 0.0 ], [ 120.980344944937031, 13.522848646658439, 0.0 ], [ 120.980463784800705, 13.522813762243235, 0.0 ], [ 120.980505378753136, 13.522802134103948, 0.0 ], [ 120.980618276623602, 13.522807948173551, 0.0 ], [ 120.980737116487575, 13.522796320034109, 0.0 ], [ 120.980808420405793, 13.522755621540259, 0.0 ], [ 120.980943105584871, 13.522697868427656, 0.0 ], [ 120.981095220610555, 13.522632750807166, 0.0 ], [ 120.981199799690671, 13.522576935689679, 0.0 ], [ 120.981370929094496, 13.522567633168546, 0.0 ], [ 120.981580087254926, 13.522614145769435, 0.0 ], [ 120.981703680713224, 13.522651355843571, 0.0 ], [ 120.981884317306083, 13.522679263395027, 0.0 ], [ 120.982026925142648, 13.522688565911421, 0.0 ], [ 120.982141011411855, 13.522781591056138, 0.0 ], [ 120.98224559049207, 13.522883918672541, 0.0 ], [ 120.982397705517883, 13.522911826196646, 0.0 ], [ 120.98251179178709, 13.522911826196649, 0.0 ], [ 120.982606863678043, 13.522893221181102, 0.0 ], [ 120.982749471514524, 13.522986246244656, 0.0 ], [ 120.982901586540237, 13.523004851252828, 0.0 ], [ 120.983091730322641, 13.522902523688884, 0.0 ], [ 120.983177295024376, 13.522949036223407, 0.0 ], [ 120.983272366915443, 13.523032758762563, 0.0 ], [ 120.983405467562918, 13.523088573772034, 0.0 ], [ 120.98361462572322, 13.52303275876258, 0.0 ], [ 120.983757233559686, 13.52299554874886, 0.0 ], [ 120.983880827018041, 13.522958338729588, 0.0 ], [ 120.984013927665458, 13.522883918672527, 0.0 ], [ 120.984185057069539, 13.52279089356858, 0.0 ], [ 120.984232593014994, 13.522660658360911, 0.0 ], [ 120.984270621771515, 13.522521120558707, 0.0 ], [ 120.984394215229813, 13.522428095311142, 0.0 ], [ 120.984508301499076, 13.522362977616025, 0.0 ], [ 120.984669923713753, 13.522288557370787, 0.0 ], [ 120.984812531550304, 13.522232742171505, 0.0 ], [ 120.985002675332382, 13.522158321885467, 0.0 ], [ 120.985126268790836, 13.522111809194458, 0.0 ], [ 120.98525936943841, 13.522149019347854, 0.0 ], [ 120.985420991653115, 13.522130414271818, 0.0 ], [ 120.985535077922322, 13.5221025066552, 0.0 ], [ 120.985658671380548, 13.522149019347875, 0.0 ], [ 120.985801279217171, 13.522195532031468, 0.0 ], [ 120.985943887053821, 13.522242044705637, 0.0 ], [ 120.986067480512148, 13.522344372556921, 0.0 ], [ 120.986191073970517, 13.522409490257182, 0.0 ], [ 120.986371710563432, 13.522437397837592, 0.0 ], [ 120.986447768076275, 13.522511818035609, 0.0 ], [ 120.986542839967385, 13.522372280144983, 0.0 ], [ 120.98662840466946, 13.522297859902832, 0.0 ], [ 120.986771012505926, 13.522232742171541, 0.0 ], [ 120.986932634720745, 13.522204834566978, 0.0 ], [ 120.987056228178957, 13.522149019347863, 0.0 ], [ 120.987122778502922, 13.52203738886989, 0.0 ], [ 120.987227357583023, 13.522000178698848, 0.0 ], [ 120.98735095104135, 13.522037388869876, 0.0 ], [ 120.987493558877929, 13.521990876155019, 0.0 ], [ 120.987645673903515, 13.521907153245165, 0.0 ], [ 120.987740745794468, 13.521869943053499, 0.0 ], [ 120.98778828174008, 13.521869943053503, 0.0 ], [ 120.987883353631148, 13.52177691754849, 0.0 ], [ 120.987978425522257, 13.521749009889824, 0.0 ], [ 120.988016454278494, 13.521814127754984, 0.0 ], [ 120.988130540547829, 13.521842035405806, 0.0 ], [ 120.988273148384422, 13.521842035405799, 0.0 ], [ 120.988396741842777, 13.521804825203889, 0.0 ], [ 120.988520335301232, 13.521897850698007, 0.0 ], [ 120.988739000650753, 13.522018783785063, 0.0 ], [ 120.988872101298213, 13.522083901575478, 0.0 ], [ 120.989119288214852, 13.522083901575471, 0.0 ], [ 120.98932844637504, 13.52201878378504, 0.0 ], [ 120.989575633291722, 13.521990876155034, 0.0 ], [ 120.989832327397494, 13.522000178698828, 0.0 ], [ 120.990031978368719, 13.522065296494265, 0.0 ], [ 120.990212614961877, 13.522111809194447, 0.0 ], [ 120.990545366580506, 13.522149019347845, 0.0 ], [ 120.99080206068632, 13.522214137102138, 0.0 ], [ 120.991115797926582, 13.522288557370789, 0.0 ], [ 120.991334463276246, 13.522344372556912, 0.0 ], [ 120.991467563923592, 13.522418792784388, 0.0 ], [ 120.991610171760271, 13.522456002889321, 0.0 ], [ 120.991714750840245, 13.522511818035621, 0.0 ], [ 120.991809822731341, 13.522549028125749, 0.0 ], [ 120.99191440181157, 13.522632750807142, 0.0 ], [ 120.992018980891757, 13.522679263395089, 0.0 ], [ 120.992133067160864, 13.522697868427677, 0.0 ], [ 120.992247153430071, 13.522828103614518, 0.0 ], [ 120.992332718132189, 13.52283740612517, 0.0 ], [ 120.992418282834151, 13.522800196080629, 0.0 ], [ 120.992494340346852, 13.522753683516559, 0.0 ], [ 120.992551383481597, 13.522800196080667, 0.0 ], [ 120.992551383481597, 13.522930431211012, 0.0 ], [ 120.992655962561685, 13.522893221181112, 0.0 ], [ 120.992751034452809, 13.522800196080658, 0.0 ], [ 120.992808077587384, 13.522716473458811, 0.0 ], [ 120.992722512885408, 13.522651355843601, 0.0 ], [ 120.992627440994426, 13.522511818035609, 0.0 ], [ 120.992551383481597, 13.522353675086553, 0.0 ], [ 120.992570397859723, 13.522186229495491, 0.0 ], [ 120.992598919427081, 13.522065296494286, 0.0 ], [ 120.992655962561713, 13.522028086327651, 0.0 ], [ 120.992741527263675, 13.521990876155012, 0.0 ], [ 120.992827091965651, 13.52199087615501, 0.0 ], [ 120.992912656667485, 13.521981573611052, 0.0 ], [ 120.992988714180314, 13.521944363431048, 0.0 ], [ 120.993074278882432, 13.521869943053524, 0.0 ], [ 120.993036250125812, 13.52177691754849, 0.0 ], [ 120.993064771693085, 13.521702497118081, 0.0 ], [ 120.99311230763854, 13.521628076663928, 0.0 ], [ 120.993083786071423, 13.521562958747571, 0.0 ], [ 120.993055264504207, 13.521497840812865, 0.0 ], [ 120.992893642289346, 13.521479235685224, 0.0 ], [ 120.992836599154643, 13.521455397863518, 0.0 ], [ 120.992818773175216, 13.521424001704498, 0.0 ], [ 120.992804512391601, 13.521399582466605, 0.0 ], [ 120.992772425628218, 13.521382140152316, 0.0 ], [ 120.992754599648705, 13.52135074398346, 0.0 ], [ 120.992758164844446, 13.521326324738107, 0.0 ], [ 120.992754599648705, 13.521305393954412, 0.0 ], [ 120.992711817297689, 13.521287951633091, 0.0 ], [ 120.992679730534292, 13.521287951633068, 0.0 ], [ 120.992622687399844, 13.521263532381123, 0.0 ], [ 120.992569209461138, 13.521249578521784, 0.0 ], [ 120.992501470738702, 13.521253066986667, 0.0 ], [ 120.992444427604198, 13.521249578521781, 0.0 ], [ 120.99239094966525, 13.521225159265807, 0.0 ], [ 120.992326776138867, 13.521207716938671, 0.0 ], [ 120.99225903741663, 13.521214693869814, 0.0 ], [ 120.992198429086031, 13.521197251541793, 0.0 ], [ 120.992119994775834, 13.521200740007499, 0.0 ], [ 120.992034430074, 13.521214693869801, 0.0 ], [ 120.991984517331176, 13.521207716938701, 0.0 ], [ 120.991934604588394, 13.521204228473087, 0.0 ], [ 120.991884691845598, 13.52113445915032, 0.0 ], [ 120.991834779102703, 13.521071666742341, 0.0 ], [ 120.991727823225403, 13.521008874317387, 0.0 ], [ 120.991606606564389, 13.520946081875779, 0.0 ], [ 120.991542433037836, 13.520911197178686, 0.0 ], [ 120.991449737943938, 13.520862358594357, 0.0 ], [ 120.991314260499266, 13.520799566113299, 0.0 ], [ 120.991235826189126, 13.520743750560962, 0.0 ], [ 120.991193043838393, 13.520673981101634, 0.0 ], [ 120.991171652662828, 13.520576303823935, 0.0 ], [ 120.991178783054522, 13.520492580410707, 0.0 ], [ 120.991143131095612, 13.520429787831448, 0.0 ], [ 120.991100348744624, 13.520387926102471, 0.0 ], [ 120.991078957568959, 13.520304202622235, 0.0 ], [ 120.991057566393494, 13.520255363911749, 0.0 ], [ 120.991043305609765, 13.520150709497939, 0.0 ], [ 120.991007653650826, 13.520053032002982, 0.0 ], [ 120.990957740907916, 13.519983262338739, 0.0 ], [ 120.990914958556928, 13.519850699920125, 0.0 ], [ 120.990850785030489, 13.519732091376865, 0.0 ], [ 120.990843654638581, 13.519634413708275, 0.0 ], [ 120.990865045814147, 13.519473943164451, 0.0 ], [ 120.990872176205983, 13.51934835744512, 0.0 ], [ 120.990865045814147, 13.519222771658828, 0.0 ], [ 120.99082226346313, 13.519118116785844, 0.0 ], [ 120.990765220328527, 13.519020438862331, 0.0 ], [ 120.990693916410422, 13.518971599885303, 0.0 ], [ 120.990644003667512, 13.518887875901072, 0.0 ], [ 120.990658264451142, 13.518755312865409, 0.0 ], [ 120.990715307585774, 13.518664611797886, 0.0 ], [ 120.990758089936719, 13.518573910695537, 0.0 ], [ 120.990779481112185, 13.518469255533894, 0.0 ], [ 120.990772350720349, 13.518350646294268, 0.0 ], [ 120.990772350720349, 13.518287853143287, 0.0 ], [ 120.99081513307145, 13.51823203699503, 0.0 ], [ 120.990800872287721, 13.518141335725831, 0.0 ], [ 120.990779481112185, 13.518113427635939, 0.0 ], [ 120.99082226346313, 13.518050634421666, 0.0 ], [ 120.990850785030489, 13.517980864164, 0.0 ], [ 120.990900697773284, 13.517939001999293, 0.0 ], [ 120.990872176205954, 13.517869231708579, 0.0 ], [ 120.99082226346313, 13.517869231708536, 0.0 ], [ 120.990808002679515, 13.517799461396933, 0.0 ], [ 120.990758089936719, 13.517778530299619, 0.0 ], [ 120.990815133071479, 13.517736668098919, 0.0 ], [ 120.99081513307145, 13.517673874784155, 0.0 ], [ 120.990865045814147, 13.517638989602041, 0.0 ], [ 120.990893567381519, 13.517659920711823, 0.0 ], [ 120.990907828165092, 13.517583173300009, 0.0 ], [ 120.990950610515995, 13.51751340290361, 0.0 ], [ 120.991000523258762, 13.517422701357571, 0.0 ], [ 120.990943480124315, 13.517352930913621, 0.0 ], [ 120.990893567381519, 13.517297114543556, 0.0 ], [ 120.990943480124287, 13.517206412914062, 0.0 ], [ 120.99093634973238, 13.517122688302065, 0.0 ], [ 120.990836524246916, 13.517108734197292, 0.0 ], [ 120.990758089936747, 13.517080825984829, 0.0 ], [ 120.99067965562655, 13.516997101328002, 0.0 ], [ 120.990636873275591, 13.516955238988407, 0.0 ], [ 120.990544178181793, 13.516892445465212, 0.0 ], [ 120.990458613479845, 13.516892445465199, 0.0 ], [ 120.990323136035315, 13.516794766617748, 0.0 ], [ 120.99025183211684, 13.516718018923674, 0.0 ], [ 120.990244701725146, 13.516634294137804, 0.0 ], [ 120.990230440941517, 13.516557546391418, 0.0 ], [ 120.990130615455712, 13.516564523460264, 0.0 ], [ 120.99012348506399, 13.516522661043641, 0.0 ], [ 120.99007357232108, 13.516501729832687, 0.0 ], [ 120.990030789970234, 13.516522661043618, 0.0 ], [ 120.99000939879457, 13.516550569322282, 0.0 ], [ 120.989952355659966, 13.516550569322318, 0.0 ], [ 120.989845399782666, 13.516529638113816, 0.0 ], [ 120.989752704688883, 13.516571500528935, 0.0 ], [ 120.989709922337937, 13.516543592252846, 0.0 ], [ 120.989709922337937, 13.516480798619694, 0.0 ], [ 120.989624357636032, 13.516487775690955, 0.0 ], [ 120.98962435763606, 13.516571500528952, 0.0 ], [ 120.989553053717572, 13.516550569322309, 0.0 ], [ 120.98953879293407, 13.516515683973648, 0.0 ], [ 120.989460358623901, 13.516543592252862, 0.0 ], [ 120.989346272354595, 13.516550569322282, 0.0 ], [ 120.989339141962773, 13.516515683973621, 0.0 ], [ 120.989303490003834, 13.51648777569096, 0.0 ], [ 120.989324881179286, 13.516431959115806, 0.0 ], [ 120.989324881179286, 13.516376142527404, 0.0 ], [ 120.989274968436462, 13.516369165452833, 0.0 ], [ 120.989246446869132, 13.516362188378153, 0.0 ], [ 120.989182273342564, 13.516404050823182, 0.0 ], [ 120.989160882167155, 13.516431959115797, 0.0 ], [ 120.989125230207989, 13.516424982043121, 0.0 ], [ 120.989103839032452, 13.516390096675844, 0.0 ], [ 120.989046795897835, 13.516341257152893, 0.0 ], [ 120.988996883154996, 13.516341257152888, 0.0 ], [ 120.988911318453162, 13.516327303001725, 0.0 ], [ 120.988868536102189, 13.516278463465829, 0.0 ], [ 120.988818623359293, 13.516250555155164, 0.0 ], [ 120.988775841008504, 13.516299394696698, 0.0 ], [ 120.988740189049196, 13.516334280077375, 0.0 ], [ 120.988690276306301, 13.516334280077388, 0.0 ], [ 120.98865462434739, 13.5163552113034, 0.0 ], [ 120.988647493955554, 13.516404050823191, 0.0 ], [ 120.988569059645286, 13.516418004969886, 0.0 ], [ 120.98853340768612, 13.516431959115801, 0.0 ], [ 120.988554798861529, 13.516348234228097, 0.0 ], [ 120.988526277294397, 13.516306371773112, 0.0 ], [ 120.988490625335359, 13.516299394696691, 0.0 ], [ 120.988447842984286, 13.516341257152883, 0.0 ], [ 120.988433582200756, 13.516369165452859, 0.0 ], [ 120.988433582200756, 13.516404050823221, 0.0 ], [ 120.988397930241462, 13.516390096675865, 0.0 ], [ 120.988326626323229, 13.516362188378144, 0.0 ], [ 120.988269583188526, 13.516376142527402, 0.0 ], [ 120.988233931229473, 13.516397073749561, 0.0 ], [ 120.988184018486649, 13.516438936188401, 0.0 ], [ 120.988141236135704, 13.516466844476874, 0.0 ], [ 120.988084193000958, 13.516480798619716, 0.0 ], [ 120.98800575869079, 13.516494752761934, 0.0 ], [ 120.987941585164535, 13.516529638113791, 0.0 ], [ 120.98789880281339, 13.516557546391393, 0.0 ], [ 120.987884542029633, 13.516606385869213, 0.0 ], [ 120.987798977327913, 13.516620340003957, 0.0 ], [ 120.987713412625951, 13.516585454665689, 0.0 ], [ 120.987663499883041, 13.516543592252861, 0.0 ], [ 120.987585065572986, 13.516480798619694, 0.0 ], [ 120.987542283222012, 13.51643893618844, 0.0 ], [ 120.987478109695587, 13.516424982043135, 0.0 ], [ 120.987342632250844, 13.516390096675851, 0.0 ], [ 120.987257067548967, 13.516355211303404, 0.0 ], [ 120.987142981279646, 13.516348234228076, 0.0 ], [ 120.987036025402361, 13.516348234228078, 0.0 ], [ 120.986964721484128, 13.516341257152888, 0.0 ], [ 120.986886287173846, 13.516306371773105, 0.0 ], [ 120.986829244039114, 13.516285440542887, 0.0 ], [ 120.986786461688268, 13.516264509310798, 0.0 ], [ 120.986700896986321, 13.516124967715673, 0.0 ], [ 120.986722288161715, 13.515978448951879, 0.0 ], [ 120.986672375419033, 13.515964494779057, 0.0 ], [ 120.986636723459867, 13.516111013551621, 0.0 ], [ 120.986793592080318, 13.516327303001747, 0.0 ], [ 120.986793592080318, 13.516376142527438, 0.0 ], [ 120.986700896986321, 13.51641800496988, 0.0 ], [ 120.986601071500544, 13.516445913260791, 0.0 ], [ 120.986437072488698, 13.516508706903275, 0.0 ], [ 120.986408550921325, 13.516487775690969, 0.0 ], [ 120.986330116611185, 13.516438936188436, 0.0 ], [ 120.986230291125693, 13.516418004969873, 0.0 ], [ 120.986173247990962, 13.516404050823212, 0.0 ], [ 120.986130465639974, 13.516431959115797, 0.0 ], [ 120.985994988195202, 13.516383119601688, 0.0 ], [ 120.985716902913964, 13.516194738523613, 0.0 ], [ 120.985588555861199, 13.516159853122245, 0.0 ], [ 120.985481599983501, 13.516138921879, 0.0 ], [ 120.985281949012318, 13.51606915105463, 0.0 ], [ 120.985160732351162, 13.51594356351843, 0.0 ], [ 120.984982472555572, 13.515817975915311, 0.0 ], [ 120.98486838628645, 13.51572029662206, 0.0 ], [ 120.984811343151748, 13.515664479864927, 0.0 ], [ 120.98480421275994, 13.51559470889989, 0.0 ], [ 120.984825603935477, 13.515545869211911, 0.0 ], [ 120.984882647069981, 13.515504006614268, 0.0 ], [ 120.984839864719106, 13.515413304293778, 0.0 ], [ 120.984768560800873, 13.515441212703847, 0.0 ], [ 120.984718648058077, 13.515490052413398, 0.0 ], [ 120.984675865707075, 13.515587731802158, 0.0 ], [ 120.984576040221498, 13.51555284631082, 0.0 ], [ 120.98453325787051, 13.515483075312703, 0.0 ], [ 120.984518997086653, 13.51539237298414, 0.0 ], [ 120.984547518654139, 13.515343533254299, 0.0 ], [ 120.98453325787051, 13.515273762194035, 0.0 ], [ 120.98453325787051, 13.515183059784812, 0.0 ], [ 120.984504736303265, 13.515078403115568, 0.0 ], [ 120.984440562776712, 13.515057471776034, 0.0 ], [ 120.984383519642037, 13.515099334453105, 0.0 ], [ 120.984312215723648, 13.515120265788923, 0.0 ], [ 120.984305085331968, 13.515155151344276, 0.0 ], [ 120.984240911805543, 13.515162128454891, 0.0 ], [ 120.984190999062733, 13.515217945331113, 0.0 ], [ 120.984133955928016, 13.515210968222171, 0.0 ], [ 120.984055521617876, 13.515162128454824, 0.0 ], [ 120.983948565740576, 13.515134220011713, 0.0 ], [ 120.983820218687626, 13.515106311565248, 0.0 ], [ 120.983805957903897, 13.515148174233616, 0.0 ], [ 120.983713262810127, 13.515224922439581, 0.0 ], [ 120.983663350067431, 13.515266785086885, 0.0 ], [ 120.983599176540892, 13.515273762194017, 0.0 ], [ 120.983563524581854, 13.515210968222188, 0.0 ], [ 120.983520742231093, 13.515106311565235, 0.0 ], [ 120.983485090271671, 13.515050494662482, 0.0 ], [ 120.983356743218721, 13.515008631976725, 0.0 ], [ 120.983135701072101, 13.514994677746396, 0.0 ], [ 120.983050136370025, 13.514980723515469, 0.0 ], [ 120.982943180492597, 13.51502956332058, 0.0 ], [ 120.982821963831569, 13.515064448889364, 0.0 ], [ 120.982772051088915, 13.515064448889355, 0.0 ], [ 120.982600921684849, 13.514896998111798, 0.0 ], [ 120.982536748158424, 13.514862112517902, 0.0 ], [ 120.982294314836281, 13.514610936090767, 0.0 ], [ 120.982280054052652, 13.514576050454526, 0.0 ], [ 120.982329966795547, 13.514513256296585, 0.0 ], [ 120.982358488362792, 13.514464416384319, 0.0 ], [ 120.98230857562001, 13.514415576461962, 0.0 ], [ 120.982244402093585, 13.514296965179904, 0.0 ], [ 120.982201619742511, 13.514220216671154, 0.0 ], [ 120.982080403081596, 13.514150445278091, 0.0 ], [ 120.982023359946723, 13.51409462814885, 0.0 ], [ 120.981994838379663, 13.514010902429849, 0.0 ], [ 120.981909273677644, 13.513899268091588, 0.0 ], [ 120.981788057016502, 13.513857405201087, 0.0 ], [ 120.981731013881898, 13.513836473753072, 0.0 ], [ 120.981645449179908, 13.513822519453264, 0.0 ], [ 120.981517102126972, 13.513899268091549, 0.0 ], [ 120.981431537425109, 13.513976016704722, 0.0 ], [ 120.981296059980338, 13.513982993850108, 0.0 ], [ 120.981217625670325, 13.513996948140415, 0.0 ], [ 120.981067887441796, 13.513892290943602, 0.0 ], [ 120.980968061956204, 13.513801588002201, 0.0 ], [ 120.980960931564525, 13.513682976410571, 0.0 ], [ 120.981025105090808, 13.513634136326099, 0.0 ], [ 120.980989453131656, 13.513571341917018, 0.0 ], [ 120.981017974699128, 13.513494593171739, 0.0 ], [ 120.980918149213409, 13.513362027098403, 0.0 ], [ 120.980846845295176, 13.513306209782094, 0.0 ], [ 120.98075415020142, 13.51330620978211, 0.0 ], [ 120.980675715891238, 13.513257369619446, 0.0 ], [ 120.980533108054914, 13.513187597940975, 0.0 ], [ 120.980426152177159, 13.51315271209398, 0.0 ], [ 120.980304935516102, 13.513173643602865, 0.0 ], [ 120.980262153165157, 13.51320852944669, 0.0 ], [ 120.980190849246895, 13.513173643602887, 0.0 ], [ 120.980083893369525, 13.513145734923961, 0.0 ], [ 120.979969807100318, 13.513117826241871, 0.0 ], [ 120.979884242398342, 13.513138757753742, 0.0 ], [ 120.979791547304544, 13.513131780583322, 0.0 ], [ 120.979812938480109, 13.513075963212426, 0.0 ], [ 120.979763025737185, 13.513062008867539, 0.0 ], [ 120.979684591427016, 13.513075963212428, 0.0 ], [ 120.979656069859786, 13.513103871899474, 0.0 ], [ 120.979577635549774, 13.51310387189949, 0.0 ], [ 120.979513462023334, 13.513131780583327, 0.0 ], [ 120.97937798457842, 13.513166666433328, 0.0 ], [ 120.979306680660315, 13.513194575109756, 0.0 ], [ 120.97920685517461, 13.51326434678613, 0.0 ], [ 120.979192594390881, 13.51334807277062, 0.0 ], [ 120.979142681648227, 13.513403890076887, 0.0 ], [ 120.979064247338044, 13.513403890076905, 0.0 ], [ 120.978985813027975, 13.513382958588672, 0.0 ], [ 120.978893117934234, 13.513362027098401, 0.0 ], [ 120.978814683624037, 13.513417844401527, 0.0 ], [ 120.978786162056707, 13.513466684530876, 0.0 ], [ 120.978786162056736, 13.513508547490824, 0.0 ], [ 120.978650684612035, 13.513529478968074, 0.0 ], [ 120.978565119910243, 13.513564364759295, 0.0 ], [ 120.978522337559099, 13.513634136326083, 0.0 ], [ 120.978465294424595, 13.513662044947107, 0.0 ], [ 120.978443903249058, 13.513599250545207, 0.0 ], [ 120.978429642465201, 13.513515524650074, 0.0 ], [ 120.978379729722505, 13.513459707370279, 0.0 ], [ 120.978322686587802, 13.513445753048025, 0.0 ], [ 120.978372599330726, 13.513334118441959, 0.0 ], [ 120.978408251289636, 13.513264346786171, 0.0 ], [ 120.978372599330726, 13.513173643602888, 0.0 ], [ 120.978322686587802, 13.513096894728045, 0.0 ], [ 120.978287034628835, 13.513075963212415, 0.0 ], [ 120.978222861102225, 13.513020145828149, 0.0 ], [ 120.978272773844978, 13.512957351255229, 0.0 ], [ 120.978336947371687, 13.512943396903429, 0.0 ], [ 120.97835833854694, 13.512873625131807, 0.0 ], [ 120.978329816979851, 13.512775944616909, 0.0 ], [ 120.978344077763339, 13.512720127161646, 0.0 ], [ 120.978272773844978, 13.5127061727958, 0.0 ], [ 120.978279904237056, 13.512608492211266, 0.0 ], [ 120.978372599330726, 13.512545697528518, 0.0 ], [ 120.978429642465173, 13.512420108112774, 0.0 ], [ 120.978472424816331, 13.512315450214887, 0.0 ], [ 120.978458164032574, 13.512259632650673, 0.0 ], [ 120.978486685600032, 13.512203815072883, 0.0 ], [ 120.978600771869139, 13.512154974681552, 0.0 ], [ 120.978693466963037, 13.512113111480877, 0.0 ], [ 120.978814683624037, 13.512078225474745, 0.0 ], [ 120.978935900285208, 13.512043339463364, 0.0 ], [ 120.979007204203313, 13.511973567424981, 0.0 ], [ 120.979164072823622, 13.511959613014916, 0.0 ], [ 120.979292419876586, 13.511931704192106, 0.0 ], [ 120.979406506145779, 13.511917749779416, 0.0 ], [ 120.979534853198615, 13.511959613014945, 0.0 ], [ 120.979534853198615, 13.512057293868491, 0.0 ], [ 120.979634678684349, 13.51211311148087, 0.0 ], [ 120.97970598260261, 13.512113111480874, 0.0 ], [ 120.979763025737185, 13.512057293868468, 0.0 ], [ 120.979820068871916, 13.512043339463379, 0.0 ], [ 120.979934155141223, 13.512057293868519, 0.0 ], [ 120.980033980626843, 13.512071248272798, 0.0 ], [ 120.980190849246895, 13.512154974681559, 0.0 ], [ 120.980247892381499, 13.51219683787463, 0.0 ], [ 120.980319196299888, 13.512224746666021, 0.0 ], [ 120.980419021785451, 13.512266609846943, 0.0 ], [ 120.980561629622031, 13.51226660984697, 0.0 ], [ 120.980704237458596, 13.512224746666046, 0.0 ], [ 120.980889627646263, 13.512196837874653, 0.0 ], [ 120.981003713915243, 13.512154974681566, 0.0 ], [ 120.981132060968235, 13.512127065882026, 0.0 ], [ 120.981231886453941, 13.512141020282312, 0.0 ], [ 120.981276451402806, 13.51216718478036, 0.0 ], [ 120.981321016351799, 13.512274749908926, 0.0 ], [ 120.981386378276923, 13.512370686333487, 0.0 ], [ 120.981430943225718, 13.512443365417072, 0.0 ], [ 120.981493334154223, 13.512504415829884, 0.0 ], [ 120.981555725082757, 13.512530580287651, 0.0 ], [ 120.981594348038527, 13.512568373388175, 0.0 ], [ 120.981659709963793, 13.512614887965194, 0.0 ], [ 120.981695361922704, 13.51265558821245, 0.0 ], [ 120.981754781854633, 13.512673031173509, 0.0 ], [ 120.981805288796849, 13.512646866731409, 0.0 ], [ 120.981808259793453, 13.512611980804257, 0.0 ], [ 120.981840940755916, 13.512597444999969, 0.0 ], [ 120.981909273677644, 13.512597444999985, 0.0 ], [ 120.981956809623, 13.512620702286586, 0.0 ], [ 120.982004345568726, 13.512617795125971, 0.0 ], [ 120.982045939520987, 13.512597444999967, 0.0 ], [ 120.982114272442644, 13.512611980804241, 0.0 ], [ 120.982173692374516, 13.512652681052124, 0.0 ], [ 120.98221825732341, 13.512643959571148, 0.0 ], [ 120.982247967289481, 13.51264395957114, 0.0 ], [ 120.982247967289481, 13.512673031173499, 0.0 ], [ 120.982292532238361, 13.512675938333546, 0.0 ], [ 120.982325213200866, 13.512646866731412, 0.0 ], [ 120.982310358217887, 13.512626516607833, 0.0 ], [ 120.982351952170276, 13.512614887965199, 0.0 ], [ 120.982393546122694, 13.512597444999976, 0.0 ], [ 120.982435140074955, 13.512585816355562, 0.0 ], [ 120.98247970502382, 13.512580002033152, 0.0 ], [ 120.982485647017015, 13.512620702286597, 0.0 ], [ 120.982530211966036, 13.512632330929145, 0.0 ], [ 120.982562892928442, 13.512611980804271, 0.0 ], [ 120.982577747911421, 13.512574187710792, 0.0 ], [ 120.982595573891032, 13.512545116096197, 0.0 ], [ 120.982628254853637, 13.512516044478044, 0.0 ], [ 120.982672819802374, 13.512495694343265, 0.0 ], [ 120.982714413754763, 13.512478251369176, 0.0 ], [ 120.982714413754763, 13.512443365417058, 0.0 ], [ 120.982699558771841, 13.512411386623079, 0.0 ], [ 120.982699558771841, 13.512376500660984, 0.0 ], [ 120.982705500765036, 13.512338707529697, 0.0 ], [ 120.982744123720849, 13.512298007227718, 0.0 ], [ 120.982794630662937, 13.512254399753044, 0.0 ], [ 120.98280057265616, 13.512228235264557, 0.0 ], [ 120.98280057265616, 13.51221369943657, 0.0 ], [ 120.98281542763921, 13.512181720611375, 0.0 ], [ 120.982854050594725, 13.512164277614019, 0.0 ], [ 120.982857021591357, 13.512138113115562, 0.0 ], [ 120.982824340628881, 13.512123577281741, 0.0 ], [ 120.982782746676776, 13.512097412778749, 0.0 ], [ 120.98271738475151, 13.512033455092419, 0.0 ], [ 120.98270252976846, 13.512024733588445, 0.0 ], [ 120.982687674785424, 13.51200147624283, 0.0 ], [ 120.982684703788948, 13.511972404557598, 0.0 ], [ 120.982660935816227, 13.511963683051222, 0.0 ], [ 120.982637167843436, 13.511943332868722, 0.0 ], [ 120.98261934186381, 13.511917168345642, 0.0 ], [ 120.982637167843436, 13.511885189480195, 0.0 ], [ 120.982678761795952, 13.511870653630906, 0.0 ], [ 120.982714413754763, 13.511847396269939, 0.0 ], [ 120.982708471761796, 13.511821231736242, 0.0 ], [ 120.98271738475151, 13.511800881541413, 0.0 ], [ 120.982744123720849, 13.511829953247871, 0.0 ], [ 120.982770862690231, 13.511844489099671, 0.0 ], [ 120.982809485645859, 13.511861932120793, 0.0 ], [ 120.982836224615454, 13.511850303440227, 0.0 ], [ 120.98286593458127, 13.511861932120835, 0.0 ], [ 120.982904557536941, 13.511844489099643, 0.0 ], [ 120.982928325509931, 13.511815417395011, 0.0 ], [ 120.98297883245192, 13.511797974370513, 0.0 ], [ 120.983047165373392, 13.51182123173624, 0.0 ], [ 120.983100643312341, 13.511806695882877, 0.0 ], [ 120.983139266268026, 13.511780531344627, 0.0 ], [ 120.983168976233969, 13.511780531344634, 0.0 ], [ 120.983189773210114, 13.511719480744341, 0.0 ], [ 120.983210570186259, 13.511658430127879, 0.0 ], [ 120.983180860220301, 13.511640987091891, 0.0 ], [ 120.983201657196432, 13.511594472322566, 0.0 ], [ 120.983228396165885, 13.511533421673512, 0.0 ], [ 120.983201657196432, 13.511483999708258, 0.0 ], [ 120.983163034240647, 13.511460742309348, 0.0 ], [ 120.983139266268026, 13.511399691625872, 0.0 ], [ 120.983121440288485, 13.511324105043458, 0.0 ], [ 120.983118469292108, 13.511277590211353, 0.0 ], [ 120.983151150254443, 13.511228168192345, 0.0 ], [ 120.983192744206704, 13.511164210269948, 0.0 ], [ 120.983171947230574, 13.51111478822726, 0.0 ], [ 120.983130353278312, 13.511079902073215, 0.0 ], [ 120.983082817332814, 13.511074087713634, 0.0 ], [ 120.983064991353146, 13.511111881047926, 0.0 ], [ 120.98306202035657, 13.511181653341488, 0.0 ], [ 120.983029339394008, 13.511167117448604, 0.0 ], [ 120.982993687434814, 13.511132231302424, 0.0 ], [ 120.982943180492725, 13.511120602585661, 0.0 ], [ 120.982910499530163, 13.511082809252818, 0.0 ], [ 120.982952093482552, 13.51106245899415, 0.0 ], [ 120.982966948465446, 13.511033387192811, 0.0 ], [ 120.982953876080458, 13.511004896824199, 0.0 ], [ 120.982913470526654, 13.51098629086731, 0.0 ], [ 120.982887325756749, 13.5109932681014, 0.0 ], [ 120.982892079351245, 13.511023502779684, 0.0 ], [ 120.982875441770418, 13.511030480012442, 0.0 ], [ 120.982854050594881, 13.511046760221879, 0.0 ], [ 120.982832659419415, 13.511018851290897, 0.0 ], [ 120.982806514649397, 13.510997919590574, 0.0 ], [ 120.982782746676776, 13.510988616612028, 0.0 ], [ 120.982747094717453, 13.510956056184307, 0.0 ], [ 120.982713819555471, 13.510900238297515, 0.0 ], [ 120.982694805177331, 13.510844420397707, 0.0 ], [ 120.982687674785453, 13.510804882710485, 0.0 ], [ 120.982656776420995, 13.510790928231003, 0.0 ], [ 120.982618747664588, 13.510795579724169, 0.0 ], [ 120.982571211719005, 13.510809534203366, 0.0 ], [ 120.982523675773521, 13.510783950991012, 0.0 ], [ 120.982488023814227, 13.510730458810777, 0.0 ], [ 120.982497531003361, 13.510693246852043, 0.0 ], [ 120.982499907800673, 13.51065603488756, 0.0 ], [ 120.982473763030782, 13.510649057643487, 0.0 ], [ 120.982459502247124, 13.510658360635428, 0.0 ], [ 120.982466632638804, 13.510623474413777, 0.0 ], [ 120.982464255841762, 13.510574633694509, 0.0 ], [ 120.982478516625235, 13.510532770212999, 0.0 ], [ 120.982469009435988, 13.510502535471844, 0.0 ], [ 120.982430980679737, 13.510444391727351, 0.0 ], [ 120.982402459112365, 13.510435088726881, 0.0 ], [ 120.982381067937055, 13.510460671977141, 0.0 ], [ 120.982359676761391, 13.5104723007264, 0.0 ], [ 120.982321648005168, 13.510421134225654, 0.0 ], [ 120.982319271207842, 13.510395550971161, 0.0 ], [ 120.982274112059685, 13.510390899470011, 0.0 ], [ 120.982255097681204, 13.510393225220492, 0.0 ], [ 120.982262228073267, 13.510360664710454, 0.0 ], [ 120.982250344086808, 13.510337407200394, 0.0 ], [ 120.982240836897802, 13.510342058702735, 0.0 ], [ 120.982233706505653, 13.510330429947073, 0.0 ], [ 120.982202808141196, 13.510309498185407, 0.0 ], [ 120.982188547357595, 13.510316475439446, 0.0 ], [ 120.982164779384831, 13.510342058702712, 0.0 ], [ 120.982160025790222, 13.510358338959549, 0.0 ], [ 120.982141011411954, 13.510330429947047, 0.0 ], [ 120.982110113047398, 13.510288566422044, 0.0 ], [ 120.982110113047398, 13.510258331649105, 0.0 ], [ 120.982100605858179, 13.510246702889544, 0.0 ], [ 120.9820768378856, 13.510251354393489, 0.0 ], [ 120.982072084291033, 13.510262983153048, 0.0 ], [ 120.982043562723703, 13.510228096872662, 0.0 ], [ 120.98201504115633, 13.510190884834552, 0.0 ], [ 120.981979389197292, 13.510172278813345, 0.0 ], [ 120.981941360440786, 13.51016297580229, 0.0 ], [ 120.981903331684677, 13.5101536727907, 0.0 ], [ 120.981881940508757, 13.510118786494125, 0.0 ], [ 120.981855795738937, 13.510102506220777, 0.0 ], [ 120.981824897374153, 13.510083900192464, 0.0 ], [ 120.981789245415214, 13.510076922931523, 0.0 ], [ 120.981760723847756, 13.510079248685196, 0.0 ], [ 120.981739332672291, 13.510046688131785, 0.0 ], [ 120.981701303915912, 13.510018779082138, 0.0 ], [ 120.981672782348696, 13.509988544274846, 0.0 ], [ 120.981634753592203, 13.509990870029439, 0.0 ], [ 120.981639507186813, 13.510030407853181, 0.0 ], [ 120.981649014375819, 13.510065294162834, 0.0 ], [ 120.981677535943177, 13.510100180467306, 0.0 ], [ 120.981687043132325, 13.510121112247358, 0.0 ], [ 120.981687043132325, 13.510149021284722, 0.0 ], [ 120.981708434307734, 13.510186233329591, 0.0 ], [ 120.98167515914588, 13.510202513597113, 0.0 ], [ 120.981637130389529, 13.510235074129055, 0.0 ], [ 120.981627623200254, 13.510274611911925, 0.0 ], [ 120.981591971241343, 13.510295543676563, 0.0 ], [ 120.981584840849379, 13.51033508144921, 0.0 ], [ 120.981551565687553, 13.510318801190913, 0.0 ], [ 120.981520667322869, 13.510344384453706, 0.0 ], [ 120.981513536931047, 13.510369967713718, 0.0 ], [ 120.981508783336579, 13.510393225220463, 0.0 ], [ 120.981482638566646, 13.510400202472164, 0.0 ], [ 120.981451740201962, 13.510416482725043, 0.0 ], [ 120.981416088242682, 13.510439740227341, 0.0 ], [ 120.981416088242668, 13.510469974976568, 0.0 ], [ 120.981416088242668, 13.510490906724078, 0.0 ], [ 120.981407056413161, 13.510513001344169, 0.0 ], [ 120.981378534845931, 13.510540910334973, 0.0 ], [ 120.981378534845931, 13.510568819322515, 0.0 ], [ 120.981342882886636, 13.510579285192238, 0.0 ], [ 120.981307230927584, 13.510596728307007, 0.0 ], [ 120.981253752988735, 13.510621148665436, 0.0 ], [ 120.981218101029597, 13.510656034887598, 0.0 ], [ 120.981175318678723, 13.51067696661829, 0.0 ], [ 120.981139666719457, 13.510732784557929, 0.0 ], [ 120.981118275543992, 13.510799068344145, 0.0 ], [ 120.981128971131824, 13.510833954539784, 0.0 ], [ 120.981128971131824, 13.510865352111562, 0.0 ], [ 120.981089753976988, 13.510903726915672, 0.0 ], [ 120.981064797605569, 13.510931635860448, 0.0 ], [ 120.981057667213491, 13.510973499271154, 0.0 ], [ 120.981057667213491, 13.51102233990745, 0.0 ], [ 120.981064797605541, 13.511036294373081, 0.0 ], [ 120.980950711335964, 13.511053737453977, 0.0 ], [ 120.980815233891448, 13.511046760221868, 0.0 ], [ 120.980694017230164, 13.511022339907443, 0.0 ], [ 120.980508627042852, 13.510990942356694, 0.0 ], [ 120.980291150092015, 13.510921170006521, 0.0 ], [ 120.980148542255449, 13.510875817967838, 0.0 ], [ 120.980020195202584, 13.510816511442586, 0.0 ], [ 120.979906108933022, 13.510750227661282, 0.0 ], [ 120.979877587365777, 13.510718830074151, 0.0 ], [ 120.979838370210842, 13.51065254626563, 0.0 ], [ 120.9798062834478, 13.510589751061085, 0.0 ], [ 120.979781327076239, 13.510523467216199, 0.0 ], [ 120.979720718745554, 13.510453694727431, 0.0 ], [ 120.979635154043734, 13.510397876721505, 0.0 ], [ 120.97954245894995, 13.510345547329171, 0.0 ], [ 120.979467589835807, 13.510303683806727, 0.0 ], [ 120.979499518145744, 13.51023677968074, 0.0 ], [ 120.979470996578641, 13.510194916139186, 0.0 ], [ 120.9794091998494, 13.510157704095802, 0.0 ], [ 120.979361663903816, 13.510115840539962, 0.0 ], [ 120.979304620769213, 13.510069325469361, 0.0 ], [ 120.979238070445362, 13.510022810389577, 0.0 ], [ 120.979176273716476, 13.50998559831898, 0.0 ], [ 120.979123984176255, 13.509985598318993, 0.0 ], [ 120.979081201825281, 13.509934431712786, 0.0 ], [ 120.979019405096153, 13.509906522649729, 0.0 ], [ 120.978981376339533, 13.509869310560916, 0.0 ], [ 120.978943347583183, 13.50986000753765, 0.0 ], [ 120.978886304448579, 13.509748371231462, 0.0 ], [ 120.978843522097733, 13.50965999245145, 0.0 ], [ 120.978843522097733, 13.509557659085864, 0.0 ], [ 120.978843522097733, 13.509487886311012, 0.0 ], [ 120.978805493341085, 13.509408810474664, 0.0 ], [ 120.978753203801276, 13.509399507433297, 0.0 ], [ 120.978677146288405, 13.509352992221078, 0.0 ], [ 120.978591581586315, 13.509292522431622, 0.0 ], [ 120.978458480938869, 13.509241355674623, 0.0 ], [ 120.978396684209756, 13.509176234331205, 0.0 ], [ 120.978277844345911, 13.509064597700853, 0.0 ], [ 120.978106714941973, 13.508990173251162, 0.0 ], [ 120.97803541102364, 13.50885527887613, 0.0 ], [ 120.978025903834762, 13.50878550589338, 0.0 ], [ 120.978016396645515, 13.508659914471931, 0.0 ], [ 120.977930831943652, 13.508580838357535, 0.0 ], [ 120.977878542403687, 13.508487807600678, 0.0 ], [ 120.977873788809077, 13.508413382968849, 0.0 ], [ 120.977964107105549, 13.508357564479443, 0.0 ], [ 120.977949846321792, 13.508278488263439, 0.0 ], [ 120.977973614294527, 13.508236624373607, 0.0 ], [ 120.978054425402007, 13.508250579004322, 0.0 ], [ 120.978144743698465, 13.508250579004327, 0.0 ], [ 120.978206540427578, 13.508213366653854, 0.0 ], [ 120.978258829967658, 13.50816219966249, 0.0 ], [ 120.978320626696899, 13.508092426474148, 0.0 ], [ 120.978420452182377, 13.508059865645858, 0.0 ], [ 120.978444220155254, 13.508018001717256, 0.0 ], [ 120.978420452182377, 13.507985440878706, 0.0 ], [ 120.978339641075152, 13.507957531584879, 0.0 ], [ 120.97830161231866, 13.507938925387338, 0.0 ], [ 120.978249322778694, 13.507887758336089, 0.0 ], [ 120.978173265265696, 13.50786915213278, 0.0 ], [ 120.97812572932024, 13.507831939722182, 0.0 ], [ 120.978068686185708, 13.507771469542053, 0.0 ], [ 120.97804016461815, 13.507692393129496, 0.0 ], [ 120.977973614294555, 13.507659832245833, 0.0 ], [ 120.977892803187217, 13.507664483800843, 0.0 ], [ 120.977850020836073, 13.507715650900803, 0.0 ], [ 120.977811992079808, 13.507757514882947, 0.0 ], [ 120.977750195350595, 13.507766817989035, 0.0 ], [ 120.977707412999607, 13.507804030410053, 0.0 ], [ 120.977683645026971, 13.50783659127376, 0.0 ], [ 120.977650369865003, 13.507817985066641, 0.0 ], [ 120.977607587514029, 13.507817985066627, 0.0 ], [ 120.977569558757665, 13.507831939722163, 0.0 ], [ 120.977536283595668, 13.507845894376732, 0.0 ], [ 120.977479240461193, 13.507831939722152, 0.0 ], [ 120.97744596529931, 13.507864500581828, 0.0 ], [ 120.977441211704672, 13.5078738036839, 0.0 ], [ 120.977412690137342, 13.507855197479611, 0.0 ], [ 120.977379414975459, 13.50783193972215, 0.0 ], [ 120.977355647002739, 13.507855197479573, 0.0 ], [ 120.977308111057098, 13.507938925387313, 0.0 ], [ 120.977298603868107, 13.507990092427434, 0.0 ], [ 120.977298603868135, 13.508083123380809, 0.0 ], [ 120.977198778382402, 13.508106381113267, 0.0 ], [ 120.977032402573215, 13.508152896571845, 0.0 ], [ 120.976997091470267, 13.508160170898423, 0.0 ], [ 120.976851765980314, 13.508190108931837, 0.0 ], [ 120.976666375792561, 13.508180805842299, 0.0 ], [ 120.976466724821549, 13.508194760476387, 0.0 ], [ 120.976295595417582, 13.508213366654006, 0.0 ], [ 120.976110205229958, 13.5082273212861, 0.0 ], [ 120.975934322231751, 13.508231972829966, 0.0 ], [ 120.975758439233118, 13.508222669742068, 0.0 ], [ 120.975568295451055, 13.508208715109756, 0.0 ], [ 120.975373398074566, 13.508199412020781, 0.0 ], [ 120.975249804616084, 13.508231972829931, 0.0 ], [ 120.975173747103213, 13.50825988209119, 0.0 ], [ 120.975107196779618, 13.508315700603831, 0.0 ], [ 120.975050153644943, 13.508357564479583, 0.0 ], [ 120.974959835348415, 13.508394776807188, 0.0 ], [ 120.974836241890102, 13.508418034509072, 0.0 ], [ 120.974736416404426, 13.508422686049016, 0.0 ], [ 120.974650851702435, 13.508422686049034, 0.0 ], [ 120.974551026217014, 13.508459898366574, 0.0 ], [ 120.974479722298838, 13.508497110678176, 0.0 ], [ 120.974384650407742, 13.508543626059234, 0.0 ], [ 120.974346621651179, 13.508571535283483, 0.0 ], [ 120.974204013814528, 13.508608747577501, 0.0 ], [ 120.97415172427452, 13.508645959865712, 0.0 ], [ 120.974066159572786, 13.508692475217497, 0.0 ], [ 120.974009116438083, 13.508734339026207, 0.0 ], [ 120.973909290952292, 13.508762248227779, 0.0 ], [ 120.973776190304775, 13.508794808958942, 0.0 ], [ 120.973619321684879, 13.508804112024151, 0.0 ], [ 120.973519496199174, 13.508813415088927, 0.0 ], [ 120.973448192280657, 13.508818066621251, 0.0 ], [ 120.973329352417068, 13.508869233470486, 0.0 ], [ 120.973148715823868, 13.50897156713504, 0.0 ], [ 120.973034629554945, 13.509022733950884, 0.0 ], [ 120.972963325636556, 13.509036688535081, 0.0 ], [ 120.972915789690916, 13.508980870193461, 0.0 ], [ 120.97287776093458, 13.508892491125295, 0.0 ], [ 120.972858746556412, 13.50885527887619, 0.0 ], [ 120.972834978583592, 13.508836672749384, 0.0 ], [ 120.972820717799806, 13.508850627344602, 0.0 ], [ 120.972839732178045, 13.508920400308185, 0.0 ], [ 120.972820717799777, 13.508943657958225, 0.0 ], [ 120.972777935448903, 13.508906445717308, 0.0 ], [ 120.972739906692468, 13.508901794186736, 0.0 ], [ 120.972687617152488, 13.508925051838345, 0.0 ], [ 120.972644834801514, 13.508952961017494, 0.0 ], [ 120.972606806044951, 13.508999476308476, 0.0 ], [ 120.972606806044951, 13.509055294645821, 0.0 ], [ 120.972735153097915, 13.5092878709088, 0.0 ], [ 120.972687617152488, 13.509325083089673, 0.0 ], [ 120.972554516504928, 13.509292522431691, 0.0 ], [ 120.972164721751739, 13.509190188906183, 0.0 ], [ 120.972093417833548, 13.509092506863501, 0.0 ], [ 120.972050635482319, 13.509055294645798, 0.0 ], [ 120.972007853131359, 13.509027385479122, 0.0 ], [ 120.971955563591337, 13.509059946173352, 0.0 ], [ 120.971941302807764, 13.509069249228224, 0.0 ], [ 120.971770173403897, 13.508897142656, 0.0 ], [ 120.971656087134647, 13.508752945161016, 0.0 ], [ 120.971594290405406, 13.508650611401205, 0.0 ], [ 120.971508725703302, 13.508594792967974, 0.0 ], [ 120.971418407407015, 13.508487807600726, 0.0 ], [ 120.971290060354022, 13.508334306771642, 0.0 ], [ 120.971190234868473, 13.508185457387398, 0.0 ], [ 120.971061887815708, 13.508087774927452, 0.0 ], [ 120.970971569519051, 13.50799939552431, 0.0 ], [ 120.970881251222522, 13.507929622288049, 0.0 ], [ 120.970809947304261, 13.507808681962358, 0.0 ], [ 120.97074339698041, 13.507692393129537, 0.0 ], [ 120.97070536822423, 13.50753889178193, 0.0 ], [ 120.970686353846062, 13.507380738773771, 0.0 ], [ 120.97068160025141, 13.507208630967698, 0.0 ], [ 120.970714875413279, 13.507055129304868, 0.0 ], [ 120.970729136196994, 13.506906279111966, 0.0 ], [ 120.970824208088047, 13.506659745772962, 0.0 ], [ 120.970881251222522, 13.506492289018521, 0.0 ], [ 120.971014351869826, 13.506241103663337, 0.0 ], [ 120.97110467016671, 13.506129465641681, 0.0 ], [ 120.971261538786635, 13.505971311687427, 0.0 ], [ 120.971356610677844, 13.50591084102939, 0.0 ], [ 120.971475450541689, 13.505734080556488, 0.0 ], [ 120.9716465799454, 13.505548016757261, 0.0 ], [ 120.971812955754913, 13.50532939160529, 0.0 ], [ 120.972014983523408, 13.505099137236535, 0.0 ], [ 120.972133823387125, 13.504959589024995, 0.0 ], [ 120.972266924034557, 13.504787479449842, 0.0 ], [ 120.972381010303963, 13.504657234282464, 0.0 ], [ 120.972423792654951, 13.504578156824266, 0.0 ], [ 120.972509357356671, 13.504503730957049, 0.0 ], [ 120.972525618784275, 13.504484635862138, 0.0 ], [ 120.972543622891536, 13.504507248624657, 0.0 ], [ 120.972578648557615, 13.504493542929206, 0.0 ], [ 120.972578648557615, 13.504461562973257, 0.0 ], [ 120.972583217122647, 13.504446334422957, 0.0 ], [ 120.972610628513507, 13.504456994408212, 0.0 ], [ 120.97263803990441, 13.504443288712793, 0.0 ], [ 120.972633471339151, 13.504403694481789, 0.0 ], [ 120.972598445673157, 13.504393034496328, 0.0 ], [ 120.972595399963012, 13.504409785901986, 0.0 ], [ 120.972571034282282, 13.50441587732208, 0.0 ], [ 120.972548487635095, 13.5043821087624, 0.0 ], [ 120.972542632518753, 13.50433627266999, 0.0 ], [ 120.972594922058533, 13.504178117511509, 0.0 ], [ 120.972651965193208, 13.504033917127398, 0.0 ], [ 120.972718515517045, 13.503880413396066, 0.0 ], [ 120.97275654427348, 13.503759470991568, 0.0 ], [ 120.972851616164689, 13.503578057268566, 0.0 ], [ 120.972851616164689, 13.503489676173453, 0.0 ], [ 120.972813587408055, 13.503475721260497, 0.0 ], [ 120.972780312246172, 13.50339199176654, 0.0 ], [ 120.972832601786322, 13.503312913883651, 0.0 ], [ 120.972880137731849, 13.503233835974092, 0.0 ], [ 120.972951441650139, 13.50315940968226, 0.0 ], [ 120.973032252757449, 13.50313149981698, 0.0 ], [ 120.973094049486576, 13.503080331721415, 0.0 ], [ 120.973174860594085, 13.5030152086747, 0.0 ], [ 120.973193874972509, 13.502940782314017, 0.0 ], [ 120.973231903728788, 13.502926827368691, 0.0 ], [ 120.973284193268782, 13.502894265826452, 0.0 ], [ 120.973345989998052, 13.502894265826461, 0.0 ], [ 120.973407786727321, 13.502847749329661, 0.0 ], [ 120.973483844240036, 13.502712851437135, 0.0 ], [ 120.97354088737471, 13.502624470017464, 0.0 ], [ 120.973512365807451, 13.502559346844812, 0.0 ], [ 120.973488597834589, 13.50252213359529, 0.0 ], [ 120.973498105023737, 13.5024942236544, 0.0 ], [ 120.973521872996571, 13.502466313710027, 0.0 ], [ 120.973526626590896, 13.502433752104229, 0.0 ], [ 120.973564655347445, 13.50238723551662, 0.0 ], [ 120.973597930509186, 13.502326763938822, 0.0 ], [ 120.973588423320038, 13.502280247329955, 0.0 ], [ 120.973559901752878, 13.502270944007192, 0.0 ], [ 120.973540887374739, 13.502233730712204, 0.0 ], [ 120.973502858618204, 13.502196517410953, 0.0 ], [ 120.973474337050789, 13.502159304104399, 0.0 ], [ 120.973445815483629, 13.502117439127122, 0.0 ], [ 120.973403033132627, 13.502075574142408, 0.0 ], [ 120.973369757970801, 13.502075574142415, 0.0 ], [ 120.973341236403584, 13.502084877472948, 0.0 ], [ 120.973279439674144, 13.502047664148451, 0.0 ], [ 120.9732033821615, 13.502033709150394, 0.0 ], [ 120.973155846215946, 13.502033709150419, 0.0 ], [ 120.97310831027032, 13.502056967480215, 0.0 ], [ 120.973094049486804, 13.502089529137923, 0.0 ], [ 120.973084542297428, 13.50210813579765, 0.0 ], [ 120.973056020730525, 13.502080225807749, 0.0 ], [ 120.973022745568315, 13.502043012482552, 0.0 ], [ 120.972937180866452, 13.501991844150718, 0.0 ], [ 120.972941934461048, 13.501945327475775, 0.0 ], [ 120.972913412893831, 13.501917417466535, 0.0 ], [ 120.972870630542857, 13.501954630811518, 0.0 ], [ 120.972827848191855, 13.501954630811523, 0.0 ], [ 120.972813587408055, 13.501880204115615, 0.0 ], [ 120.972804080219362, 13.501782519041516, 0.0 ], [ 120.972827848191855, 13.501740653997437, 0.0 ], [ 120.972804080219362, 13.50170809229108, 0.0 ], [ 120.972780312246172, 13.501722047308679, 0.0 ], [ 120.97275654427348, 13.501680182253734, 0.0 ], [ 120.972704254733557, 13.501619710494602, 0.0 ], [ 120.972670979571717, 13.501568542070803, 0.0 ], [ 120.972632950815068, 13.501573193746095, 0.0 ], [ 120.972613936437057, 13.501596452121582, 0.0 ], [ 120.972556893302254, 13.501568542070812, 0.0 ], [ 120.972523618140599, 13.501568542070817, 0.0 ], [ 120.972461821411571, 13.501582497096736, 0.0 ], [ 120.972438053438609, 13.501587148771661, 0.0 ], [ 120.972404778276427, 13.501573193746083, 0.0 ], [ 120.972366749520219, 13.501549935368477, 0.0 ], [ 120.97232396716926, 13.501512721959596, 0.0 ], [ 120.97233347435828, 13.501461553512863, 0.0 ], [ 120.972323967169274, 13.501405733376085, 0.0 ], [ 120.972271677629138, 13.501401081697569, 0.0 ], [ 120.972247909656403, 13.501382474981952, 0.0 ], [ 120.972266924034557, 13.501326654826698, 0.0 ], [ 120.972252663251069, 13.501289441382445, 0.0 ], [ 120.972214634494435, 13.501317351466318, 0.0 ], [ 120.97219562011631, 13.5013173514663, 0.0 ], [ 120.972181359332581, 13.501275486339662, 0.0 ], [ 120.972176605738127, 13.501224317840856, 0.0 ], [ 120.972133823387125, 13.501177801014549, 0.0 ], [ 120.972100548225299, 13.501154542597668, 0.0 ], [ 120.972033997901448, 13.501098722388578, 0.0 ], [ 120.971967447577754, 13.501024295422345, 0.0 ], [ 120.971905650848612, 13.501019643736193, 0.0 ], [ 120.971858114903156, 13.500991733617139, 0.0 ], [ 120.97182008614665, 13.50093591336935, 0.0 ], [ 120.971767796606656, 13.500912654928664, 0.0 ], [ 120.971677478310198, 13.500940565057098, 0.0 ], [ 120.97163469595921, 13.500968475182177, 0.0 ], [ 120.971601420797356, 13.500987081930305, 0.0 ], [ 120.971544377662582, 13.501024295422322, 0.0 ], [ 120.971501595311707, 13.501028947108505, 0.0 ], [ 120.971454059366252, 13.50100568867702, 0.0 ], [ 120.971373248258715, 13.500959171807375, 0.0 ], [ 120.971335219502407, 13.501019643736221, 0.0 ], [ 120.971254408395112, 13.500945216744856, 0.0 ], [ 120.971164090098455, 13.50096847518218, 0.0 ], [ 120.9711308149366, 13.500996385303868, 0.0 ], [ 120.971040496640271, 13.500996385303873, 0.0 ], [ 120.970950178343742, 13.500982430243459, 0.0 ], [ 120.970902642398059, 13.501028947108443, 0.0 ], [ 120.970855106452632, 13.501038250480258, 0.0 ], [ 120.970807570506977, 13.50105685722289, 0.0 ], [ 120.970698237832281, 13.501052205537594, 0.0 ], [ 120.970641194697706, 13.501080115649156, 0.0 ], [ 120.970598412346703, 13.501033598794432, 0.0 ], [ 120.970550876401148, 13.501028947108461, 0.0 ], [ 120.970512847644841, 13.501094070703845, 0.0 ], [ 120.970465311699172, 13.501131284179012, 0.0 ], [ 120.970351225430022, 13.501126632494863, 0.0 ], [ 120.97018009602607, 13.501103374073107, 0.0 ], [ 120.969932909109303, 13.501005688677047, 0.0 ], [ 120.969804562056424, 13.500894048174672, 0.0 ], [ 120.969695229381884, 13.500768452546394, 0.0 ], [ 120.969628679058161, 13.50068472209019, 0.0 ], [ 120.969604911085298, 13.500568429740794, 0.0 ], [ 120.969628679058133, 13.50051260939261, 0.0 ], [ 120.969690475787161, 13.500517261088698, 0.0 ], [ 120.969738011732829, 13.500475395819938, 0.0 ], [ 120.969747518921992, 13.500410272053307, 0.0 ], [ 120.969752272516303, 13.500312586369715, 0.0 ], [ 120.969752272516303, 13.500224204049996, 0.0 ], [ 120.969771286894797, 13.500140473400329, 0.0 ], [ 120.969747518921977, 13.500052091015919, 0.0 ], [ 120.969690475787161, 13.499996270545353, 0.0 ], [ 120.969619171869027, 13.499977663719068, 0.0 ], [ 120.969528853572456, 13.499945101769475, 0.0 ], [ 120.969462303248633, 13.499903236398717, 0.0 ], [ 120.969410013708867, 13.49985671931133, 0.0 ], [ 120.969357724168745, 13.499861371020586, 0.0 ], [ 120.969291173845022, 13.499833460764599, 0.0 ], [ 120.969229377115653, 13.499777640242167, 0.0 ], [ 120.969186594764892, 13.499754381687422, 0.0 ], [ 120.969139058819252, 13.499782291953023, 0.0 ], [ 120.969096276468235, 13.499796247084472, 0.0 ], [ 120.969001204577239, 13.499866022729639, 0.0 ], [ 120.968953668631556, 13.499889281273541, 0.0 ], [ 120.968915639875249, 13.499875326147553, 0.0 ], [ 120.968868103929722, 13.499889281273509, 0.0 ], [ 120.968806307200452, 13.49989858469041, 0.0 ], [ 120.968768278444145, 13.499833460764615, 0.0 ], [ 120.968715988903895, 13.499707864570917, 0.0 ], [ 120.968692220931302, 13.499600875167912, 0.0 ], [ 120.96870172812045, 13.49949853743267, 0.0 ], [ 120.96867320655295, 13.499465975416872, 0.0 ], [ 120.968658945769448, 13.499428761678848, 0.0 ], [ 120.968635177796855, 13.499368289342, 0.0 ], [ 120.968601902634774, 13.499321772149212, 0.0 ], [ 120.968549613094623, 13.499317120429474, 0.0 ], [ 120.968516337932783, 13.499261299784845, 0.0 ], [ 120.968478309176476, 13.499233389457817, 0.0 ], [ 120.968454541203641, 13.499140355009567, 0.0 ], [ 120.968397498068967, 13.499042668799721, 0.0 ], [ 120.968330947745386, 13.498931027367592, 0.0 ], [ 120.968254890232515, 13.498851947987607, 0.0 ], [ 120.968207354286832, 13.498763565119999, 0.0 ], [ 120.968131296774246, 13.498689137416156, 0.0 ], [ 120.968074253639543, 13.49866122702125, 0.0 ], [ 120.968031471288569, 13.498619361422829, 0.0 ], [ 120.967993442531906, 13.49861005795514, 0.0 ], [ 120.967983935343113, 13.498554237143313, 0.0 ], [ 120.967969674559399, 13.498540281938176, 0.0 ], [ 120.968007703315706, 13.49850771978981, 0.0 ], [ 120.968040978477561, 13.498470505900396, 0.0 ], [ 120.968007703315735, 13.498437943742491, 0.0 ], [ 120.967974428153866, 13.49843794374249, 0.0 ], [ 120.967926892208439, 13.498451898953492, 0.0 ], [ 120.967907877830044, 13.498405381579934, 0.0 ], [ 120.967884109857465, 13.498372819412937, 0.0 ], [ 120.967822313128295, 13.498354212458533, 0.0 ], [ 120.967822313128295, 13.498386774627839, 0.0 ], [ 120.967850834695611, 13.498484461109721, 0.0 ], [ 120.967850834695582, 13.498558888878165, 0.0 ], [ 120.967836573912138, 13.49861470968904, 0.0 ], [ 120.967817559533742, 13.498721699539496, 0.0 ], [ 120.967836573912138, 13.498837992800366, 0.0 ], [ 120.967860341884716, 13.498926375640076, 0.0 ], [ 120.967907877830044, 13.499005454995041, 0.0 ], [ 120.967950660181032, 13.499079882598854, 0.0 ], [ 120.967983935343113, 13.499182220515843, 0.0 ], [ 120.968002949721281, 13.499265951505588, 0.0 ], [ 120.968031471288541, 13.499321772149218, 0.0 ], [ 120.968040978477561, 13.499410154807547, 0.0 ], [ 120.968050485666708, 13.499493885716509, 0.0 ], [ 120.968079007233996, 13.49961948202407, 0.0 ], [ 120.968121789585027, 13.499740426553329, 0.0 ], [ 120.968121789584998, 13.499847415893072, 0.0 ], [ 120.968083760828691, 13.500042787605258, 0.0 ], [ 120.968064746450423, 13.500117214881131, 0.0 ], [ 120.968088514423016, 13.500242810856719, 0.0 ], [ 120.968059992856055, 13.500340496569251, 0.0 ], [ 120.968009509681465, 13.50040096865702, 0.0 ], [ 120.968002379289743, 13.500470744122754, 0.0 ], [ 120.967980988114306, 13.500568429740783, 0.0 ], [ 120.967980988114306, 13.500652160238152, 0.0 ], [ 120.968009509681437, 13.50079868853733, 0.0 ], [ 120.96806655281614, 13.500931261681465, 0.0 ], [ 120.96813072634248, 13.501049879694648, 0.0 ], [ 120.968180639085404, 13.501161520123276, 0.0 ], [ 120.968202030260855, 13.501245250409978, 0.0 ], [ 120.968216291044641, 13.501342935706619, 0.0 ], [ 120.968194899869104, 13.501426665928815, 0.0 ], [ 120.968166378301689, 13.501573193746108, 0.0 ], [ 120.968080813599954, 13.501670878907206, 0.0 ], [ 120.96802377046528, 13.501740653997441, 0.0 ], [ 120.967952466546762, 13.501810429066914, 0.0 ], [ 120.967852641061313, 13.501859271603335, 0.0 ], [ 120.967767076359351, 13.501922069134947, 0.0 ], [ 120.967724294008448, 13.501949979143658, 0.0 ], [ 120.967595946955484, 13.501949979143697, 0.0 ], [ 120.96743907833536, 13.501984866650195, 0.0 ], [ 120.967303600890475, 13.502138371616663, 0.0 ], [ 120.967246557755971, 13.502187214084802, 0.0 ], [ 120.967160993053795, 13.502194191579685, 0.0 ], [ 120.967082558743755, 13.502263966514876, 0.0 ], [ 120.96701838521733, 13.502354673899722, 0.0 ], [ 120.966897168556116, 13.502403516323167, 0.0 ], [ 120.966683256801517, 13.502466313710231, 0.0 ], [ 120.966504997005927, 13.502515156110595, 0.0 ], [ 120.966298215642723, 13.502515156110595, 0.0 ], [ 120.966191259765324, 13.502508178625499, 0.0 ], [ 120.966020130361358, 13.502619818362936, 0.0 ], [ 120.965955956834932, 13.502738435526112, 0.0 ], [ 120.965941696051217, 13.502877985053601, 0.0 ], [ 120.966036559652821, 13.50306785410228, 0.0 ], [ 120.965941696051217, 13.503129173994751, 0.0 ], [ 120.965796978487234, 13.503224149349114, 0.0 ], [ 120.965523171441305, 13.503291132994557, 0.0 ], [ 120.964886398060344, 13.503310588063188, 0.0 ], [ 120.963802578502523, 13.502891940001772, 0.0 ], [ 120.96346745008691, 13.502794255347077, 0.0 ], [ 120.963239277548297, 13.502745413004623, 0.0 ], [ 120.963082408927917, 13.502654705769995, 0.0 ], [ 120.962968322658995, 13.502612840880909, 0.0 ], [ 120.962861366781567, 13.502598885916235, 0.0 ], [ 120.962818584430366, 13.502654705770022, 0.0 ], [ 120.962818584430366, 13.502731458047629, 0.0 ], [ 120.962704498161202, 13.502850075154873, 0.0 ], [ 120.962647455026399, 13.502926827368711, 0.0 ], [ 120.962561890324437, 13.50289194000176, 0.0 ], [ 120.962462064838988, 13.502884962527679, 0.0 ], [ 120.962519107973563, 13.502836120204066, 0.0 ], [ 120.961121551175324, 13.502291876483234, 0.0 ], [ 120.960444163951465, 13.50193602413996, 0.0 ], [ 120.960187469845664, 13.501768564027508, 0.0 ], [ 120.960023470833789, 13.501789496548049, 0.0 ], [ 120.95986660221331, 13.501761586520324, 0.0 ], [ 120.959801043364777, 13.501761586520342, 0.0 ], [ 120.959709733593201, 13.501761586520338, 0.0 ], [ 120.959602777715773, 13.501789496548035, 0.0 ], [ 120.959453039487357, 13.501866249107426, 0.0 ], [ 120.959381735569067, 13.501915091632467, 0.0 ], [ 120.959224866948716, 13.501984866650238, 0.0 ], [ 120.959146432638704, 13.502047664148487, 0.0 ], [ 120.959146432638704, 13.502096506635691, 0.0 ], [ 120.95908938950403, 13.502208146568321, 0.0 ], [ 120.959096519895752, 13.502312808957274, 0.0 ], [ 120.959079406925184, 13.502407702985099, 0.0 ], [ 120.959075128720315, 13.502431426275054, 0.0 ], [ 120.958996694410331, 13.502557021016923, 0.0 ], [ 120.958742644171593, 13.502642507227582, 0.0 ], [ 120.95821784733316, 13.502720655005081, 0.0 ], [ 120.95768924761876, 13.502590408694966, 0.0 ], [ 120.95720247953669, 13.502315030545565, 0.0 ], [ 120.956924869614795, 13.502028488075293, 0.0 ], [ 120.956772754589338, 13.501861028028882, 0.0 ], [ 120.956734725832703, 13.501775437292638, 0.0 ], [ 120.956699069667721, 13.501653151016765, 0.0 ], [ 120.956578807931351, 13.501507500873073, 0.0 ], [ 120.956491341791789, 13.501302827014268, 0.0 ], [ 120.956422890030012, 13.501176301267227, 0.0 ], [ 120.95637345264673, 13.500923249569215, 0.0 ], [ 120.956320212387936, 13.50075951009037, 0.0 ], [ 120.956379840609088, 13.500631227616626, 0.0 ], [ 120.956493926878579, 13.50057540728324, 0.0 ], [ 120.956893228821173, 13.50049865430363, 0.0 ], [ 120.95695027195562, 13.500400968657006, 0.0 ], [ 120.957057227833047, 13.500212574794885, 0.0 ], [ 120.957135662142932, 13.50003813589939, 0.0 ], [ 120.957178444494161, 13.499919517376895, 0.0 ], [ 120.957157053318497, 13.499856719311483, 0.0 ], [ 120.957064358224784, 13.499821831490214, 0.0 ], [ 120.956893228821173, 13.49982183149022, 0.0 ], [ 120.956714969025256, 13.499828809054822, 0.0 ], [ 120.956558100405005, 13.499786943663683, 0.0 ], [ 120.956408362176603, 13.499779966097808, 0.0 ], [ 120.956337058258214, 13.499759033398636, 0.0 ], [ 120.956458274919328, 13.49974507826491, 0.0 ], [ 120.956536709229567, 13.499766010965235, 0.0 ], [ 120.956608013147729, 13.499766010965226, 0.0 ], [ 120.956700708241783, 13.499696235290564, 0.0 ], [ 120.95677914255171, 13.499584594167573, 0.0 ], [ 120.95683618568637, 13.499493885716502, 0.0 ], [ 120.957199835669726, 13.498893813545205, 0.0 ], [ 120.957185574885884, 13.498663552887875, 0.0 ], [ 120.957050097441297, 13.49855191127585, 0.0 ], [ 120.95683618568637, 13.49860773208831, 0.0 ], [ 120.956636534715017, 13.498705418478535, 0.0 ], [ 120.956558100405033, 13.498768216850715, 0.0 ], [ 120.956522448445781, 13.498865903174256, 0.0 ], [ 120.956493926878579, 13.498914746321043, 0.0 ], [ 120.956490219074695, 13.498946843240526, 0.0 ], [ 120.956383263197495, 13.498875671804656, 0.0 ], [ 120.956337628689766, 13.498854739025225, 0.0 ], [ 120.95623780320399, 13.498821246574458, 0.0 ], [ 120.956176481834291, 13.498787754118895, 0.0 ], [ 120.956112308307851, 13.498745888542766, 0.0 ], [ 120.956026743605889, 13.498723560232216, 0.0 ], [ 120.955879857534228, 13.498599358967299, 0.0 ], [ 120.955857040280307, 13.498578426163382, 0.0 ], [ 120.955719423717952, 13.498515627740581, 0.0 ], [ 120.955743191691113, 13.49847957678689, 0.0 ], [ 120.955714670123584, 13.498423755943648, 0.0 ], [ 120.955698032542386, 13.498377238564521, 0.0 ], [ 120.95570753973189, 13.498358631610332, 0.0 ], [ 120.955555159641676, 13.498155547141803, 0.0 ], [ 120.955362904126673, 13.497574812328821, 0.0 ], [ 120.95525534755518, 13.496950588088586, 0.0 ], [ 120.955229649376179, 13.49661365641011, 0.0 ], [ 120.955210262857932, 13.496274172366009, 0.0 ], [ 120.955263012959364, 13.496031824703163, 0.0 ], [ 120.955327661845217, 13.495864360396006, 0.0 ], [ 120.955429649185021, 13.495605729640831, 0.0 ], [ 120.95551780562721, 13.495410345453418, 0.0 ], [ 120.955601468891359, 13.495280095103542, 0.0 ], [ 120.955636620966644, 13.49530431263589, 0.0 ], [ 120.955826379595479, 13.495027963139389, 0.0 ], [ 120.956000770833825, 13.494666056770654, 0.0 ], [ 120.956171900237692, 13.494316240278067, 0.0 ], [ 120.956312606636402, 13.494141331837143, 0.0 ], [ 120.956378324738822, 13.494223880923066, 0.0 ], [ 120.956437216495488, 13.49413481498943, 0.0 ], [ 120.956610722696709, 13.493967349334776, 0.0 ], [ 120.956974372679937, 13.493634743584346, 0.0 ], [ 120.957196794748057, 13.493517029166767, 0.0 ], [ 120.957207298813046, 13.493511470005288, 0.0 ], [ 120.957559064809857, 13.493406803708131, 0.0 ], [ 120.957587289277413, 13.493523099590899, 0.0 ], [ 120.957633636824198, 13.493530077341935, 0.0 ], [ 120.957672853979631, 13.493599854842106, 0.0 ], [ 120.957722766722327, 13.493655676827212, 0.0 ], [ 120.957808331424289, 13.493701032180468, 0.0 ], [ 120.957819027011979, 13.493634743584357, 0.0 ], [ 120.957872504950728, 13.493690565561257, 0.0 ], [ 120.957893896126293, 13.49374638752484, 0.0 ], [ 120.957940243672851, 13.49381616496076, 0.0 ], [ 120.95802937357098, 13.493837098187633, 0.0 ], [ 120.958136329448379, 13.493812676089451, 0.0 ], [ 120.958196937778908, 13.493840587058672, 0.0 ], [ 120.958293198068759, 13.493892920116584, 0.0 ], [ 120.958389458358283, 13.493931297685068, 0.0 ], [ 120.958482153451996, 13.493920831075993, 0.0 ], [ 120.958521370607173, 13.493899897856782, 0.0 ], [ 120.958553457370158, 13.493962697509117, 0.0 ], [ 120.958642587268287, 13.494008052803412, 0.0 ], [ 120.958717456382374, 13.493994097329329, 0.0 ], [ 120.958763803929187, 13.493987119591807, 0.0 ], [ 120.958792325496447, 13.494018519408421, 0.0 ], [ 120.958799455888439, 13.494074341294574, 0.0 ], [ 120.958852933826961, 13.494081319029441, 0.0 ], [ 120.958885020590429, 13.494042941485263, 0.0 ], [ 120.958906411765838, 13.494008052803405, 0.0 ], [ 120.959013367643038, 13.493990608460537, 0.0 ], [ 120.959177366655467, 13.493941764293425, 0.0 ], [ 120.959295018120557, 13.493840587058703, 0.0 ], [ 120.959380582822519, 13.493791742860676, 0.0 ], [ 120.959486321971269, 13.49370934571397, 0.0 ], [ 120.959573103401794, 13.493641721332153, 0.0 ], [ 120.959754334193903, 13.493510888526041, 0.0 ], [ 120.95996527495231, 13.493307370683127, 0.0 ], [ 120.960149476741549, 13.493063149039825, 0.0 ], [ 120.960199983683438, 13.493028260212895, 0.0 ], [ 120.960197012686876, 13.492170574929759, 0.0 ], [ 120.960226722652592, 13.491301256832244, 0.0 ], [ 120.960271287601813, 13.490283656326323, 0.0 ], [ 120.960306939560837, 13.489809743735183, 0.0 ], [ 120.960363388496148, 13.48930094081326, 0.0 ], [ 120.960419837431459, 13.488986936176385, 0.0 ], [ 120.960517880319102, 13.488594429792739, 0.0 ], [ 120.960618894203208, 13.488262979449312, 0.0 ], [ 120.960752589050131, 13.487925713709169, 0.0 ], [ 120.960841718948245, 13.487742543320445, 0.0 ], [ 120.960948674825445, 13.487608799772341, 0.0 ], [ 120.961091282661869, 13.487434351552173, 0.0 ], [ 120.961138818607523, 13.487413999251325, 0.0 ], [ 120.961233890498406, 13.487413999251318, 0.0 ], [ 120.961314107406707, 13.487422721666301, 0.0 ], [ 120.961373527338452, 13.487390739476789, 0.0 ], [ 120.961412150294322, 13.487358757283332, 0.0 ], [ 120.961492367202595, 13.487347127393626, 0.0 ], [ 120.96155178713434, 13.487350034866287, 0.0 ], [ 120.961611207066213, 13.487315145194323, 0.0 ], [ 120.961637946035694, 13.487286070463785, 0.0 ], [ 120.96169736596724, 13.487268625623525, 0.0 ], [ 120.961741930916347, 13.487251180782208, 0.0 ], [ 120.961765698889195, 13.487198846250347, 0.0 ], [ 120.9617686698857, 13.487163956555859, 0.0 ], [ 120.961795408855224, 13.487126159381376, 0.0 ], [ 120.961875625763128, 13.487056379965859, 0.0 ], [ 120.961976639647332, 13.487006952867542, 0.0 ], [ 120.96208062452834, 13.486977878098985, 0.0 ], [ 120.962137073463623, 13.486969155667673, 0.0 ], [ 120.962211348378204, 13.487018582773821, 0.0 ], [ 120.962241058344588, 13.4870767322974, 0.0 ], [ 120.962252942330679, 13.487123251906045, 0.0 ], [ 120.962294536283167, 13.487198846250386, 0.0 ], [ 120.962324246248954, 13.487236643413429, 0.0 ], [ 120.96237772418786, 13.487233735939563, 0.0 ], [ 120.962425260133173, 13.487207568673284, 0.0 ], [ 120.962475767075389, 13.487216291095395, 0.0 ], [ 120.962523303020717, 13.487184308878126, 0.0 ], [ 120.962526274017378, 13.48715814160642, 0.0 ], [ 120.962579751956028, 13.487129066856326, 0.0 ], [ 120.962654026871178, 13.487097084627178, 0.0 ], [ 120.962734243779082, 13.487099992102856, 0.0 ], [ 120.962784750721198, 13.487099992102852, 0.0 ], [ 120.962790692714648, 13.487073824821575, 0.0 ], [ 120.962835257663528, 13.487062194918151, 0.0 ], [ 120.962867938625777, 13.487053472489832, 0.0 ], [ 120.962897648592048, 13.487030212679942, 0.0 ], [ 120.962942213540828, 13.487033120156163, 0.0 ], [ 120.962906561581804, 13.487004045390981, 0.0 ], [ 120.962844170653199, 13.486974970622054, 0.0 ], [ 120.962841199656509, 13.486905191161854, 0.0 ], [ 120.96284417065317, 13.486832504202273, 0.0 ], [ 120.962936271547647, 13.486541756140179, 0.0 ], [ 120.96301648845602, 13.486137615738716, 0.0 ], [ 120.963168009282299, 13.485608452439768, 0.0 ], [ 120.963322501105154, 13.485143252954749, 0.0 ], [ 120.963579789410346, 13.484610598417923, 0.0 ], [ 120.963674861301342, 13.484475690091088, 0.0 ], [ 120.96373665803047, 13.484331477656559, 0.0 ], [ 120.963860251488796, 13.484094224749807, 0.0 ], [ 120.964002859325419, 13.483875579702834, 0.0 ], [ 120.964102684810896, 13.483773235143337, 0.0 ], [ 120.964140713567232, 13.483689498652595, 0.0 ], [ 120.964273814214849, 13.483554589799082, 0.0 ], [ 120.964454450807807, 13.483428984935113, 0.0 ], [ 120.964625580211646, 13.483335944252074, 0.0 ], [ 120.964682026899368, 13.483331355785953, 0.0 ], [ 120.964735326825917, 13.48331993437314, 0.0 ], [ 120.964803855302904, 13.483312320097898, 0.0 ], [ 120.964853348091765, 13.483297091547341, 0.0 ], [ 120.964891419468046, 13.483262827308979, 0.0 ], [ 120.964929490843815, 13.483259020171458, 0.0 ], [ 120.964967562220068, 13.483270441584258, 0.0 ], [ 120.965028476421708, 13.4832780558595, 0.0 ], [ 120.965066547797832, 13.483259020171435, 0.0 ], [ 120.965104619173886, 13.483232370208162, 0.0 ], [ 120.965146497687542, 13.483194298832041, 0.0 ], [ 120.965180761926149, 13.483171456006295, 0.0 ], [ 120.965199797614346, 13.483133384630165, 0.0 ], [ 120.965218833302174, 13.483080084703769, 0.0 ], [ 120.965279747503956, 13.483000134814032, 0.0 ], [ 120.965325433155286, 13.482939220612142, 0.0 ], [ 120.965390154494699, 13.48284404217191, 0.0 ], [ 120.965412997320428, 13.482805970795829, 0.0 ], [ 120.965462490109303, 13.482783127970247, 0.0 ], [ 120.965536858843976, 13.482764421449808, 0.0 ], [ 120.965628588662526, 13.482828871884866, 0.0 ], [ 120.965680878202548, 13.482870740286737, 0.0 ], [ 120.965766442904183, 13.482954477068169, 0.0 ], [ 120.965875775578979, 13.483010301572861, 0.0 ], [ 120.965970847470089, 13.48306612606398, 0.0 ], [ 120.96611345530664, 13.483089386264869, 0.0 ], [ 120.966194266413936, 13.483056821982951, 0.0 ], [ 120.966260816737773, 13.483094038304507, 0.0 ], [ 120.96633212065592, 13.483191731121002, 0.0 ], [ 120.966365395817903, 13.48330803204035, 0.0 ], [ 120.966403424574182, 13.483456897132863, 0.0 ], [ 120.966484235681492, 13.483587154012433, 0.0 ], [ 120.966536525221741, 13.483591806042108, 0.0 ], [ 120.966574553978063, 13.483582501982038, 0.0 ], [ 120.966626843518497, 13.483619718220675, 0.0 ], [ 120.966683886652845, 13.483647630395984, 0.0 ], [ 120.966755190571121, 13.483624370250148, 0.0 ], [ 120.966850262462117, 13.483582501982019, 0.0 ], [ 120.966912059191245, 13.48357784995161, 0.0 ], [ 120.966988116704329, 13.483624370250151, 0.0 ], [ 120.967035652649656, 13.483605762131914, 0.0 ], [ 120.967049913433456, 13.48357784995161, 0.0 ], [ 120.967106956567932, 13.483596458072192, 0.0 ], [ 120.9671544925136, 13.483591806042128, 0.0 ], [ 120.967211535648275, 13.483647630396021, 0.0 ], [ 120.967244810810158, 13.483680194596227, 0.0 ], [ 120.967254317999277, 13.48372206284713, 0.0 ], [ 120.967311361134009, 13.483726714874503, 0.0 ], [ 120.967377911457547, 13.483712758791803, 0.0 ], [ 120.967396925835715, 13.483694150680526, 0.0 ], [ 120.967463476159537, 13.483782539196195, 0.0 ], [ 120.967520519294126, 13.483815103377619, 0.0 ], [ 120.967629851968709, 13.483791843248319, 0.0 ], [ 120.96765837353621, 13.483740670956115, 0.0 ], [ 120.967644112752396, 13.483666238510864, 0.0 ], [ 120.967591823212615, 13.48367554256779, 0.0 ], [ 120.967534780077571, 13.483619718220689, 0.0 ], [ 120.967477736942897, 13.483535981675125, 0.0 ], [ 120.967453968970418, 13.48343828900166, 0.0 ], [ 120.967463476159537, 13.483331292217196, 0.0 ], [ 120.967549040861172, 13.483149862776331, 0.0 ], [ 120.967639359157857, 13.483052169942425, 0.0 ], [ 120.967796227777967, 13.482968433195827, 0.0 ], [ 120.967938835614859, 13.482945172982848, 0.0 ], [ 120.967972110776486, 13.482991693406094, 0.0 ], [ 120.968057675478349, 13.482963781153153, 0.0 ], [ 120.968095704234983, 13.482931216854301, 0.0 ], [ 120.968228804882301, 13.482940520940183, 0.0 ], [ 120.968323876773297, 13.483005649531044, 0.0 ], [ 120.968461731015282, 13.483038213819933, 0.0 ], [ 120.968590078068246, 13.483047517901703, 0.0 ], [ 120.968680396364903, 13.48307077810434, 0.0 ], [ 120.968742193093803, 13.483056821982965, 0.0 ], [ 120.968761207472198, 13.483010301572858, 0.0 ], [ 120.9688039898234, 13.482917260724555, 0.0 ], [ 120.96887529374159, 13.48288469641898, 0.0 ], [ 120.968975119226798, 13.482889348463251, 0.0 ], [ 120.969065437523454, 13.482903304594288, 0.0 ], [ 120.969103466280018, 13.482833523930006, 0.0 ], [ 120.969155755819983, 13.482768395291339, 0.0 ], [ 120.969117727063676, 13.48269396253966, 0.0 ], [ 120.969079698307368, 13.482684658443846, 0.0 ], [ 120.969108219874656, 13.482596269517288, 0.0 ], [ 120.969098712685309, 13.48253579286389, 0.0 ], [ 120.969141495036567, 13.48247531619522, 0.0 ], [ 120.969274595683927, 13.482377623082458, 0.0 ], [ 120.969388681953092, 13.482317146373086, 0.0 ], [ 120.969426710709627, 13.482298538151847, 0.0 ], [ 120.96946473946619, 13.482345058702261, 0.0 ], [ 120.969507521816809, 13.482303190207299, 0.0 ], [ 120.969583579329779, 13.482238061422459, 0.0 ], [ 120.969621608086413, 13.482196192908241, 0.0 ], [ 120.96968815840988, 13.482168280561181, 0.0 ], [ 120.969669144031741, 13.48210780379816, 0.0 ], [ 120.969778476706438, 13.482075239381061, 0.0 ], [ 120.96985453421938, 13.482042674959521, 0.0 ], [ 120.969959113299524, 13.482079891440947, 0.0 ], [ 120.970073199568674, 13.482051979080373, 0.0 ], [ 120.970187285838065, 13.482028718777331, 0.0 ], [ 120.97029186491784, 13.482038022898937, 0.0 ], [ 120.970334647269169, 13.482000806410738, 0.0 ], [ 120.970334647269183, 13.481963589916635, 0.0 ], [ 120.970448733537992, 13.481921721353951, 0.0 ], [ 120.970624616536711, 13.48186124452778, 0.0 ], [ 120.970719688427593, 13.481772855292453, 0.0 ], [ 120.970790992345883, 13.481796115620858, 0.0 ], [ 120.970928846588123, 13.481819375946852, 0.0 ], [ 120.971000150506384, 13.481772855292434, 0.0 ], [ 120.971076208019198, 13.481754247028395, 0.0 ], [ 120.971057193640732, 13.481684466024129, 0.0 ], [ 120.970947860966234, 13.481661205685043, 0.0 ], [ 120.970914585804408, 13.481544903954118, 0.0 ], [ 120.970757717183929, 13.481600728792197, 0.0 ], [ 120.970710181238573, 13.481637945343479, 0.0 ], [ 120.970600848563805, 13.481516991530484, 0.0 ], [ 120.970577080591056, 13.481442558383913, 0.0 ], [ 120.970462994321906, 13.481451862528367, 0.0 ], [ 120.970230068188798, 13.481437906311394, 0.0 ], [ 120.970211053810658, 13.481400689728714, 0.0 ], [ 120.970025663623247, 13.481447210456231, 0.0 ], [ 120.969898504968555, 13.481544903954093, 0.0 ], [ 120.969808186672495, 13.481554208094856, 0.0 ], [ 120.969636363952972, 13.481551442548998, 0.0 ], [ 120.969502064765635, 13.481613931009161, 0.0 ], [ 120.969401191045904, 13.481594542014198, 0.0 ], [ 120.969309068826874, 13.481577877471542, 0.0 ], [ 120.969213996935878, 13.481580203506562, 0.0 ], [ 120.969123678639448, 13.481526704699041, 0.0 ], [ 120.9692662864759, 13.481447619483349, 0.0 ], [ 120.969271040070552, 13.481363882167232, 0.0 ], [ 120.969259156084149, 13.481291775010163, 0.0 ], [ 120.969294808043387, 13.481282470859126, 0.0 ], [ 120.969299561637868, 13.4812429282137, 0.0 ], [ 120.969349474380806, 13.48120803763862, 0.0 ], [ 120.969358981569826, 13.481131278355315, 0.0 ], [ 120.969313822421427, 13.481070801326739, 0.0 ], [ 120.969299561637868, 13.481024280524945, 0.0 ], [ 120.969271040070552, 13.480970781591505, 0.0 ], [ 120.969213996935906, 13.480928912852617, 0.0 ], [ 120.969118925044768, 13.480931238893863, 0.0 ], [ 120.969116548247726, 13.480898674314371, 0.0 ], [ 120.969085649882913, 13.480868435772187, 0.0 ], [ 120.969052374721301, 13.480875413897646, 0.0 ], [ 120.969028606748239, 13.480863783688498, 0.0 ], [ 120.969038113937458, 13.480831219099636, 0.0 ], [ 120.969016722762021, 13.480759111779685, 0.0 ], [ 120.968876491722654, 13.480747481564682, 0.0 ], [ 120.968905803683697, 13.480663215485379, 0.0 ], [ 120.968845593358196, 13.48062885333958, 0.0 ], [ 120.968843216560799, 13.480584658495323, 0.0 ], [ 120.968836086169077, 13.480540463642949, 0.0 ], [ 120.968736260683414, 13.480491616691062, 0.0 ], [ 120.968700608724362, 13.480426487406142, 0.0 ], [ 120.968657826373175, 13.480379966477132, 0.0 ], [ 120.968596029644019, 13.480386944617345, 0.0 ], [ 120.968598406441416, 13.480368336243668, 0.0 ], [ 120.968565131279533, 13.480352053915661, 0.0 ], [ 120.968541363306599, 13.480377640430588, 0.0 ], [ 120.968515218536709, 13.48042416135994, 0.0 ], [ 120.968491450563903, 13.480386944617349, 0.0 ], [ 120.968529479320296, 13.480347401821652, 0.0 ], [ 120.968588899252268, 13.480335771586551, 0.0 ], [ 120.968606951026345, 13.480275339213524, 0.0 ], [ 120.96864118879239, 13.480284598544598, 0.0 ], [ 120.968662579967813, 13.480247381779995, 0.0 ], [ 120.968636435197723, 13.480205512912693, 0.0 ], [ 120.968584145657701, 13.480214817106038, 0.0 ], [ 120.968555624090413, 13.480221795250841, 0.0 ], [ 120.968555624090413, 13.480189230573446, 0.0 ], [ 120.968584145657729, 13.480172948233031, 0.0 ], [ 120.968593652846721, 13.480140383548886, 0.0 ], [ 120.968624551211533, 13.48013107935253, 0.0 ], [ 120.968634058400653, 13.48010549281079, 0.0 ], [ 120.968634058400653, 13.480061297868474, 0.0 ], [ 120.968584145657701, 13.480045015519535, 0.0 ], [ 120.968588899252296, 13.480017102918085, 0.0 ], [ 120.968615044022158, 13.480007798716905, 0.0 ], [ 120.96864118879239, 13.479979886111146, 0.0 ], [ 120.968672087156833, 13.479993842414311, 0.0 ], [ 120.968669710359805, 13.480033385269167, 0.0 ], [ 120.968686347940704, 13.480058971818721, 0.0 ], [ 120.968721999899557, 13.48005664576897, 0.0 ], [ 120.968738637480428, 13.480024081068775, 0.0 ], [ 120.96875527506154, 13.48000547266664, 0.0 ], [ 120.96875289826427, 13.479970581908551, 0.0 ], [ 120.968676840751527, 13.479947321400402, 0.0 ], [ 120.968686347940675, 13.479914756685242, 0.0 ], [ 120.968667333562507, 13.479877539862201, 0.0 ], [ 120.968653072778693, 13.479863583551987, 0.0 ], [ 120.968681594345981, 13.479837996981185, 0.0 ], [ 120.968714869507835, 13.479893822222888, 0.0 ], [ 120.968743391075122, 13.479912430633881, 0.0 ], [ 120.968798057412528, 13.479877539862205, 0.0 ], [ 120.96876953584524, 13.479824040668781, 0.0 ], [ 120.968750521467072, 13.479786823831565, 0.0 ], [ 120.968769535845269, 13.4797449548826, 0.0 ], [ 120.968800434209797, 13.479763563305086, 0.0 ], [ 120.968836086169077, 13.479744954882563, 0.0 ], [ 120.968943042046476, 13.479765889358026, 0.0 ], [ 120.96891927407367, 13.479737976723699, 0.0 ], [ 120.968909766884622, 13.479705411979358, 0.0 ], [ 120.968952549235624, 13.47968215144504, 0.0 ], [ 120.968978694005486, 13.479707738032875, 0.0 ], [ 120.969007215573001, 13.479682151445058, 0.0 ], [ 120.96900008518115, 13.479630978261699, 0.0 ], [ 120.968945418843646, 13.47961702193672, 0.0 ], [ 120.96885985414157, 13.479575152957898, 0.0 ], [ 120.968828955777084, 13.479558870575117, 0.0 ], [ 120.968779043034601, 13.479551892410766, 0.0 ], [ 120.96883846296636, 13.479528631861358, 0.0 ], [ 120.968900259695275, 13.479519327640695, 0.0 ], [ 120.968931158060059, 13.479482110755422, 0.0 ], [ 120.968924027668123, 13.479456524143568, 0.0 ], [ 120.968847970155252, 13.479447219920196, 0.0 ], [ 120.96876953584524, 13.479435589640492, 0.0 ], [ 120.968755275061568, 13.479393720629327, 0.0 ], [ 120.968790927020777, 13.479389068516507, 0.0 ], [ 120.968807564601804, 13.479337895269335, 0.0 ], [ 120.96876953584524, 13.479284395953753, 0.0 ], [ 120.968805187804492, 13.479307656527348, 0.0 ], [ 120.968852723750175, 13.47931928681324, 0.0 ], [ 120.968905013289941, 13.47932859104135, 0.0 ], [ 120.968933534857229, 13.479312308641745, 0.0 ], [ 120.968943042046476, 13.479258809320191, 0.0 ], [ 120.968995331586598, 13.479244852973512, 0.0 ], [ 120.9690238531538, 13.479177397286106, 0.0 ], [ 120.968969186816693, 13.479133202170287, 0.0 ], [ 120.968962056424644, 13.479102963401788, 0.0 ], [ 120.969009592370298, 13.479107615520094, 0.0 ], [ 120.969057128315626, 13.479100637342423, 0.0 ], [ 120.969052374721301, 13.479042485853309, 0.0 ], [ 120.969069012302043, 13.479026203433776, 0.0 ], [ 120.96908089628846, 13.47899829071228, 0.0 ], [ 120.969066635504745, 13.478961073744774, 0.0 ], [ 120.969026229951169, 13.478942465258653, 0.0 ], [ 120.969042867532153, 13.478921530710126, 0.0 ], [ 120.969073765896752, 13.478928508893333, 0.0 ], [ 120.96910228746404, 13.478912226466019, 0.0 ], [ 120.969107041058479, 13.478863379176969, 0.0 ], [ 120.969095157072033, 13.478819184002321, 0.0 ], [ 120.969054751518698, 13.478805227629577, 0.0 ], [ 120.969019099559418, 13.478826162188369, 0.0 ], [ 120.968997708383654, 13.478828488250212, 0.0 ], [ 120.969019099559446, 13.478781967006636, 0.0 ], [ 120.968973940411161, 13.478742423942185, 0.0 ], [ 120.968914520479316, 13.478726141501872, 0.0 ], [ 120.968876491722654, 13.47873544575363, 0.0 ], [ 120.96883370937168, 13.478730793627882, 0.0 ], [ 120.968783796629054, 13.47871916331297, 0.0 ], [ 120.968798057412528, 13.478693576618296, 0.0 ], [ 120.968847970155281, 13.478698228744785, 0.0 ], [ 120.968885998912029, 13.478700554808048, 0.0 ], [ 120.968912143681692, 13.478654033539227, 0.0 ], [ 120.968947795641157, 13.478642403220313, 0.0 ], [ 120.968992954789329, 13.478644729284099, 0.0 ], [ 120.969035737140445, 13.478649381411522, 0.0 ], [ 120.969047621126833, 13.4786772941746, 0.0 ], [ 120.969040015375413, 13.478727769746055, 0.0 ], [ 120.969102762823354, 13.478755682499765, 0.0 ], [ 120.969154101644662, 13.478755682499752, 0.0 ], [ 120.969176918898384, 13.47868310933333, 0.0 ], [ 120.969222553406325, 13.478621701251672, 0.0 ], [ 120.969205440465871, 13.478526797821662, 0.0 ], [ 120.969233962033059, 13.478532380377382, 0.0 ], [ 120.96929670948137, 13.478487719927681, 0.0 ], [ 120.969393682809951, 13.478565875709261, 0.0 ], [ 120.969536290646602, 13.478621701251656, 0.0 ], [ 120.969644672602399, 13.478638448911786, 0.0 ], [ 120.969707420050554, 13.478543545488737, 0.0 ], [ 120.969753054558055, 13.478443059469219, 0.0 ], [ 120.969815802006465, 13.478437476911488, 0.0 ], [ 120.969872845140941, 13.47834815596743, 0.0 ], [ 120.970106721992806, 13.478376068765888, 0.0 ], [ 120.970209399635209, 13.478420729236994, 0.0 ], [ 120.97030066865068, 13.478426311795218, 0.0 ], [ 120.970443276487117, 13.478415146678595, 0.0 ], [ 120.970540240233504, 13.478386127032328, 0.0 ], [ 120.970640065718953, 13.478441952617183, 0.0 ], [ 120.970730384015511, 13.478432648354051, 0.0 ], [ 120.970815948717245, 13.478544299488799, 0.0 ], [ 120.970934788581289, 13.478572212264201, 0.0 ], [ 120.971067889228721, 13.478609429292893, 0.0 ], [ 120.971143946741563, 13.478655950570547, 0.0 ], [ 120.97124377222724, 13.478674559079263, 0.0 ], [ 120.971381626469224, 13.478641994188372, 0.0 ], [ 120.971486205549382, 13.478641994188402, 0.0 ], [ 120.971600291818504, 13.478628037805166, 0.0 ], [ 120.971671595737021, 13.47858151652197, 0.0 ], [ 120.971723885277015, 13.478502430319528, 0.0 ], [ 120.97171913168232, 13.478390779164862, 0.0 ], [ 120.971681102925785, 13.478334953567529, 0.0 ], [ 120.971624059791665, 13.478274475822445, 0.0 ], [ 120.971552755872949, 13.478227954469656, 0.0 ], [ 120.9714529303874, 13.478209345925755, 0.0 ], [ 120.971405394441817, 13.478209345925734, 0.0 ], [ 120.971343597712661, 13.478195389517111, 0.0 ], [ 120.971310322550735, 13.47811165104714, 0.0 ], [ 120.971239018632517, 13.478023260407804, 0.0 ], [ 120.971153453930555, 13.477990695427172, 0.0 ], [ 120.971063135634083, 13.477939521876914, 0.0 ], [ 120.971001338904983, 13.477841826886586, 0.0 ], [ 120.970982324526716, 13.477697610398151, 0.0 ], [ 120.970968063743115, 13.477516176626683, 0.0 ], [ 120.971006092499479, 13.477353351328366, 0.0 ], [ 120.971039367661319, 13.477190525917724, 0.0 ], [ 120.971082150012194, 13.476995135276747, 0.0 ], [ 120.971129685957806, 13.476939309349516, 0.0 ], [ 120.971267540199989, 13.476888135571592, 0.0 ], [ 120.971357858496461, 13.476850918271357, 0.0 ], [ 120.971338844118094, 13.476818353128905, 0.0 ], [ 120.971267540199989, 13.476813700965263, 0.0 ], [ 120.971215250659668, 13.476762527159993, 0.0 ], [ 120.971234265038035, 13.476534570983221, 0.0 ], [ 120.97130556895624, 13.476283353717069, 0.0 ], [ 120.971331713726286, 13.476143206931543, 0.0 ], [ 120.971391133658116, 13.475971657848634, 0.0 ], [ 120.971444611596795, 13.475829184786747, 0.0 ], [ 120.971521857508364, 13.475672173557633, 0.0 ], [ 120.971584248437125, 13.4754948088953, 0.0 ], [ 120.9716347553791, 13.47532907458219, 0.0 ], [ 120.971670407338166, 13.475206954487893, 0.0 ], [ 120.971688233317792, 13.475128448679699, 0.0 ], [ 120.971700117304138, 13.475020866603328, 0.0 ], [ 120.971747653249608, 13.474849316705145, 0.0 ], [ 120.971833812150976, 13.47462252173268, 0.0 ], [ 120.971925913045226, 13.47438409601412, 0.0 ], [ 120.972000187960319, 13.474250344895891, 0.0 ], [ 120.972127940813721, 13.474000288254327, 0.0 ], [ 120.972172505762742, 13.473825829975242, 0.0 ], [ 120.97235076555846, 13.473407129580012, 0.0 ], [ 120.972419098479975, 13.473322807882946, 0.0 ], [ 120.972606027324019, 13.473252982161315, 0.0 ], [ 120.972748635160471, 13.473141328524463, 0.0 ], [ 120.972839904175856, 13.473018509462841, 0.0 ], [ 120.97284692198987, 13.472889568343271, 0.0 ], [ 120.972864747969453, 13.472747093421681, 0.0 ], [ 120.972950906870608, 13.47249412753281, 0.0 ], [ 120.973034094775286, 13.472281868589441, 0.0 ], [ 120.973135108659491, 13.471979471956983, 0.0 ], [ 120.973173731615361, 13.471857350130264, 0.0 ], [ 120.973191557594774, 13.471647998280506, 0.0 ], [ 120.973197499587968, 13.471522968615099, 0.0 ], [ 120.973224238557336, 13.471447369250395, 0.0 ], [ 120.973236122543767, 13.47132233947865, 0.0 ], [ 120.973274745499552, 13.471127525516424, 0.0 ], [ 120.973304455465396, 13.470993772553873, 0.0 ], [ 120.97336684639393, 13.470839665785558, 0.0 ], [ 120.973441121308767, 13.470697189627417, 0.0 ], [ 120.973464889281601, 13.470621589998377, 0.0 ], [ 120.973509454230467, 13.470464575306947, 0.0 ], [ 120.97359858412824, 13.470199976238831, 0.0 ], [ 120.973663946053634, 13.47006331506574, 0.0 ], [ 120.97372633698194, 13.469958638368912, 0.0 ], [ 120.973809524886434, 13.469787084793275, 0.0 ], [ 120.973874886811572, 13.469664961833143, 0.0 ], [ 120.973969958702568, 13.469496315736633, 0.0 ], [ 120.974103653549406, 13.469231715583913, 0.0 ], [ 120.974204667433739, 13.469086330758406, 0.0 ], [ 120.974350246266795, 13.468929315046427, 0.0 ], [ 120.974584954998093, 13.468699606687251, 0.0 ], [ 120.974736475824372, 13.468545498422396, 0.0 ], [ 120.974938503592853, 13.468420467114804, 0.0 ], [ 120.975179154316876, 13.46829252803372, 0.0 ], [ 120.975286110194304, 13.468266358667739, 0.0 ], [ 120.975390095075113, 13.468208204510617, 0.0 ], [ 120.975502992945849, 13.468109342410774, 0.0 ], [ 120.97554458689811, 13.46805700363555, 0.0 ], [ 120.975716904700903, 13.46789998723926, 0.0 ], [ 120.975746614666591, 13.467870910117403, 0.0 ], [ 120.975963497418135, 13.4677720478763, 0.0 ], [ 120.976308133023323, 13.467719709026214, 0.0 ], [ 120.976489363815446, 13.467821479002001, 0.0 ], [ 120.97660226168594, 13.467952326049433, 0.0 ], [ 120.976694362580517, 13.467902894951234, 0.0 ], [ 120.976899361345673, 13.467868002404879, 0.0 ], [ 120.977086534131217, 13.467911618086914, 0.0 ], [ 120.977163780042545, 13.46792324893414, 0.0 ], [ 120.977223199974333, 13.467888356390896, 0.0 ], [ 120.977276677913139, 13.467911618086919, 0.0 ], [ 120.977365807811054, 13.467943602915366, 0.0 ], [ 120.977428198739489, 13.467949418338002, 0.0 ], [ 120.977508415647733, 13.467879633254393, 0.0 ], [ 120.977757979361584, 13.467888356390896, 0.0 ], [ 120.977962978126712, 13.467926156645863, 0.0 ], [ 120.978212541840676, 13.468033741953485, 0.0 ], [ 120.978319497718076, 13.468065726765261, 0.0 ], [ 120.978491815520528, 13.468123880957435, 0.0 ], [ 120.978506670503776, 13.468251820129836, 0.0 ], [ 120.978806741159616, 13.468423374820254, 0.0 ], [ 120.979121666798832, 13.468597837089661, 0.0 ], [ 120.979433621441331, 13.468827545547876, 0.0 ], [ 120.979403911475401, 13.468911868849814, 0.0 ], [ 120.979433621441331, 13.469100869245052, 0.0 ], [ 120.979418766458437, 13.469147392396158, 0.0 ], [ 120.979418766458437, 13.469260792538236, 0.0 ], [ 120.979332607557026, 13.469423623416546, 0.0 ], [ 120.979353404533057, 13.46956900803432, 0.0 ], [ 120.979389056492352, 13.469635884928396, 0.0 ], [ 120.979460360410584, 13.469728931010536, 0.0 ], [ 120.979597026254226, 13.469821977056196, 0.0 ], [ 120.979739634090478, 13.469894669253637, 0.0 ], [ 120.979855502957847, 13.469915023064816, 0.0 ], [ 120.979911951893087, 13.469941192248298, 0.0 ], [ 120.979956516842151, 13.469897576940998, 0.0 ], [ 120.980078327702373, 13.469830700120854, 0.0 ], [ 120.980188254576362, 13.469798715548151, 0.0 ], [ 120.980411079320902, 13.46980453092525, 0.0 ], [ 120.980636875062473, 13.469821977056165, 0.0 ], [ 120.980832960837546, 13.469920838439171, 0.0 ], [ 120.981026075616327, 13.470051684323787, 0.0 ], [ 120.981260784347128, 13.470258129905739, 0.0 ], [ 120.981397450190627, 13.47041514473438, 0.0 ], [ 120.981543029023911, 13.470557621062573, 0.0 ], [ 120.981611361945426, 13.470639036068862, 0.0 ], [ 120.981670781877455, 13.470650666781632, 0.0 ], [ 120.981736143802465, 13.470621589998389, 0.0 ], [ 120.981765853768422, 13.470714635692362, 0.0 ], [ 120.98182824469707, 13.47079314296789, 0.0 ], [ 120.981920345591476, 13.470807681349342, 0.0 ], [ 120.982012446485911, 13.470772789232306, 0.0 ], [ 120.982006504492688, 13.47082803508197, 0.0 ], [ 120.982062953428127, 13.47086001951539, 0.0 ], [ 120.982146141332777, 13.470816404377871, 0.0 ], [ 120.982178822295324, 13.470813496701744, 0.0 ], [ 120.982187735285052, 13.470865834866519, 0.0 ], [ 120.9821907062816, 13.470958880464043, 0.0 ], [ 120.982288749169342, 13.471063556717647, 0.0 ], [ 120.98236302408408, 13.471115894826879, 0.0 ], [ 120.982496718931074, 13.471168232924766, 0.0 ], [ 120.982612587798087, 13.471217663339816, 0.0 ], [ 120.982770050617546, 13.471290355107673, 0.0 ], [ 120.982879977491592, 13.471325247148522, 0.0 ], [ 120.982972078386197, 13.471363046853396, 0.0 ], [ 120.983055266290847, 13.471267093744503, 0.0 ], [ 120.983174106154692, 13.471185678954711, 0.0 ], [ 120.983361278940123, 13.471078095082563, 0.0 ], [ 120.983578161691639, 13.471008310922963, 0.0 ], [ 120.98374156650425, 13.470990864879903, 0.0 ], [ 120.98388417434083, 13.47101412627039, 0.0 ], [ 120.984026782177295, 13.471110079482168, 0.0 ], [ 120.984121854068619, 13.471174048268342, 0.0 ], [ 120.984270403898307, 13.471153694565377, 0.0 ], [ 120.984383301768929, 13.471092633446526, 0.0 ], [ 120.984374388779202, 13.47113624853317, 0.0 ], [ 120.984466489673466, 13.471185678954727, 0.0 ], [ 120.984546706581582, 13.471147879221478, 0.0 ], [ 120.984597213523699, 13.471130433188744, 0.0 ], [ 120.984609097510116, 13.471176955939811, 0.0 ], [ 120.984623952493095, 13.471185678954708, 0.0 ], [ 120.98462098149669, 13.47121184799758, 0.0 ], [ 120.984644749469311, 13.471243832378997, 0.0 ], [ 120.984701198404593, 13.471238017037116, 0.0 ], [ 120.98472199538061, 13.471197309640962, 0.0 ], [ 120.984713082390826, 13.471168232924757, 0.0 ], [ 120.984751705346682, 13.471139156205158, 0.0 ], [ 120.984828951258038, 13.471107171809667, 0.0 ], [ 120.984909168166311, 13.471083910428312, 0.0 ], [ 120.984965617101523, 13.47113624853316, 0.0 ], [ 120.985078514972017, 13.471159509909207, 0.0 ], [ 120.98514090590065, 13.471124617844161, 0.0 ], [ 120.985230035798409, 13.471051926025069, 0.0 ], [ 120.985265687757831, 13.470987957205791, 0.0 ], [ 120.985342933669031, 13.470982141857705, 0.0 ], [ 120.985411266590887, 13.471002495575268, 0.0 ], [ 120.985449889546672, 13.470955972789778, 0.0 ], [ 120.985553874427353, 13.470889096269456, 0.0 ], [ 120.985643004325226, 13.470857111839807, 0.0 ], [ 120.985788583158538, 13.470758250848728, 0.0 ], [ 120.985913365015449, 13.47074080478704, 0.0 ], [ 120.985954958967724, 13.4707175433696, 0.0 ], [ 120.986038146872403, 13.470734989432863, 0.0 ], [ 120.986106479794131, 13.470708820337457, 0.0 ], [ 120.98616292872957, 13.470662297494098, 0.0 ], [ 120.986207493678307, 13.47065938981596, 0.0 ], [ 120.986258000620509, 13.470656482137763, 0.0 ], [ 120.986296623576081, 13.47063031303365, 0.0 ], [ 120.986338217528441, 13.47060414392678, 0.0 ], [ 120.986344159521693, 13.470551805704, 0.0 ], [ 120.986317420552425, 13.470516913549007, 0.0 ], [ 120.986299594572685, 13.470435498500917, 0.0 ], [ 120.986296623576081, 13.470383160240688, 0.0 ], [ 120.986314449555721, 13.470345360378875, 0.0 ], [ 120.98628771058651, 13.470336637332968, 0.0 ], [ 120.986278797596654, 13.470319191240289, 0.0 ], [ 120.986249087630725, 13.470313375875714, 0.0 ], [ 120.986186696702063, 13.470327914286978, 0.0 ], [ 120.98613024776688, 13.470295929781322, 0.0 ], [ 120.986100537800809, 13.470220330023785, 0.0 ], [ 120.986055972852057, 13.470109838027069, 0.0 ], [ 120.986053001855296, 13.469970269115345, 0.0 ], [ 120.986111827587905, 13.469698691037816, 0.0 ], [ 120.986375652085783, 13.468993865962952, 0.0 ], [ 120.986746432460777, 13.468735662191445, 0.0 ], [ 120.986938953040195, 13.468658898853546, 0.0 ], [ 120.98706016970128, 13.468505372102886, 0.0 ], [ 120.987152864794965, 13.468386737727389, 0.0 ], [ 120.987231299104977, 13.468282060287695, 0.0 ], [ 120.987416689292672, 13.46818436130215, 0.0 ], [ 120.987602079480112, 13.46823321079995, 0.0 ], [ 120.987766078492115, 13.468149468797591, 0.0 ], [ 120.98795146867981, 13.467988963209791, 0.0 ], [ 120.988158250042787, 13.467828457513095, 0.0 ], [ 120.988336509838447, 13.46781450049083, 0.0 ], [ 120.988514769634094, 13.467681908738117, 0.0 ], [ 120.988650247078951, 13.467584209504356, 0.0 ], [ 120.988799985307324, 13.4675283813527, 0.0 ], [ 120.988878419617492, 13.467549316911061, 0.0 ], [ 120.988878419617492, 13.467486510230227, 0.0 ], [ 120.988835637266504, 13.467430682055435, 0.0 ], [ 120.988914071576787, 13.467367875343045, 0.0 ], [ 120.989035288237673, 13.467277154506903, 0.0 ], [ 120.989170765682331, 13.467207369224511, 0.0 ], [ 120.989334764694334, 13.467179455105642, 0.0 ], [ 120.989463111747298, 13.467137583921376, 0.0 ], [ 120.989812500946982, 13.467053841530522, 0.0 ], [ 120.989933717608011, 13.466977077646103, 0.0 ], [ 120.98990519604078, 13.466942184963518, 0.0 ], [ 120.989917080027084, 13.466872399582019, 0.0 ], [ 120.989994325938667, 13.466849137783571, 0.0 ], [ 120.990006209924957, 13.466913107723785, 0.0 ], [ 120.990053745870469, 13.466930554067758, 0.0 ], [ 120.990136933775091, 13.466884030480244, 0.0 ], [ 120.990178527727494, 13.466814245081677, 0.0 ], [ 120.990125049788773, 13.466767721471351, 0.0 ], [ 120.990053745870469, 13.46672701330464, 0.0 ], [ 120.989988383945445, 13.466680489676936, 0.0 ], [ 120.989952731986278, 13.466604888762632, 0.0 ], [ 120.989946789993041, 13.466494395074674, 0.0 ], [ 120.989893312054392, 13.466430425021683, 0.0 ], [ 120.989833892122434, 13.466366454950863, 0.0 ], [ 120.989768530197296, 13.466308300326022, 0.0 ], [ 120.989673458306186, 13.466285038472259, 0.0 ], [ 120.989483314524264, 13.466267592080394, 0.0 ], [ 120.989388242633268, 13.466250145687061, 0.0 ], [ 120.989293170742087, 13.466221068362215, 0.0 ], [ 120.989198098850991, 13.466168729168405, 0.0 ], [ 120.98913867891909, 13.466122205430882, 0.0 ], [ 120.989091142973564, 13.465982634163241, 0.0 ], [ 120.989037665034886, 13.465750015200552, 0.0 ], [ 120.989031723041791, 13.465529026974036, 0.0 ], [ 120.989019839055331, 13.465261514633626, 0.0 ], [ 120.989037665034857, 13.464982370999014, 0.0 ], [ 120.989061433007635, 13.464697411532317, 0.0 ], [ 120.989120852939692, 13.464418267231331, 0.0 ], [ 120.989174330878242, 13.464203093274282, 0.0 ], [ 120.989251576789925, 13.463999550161622, 0.0 ], [ 120.989412010606046, 13.463697142927789, 0.0 ], [ 120.989524908476668, 13.463545939165796, 0.0 ], [ 120.989631864353797, 13.463365657630732, 0.0 ], [ 120.989744762224674, 13.463191191498133, 0.0 ], [ 120.98998838394543, 13.462894598777439, 0.0 ], [ 120.99024388965249, 13.462644530115545, 0.0 ], [ 120.990535047318971, 13.462423538984979, 0.0 ], [ 120.990737075087239, 13.462377014509986, 0.0 ], [ 120.99093910285589, 13.462365383389894, 0.0 ], [ 120.991081710692455, 13.462388645629602, 0.0 ], [ 120.991271854474533, 13.462411907867043, 0.0 ], [ 120.991390694338321, 13.462446801218904, 0.0 ], [ 120.99144417227707, 13.462551481243494, 0.0 ], [ 120.991509534202422, 13.462592190129632, 0.0 ], [ 120.991563012140887, 13.462557296799085, 0.0 ], [ 120.991634316059233, 13.462534034575993, 0.0 ], [ 120.991687793997826, 13.462586374575023, 0.0 ], [ 120.991741271936505, 13.462627083454821, 0.0 ], [ 120.991812575854993, 13.462638714561979, 0.0 ], [ 120.991883879773198, 13.462592190129671, 0.0 ], [ 120.991919531732236, 13.462627083454811, 0.0 ], [ 120.991967067678004, 13.462638714561985, 0.0 ], [ 120.99201460362336, 13.462656161221817, 0.0 ], [ 120.992103733521091, 13.462685238985332, 0.0 ], [ 120.99217503743948, 13.462627083454787, 0.0 ], [ 120.992252283351007, 13.462627083454807, 0.0 ], [ 120.992335471255529, 13.462650345668861, 0.0 ], [ 120.992418659160336, 13.462650345668855, 0.0 ], [ 120.992573150983318, 13.462574743464993, 0.0 ], [ 120.99266228088112, 13.46243517010217, 0.0 ], [ 120.99269793284013, 13.462365383389919, 0.0 ], [ 120.992769236758619, 13.462347936708534, 0.0 ], [ 120.992822714697326, 13.462283965532839, 0.0 ], [ 120.992858366656236, 13.46209786746838, 0.0 ], [ 120.992888076622307, 13.461888506970858, 0.0 ], [ 120.992941554561156, 13.461708224171543, 0.0 ], [ 120.993012858479275, 13.461475601001576, 0.0 ], [ 120.993096046384068, 13.461231346426745, 0.0 ], [ 120.993185176281912, 13.461033616347885, 0.0 ], [ 120.993304016145629, 13.460696311714093, 0.0 ], [ 120.993416914016251, 13.460411347079242, 0.0 ], [ 120.993535753880096, 13.46011475087017, 0.0 ], [ 120.993624883777969, 13.459905388616169, 0.0 ], [ 120.993702129689524, 13.459754182428615, 0.0 ], [ 120.993815027560274, 13.459713473053645, 0.0 ], [ 120.993969519383029, 13.459678579298417, 0.0 ], [ 120.994082417253523, 13.459678579298405, 0.0 ], [ 120.99425473505606, 13.45964368553796, 0.0 ], [ 120.994409226878943, 13.459661132418836, 0.0 ], [ 120.994569660695305, 13.459608791772252, 0.0 ], [ 120.994842992381905, 13.45959716051601, 0.0 ], [ 120.994967774239086, 13.45954481985507, 0.0 ], [ 120.995151976027955, 13.459405244703222, 0.0 ], [ 120.995324293830365, 13.45925985383243, 0.0 ], [ 120.995496611632859, 13.459172619266988, 0.0 ], [ 120.995639219469581, 13.459201697459074, 0.0 ], [ 120.995698639401354, 13.459288932013653, 0.0 ], [ 120.995817479265071, 13.459434322866697, 0.0 ], [ 120.996031391020097, 13.459539004225315, 0.0 ], [ 120.996251244768274, 13.459597160516001, 0.0 ], [ 120.996423562570541, 13.459649501164998, 0.0 ], [ 120.996536460441192, 13.459643685537976, 0.0 ], [ 120.99662559033905, 13.459701841802636, 0.0 ], [ 120.99676819817563, 13.459771629301407, 0.0 ], [ 120.996964283950902, 13.459806523042857, 0.0 ], [ 120.997083123814619, 13.459736735554696, 0.0 ], [ 120.997178195705828, 13.45975999805311, 0.0 ], [ 120.99729109357645, 13.459725104304459, 0.0 ], [ 120.997368339487906, 13.459666948045436, 0.0 ], [ 120.997433701412916, 13.459649501164995, 0.0 ], [ 120.997433701412888, 13.459591344887553, 0.0 ], [ 120.997433701412888, 13.459498294813587, 0.0 ], [ 120.997487179351822, 13.459312194556418, 0.0 ], [ 120.997552541276988, 13.459102831591434, 0.0 ], [ 120.997730801072734, 13.458556160753844, 0.0 ], [ 120.997843698943356, 13.458271193539254, 0.0 ], [ 120.997962538806831, 13.457928069294519, 0.0 ], [ 120.998093262657321, 13.457584944552016, 0.0 ], [ 120.998194276541426, 13.457299976166931, 0.0 ], [ 120.998289348432465, 13.45707316434974, 0.0 ], [ 120.998414130289461, 13.456794011045087, 0.0 ], [ 120.998521086166804, 13.456549751633439, 0.0 ], [ 120.998633984037582, 13.456299676259938, 0.0 ], [ 120.998687461976161, 13.456189177754885, 0.0 ], [ 120.998746881908048, 13.456224072025099, 0.0 ], [ 120.998818185826408, 13.456212440602286, 0.0 ], [ 120.998913257717376, 13.456171730617688, 0.0 ], [ 120.999032097581093, 13.456194993466967, 0.0 ], [ 120.999085575520041, 13.456218256313743, 0.0 ], [ 120.999234125349602, 13.456241519158308, 0.0 ], [ 120.999311371261157, 13.456183362042504, 0.0 ], [ 120.99939455916568, 13.456154283479238, 0.0 ], [ 120.999453979097837, 13.456119389198657, 0.0 ], [ 120.999513399029624, 13.456189177754872, 0.0 ], [ 120.999614412913942, 13.456200809178675, 0.0 ], [ 120.999697600818592, 13.456200809178664, 0.0 ], [ 120.999739194770854, 13.456241519158338, 0.0 ], [ 120.999863976627836, 13.456224072025096, 0.0 ], [ 121.000024410444141, 13.456194993466966, 0.0 ], [ 121.000125424328317, 13.456177546330196, 0.0 ], [ 121.000149192301095, 13.456101942056485, 0.0 ], [ 121.000226438212508, 13.456003074892541, 0.0 ], [ 121.000327452096812, 13.455973996307176, 0.0 ], [ 121.000428465981003, 13.455979812024461, 0.0 ], [ 121.000565131824501, 13.455904207687643, 0.0 ], [ 121.000678029695024, 13.455851866209406, 0.0 ], [ 121.000814695538466, 13.455840234768052, 0.0 ], [ 121.00090382543614, 13.455805340441255, 0.0 ], [ 121.000957303375046, 13.455630868729084, 0.0 ], [ 121.001316199763735, 13.45470384020617, 0.0 ], [ 121.001553879491297, 13.45414552767364, 0.0 ], [ 121.0017012409226, 13.453819844754388, 0.0 ], [ 121.001934167055552, 13.453298751150616, 0.0 ], [ 121.002129064432211, 13.452977719698174, 0.0 ], [ 121.002276425863315, 13.452791614308818, 0.0 ], [ 121.002342976187037, 13.452647382531545, 0.0 ], [ 121.002542627158206, 13.452228644614886, 0.0 ], [ 121.002713756562272, 13.451907611710192, 0.0 ], [ 121.002889639560465, 13.451651715604397, 0.0 ], [ 121.003094044126172, 13.451363250571491, 0.0 ], [ 121.003212883989988, 13.451181796580306, 0.0 ], [ 121.003345984637562, 13.451037563821101, 0.0 ], [ 121.003441056528757, 13.450911941669116, 0.0 ], [ 121.003536128419768, 13.45088867830005, 0.0 ], [ 121.003650214688847, 13.450781666774244, 0.0 ], [ 121.003792822525526, 13.450618823054812, 0.0 ], [ 121.00394493755114, 13.45045597922331, 0.0 ], [ 121.004106559765944, 13.450241955731327, 0.0 ], [ 121.004348993087987, 13.44997209974807, 0.0 ], [ 121.004501108113786, 13.449809255471443, 0.0 ], [ 121.004696005490374, 13.449674327271492, 0.0 ], [ 121.004919424434277, 13.449558009796116, 0.0 ], [ 121.005195132918445, 13.449446344965798, 0.0 ], [ 121.005423305456887, 13.449409123344191, 0.0 ], [ 121.005656231590052, 13.449381207123864, 0.0 ], [ 121.005794085831866, 13.449399817937696, 0.0 ], [ 121.005851128966469, 13.44954405169517, 0.0 ], [ 121.005917679290576, 13.449711548851642, 0.0 ], [ 121.005960461641308, 13.44981856086172, 0.0 ], [ 121.005988983208553, 13.449902309357492, 0.0 ], [ 121.005988983208553, 13.450018626663846, 0.0 ], [ 121.006031765559541, 13.450079111640408, 0.0 ], [ 121.006079301505025, 13.450139596601629, 0.0 ], [ 121.006141098234238, 13.450260566477462, 0.0 ], [ 121.006141098234238, 13.450362925554924, 0.0 ], [ 121.006155359017995, 13.450511811406827, 0.0 ], [ 121.006198141369026, 13.450586254297592, 0.0 ], [ 121.006288459665441, 13.450628128413271, 0.0 ], [ 121.006383531556438, 13.450632781092388, 0.0 ], [ 121.006488110636496, 13.450562990896511, 0.0 ], [ 121.006592689716697, 13.450469937270331, 0.0 ], [ 121.006702022391423, 13.450316398707029, 0.0 ], [ 121.006749558337063, 13.45023265035781, 0.0 ], [ 121.006787587093399, 13.450093069709821, 0.0 ], [ 121.006887412578891, 13.449888351276826, 0.0 ], [ 121.006907615355686, 13.449847640203833, 0.0 ], [ 121.006741239546628, 13.449946509940643, 0.0 ], [ 121.005992548404478, 13.44934747502008, 0.0 ], [ 121.005791947704026, 13.449110881011077, 0.0 ], [ 121.005661223853892, 13.448941057073313, 0.0 ], [ 121.005692122218449, 13.44869213683452, 0.0 ], [ 121.005433051315237, 13.448745643076206, 0.0 ], [ 121.005307081059868, 13.448457174500023, 0.0 ], [ 121.005271429100745, 13.448345509149972, 0.0 ], [ 121.004972665682857, 13.44817231143546, 0.0 ], [ 121.005033511693171, 13.447854064666334, 0.0 ], [ 121.004850973662542, 13.44778520419829, 0.0 ], [ 121.005082949076595, 13.447476611346428, 0.0 ], [ 121.004363967900446, 13.44762200946084, 0.0 ], [ 121.004355292590617, 13.447622940008586, 0.0 ], [ 121.004547337810465, 13.447162783751718, 0.0 ], [ 121.004323918866518, 13.4471883738602, 0.0 ], [ 121.004162296651813, 13.446944104529218, 0.0 ], [ 121.004506932256874, 13.446925493522334, 0.0 ], [ 121.004592496958608, 13.446946430905044, 0.0 ], [ 121.004495048270329, 13.446806848318351, 0.0 ], [ 121.004135518069177, 13.446356089056083, 0.0 ], [ 121.00384127056617, 13.445913145592282, 0.0 ], [ 121.003641619595101, 13.445695395770201, 0.0 ], [ 121.003666338286877, 13.44548695130865, 0.0 ], [ 121.00384127056617, 13.445462756850187, 0.0 ], [ 121.003691056978482, 13.44508867298735, 0.0 ], [ 121.003398235554016, 13.444980728280134, 0.0 ], [ 121.003158654388557, 13.444824394478937, 0.0 ], [ 121.00308449831364, 13.444254891901426, 0.0 ], [ 121.002753648132796, 13.444165558039428, 0.0 ], [ 121.002238358483297, 13.443715165971891, 0.0 ], [ 121.000939676451722, 13.442894407975077, 0.0 ], [ 121.000991015272675, 13.44274226034663, 0.0 ], [ 120.999132359802672, 13.441669779641561, 0.0 ], [ 120.998331379120643, 13.441106783487108, 0.0 ], [ 120.992516940717366, 13.437247199421885, 0.0 ], [ 120.989509103764476, 13.435258058295341, 0.0 ], [ 120.986116225652736, 13.433032177936354, 0.0 ], [ 120.985850024357816, 13.432853036407669, 0.0 ], [ 120.984583191409783, 13.432017816322583, 0.0 ], [ 120.981563470470348, 13.429954181927332, 0.0 ], [ 120.981016807096765, 13.42934346367935, 0.0 ], [ 120.981034633076561, 13.429674996637965, 0.0 ], [ 120.978408272086142, 13.4279358975325, 0.0 ], [ 120.97776059482851, 13.427162314230575, 0.0 ], [ 120.97727335138687, 13.427185579930617, 0.0 ], [ 120.976643500108779, 13.426772613415277, 0.0 ], [ 120.975017614854039, 13.425710585712906, 0.0 ], [ 120.973923099708429, 13.425002139713758, 0.0 ], [ 120.971619983147633, 13.423515443195866, 0.0 ], [ 120.970735814561053, 13.422964036952617, 0.0 ], [ 120.969238432277166, 13.421976388387247, 0.0 ], [ 120.9658586265503, 13.419724208544176, 0.0 ], [ 120.964470576941039, 13.418826122599899, 0.0 ], [ 120.963992840688533, 13.418516677691365, 0.0 ], [ 120.963828841676275, 13.417795413554993, 0.0 ], [ 120.963752784163646, 13.417465027315011, 0.0 ], [ 120.9621714217093, 13.411736785779393, 0.0 ], [ 120.960836123163347, 13.406796173488912, 0.0 ], [ 120.930165931111731, 13.351969694982039, 0.0 ], [ 120.819390561927648, 13.229976702310633, 0.0 ], [ 120.769354891323871, 13.246615509092878, 0.0 ], [ 120.897605698154962, 13.410473910994178, 0.0 ], [ 120.893478548149361, 13.42663590717337, 0.0 ], [ 120.892859134880823, 13.440249776933104, 0.0 ], [ 120.89279372857122, 13.441687076950203, 0.0 ], [ 120.882597894194404, 13.459617432840291, 0.0 ], [ 120.882412327252041, 13.459606305766824, 0.0 ], [ 120.882080782543738, 13.459527000652535, 0.0 ], [ 120.881757999765597, 13.459562537130612, 0.0 ], [ 120.881473375893123, 13.459703598895828, 0.0 ], [ 120.881246032075893, 13.459998167248933, 0.0 ], [ 120.880910195387244, 13.460406588863233, 0.0 ], [ 120.880487679917891, 13.4606708189113, 0.0 ], [ 120.880164445159792, 13.460935120268839, 0.0 ], [ 120.879801463823298, 13.460874674890022, 0.0 ], [ 120.879280645174973, 13.460761251840884, 0.0 ], [ 120.879017431111535, 13.460690170273224, 0.0 ], [ 120.878838922359066, 13.460987060730982, 0.0 ], [ 120.878777211985479, 13.461336582258506, 0.0 ], [ 120.878637820145585, 13.461851861660781, 0.0 ], [ 120.878471389230171, 13.46210868480804, 0.0 ], [ 120.878245774542464, 13.462428130540205, 0.0 ], [ 120.877872933632375, 13.462820932059548, 0.0 ], [ 120.877421700572199, 13.463459821682603, 0.0 ], [ 120.87703108772169, 13.46420538246397, 0.0 ], [ 120.876840594887909, 13.464530861433728, 0.0 ], [ 120.876712755801051, 13.464843479987891, 0.0 ], [ 120.876562140129622, 13.465079394107994, 0.0 ], [ 120.876412064111705, 13.465254103175116, 0.0 ], [ 120.876465298489464, 13.465422879103814, 0.0 ], [ 120.876424728336914, 13.465590862322436, 0.0 ], [ 120.876282603914703, 13.465750336077773, 0.0 ], [ 120.875901602818018, 13.465892100177657, 0.0 ], [ 120.875638904729072, 13.466050942286097, 0.0 ], [ 120.875473193281138, 13.466225518414157, 0.0 ], [ 120.875565377649352, 13.466376579159888, 0.0 ], [ 120.875595632730921, 13.466524949646237, 0.0 ], [ 120.875571371149746, 13.466616558685081, 0.0 ], [ 120.875499464200232, 13.46679192785337, 0.0 ], [ 120.875349453786342, 13.466958985382407, 0.0 ], [ 120.875027467137542, 13.467124588400406, 0.0 ], [ 120.874556820159157, 13.467304235782464, 0.0 ], [ 120.873826235740111, 13.467539066446605, 0.0 ], [ 120.873391885917641, 13.467611259344666, 0.0 ], [ 120.873034399721604, 13.467572533083809, 0.0 ], [ 120.872582658171893, 13.467603138722826, 0.0 ], [ 120.872030487657455, 13.467718968562885, 0.0 ], [ 120.871518544563543, 13.467926951846607, 0.0 ], [ 120.87127664611242, 13.468097053545399, 0.0 ], [ 120.871156908314461, 13.468395704196444, 0.0 ], [ 120.871091142158193, 13.468520121092897, 0.0 ], [ 120.871059340585887, 13.46880103170964, 0.0 ], [ 120.870904672865223, 13.469052209223365, 0.0 ], [ 120.870720690519477, 13.469303138132121, 0.0 ], [ 120.870619346365928, 13.469491645280025, 0.0 ], [ 120.870722339098208, 13.469779436638007, 0.0 ], [ 120.870701907015274, 13.470100612043947, 0.0 ], [ 120.870622541307682, 13.470455718078385, 0.0 ], [ 120.870578758898361, 13.470765218758162, 0.0 ], [ 120.870452591029434, 13.471108451172896, 0.0 ], [ 120.870173784006198, 13.471473342727272, 0.0 ], [ 120.869978225315478, 13.471706957430287, 0.0 ], [ 120.869811320338243, 13.472015413663721, 0.0 ], [ 120.869680557826314, 13.472215147364624, 0.0 ], [ 120.869456140708706, 13.472396871465172, 0.0 ], [ 120.869138475460389, 13.472514682248841, 0.0 ], [ 120.868885251343968, 13.472638777733319, 0.0 ], [ 120.868696671749532, 13.472746206411637, 0.0 ], [ 120.86856050252689, 13.472894248218291, 0.0 ], [ 120.868459510759166, 13.473042588475474, 0.0 ], [ 120.868358823929057, 13.473156501109603, 0.0 ], [ 120.868269354409904, 13.473327892481132, 0.0 ], [ 120.868168463958426, 13.473464756710255, 0.0 ], [ 120.868096583016836, 13.473636297279443, 0.0 ], [ 120.868095820218073, 13.47372236616645, 0.0 ], [ 120.868159244804602, 13.473843410062432, 0.0 ], [ 120.868134216527778, 13.474021086689827, 0.0 ], [ 120.868032817088149, 13.474215330055912, 0.0 ], [ 120.867913828559836, 13.474409424027337, 0.0 ], [ 120.867806311450821, 13.474632307090564, 0.0 ], [ 120.867763897274116, 13.474786882583869, 0.0 ], [ 120.867827220149266, 13.474919402419921, 0.0 ], [ 120.867901963874075, 13.475086449352336, 0.0 ], [ 120.867977114585827, 13.475207592878803, 0.0 ], [ 120.868110640988803, 13.475357923769993, 0.0 ], [ 120.868162238178101, 13.475490344016126, 0.0 ], [ 120.868230763261735, 13.475697506607778, 0.0 ], [ 120.868211699354802, 13.475863757120601, 0.0 ], [ 120.868151645200001, 13.476023921272549, 0.0 ], [ 120.868068444082155, 13.476149458735552, 0.0 ], [ 120.867950319119046, 13.476246007849319, 0.0 ], [ 120.867820569772775, 13.476330981476194, 0.0 ], [ 120.867685313439708, 13.476375739772319, 0.0 ], [ 120.867480107899681, 13.476373997102062, 0.0 ], [ 120.867286475767798, 13.476389567624352, 0.0 ], [ 120.86709284363387, 13.476405137993316, 0.0 ], [ 120.866864135201382, 13.476408933526685, 0.0 ], [ 120.866570984555935, 13.476406442982254, 0.0 ], [ 120.866360374275047, 13.476353008316611, 0.0 ], [ 120.866202734821726, 13.47627707022577, 0.0 ], [ 120.866062022642438, 13.476275874448122, 0.0 ], [ 120.865950574595658, 13.476280665651492, 0.0 ], [ 120.865698430152619, 13.476326533456572, 0.0 ], [ 120.865639290860244, 13.476383414259248, 0.0 ], [ 120.86558932910917, 13.47650732044931, 0.0 ], [ 120.865543913638149, 13.476669520918669, 0.0 ], [ 120.865488174673146, 13.47689379904129, 0.0 ], [ 120.865417990221076, 13.477094044547799, 0.0 ], [ 120.865333699832306, 13.477232004665726, 0.0 ], [ 120.865195113073653, 13.47743166851444, 0.0 ], [ 120.86508193174754, 13.477521563313843, 0.0 ], [ 120.864934634205838, 13.47760160403231, 0.0 ], [ 120.864708058840748, 13.477805301239599, 0.0 ], [ 120.864585190356351, 13.477885549468782, 0.0 ], [ 120.864393962102397, 13.477960434217186, 0.0 ], [ 120.864226908280884, 13.478064216161492, 0.0 ], [ 120.864049870218423, 13.478191822791993, 0.0 ], [ 120.863814413881926, 13.478295022471178, 0.0 ], [ 120.863637248011017, 13.47843697351774, 0.0 ], [ 120.863411817974381, 13.478511566375349, 0.0 ], [ 120.863235926440112, 13.478510069443772, 0.0 ], [ 120.863035818022382, 13.478484456519286, 0.0 ], [ 120.862835284692267, 13.478506659306577, 0.0 ], [ 120.862717343705711, 13.478582166475348, 0.0 ], [ 120.862603991004534, 13.478691186273133, 0.0 ], [ 120.862510011695491, 13.478819498738584, 0.0 ], [ 120.862450190947385, 13.478952883938227, 0.0 ], [ 120.862335562642343, 13.479205351109913, 0.0 ], [ 120.862280202445334, 13.479386593684387, 0.0 ], [ 120.862225437334772, 13.47950089405273, 0.0 ], [ 120.862097171165374, 13.479638478200206, 0.0 ], [ 120.861950509286487, 13.479646793062846, 0.0 ], [ 120.861823731162772, 13.479617021631876, 0.0 ], [ 120.861697463369069, 13.47952987115065, 0.0 ], [ 120.861487497637057, 13.479513736822458, 0.0 ], [ 120.861331064088915, 13.47952196809049, 0.0 ], [ 120.861203265341175, 13.479606954311684, 0.0 ], [ 120.861118758965105, 13.47976882039964, 0.0 ], [ 120.861073977706837, 13.479859295772227, 0.0 ], [ 120.860951022047558, 13.479949105032206, 0.0 ], [ 120.860823733459966, 13.47997671204743, 0.0 ], [ 120.86064720295623, 13.480046936830142, 0.0 ], [ 120.860402184671472, 13.480126141634768, 0.0 ], [ 120.860255267259589, 13.48016314491977, 0.0 ], [ 120.860103123451211, 13.480238359081163, 0.0 ], [ 120.85998033752999, 13.480309041471997, 0.0 ], [ 120.859832441005139, 13.48045602074002, 0.0 ], [ 120.859704173060479, 13.480593603373901, 0.0 ], [ 120.859555254491994, 13.480855340233802, 0.0 ], [ 120.85945532245384, 13.481103148877354, 0.0 ], [ 120.859409305608807, 13.481332289481093, 0.0 ], [ 120.859388654950266, 13.481456443755906, 0.0 ], [ 120.859362351943929, 13.481666624697205, 0.0 ], [ 120.85928616763367, 13.481991146707282, 0.0 ], [ 120.859214868992964, 13.482315710328425, 0.0 ], [ 120.859173907793561, 13.482525766179052, 0.0 ], [ 120.859147604340066, 13.482735947035751, 0.0 ], [ 120.859136043842597, 13.482936689762438, 0.0 ], [ 120.859168882768529, 13.483089991840538, 0.0 ], [ 120.859274500093818, 13.483301297930216, 0.0 ], [ 120.859351312796861, 13.483454975073832, 0.0 ], [ 120.859452427676018, 13.483623205290773, 0.0 ], [ 120.859533658152046, 13.483829521395332, 0.0 ], [ 120.859614718423373, 13.484054963788632, 0.0 ], [ 120.859695012386894, 13.484366474515099, 0.0 ], [ 120.859669049575075, 13.484538402841505, 0.0 ], [ 120.859541162258211, 13.484632950846478, 0.0 ], [ 120.859399170502186, 13.484665213287073, 0.0 ], [ 120.85933968688586, 13.484760344627359, 0.0 ], [ 120.85932392161402, 13.484884540494356, 0.0 ], [ 120.85930314255242, 13.48502303939647, 0.0 ], [ 120.859272847002075, 13.485132765494415, 0.0 ], [ 120.859213150235036, 13.485251804639544, 0.0 ], [ 120.859148354430715, 13.485394709939152, 0.0 ], [ 120.8591370916226, 13.485561981601899, 0.0 ], [ 120.859258645479372, 13.485629965695113, 0.0 ], [ 120.859418861590356, 13.485746098906223, 0.0 ], [ 120.859564419823727, 13.485862107007049, 0.0 ], [ 120.859713671844773, 13.486112040786429, 0.0 ], [ 120.860012608110353, 13.486227581744316, 0.0 ], [ 120.860504180778037, 13.486446960782592, 0.0 ], [ 120.861029275729976, 13.486743135788984, 0.0 ], [ 120.861520552755437, 13.486995984175323, 0.0 ], [ 120.861798078636156, 13.487108333967335, 0.0 ], [ 120.862118856061343, 13.487302345050683, 0.0 ], [ 120.862352110414577, 13.487447790701749, 0.0 ], [ 120.862516960258674, 13.487592653441139, 0.0 ], [ 120.862623347699454, 13.487717890301644, 0.0 ], [ 120.86270577277206, 13.487790321616851, 0.0 ], [ 120.862812755803716, 13.487848616262516, 0.0 ], [ 120.862929213334624, 13.487940465188162, 0.0 ], [ 120.863070356447167, 13.48800383264757, 0.0 ], [ 120.86328954920117, 13.488082210579227, 0.0 ], [ 120.863454272530163, 13.48824141759871, 0.0 ], [ 120.863497481894186, 13.488327860597723, 0.0 ], [ 120.863584708502657, 13.488409896469038, 0.0 ], [ 120.863730483104561, 13.48850199474092, 0.0 ], [ 120.86383211303864, 13.488612844872616, 0.0 ], [ 120.86391343354056, 13.488809597121625, 0.0 ], [ 120.864000320391952, 13.488929885582278, 0.0 ], [ 120.864131309679266, 13.489036203647203, 0.0 ], [ 120.864277297403746, 13.489104393749683, 0.0 ], [ 120.864481705874496, 13.489196990817437, 0.0 ], [ 120.864763994649692, 13.489323724248845, 0.0 ], [ 120.86497711346631, 13.489535943865393, 0.0 ], [ 120.865141838934434, 13.489695150073386, 0.0 ], [ 120.865243385054399, 13.489815562974623, 0.0 ], [ 120.865379473953524, 13.489898014161808, 0.0 ], [ 120.865476813889558, 13.489941879974161, 0.0 ], [ 120.865745465289933, 13.489953729588342, 0.0 ], [ 120.865857336261513, 13.490012064747694, 0.0 ], [ 120.866047130371626, 13.490099754444104, 0.0 ], [ 120.866231996046565, 13.490192184049343, 0.0 ], [ 120.866367915696884, 13.490293761151971, 0.0 ], [ 120.866576872607709, 13.490424651081067, 0.0 ], [ 120.86675672526917, 13.490531383592726, 0.0 ], [ 120.866945883354802, 13.490690796636162, 0.0 ], [ 120.867197160591857, 13.491008542293745, 0.0 ], [ 120.867482768857727, 13.491312233779171, 0.0 ], [ 120.867603586060682, 13.491518885034283, 0.0 ], [ 120.867656569748561, 13.491605410680247, 0.0 ], [ 120.867748770064722, 13.491677923813713, 0.0 ], [ 120.867816200103121, 13.491788482029079, 0.0 ], [ 120.86786905659423, 13.49188935244025, 0.0 ], [ 120.86789727009473, 13.492013923167667, 0.0 ], [ 120.867940311882222, 13.492119492104726, 0.0 ], [ 120.867993338241703, 13.492201236115852, 0.0 ], [ 120.868080822463753, 13.492254581250144, 0.0 ], [ 120.868138819946267, 13.492326803576063, 0.0 ], [ 120.868245467021424, 13.492423349165239, 0.0 ], [ 120.868342638869592, 13.492486340479942, 0.0 ], [ 120.868513103437905, 13.492549954617754, 0.0 ], [ 120.868683525683849, 13.492618350252043, 0.0 ], [ 120.869009881648338, 13.49273589027278, 0.0 ], [ 120.869126683435312, 13.492789484183959, 0.0 ], [ 120.869960619607355, 13.49352820807686, 0.0 ], [ 120.870202852098984, 13.493764581426396, 0.0 ], [ 120.870299601070101, 13.49387538817286, 0.0 ], [ 120.870454857494977, 13.494001037587106, 0.0 ], [ 120.871147398074115, 13.49470508415248, 0.0 ], [ 120.871195963682624, 13.494738970173861, 0.0 ], [ 120.87125863701263, 13.494835141503145, 0.0 ], [ 120.871306863599358, 13.494907280363211, 0.0 ], [ 120.871345148210267, 13.494998462695515, 0.0 ], [ 120.871407864039355, 13.495089852397504, 0.0 ], [ 120.871441516756207, 13.495152303606778, 0.0 ], [ 120.871504275037154, 13.495238911687913, 0.0 ], [ 120.871562316634012, 13.49530635185781, 0.0 ], [ 120.871634889864126, 13.495388261253753, 0.0 ], [ 120.871727092885649, 13.495460773296868, 0.0 ], [ 120.871824139838907, 13.495538108389505, 0.0 ], [ 120.871872239598645, 13.495624592007939, 0.0 ], [ 120.872003448064604, 13.49570699892182, 0.0 ], [ 120.872105550945975, 13.495765248960856, 0.0 ], [ 120.872159299748418, 13.495765705043484, 0.0 ], [ 120.872266670258739, 13.495780962002751, 0.0 ], [ 120.872349524778755, 13.495805574849028, 0.0 ], [ 120.87246759982709, 13.49571571922101, 0.0 ], [ 120.872530697526628, 13.495764074235879, 0.0 ], [ 120.874131310004401, 13.497116601188665, 0.0 ], [ 120.874150474155215, 13.497159801429985, 0.0 ], [ 120.874198744389858, 13.497227158303794, 0.0 ], [ 120.874193434766028, 13.497274933026581, 0.0 ], [ 120.874168622301028, 13.497317760426206, 0.0 ], [ 120.874163355000491, 13.497360753532003, 0.0 ], [ 120.874182392168208, 13.497418298618197, 0.0 ], [ 120.874240689044655, 13.497457048656431, 0.0 ], [ 120.874279229091925, 13.497519541058141, 0.0 ], [ 120.87432766875024, 13.497567771460728, 0.0 ], [ 120.874390894317969, 13.497601781281906, 0.0 ], [ 120.874449572240209, 13.497597496742648, 0.0 ], [ 120.874493675920988, 13.49758352469382, 0.0 ], [ 120.874532597005015, 13.497602982526409, 0.0 ], [ 120.874615706429864, 13.497598905050943, 0.0 ], [ 120.874660021730804, 13.497561024890258, 0.0 ], [ 120.874666093120908, 13.497427181052837, 0.0 ], [ 120.874677177758102, 13.49727903378079, 0.0 ], [ 120.874857885994473, 13.497290129380533, 0.0 ], [ 120.874940614453877, 13.497329086335098, 0.0 ], [ 120.874969678318536, 13.49735802450977, 0.0 ], [ 120.875027848385926, 13.497411119233803, 0.0 ], [ 120.875061502352551, 13.497473570133613, 0.0 ], [ 120.875085426050859, 13.497531156594311, 0.0 ], [ 120.875139048406751, 13.497545956950145, 0.0 ], [ 120.875183152055854, 13.497531984772523, 0.0 ], [ 120.87524684321555, 13.497513396595648, 0.0 ], [ 120.875290227544653, 13.497580711906537, 0.0 ], [ 120.87534877854408, 13.49759077200881, 0.0 ], [ 120.875470936102701, 13.497591807101871, 0.0 ], [ 120.875533823420042, 13.49766406961062, 0.0 ], [ 120.875528344801609, 13.497730970873514, 0.0 ], [ 120.875537567406496, 13.497793214722597, 0.0 ], [ 120.875600920168708, 13.497812879414735, 0.0 ], [ 120.875684410451512, 13.497765767018951, 0.0 ], [ 120.875786811380834, 13.497790544473176, 0.0 ], [ 120.875839968532432, 13.497857942511505, 0.0 ], [ 120.875898435037868, 13.497877565738365, 0.0 ], [ 120.875986388615473, 13.49787831083424, 0.0 ], [ 120.876103237086809, 13.497927120453243, 0.0 ], [ 120.876220043317318, 13.497980711645631, 0.0 ], [ 120.876375770951825, 13.498053760369768, 0.0 ], [ 120.876405723217218, 13.497982284363232, 0.0 ], [ 120.876406315298325, 13.497915341661905, 0.0 ], [ 120.87649435349806, 13.497906523338122, 0.0 ], [ 120.876645702324538, 13.49792215104908, 0.0 ], [ 120.876738161710762, 13.497965971867199, 0.0 ], [ 120.876869838505755, 13.497995778802677, 0.0 ], [ 120.877031002358237, 13.498006707422187, 0.0 ], [ 120.877270305036134, 13.498023079476967, 0.0 ], [ 120.877543685201388, 13.498054085729786, 0.0 ], [ 120.877743643887939, 13.498098816185918, 0.0 ], [ 120.879660071685464, 13.499109683896197, 0.0 ], [ 120.879893391792166, 13.499250334735459, 0.0 ], [ 120.879965420296202, 13.499394403507731, 0.0 ], [ 120.880285977575383, 13.499617085564713, 0.0 ], [ 120.880602704464181, 13.499720185139449, 0.0 ], [ 120.88073939597794, 13.499735686655884, 0.0 ], [ 120.880924444668281, 13.499808980751292, 0.0 ], [ 120.881134262953651, 13.49984422813913, 0.0 ], [ 120.881446737250727, 13.499875560897525, 0.0 ], [ 120.881549055614272, 13.499909899486392, 0.0 ], [ 120.881631828532818, 13.499944072880439, 0.0 ], [ 120.881797501023556, 13.499998074683898, 0.0 ], [ 120.881928842426575, 13.500066132315668, 0.0 ], [ 120.882060858886106, 13.500057683676678, 0.0 ], [ 120.882172486178007, 13.500144702622819, 0.0 ], [ 120.88231819165587, 13.500246355389482, 0.0 ], [ 120.882468699287102, 13.500357612642363, 0.0 ], [ 120.882633697512418, 13.500488120199261, 0.0 ], [ 120.882853373962334, 13.500513885532124, 0.0 ], [ 120.883044153845603, 13.50049158668592, 0.0 ], [ 120.883083118430378, 13.500506261716454, 0.0 ], [ 120.883141291240065, 13.500559354921538, 0.0 ], [ 120.883355406899014, 13.500661584842534, 0.0 ], [ 120.883570028657132, 13.500706434893713, 0.0 ], [ 120.883687006972323, 13.500740896466406, 0.0 ], [ 120.883784397599925, 13.500779974633028, 0.0 ], [ 120.88381818082506, 13.500828079816412, 0.0 ], [ 120.883861399633858, 13.500914520643722, 0.0 ], [ 120.883924712036119, 13.500938965092029, 0.0 ], [ 120.884017595741085, 13.500934967140683, 0.0 ], [ 120.884115492289482, 13.50091666546556, 0.0 ], [ 120.884233102999744, 13.500879402138862, 0.0 ], [ 120.88432636598337, 13.500832369263749, 0.0 ], [ 120.884326829557381, 13.500779771168432, 0.0 ], [ 120.884361666459696, 13.500708335165408, 0.0 ], [ 120.884385803439073, 13.500742012874316, 0.0 ], [ 120.884395281238071, 13.500775566867652, 0.0 ], [ 120.884424936740217, 13.50073756113242, 0.0 ], [ 120.884464533581053, 13.500680511283528, 0.0 ], [ 120.884450464360881, 13.500613444536439, 0.0 ], [ 120.884480246249012, 13.500561093852919, 0.0 ], [ 120.884613232237598, 13.500442666037188, 0.0 ], [ 120.884707590469205, 13.500271310176348, 0.0 ], [ 120.88471424645563, 13.500070522254408, 0.0 ], [ 120.884802959699854, 13.499985194734528, 0.0 ], [ 120.885127019469877, 13.499810994598931, 0.0 ], [ 120.88543574580936, 13.499713176712062, 0.0 ], [ 120.885817725486746, 13.499620758173389, 0.0 ], [ 120.88613137989698, 13.499518198905953, 0.0 ], [ 120.88638652389271, 13.499400799912161, 0.0 ], [ 120.886583031201937, 13.499282906333915, 0.0 ], [ 120.886773735694632, 13.499163313032939, 0.0 ], [ 120.887287123906617, 13.498977244045024, 0.0 ], [ 120.887895584009129, 13.498819085289945, 0.0 ], [ 120.888168123430418, 13.498855136191789, 0.0 ], [ 120.888447397110312, 13.498895838816692, 0.0 ], [ 120.88869696082439, 13.498953985411069, 0.0 ], [ 120.888916814572212, 13.498942356093487, 0.0 ], [ 120.889231740211258, 13.4988783948353, 0.0 ], [ 120.889701157673244, 13.498901653476555, 0.0 ], [ 120.890253763040278, 13.498855136191791, 0.0 ], [ 120.890628108611153, 13.498767916258112, 0.0 ], [ 120.891049990127499, 13.498659763495251, 0.0 ], [ 120.891777290094083, 13.498576032289801, 0.0 ], [ 120.892304939089513, 13.498576032289824, 0.0 ], [ 120.892875370435746, 13.498562077086113, 0.0 ], [ 120.893231890027224, 13.498562077086095, 0.0 ], [ 120.893669220726011, 13.498752798132836, 0.0 ], [ 120.89536160145326, 13.499805877843261, 0.0 ], [ 120.896281025185786, 13.500799540759258, 0.0 ], [ 120.897072794425554, 13.501664763726474, 0.0 ], [ 120.897371770110809, 13.501930260629196, 0.0 ], [ 120.898114161944591, 13.502661231050251, 0.0 ], [ 120.898930792961906, 13.503397912177524, 0.0 ], [ 120.899357055061259, 13.503875848815881, 0.0 ], [ 120.899484731484094, 13.504037511295932, 0.0 ], [ 120.89957039208025, 13.504128882598465, 0.0 ], [ 120.899598945612411, 13.504300203790887, 0.0 ], [ 120.899813400137987, 13.504471256682237, 0.0 ], [ 120.90011763018947, 13.504657321331768, 0.0 ], [ 120.900535946510217, 13.504787566499331, 0.0 ], [ 120.901036975375746, 13.504701765388942, 0.0 ], [ 120.901388741372571, 13.504762236357077, 0.0 ], [ 120.902125548528304, 13.505013423289112, 0.0 ], [ 120.902676965496312, 13.505278564760182, 0.0 ], [ 120.903171339329788, 13.505650692637351, 0.0 ], [ 120.903613423623028, 13.506050729449559, 0.0 ], [ 120.903960436025258, 13.506464720319073, 0.0 ], [ 120.904373998751439, 13.506906619882365, 0.0 ], [ 120.904768547099351, 13.507488065413401, 0.0 ], [ 120.90548158628215, 13.508567224514673, 0.0 ], [ 120.906080539195855, 13.509534742263291, 0.0 ], [ 120.906332479706961, 13.509902211905153, 0.0 ], [ 120.906441812381786, 13.510069666235221, 0.0 ], [ 120.906560652245602, 13.510232468942181, 0.0 ], [ 120.906703260082054, 13.51043248354228, 0.0 ], [ 120.906784071189378, 13.510627846475971, 0.0 ], [ 120.906841114324038, 13.51075808834192, 0.0 ], [ 120.906774564000585, 13.510795300290143, 0.0 ], [ 120.90695732972857, 13.510853407189323, 0.0 ], [ 120.907085997674471, 13.510988109245039, 0.0 ], [ 120.907344593217985, 13.510883915860155, 0.0 ], [ 120.907489102492391, 13.510772280038996, 0.0 ], [ 120.907732486533519, 13.51083181915021, 0.0 ], [ 120.907740092284712, 13.510943454942899, 0.0 ], [ 120.907838967051603, 13.510995551627939, 0.0 ], [ 120.907975870574774, 13.511084860204127, 0.0 ], [ 120.908091309691386, 13.511213934304314, 0.0 ], [ 120.908262439095196, 13.511279055084181, 0.0 ], [ 120.908286207068059, 13.511381387701761, 0.0 ], [ 120.908352757391654, 13.511427902513372, 0.0 ], [ 120.908438322093616, 13.511260449149072, 0.0 ], [ 120.908504872417311, 13.511172070936617, 0.0 ], [ 120.908585683524876, 13.511046480788234, 0.0 ], [ 120.908676001821505, 13.51090693610001, 0.0 ], [ 120.908723537766932, 13.510692967417834, 0.0 ], [ 120.908728291361314, 13.510506907536186, 0.0 ], [ 120.908809102468922, 13.510348756520861, 0.0 ], [ 120.909179882843887, 13.510088272264635, 0.0 ], [ 120.909545909624285, 13.509892908883334, 0.0 ], [ 120.909987993917767, 13.509739408970114, 0.0 ], [ 120.910449092589388, 13.509706848369529, 0.0 ], [ 120.910910191260768, 13.509818484695479, 0.0 ], [ 120.911328507581402, 13.509999893612139, 0.0 ], [ 120.911585201687558, 13.510181302389253, 0.0 ], [ 120.912046300358952, 13.510637149468614, 0.0 ], [ 120.912146125844643, 13.510725527881963, 0.0 ], [ 120.912165140222783, 13.510744133859532, 0.0 ], [ 120.912245951330291, 13.510902284608903, 0.0 ], [ 120.912255458519112, 13.510967405474979, 0.0 ], [ 120.912255458519084, 13.511102298640019, 0.0 ], [ 120.912341023221074, 13.51123719172784, 0.0 ], [ 120.912412327139805, 13.511544189501906, 0.0 ], [ 120.912607224516023, 13.511455811395846, 0.0 ], [ 120.912825889865516, 13.511372084738587, 0.0 ], [ 120.912911454567279, 13.511460462875904, 0.0 ], [ 120.913020787242104, 13.511404645108806, 0.0 ], [ 120.913191916646142, 13.511311615467392, 0.0 ], [ 120.91328698853728, 13.511362781774686, 0.0 ], [ 120.913500900291865, 13.51154418950188, 0.0 ], [ 120.913614986561242, 13.511716294139267, 0.0 ], [ 120.913676783290384, 13.511790717727328, 0.0 ], [ 120.91373382642486, 13.511762808884614, 0.0 ], [ 120.913781362370514, 13.511790717727324, 0.0 ], [ 120.913805130343349, 13.511846535403095, 0.0 ], [ 120.913776608776061, 13.511907004536813, 0.0 ], [ 120.913795623154229, 13.511972125124858, 0.0 ], [ 120.91389544863992, 13.512051200100368, 0.0 ], [ 120.914052317260158, 13.512111669181483, 0.0 ], [ 120.914180664312994, 13.512181441178953, 0.0 ], [ 120.914251968231142, 13.512167486781092, 0.0 ], [ 120.914328025744126, 13.51221400143727, 0.0 ], [ 120.914522923120785, 13.512288424867867, 0.0 ], [ 120.914660777362769, 13.512376802661473, 0.0 ], [ 120.91473683487564, 13.512414014354032, 0.0 ], [ 120.914803385199463, 13.512381454123485, 0.0 ], [ 120.915003036170589, 13.512320985111471, 0.0 ], [ 120.9150220505487, 13.512269819012523, 0.0 ], [ 120.914950746630339, 13.512195395576045, 0.0 ], [ 120.914993528981313, 13.512116320648616, 0.0 ], [ 120.915083847277643, 13.512097714779621, 0.0 ], [ 120.915250223087142, 13.512079108909175, 0.0 ], [ 120.915331034194651, 13.512088411844461, 0.0 ], [ 120.915392830923778, 13.512172138247227, 0.0 ], [ 120.915635264245907, 13.511748854461967, 0.0 ], [ 120.915711321758977, 13.511655824956566, 0.0 ], [ 120.915692307380382, 13.511506977671708, 0.0 ], [ 120.915749350515284, 13.511344175846189, 0.0 ], [ 120.915735089731584, 13.511213934304317, 0.0 ], [ 120.915640017840587, 13.511060435252292, 0.0 ], [ 120.915597235489386, 13.510920890572432, 0.0 ], [ 120.915668539407747, 13.510762739835497, 0.0 ], [ 120.915806393650087, 13.510660406949004, 0.0 ], [ 120.915887204757368, 13.510483650040504, 0.0 ], [ 120.915887204757368, 13.510260377966398, 0.0 ], [ 120.915801640055179, 13.510078969250287, 0.0 ], [ 120.915711321758977, 13.509902211905208, 0.0 ], [ 120.915625757056787, 13.509790575618993, 0.0 ], [ 120.915535438760259, 13.509711499884233, 0.0 ], [ 120.915435613275037, 13.509585908956707, 0.0 ], [ 120.915264483870814, 13.50953474226327, 0.0 ], [ 120.915183672763547, 13.509367287552889, 0.0 ], [ 120.91511712243981, 13.509153317471622, 0.0 ], [ 120.915102861656393, 13.508911438015222, 0.0 ], [ 120.915202687141701, 13.508706770589086, 0.0 ], [ 120.915331034194651, 13.508469542213129, 0.0 ], [ 120.915407091707522, 13.508334647540119, 0.0 ], [ 120.915511670787623, 13.508078812602895, 0.0 ], [ 120.915530685165763, 13.507953220804549, 0.0 ], [ 120.915563960327646, 13.507841583594548, 0.0 ], [ 120.915568713922312, 13.507571793451763, 0.0 ], [ 120.915411845301975, 13.507339215494182, 0.0 ], [ 120.915079093683502, 13.50717175922259, 0.0 ], [ 120.91488894990141, 13.507129895136146, 0.0 ], [ 120.914684545335589, 13.507060121642137, 0.0 ], [ 120.914732081280945, 13.507022909103473, 0.0 ], [ 120.914798631604782, 13.506990348127337, 0.0 ], [ 120.914850921144875, 13.506920574591986, 0.0 ], [ 120.914855674739329, 13.506841497893706, 0.0 ], [ 120.914841413955742, 13.506729860156407, 0.0 ], [ 120.914784370821039, 13.50664148024379, 0.0 ], [ 120.914670284551917, 13.506553100298298, 0.0 ], [ 120.914556198282654, 13.506553100298269, 0.0 ], [ 120.914503908742645, 13.506543797143943, 0.0 ], [ 120.914522923120785, 13.506483326633207, 0.0 ], [ 120.914546691093605, 13.506413552947569, 0.0 ], [ 120.914503908742645, 13.50633912766031, 0.0 ], [ 120.914423097635108, 13.506362385565025, 0.0 ], [ 120.914370808095015, 13.5064275076864, 0.0 ], [ 120.914347040122266, 13.50638099188742, 0.0 ], [ 120.914389822473254, 13.506185625430705, 0.0 ], [ 120.914489647958931, 13.505901878622069, 0.0 ], [ 120.914717820497245, 13.505549520428769, 0.0 ], [ 120.915024427345898, 13.505291356665523, 0.0 ], [ 120.915095731264302, 13.505263447052595, 0.0 ], [ 120.915555641537154, 13.505071568373927, 0.0 ], [ 120.915676858198395, 13.505061102259917, 0.0 ], [ 120.915765988096155, 13.505075057078917, 0.0 ], [ 120.915872943973582, 13.505106455418295, 0.0 ], [ 120.916026247397895, 13.505050636145217, 0.0 ], [ 120.916243724348874, 13.505102966714063, 0.0 ], [ 120.916329289050609, 13.505085523192248, 0.0 ], [ 120.916407723360749, 13.505095989305554, 0.0 ], [ 120.916479027279067, 13.505109944122193, 0.0 ], [ 120.916546766001261, 13.505151808567961, 0.0 ], [ 120.916596678743986, 13.505190184302929, 0.0 ], [ 120.916643026291112, 13.505221582627211, 0.0 ], [ 120.916696504229762, 13.50527740185964, 0.0 ], [ 120.916710765013477, 13.505336709779673, 0.0 ], [ 120.916931807160154, 13.505839082150956, 0.0 ], [ 120.917163544894592, 13.505758842191391, 0.0 ], [ 120.916985285098932, 13.505333221079129, 0.0 ], [ 120.917003111078543, 13.50532973237808, 0.0 ], [ 120.91706371940893, 13.505375085484973, 0.0 ], [ 120.917120762543632, 13.505427415981671, 0.0 ], [ 120.917120762543632, 13.505392528984943, 0.0 ], [ 120.917174240482154, 13.505287867964279, 0.0 ], [ 120.91725623998822, 13.505179718194265, 0.0 ], [ 120.917395282628704, 13.505204139114252, 0.0 ], [ 120.917512934094376, 13.505273913158115, 0.0 ], [ 120.917651976734859, 13.505329732378065, 0.0 ], [ 120.917682875099445, 13.50537973708493, 0.0 ], [ 120.917644252143546, 13.505437882079717, 0.0 ], [ 120.917608600184494, 13.505539635785459, 0.0 ], [ 120.917629397160667, 13.505632667706799, 0.0 ], [ 120.917662078123143, 13.505705348869794, 0.0 ], [ 120.917718527058483, 13.505734421328684, 0.0 ], [ 120.917748237024412, 13.505783844500771, 0.0 ], [ 120.917751208020945, 13.505830360417525, 0.0 ], [ 120.917754179017606, 13.505894319788478, 0.0 ], [ 120.917786859980183, 13.505932113954179, 0.0 ], [ 120.917828453932344, 13.505876876325273, 0.0 ], [ 120.917941351803051, 13.505897227031994, 0.0 ], [ 120.918018597714649, 13.5058739690812, 0.0 ], [ 120.918092872629245, 13.505885598057128, 0.0 ], [ 120.918146350568122, 13.505961186384885, 0.0 ], [ 120.918220625483073, 13.506010609509294, 0.0 ], [ 120.918333523353695, 13.506045496414211, 0.0 ], [ 120.918458305210606, 13.506071661589679, 0.0 ], [ 120.918562290091614, 13.506062939864831, 0.0 ], [ 120.91869301394172, 13.506016423993662, 0.0 ], [ 120.918799969819133, 13.506039681930384, 0.0 ], [ 120.918933664665943, 13.50603677468867, 0.0 ], [ 120.919049533533325, 13.506036774688653, 0.0 ], [ 120.91954271896806, 13.506246096017946, 0.0 ], [ 120.920024020416335, 13.506606593427115, 0.0 ], [ 120.920231990178081, 13.506987440897328, 0.0 ], [ 120.920356772034879, 13.506952554131658, 0.0 ], [ 120.920407278977223, 13.507057214412701, 0.0 ], [ 120.92043104694983, 13.507234555338428, 0.0 ], [ 120.920287250714523, 13.507269442061975, 0.0 ], [ 120.920299728900105, 13.50788519188608, 0.0 ], [ 120.919772079904874, 13.508261967188414, 0.0 ], [ 120.919693176059468, 13.508710566161161, 0.0 ], [ 120.919486089737688, 13.509413295736129, 0.0 ], [ 120.919490429427711, 13.509863255498882, 0.0 ], [ 120.91979982697832, 13.510273825453098, 0.0 ], [ 120.920089382341303, 13.510491208726608, 0.0 ], [ 120.920695465646517, 13.510962172549068, 0.0 ], [ 120.920795291132194, 13.511035433503176, 0.0 ], [ 120.920880855834184, 13.511119160280167, 0.0 ], [ 120.920966420536161, 13.511255216229413, 0.0 ], [ 120.920987811711825, 13.511338942928386, 0.0 ], [ 120.920962855340463, 13.511387783488951, 0.0 ], [ 120.92083094309146, 13.51154128232788, 0.0 ], [ 120.920745378389469, 13.51166687221246, 0.0 ], [ 120.920641987707867, 13.511743621553189, 0.0 ], [ 120.920545727418116, 13.511802927845176, 0.0 ], [ 120.920520771046995, 13.511851768309496, 0.0 ], [ 120.920488684283541, 13.511938983399215, 0.0 ], [ 120.920456597520456, 13.512026198456644, 0.0 ], [ 120.920470858304043, 13.512106436280982, 0.0 ], [ 120.920577814181726, 13.512071550273713, 0.0 ], [ 120.920659813687507, 13.512043641464329, 0.0 ], [ 120.920813117111862, 13.511970380823623, 0.0 ], [ 120.920877290638515, 13.511900608763847, 0.0 ], [ 120.920955724948527, 13.511855256913913, 0.0 ], [ 120.921002072495426, 13.511900608763851, 0.0 ], [ 120.921091202393114, 13.511987823835312, 0.0 ], [ 120.921187462682965, 13.51204364146435, 0.0 ], [ 120.921294418560365, 13.512026198456649, 0.0 ], [ 120.921408504829529, 13.512071550273713, 0.0 ], [ 120.92153685188228, 13.512144810883024, 0.0 ], [ 120.92167945971913, 13.512165742481487, 0.0 ], [ 120.921889806278159, 13.512266911847549, 0.0 ], [ 120.922039544506333, 13.512326218007503, 0.0 ], [ 120.922249891065334, 13.512406455729398, 0.0 ], [ 120.922479665906977, 13.512454207616859, 0.0 ], [ 120.922707838445504, 13.512416995930446, 0.0 ], [ 120.923012842990943, 13.512239003061351, 0.0 ], [ 120.923442329268156, 13.512025941494704, 0.0 ], [ 120.923739368463558, 13.512007666993679, 0.0 ], [ 120.92429553902592, 13.512068136086, 0.0 ], [ 120.924818434427024, 13.512170468360532, 0.0 ], [ 120.925547697285992, 13.512354126783427, 0.0 ], [ 120.926082476673173, 13.512047130065794, 0.0 ], [ 120.926087362759844, 13.512020181966218, 0.0 ], [ 120.926132378775932, 13.511771906226221, 0.0 ], [ 120.926111412144948, 13.511537868132319, 0.0 ], [ 120.926330077494399, 13.511230870350243, 0.0 ], [ 120.926710365058653, 13.51101225047346, 0.0 ], [ 120.927047870271778, 13.510933175148937, 0.0 ], [ 120.92752798332161, 13.510937826639317, 0.0 ], [ 120.927941546047592, 13.511040159405102, 0.0 ], [ 120.928255283288109, 13.511165749557122, 0.0 ], [ 120.928706817385688, 13.511416273811287, 0.0 ], [ 120.92892554011992, 13.511333202988711, 0.0 ], [ 120.92909191592932, 13.511393672254131, 0.0 ], [ 120.929020612010987, 13.511109931720028, 0.0 ], [ 120.929063394362103, 13.51103550791675, 0.0 ], [ 120.929182176840825, 13.510794137416637, 0.0 ], [ 120.928694933399115, 13.509869651327016, 0.0 ], [ 120.92868899140592, 13.509823136207773, 0.0 ], [ 120.928813773262959, 13.509503344514084, 0.0 ], [ 120.929033627010995, 13.509183552386013, 0.0 ], [ 120.929366378629638, 13.508863759823813, 0.0 ], [ 120.929675362275532, 13.508561410093026, 0.0 ], [ 120.930055649839787, 13.508259059973819, 0.0 ], [ 120.930536951288119, 13.508026482695071, 0.0 ], [ 120.930887528886629, 13.507869492902065, 0.0 ], [ 120.931315352396211, 13.507665987459031, 0.0 ], [ 120.931384143322475, 13.507635257026523, 0.0 ], [ 120.931442461391342, 13.507609205048745, 0.0 ], [ 120.932253176000145, 13.507505293000039, 0.0 ], [ 120.932670161000118, 13.507165081000126, 0.0 ], [ 120.932804479000339, 13.507250367000088, 0.0 ], [ 120.93334940869353, 13.506813876303813, 0.0 ], [ 120.93340099200617, 13.506849056696717, 0.0 ], [ 120.933414832779107, 13.506839030828093, 0.0 ], [ 120.933491890000155, 13.506935879000109, 0.0 ], [ 120.933566081000194, 13.506889957000093, 0.0 ], [ 120.933525518000025, 13.506817857000129, 0.0 ], [ 120.933579417000061, 13.506778562000042, 0.0 ], [ 120.933626696000189, 13.506824408000156, 0.0 ], [ 120.933700781000141, 13.506778562000076, 0.0 ], [ 120.933624416234423, 13.506687214384115, 0.0 ], [ 120.933629758743891, 13.506683344417077, 0.0 ], [ 120.933644613726813, 13.506654272075298, 0.0 ], [ 120.93361238132951, 13.506606961110842, 0.0 ], [ 120.933621251406592, 13.506595466373776, 0.0 ], [ 120.933632984111782, 13.506589284347408, 0.0 ], [ 120.934029927000154, 13.506608773000098, 0.0 ], [ 120.934049692000087, 13.506543603000031, 0.0 ], [ 120.93363957800014, 13.506517220000083, 0.0 ], [ 120.933638207313791, 13.506518550604774, 0.0 ], [ 120.933629758743919, 13.506517632020865, 0.0 ], [ 120.933570338812103, 13.506561240557549, 0.0 ], [ 120.933469324927685, 13.506442043871495, 0.0 ], [ 120.933371282040085, 13.506340290555364, 0.0 ], [ 120.93348120891423, 13.506168763437287, 0.0 ], [ 120.933632729740381, 13.506054218139639, 0.0 ], [ 120.933563728308215, 13.50592437055446, 0.0 ], [ 120.933540034646711, 13.505879783569208, 0.0 ], [ 120.93361846895688, 13.505830941866391, 0.0 ], [ 120.934017770899274, 13.50567046191429, 0.0 ], [ 120.934324377747998, 13.505607665381444, 0.0 ], [ 120.934609593421115, 13.505593710594136, 0.0 ], [ 120.934894809094018, 13.505593710594122, 0.0 ], [ 120.935144372808253, 13.505530914041083, 0.0 ], [ 120.93557219631775, 13.505461140073161, 0.0 ], [ 120.935935846301064, 13.505509981852777, 0.0 ], [ 120.936285235500634, 13.505586733200206, 0.0 ], [ 120.936705928618537, 13.505705348869647, 0.0 ], [ 120.937076708993672, 13.505872806183749, 0.0 ], [ 120.937497402111703, 13.506089105038132, 0.0 ], [ 120.937782617784848, 13.50631238106671, 0.0 ], [ 120.938110615808782, 13.506584498440548, 0.0 ], [ 120.938467135400259, 13.506947321116204, 0.0 ], [ 120.938780872640919, 13.507212460410747, 0.0 ], [ 120.938930610869036, 13.507296188546711, 0.0 ], [ 120.939016175571126, 13.507428758034841, 0.0 ], [ 120.939101740272974, 13.507575282119083, 0.0 ], [ 120.939251478501376, 13.507700874118914, 0.0 ], [ 120.93940834712167, 13.507819488723857, 0.0 ], [ 120.939536694174507, 13.507868330014157, 0.0 ], [ 120.939643650052062, 13.507979967211783, 0.0 ], [ 120.93973634514569, 13.508084627036185, 0.0 ], [ 120.939907474549642, 13.508154400226758, 0.0 ], [ 120.940057212777916, 13.508154400226767, 0.0 ], [ 120.940249733357518, 13.508105558995466, 0.0 ], [ 120.940399471585806, 13.508021831147065, 0.0 ], [ 120.940527818638643, 13.507993921857841, 0.0 ], [ 120.940641904908105, 13.507993921857796, 0.0 ], [ 120.940720339218117, 13.507979967211787, 0.0 ], [ 120.94080590391998, 13.507896239318624, 0.0 ], [ 120.940898599013735, 13.50772878344301, 0.0 ], [ 120.940862947054683, 13.507631100794002, 0.0 ], [ 120.940912859797493, 13.507568304783835, 0.0 ], [ 120.941105380376911, 13.507449690052518, 0.0 ], [ 120.941290770564351, 13.507226415102146, 0.0 ], [ 120.941369204874462, 13.507065936100632, 0.0 ], [ 120.941354944090833, 13.506905456989946, 0.0 ], [ 120.941326422523588, 13.506703113607429, 0.0 ], [ 120.941290770564322, 13.506514724784767, 0.0 ], [ 120.941148162727828, 13.505956534796042, 0.0 ], [ 120.941196301786604, 13.50563268042071, 0.0 ], [ 120.941205205862587, 13.505572778411651, 0.0 ], [ 120.941326422523616, 13.505189021401762, 0.0 ], [ 120.941561725454065, 13.504854105682433, 0.0 ], [ 120.941682942114994, 13.504714557325665, 0.0 ], [ 120.941739985249598, 13.504512212061371, 0.0 ], [ 120.941754246033227, 13.504351731210892, 0.0 ], [ 120.941825549951432, 13.504177295379856, 0.0 ], [ 120.94199667935537, 13.503981927095788, 0.0 ], [ 120.942303286204094, 13.503751671410271, 0.0 ], [ 120.94267406657913, 13.503549325318724, 0.0 ], [ 120.94300206460322, 13.503493505676838, 0.0 ], [ 120.943215976358147, 13.503507460588571, 0.0 ], [ 120.943486931247605, 13.50347955076418, 0.0 ], [ 120.943622408692477, 13.503514438044126, 0.0 ], [ 120.943608147908719, 13.503549325318694, 0.0 ], [ 120.943608147908691, 13.503647009660499, 0.0 ], [ 120.943707973394467, 13.50372376161471, 0.0 ], [ 120.943793538096131, 13.503688874365963, 0.0 ], [ 120.943843450839054, 13.503542347864208, 0.0 ], [ 120.943943276324561, 13.503570257681115, 0.0 ], [ 120.943950406716354, 13.503793536096863, 0.0 ], [ 120.944142927295857, 13.503863310558389, 0.0 ], [ 120.944164318471394, 13.503905175225551, 0.0 ], [ 120.944207100822368, 13.504023791741643, 0.0 ], [ 120.944242752781435, 13.504156363071399, 0.0 ], [ 120.94437823022632, 13.504281956893816, 0.0 ], [ 120.944506577279057, 13.50442150550708, 0.0 ], [ 120.94465631550753, 13.504358708641309, 0.0 ], [ 120.944770401776736, 13.504316844054893, 0.0 ], [ 120.944920140005266, 13.504281956893816, 0.0 ], [ 120.94513405176005, 13.504219159991241, 0.0 ], [ 120.945262398813128, 13.504268002027997, 0.0 ], [ 120.945255268420979, 13.504393595791173, 0.0 ], [ 120.945198225286404, 13.504568031461821, 0.0 ], [ 120.945119790976307, 13.5047564218413, 0.0 ], [ 120.94505561744991, 13.504923879830068, 0.0 ], [ 120.945126921368271, 13.505056450653102, 0.0 ], [ 120.945205355678425, 13.505119247333017, 0.0 ], [ 120.945241007637478, 13.505202976213253, 0.0 ], [ 120.945191094894568, 13.505244840642099, 0.0 ], [ 120.945048487058003, 13.505384388684881, 0.0 ], [ 120.944970052747934, 13.505586733200095, 0.0 ], [ 120.945005704707, 13.505684416697054, 0.0 ], [ 120.945084139017268, 13.505803032317262, 0.0 ], [ 120.945191094894568, 13.505949557412828, 0.0 ], [ 120.945241007637478, 13.506075150279386, 0.0 ], [ 120.945219616461941, 13.506284471574673, 0.0 ], [ 120.945169703719131, 13.506472860581606, 0.0 ], [ 120.945148312543694, 13.50665427207529, 0.0 ], [ 120.945191094894568, 13.506731023049859, 0.0 ], [ 120.945305181164002, 13.506856615499888, 0.0 ], [ 120.945469180175877, 13.507051981399854, 0.0 ], [ 120.945554744877995, 13.507233392447365, 0.0 ], [ 120.945668831147074, 13.50743573537426, 0.0 ], [ 120.945790047808217, 13.507679942123568, 0.0 ], [ 120.94585422133477, 13.50791717129465, 0.0 ], [ 120.94594691642844, 13.50816835486226, 0.0 ], [ 120.946053872305953, 13.508342787737977, 0.0 ], [ 120.946082393873183, 13.508503265869482, 0.0 ], [ 120.946018220346772, 13.508656766588379, 0.0 ], [ 120.945954046820248, 13.508796312609851, 0.0 ], [ 120.946011089954951, 13.508914926662952, 0.0 ], [ 120.946082393873183, 13.509019586072048, 0.0 ], [ 120.946182219358832, 13.509054472531414, 0.0 ], [ 120.946303436019946, 13.509075404404626, 0.0 ], [ 120.946446043856383, 13.509061449822569, 0.0 ], [ 120.946552999733797, 13.509026563364316, 0.0 ], [ 120.946695607570362, 13.508970745020379, 0.0 ], [ 120.946795433056067, 13.508921903958345, 0.0 ], [ 120.946873867366122, 13.508998654194102, 0.0 ], [ 120.946873867366151, 13.509124245434558, 0.0 ], [ 120.946831085015148, 13.509235882036648, 0.0 ], [ 120.946695607570362, 13.509494041476485, 0.0 ], [ 120.946567260517526, 13.509703359733416, 0.0 ], [ 120.946239262493506, 13.509968495925147, 0.0 ], [ 120.946132306615979, 13.510045245819551, 0.0 ], [ 120.94602535073858, 13.510226654561741, 0.0 ], [ 120.945925525252989, 13.510254563586464, 0.0 ], [ 120.945790047808245, 13.510268518097735, 0.0 ], [ 120.945604657620777, 13.510282472608177, 0.0 ], [ 120.945433528216839, 13.510317358880247, 0.0 ], [ 120.945305181164002, 13.510380154157401, 0.0 ], [ 120.945148312543722, 13.510498767413008, 0.0 ], [ 120.945012835099064, 13.510673198562205, 0.0 ], [ 120.944891618437666, 13.510868561296217, 0.0 ], [ 120.944756140993164, 13.511008106006969, 0.0 ], [ 120.944670576291188, 13.511196491235321, 0.0 ], [ 120.944627793940171, 13.511308126855042, 0.0 ], [ 120.944527968454594, 13.511356967422104, 0.0 ], [ 120.94437823022632, 13.511426739643062, 0.0 ], [ 120.94429266552423, 13.511538375153718, 0.0 ], [ 120.94430692630786, 13.511643033396686, 0.0 ], [ 120.944321187091461, 13.511943053435841, 0.0 ], [ 120.944321187091461, 13.51215934671529, 0.0 ], [ 120.944271274348921, 13.512417502949885, 0.0 ], [ 120.944178579254896, 13.512731476367346, 0.0 ], [ 120.944064492985717, 13.51299660914937, 0.0 ], [ 120.943836320447147, 13.513254764465806, 0.0 ], [ 120.943579626341332, 13.51343617073541, 0.0 ], [ 120.943337193019289, 13.513617576864915, 0.0 ], [ 120.943059107737952, 13.513771074249949, 0.0 ], [ 120.942887978334014, 13.513812937155757, 0.0 ], [ 120.942688327362987, 13.5137850285528, 0.0 ], [ 120.942502937175377, 13.513771074249938, 0.0 ], [ 120.942296155812301, 13.513812937155777, 0.0 ], [ 120.942067983273759, 13.513889685797052, 0.0 ], [ 120.941868332302434, 13.513980388704644, 0.0 ], [ 120.941711463682225, 13.514078068719904, 0.0 ], [ 120.941511812711283, 13.514245520080037, 0.0 ], [ 120.941340683307104, 13.514315291445145, 0.0 ], [ 120.941262248997106, 13.514343199985321, 0.0 ], [ 120.941183814686894, 13.514468788375195, 0.0 ], [ 120.941155293119806, 13.514608330952109, 0.0 ], [ 120.941148162727828, 13.514733919200623, 0.0 ], [ 120.941183814686894, 13.514838576023172, 0.0 ], [ 120.941255118605255, 13.514908347212339, 0.0 ], [ 120.941340683307118, 13.514957187032573, 0.0 ], [ 120.941490421535732, 13.514971141265125, 0.0 ], [ 120.94161163819669, 13.5149711412651, 0.0 ], [ 120.941661550939429, 13.514936255682395, 0.0 ], [ 120.941704333290531, 13.51488741585788, 0.0 ], [ 120.941761376425006, 13.514901370094469, 0.0 ], [ 120.941818419559638, 13.514978118381014, 0.0 ], [ 120.941854071518932, 13.515082775094879, 0.0 ], [ 120.941839810735189, 13.515180454652745, 0.0 ], [ 120.941797028384201, 13.515215340199314, 0.0 ], [ 120.941747115641505, 13.51521534019928, 0.0 ], [ 120.941675811723186, 13.515243248632558, 0.0 ], [ 120.941590247021196, 13.51531301970201, 0.0 ], [ 120.941518943102864, 13.515438607574625, 0.0 ], [ 120.941476160751861, 13.515557218281446, 0.0 ], [ 120.941476160751861, 13.515675828928721, 0.0 ], [ 120.941497551927426, 13.515773508240324, 0.0 ], [ 120.941511812711056, 13.515878164600693, 0.0 ], [ 120.941547464670222, 13.515968866742046, 0.0 ], [ 120.94163302937207, 13.516073523015532, 0.0 ], [ 120.941682942114994, 13.516150270919896, 0.0 ], [ 120.941775637208892, 13.516247950034746, 0.0 ], [ 120.94189685386992, 13.516317720806031, 0.0 ], [ 120.942046592098194, 13.516345629108882, 0.0 ], [ 120.942139287191935, 13.51634562910885, 0.0 ], [ 120.942281895028515, 13.516310743729948, 0.0 ], [ 120.942388850905971, 13.516310743729949, 0.0 ], [ 120.942445894040645, 13.516338652033628, 0.0 ], [ 120.942521644496182, 13.516432158770558, 0.0 ], [ 120.942596180858729, 13.516530395933986, 0.0 ], [ 120.942617023444626, 13.516589826617109, 0.0 ], [ 120.942595632269175, 13.516673551418769, 0.0 ], [ 120.94253145874238, 13.516764253253619, 0.0 ], [ 120.942453024432368, 13.516882863292643, 0.0 ], [ 120.942374590122313, 13.517008450327525, 0.0 ], [ 120.942388850905971, 13.517175899603224, 0.0 ], [ 120.942417372473173, 13.5172735782925, 0.0 ], [ 120.942460154824431, 13.517364279895988, 0.0 ], [ 120.942474415607805, 13.517420096250151, 0.0 ], [ 120.942595632269175, 13.517531728918565, 0.0 ], [ 120.942666936187408, 13.517601499309245, 0.0 ], [ 120.942795283240216, 13.517685223751155, 0.0 ], [ 120.942880847942078, 13.517643361533988, 0.0 ], [ 120.943116150872441, 13.51758754523277, 0.0 ], [ 120.943230237141648, 13.517594522271267, 0.0 ], [ 120.943319773021528, 13.517717626642261, 0.0 ], [ 120.943422450663817, 13.517790187791038, 0.0 ], [ 120.943502311052413, 13.517851585668858, 0.0 ], [ 120.943587875754218, 13.5179408916441, 0.0 ], [ 120.943650623202345, 13.518074850543391, 0.0 ], [ 120.943700535945197, 13.518149039553848, 0.0 ], [ 120.943693712610653, 13.518243385934992, 0.0 ], [ 120.943629539084043, 13.518361995228686, 0.0 ], [ 120.943643799867885, 13.518473627450335, 0.0 ], [ 120.94368658221876, 13.518592236627789, 0.0 ], [ 120.943757886136993, 13.518682937723181, 0.0 ], [ 120.943786407704451, 13.51878759278982, 0.0 ], [ 120.943864842014619, 13.518892247809983, 0.0 ], [ 120.943871972406271, 13.518982948789628, 0.0 ], [ 120.943871972406299, 13.519073649734471, 0.0 ], [ 120.944014580242765, 13.519164350644346, 0.0 ], [ 120.94413579690405, 13.519185281618608, 0.0 ], [ 120.944299795916052, 13.519241097540679, 0.0 ], [ 120.944392491009808, 13.51931784441207, 0.0 ], [ 120.944506577279085, 13.519450407130984, 0.0 ], [ 120.944554566742454, 13.519570487173661, 0.0 ], [ 120.944599272372955, 13.519694601417767, 0.0 ], [ 120.944606402764634, 13.519785302088199, 0.0 ], [ 120.944499446887363, 13.519834140896421, 0.0 ], [ 120.944406751793437, 13.519917864543768, 0.0 ], [ 120.944356839050755, 13.520008565128107, 0.0 ], [ 120.944228491997691, 13.520085311749371, 0.0 ], [ 120.944199970430461, 13.52024578187614, 0.0 ], [ 120.944212466387881, 13.520365241338915, 0.0 ], [ 120.944257625536068, 13.520437336541171, 0.0 ], [ 120.944290900698078, 13.520483849563043, 0.0 ], [ 120.944281393508803, 13.520544316477707, 0.0 ], [ 120.944317045468125, 13.520560596029014, 0.0 ], [ 120.944359827818985, 13.52055361907852, 0.0 ], [ 120.944406751793437, 13.520524860096803, 0.0 ], [ 120.944513707670836, 13.52056672180141, 0.0 ], [ 120.944649185115622, 13.520643468240454, 0.0 ], [ 120.944734749817627, 13.520741145490319, 0.0 ], [ 120.944870227262214, 13.520803937986566, 0.0 ], [ 120.944979379642433, 13.520877318351941, 0.0 ], [ 120.944991548844428, 13.520923459183411, 0.0 ], [ 120.945038704502309, 13.520957692697587, 0.0 ], [ 120.945134536968538, 13.520905598217356, 0.0 ], [ 120.945219616461941, 13.520908592110157, 0.0 ], [ 120.945236707560667, 13.520963553325959, 0.0 ], [ 120.945322272262771, 13.520933319924294, 0.0 ], [ 120.945462049784339, 13.520908592110132, 0.0 ], [ 120.945590396837147, 13.52096440762328, 0.0 ], [ 120.945718743889884, 13.521083015545594, 0.0 ], [ 120.945790047808217, 13.521208600339001, 0.0 ], [ 120.945861351726478, 13.521236508061678, 0.0 ], [ 120.945989698779414, 13.521173715680794, 0.0 ], [ 120.946118045832378, 13.521083015545614, 0.0 ], [ 120.946189349750583, 13.520992315375194, 0.0 ], [ 120.946289175236188, 13.520950453746295, 0.0 ], [ 120.946367609546471, 13.520985338437717, 0.0 ], [ 120.946453174248191, 13.521048130868705, 0.0 ], [ 120.946593858805642, 13.521007740598195, 0.0 ], [ 120.946702023933156, 13.520926383790771, 0.0 ], [ 120.94682678493858, 13.520907737812347, 0.0 ], [ 120.946959432068084, 13.520824868815172, 0.0 ], [ 120.947144822255638, 13.520783007156361, 0.0 ], [ 120.947287430092103, 13.520803937986573, 0.0 ], [ 120.947401516361566, 13.520762076324182, 0.0 ], [ 120.947565515373597, 13.520692306870448, 0.0 ], [ 120.947729514385571, 13.520608583498657, 0.0 ], [ 120.947815079087533, 13.520517883145359, 0.0 ], [ 120.947900643789382, 13.52039927493851, 0.0 ], [ 120.947914904573011, 13.520294620588677, 0.0 ], [ 120.947857861438635, 13.52017601226931, 0.0 ], [ 120.94775803595293, 13.520120196568753, 0.0 ], [ 120.94775803595293, 13.52001554209493, 0.0 ], [ 120.947836470263098, 13.519945772419574, 0.0 ], [ 120.947993338883194, 13.519862048782048, 0.0 ], [ 120.948214381029914, 13.5198201869523, 0.0 ], [ 120.948349858474728, 13.519820186952307, 0.0 ], [ 120.948582168541662, 13.519855242979377, 0.0 ], [ 120.948596429325519, 13.519883150862814, 0.0 ], [ 120.94868912441919, 13.51989710480307, 0.0 ], [ 120.948739037161971, 13.519938966619337, 0.0 ], [ 120.94876755872923, 13.519966874492734, 0.0 ], [ 120.94886738421495, 13.519973851460461, 0.0 ], [ 120.948931557741261, 13.519869196921361, 0.0 ], [ 120.948931557741233, 13.519729657463705, 0.0 ], [ 120.948974340092477, 13.519652910726567, 0.0 ], [ 120.949095556753491, 13.519569186984818, 0.0 ], [ 120.949231034198263, 13.519478486231128, 0.0 ], [ 120.949359381251099, 13.51945755528279, 0.0 ], [ 120.949573293005997, 13.519450578299791, 0.0 ], [ 120.949715900842463, 13.519450578299795, 0.0 ], [ 120.949794335152632, 13.519429647349199, 0.0 ], [ 120.949894160638237, 13.519387785442365, 0.0 ], [ 120.950079550825649, 13.519276153654257, 0.0 ], [ 120.950229289054278, 13.519192429778467, 0.0 ], [ 120.950329114539741, 13.518969165964167, 0.0 ], [ 120.950307723364332, 13.518717993919786, 0.0 ], [ 120.950357636107114, 13.51869008589836, 0.0 ], [ 120.95046459198457, 13.518648223859815, 0.0 ], [ 120.950557287078283, 13.518641246852853, 0.0 ], [ 120.95066424295571, 13.518606361813983, 0.0 ], [ 120.950735546873943, 13.5185296147106, 0.0 ], [ 120.950764068441288, 13.518438913556142, 0.0 ], [ 120.950771198833351, 13.518313327284661, 0.0 ], [ 120.950771198833351, 13.518236580085565, 0.0 ], [ 120.950785459616853, 13.518166809882873, 0.0 ], [ 120.950863893927036, 13.518090062636043, 0.0 ], [ 120.95093519784524, 13.518013315364225, 0.0 ], [ 120.951035023330974, 13.517971453205414, 0.0 ], [ 120.951163370383782, 13.517978430232713, 0.0 ], [ 120.951277456653017, 13.517950522123389, 0.0 ], [ 120.951412934097633, 13.517880751835907, 0.0 ], [ 120.951519889975287, 13.517804004495925, 0.0 ], [ 120.951605454677122, 13.51772725713082, 0.0 ], [ 120.95160545467715, 13.517643532704064, 0.0 ], [ 120.951605454677122, 13.517469106719227, 0.0 ], [ 120.951605454677122, 13.517336542884232, 0.0 ], [ 120.951605454677122, 13.517120254361613, 0.0 ], [ 120.951584063501485, 13.516959782103593, 0.0 ], [ 120.951491368407801, 13.516729539107496, 0.0 ], [ 120.951498498799623, 13.516589997787987, 0.0 ], [ 120.951484238016121, 13.516422548095475, 0.0 ], [ 120.951448586057055, 13.516234167048911, 0.0 ], [ 120.951398673314046, 13.516052762935841, 0.0 ], [ 120.951298847828596, 13.515871358682821, 0.0 ], [ 120.951199022342948, 13.515606229138371, 0.0 ], [ 120.951113457640858, 13.515473664254325, 0.0 ], [ 120.951042153722781, 13.515348076400466, 0.0 ], [ 120.951020762547117, 13.515257374019999, 0.0 ], [ 120.950942328237048, 13.515117831827824, 0.0 ], [ 120.950828241967841, 13.515006198014532, 0.0 ], [ 120.95072841648215, 13.515082946266817, 0.0 ], [ 120.95066424295571, 13.514999220899394, 0.0 ], [ 120.950657112564031, 13.514859678554307, 0.0 ], [ 120.950714155698506, 13.514824792954901, 0.0 ], [ 120.950714155698506, 13.514768975985536, 0.0 ], [ 120.950671373347646, 13.514678273381685, 0.0 ], [ 120.950678503739439, 13.51457361648789, 0.0 ], [ 120.950685634131119, 13.514434073890273, 0.0 ], [ 120.950607199821107, 13.514301508346266, 0.0 ], [ 120.950528765511052, 13.514189874145783, 0.0 ], [ 120.950357636107114, 13.514064285607212, 0.0 ], [ 120.950172245919674, 13.513792176876633, 0.0 ], [ 120.950008246907544, 13.513617748037783, 0.0 ], [ 120.949808595936375, 13.513436341908337, 0.0 ], [ 120.94952338026323, 13.513282844305062, 0.0 ], [ 120.949295207724788, 13.513240981304921, 0.0 ], [ 120.949017122443351, 13.513136323772182, 0.0 ], [ 120.948881644998536, 13.513003757497131, 0.0 ], [ 120.948881644998536, 13.512885145503542, 0.0 ], [ 120.948703385203046, 13.512829328074202, 0.0 ], [ 120.948482343056412, 13.51276653345033, 0.0 ], [ 120.948275561693194, 13.51271071599283, 0.0 ], [ 120.948104432289384, 13.512675830075253, 0.0 ], [ 120.947983215628213, 13.512620012596127, 0.0 ], [ 120.947883390142522, 13.512529309164359, 0.0 ], [ 120.947812086224417, 13.512459537270146, 0.0 ], [ 120.947712260738712, 13.512299061834884, 0.0 ], [ 120.947640956820507, 13.512110677488714, 0.0 ], [ 120.947519740159208, 13.511957179021135, 0.0 ], [ 120.947370001930963, 13.511859498125899, 0.0 ], [ 120.947320089188167, 13.511712976707233, 0.0 ], [ 120.947191742135587, 13.511468774140322, 0.0 ], [ 120.9471346990006, 13.511175730725432, 0.0 ], [ 120.94704200390693, 13.510631506273347, 0.0 ], [ 120.947020612731393, 13.510310552801762, 0.0 ], [ 120.946992091164262, 13.509961689836205, 0.0 ], [ 120.947013482339443, 13.509563985425366, 0.0 ], [ 120.947020612731393, 13.509284894209706, 0.0 ], [ 120.947056264690531, 13.508887188655795, 0.0 ], [ 120.947255915661614, 13.508754619988403, 0.0 ], [ 120.947284437229072, 13.508629028550867, 0.0 ], [ 120.947476957808348, 13.508559255500863, 0.0 ], [ 120.947776434265265, 13.508461573196294, 0.0 ], [ 120.947947563669175, 13.508468550505169, 0.0 ], [ 120.948075910722011, 13.50840575471832, 0.0 ], [ 120.94815434503208, 13.508273185780089, 0.0 ], [ 120.948118693072786, 13.508098752853071, 0.0 ], [ 120.948268431301315, 13.50793827444593, 0.0 ], [ 120.948346865611427, 13.507770818600209, 0.0 ], [ 120.948375387178842, 13.507554521290119, 0.0 ], [ 120.948418169529759, 13.507219608934058, 0.0 ], [ 120.948567907758289, 13.506940514940201, 0.0 ], [ 120.948710515594726, 13.50666142061568, 0.0 ], [ 120.948924427349553, 13.506410235440935, 0.0 ], [ 120.949009992051401, 13.506340461733657, 0.0 ], [ 120.949138339104593, 13.506228823759164, 0.0 ], [ 120.949273816549251, 13.50610323097456, 0.0 ], [ 120.949387902818458, 13.506047411937756, 0.0 ], [ 120.949630336140601, 13.506012525032846, 0.0 ], [ 120.9498727694628, 13.50599159288751, 0.0 ], [ 120.950136593960536, 13.505970660740411, 0.0 ], [ 120.950321984147976, 13.505970660740429, 0.0 ], [ 120.950535895902746, 13.506005547651386, 0.0 ], [ 120.950714155698506, 13.506117185731709, 0.0 ], [ 120.950871024318815, 13.506256733257848, 0.0 ], [ 120.95101363215538, 13.50643116754901, 0.0 ], [ 120.951120588032808, 13.506535828061613, 0.0 ], [ 120.951305978220361, 13.506647465890701, 0.0 ], [ 120.951477107624058, 13.506717239507056, 0.0 ], [ 120.951662497811881, 13.506703284785473, 0.0 ], [ 120.951812236040126, 13.506612579075064, 0.0 ], [ 120.951883539958615, 13.506445122286685, 0.0 ], [ 120.951976235052157, 13.50625673325785, 0.0 ], [ 120.952001727211595, 13.506092095542511, 0.0 ], [ 120.952011887011295, 13.506026479795457, 0.0 ], [ 120.951969104660336, 13.505796226108099, 0.0 ], [ 120.951919191917554, 13.505586904378886, 0.0 ], [ 120.951833627215592, 13.50535665026192, 0.0 ], [ 120.951698149771047, 13.505042667012717, 0.0 ], [ 120.951576933109891, 13.50479845752905, 0.0 ], [ 120.951491368407815, 13.504596112336786, 0.0 ], [ 120.951412934097633, 13.504442608971475, 0.0 ], [ 120.951241804693922, 13.504310037802874, 0.0 ], [ 120.951035023330974, 13.504191421430916, 0.0 ], [ 120.950771701693014, 13.504049023130342, 0.0 ], [ 120.950764068441288, 13.504044895241812, 0.0 ], [ 120.950557287078283, 13.503961165949994, 0.0 ], [ 120.950428940025475, 13.503926278736284, 0.0 ], [ 120.950379027282679, 13.503842549402284, 0.0 ], [ 120.950186506703432, 13.50371695534572, 0.0 ], [ 120.949979725340071, 13.503605316127867, 0.0 ], [ 120.949887030246529, 13.503528564134822, 0.0 ], [ 120.949751552801771, 13.503430879744188, 0.0 ], [ 120.949608944965192, 13.503326217851892, 0.0 ], [ 120.949580423397833, 13.503249465767997, 0.0 ], [ 120.949608944965192, 13.503172713659261, 0.0 ], [ 120.949480597912256, 13.503019209366515, 0.0 ], [ 120.949395033210266, 13.50299129948449, 0.0 ], [ 120.949309468508403, 13.502914547291525, 0.0 ], [ 120.94942355477761, 13.502851750024192, 0.0 ], [ 120.949501989087793, 13.50280988517024, 0.0 ], [ 120.949594684181463, 13.50275406535294, 0.0 ], [ 120.94968737927536, 13.502733132918031, 0.0 ], [ 120.949829987111826, 13.502670335602254, 0.0 ], [ 120.949996660925109, 13.502761671299274, 0.0 ], [ 120.950008246907672, 13.502768020308425, 0.0 ], [ 120.950165115527895, 13.502928502237722, 0.0 ], [ 120.950379027282693, 13.502949434655193, 0.0 ], [ 120.950571547861912, 13.50290756981831, 0.0 ], [ 120.950685634131304, 13.502795930216983, 0.0 ], [ 120.95082714026708, 13.502795930216944, 0.0 ], [ 120.950920937061738, 13.502795930216925, 0.0 ], [ 120.951035023331073, 13.502684290562993, 0.0 ], [ 120.951277456653187, 13.502607538269915, 0.0 ], [ 120.951434325273453, 13.502572650855885, 0.0 ], [ 120.951568177759569, 13.502551969475002, 0.0 ], [ 120.951568079000012, 13.502553487000124, 0.0 ], [ 120.951569603000266, 13.502574427000106, 0.0 ], [ 120.951587121000102, 13.502600581000136, 0.0 ], [ 120.95160680500021, 13.502637296000053, 0.0 ], [ 120.951642992000075, 13.502671372000021, 0.0 ], [ 120.951687265000032, 13.502708107000119, 0.0 ], [ 120.951729685000032, 13.502729019000087, 0.0 ], [ 120.951781217000089, 13.502733907000115, 0.0 ], [ 120.951819546694978, 13.502728162225717, 0.0 ], [ 120.951869279174829, 13.502747087874818, 0.0 ], [ 120.951983365444121, 13.502761042830645, 0.0 ], [ 120.951983632145129, 13.502761015358903, 0.0 ], [ 120.951986023000146, 13.502761497000103, 0.0 ], [ 120.952017745000049, 13.502764236000093, 0.0 ], [ 120.952057580000101, 13.502764329000165, 0.0 ], [ 120.952100086000073, 13.502764428000075, 0.0 ], [ 120.952139840000086, 13.50276718800013, 0.0 ], [ 120.952187706000018, 13.502767300000135, 0.0 ], [ 120.952241013000091, 13.502764757, 0.0 ], [ 120.952323529000196, 13.502764950000119, 0.0 ], [ 120.952363480000031, 13.502765043000093, 0.0 ], [ 120.952400634000014, 13.50277047100014, 0.0 ], [ 120.952440289000037, 13.502783935000028, 0.0 ], [ 120.95248317800008, 13.502776013000071, 0.0 ], [ 120.952515262000134, 13.502773415000057, 0.0 ], [ 120.952544987000024, 13.502754785000093, 0.0 ], [ 120.952566714000127, 13.502733509000127, 0.0 ], [ 120.952596379000184, 13.502712295000128, 0.0 ], [ 120.952620501000069, 13.502701724000032, 0.0 ], [ 120.952641791000019, 13.502701767000145, 0.0 ], [ 120.952658041000078, 13.502680590000081, 0.0 ], [ 120.952656992967491, 13.502663358121938, 0.0 ], [ 120.952817621288105, 13.50266335812193, 0.0 ], [ 120.953024402650954, 13.502698245522689, 0.0 ], [ 120.952995881084021, 13.502900592344792, 0.0 ], [ 120.953109967353143, 13.502914547291512, 0.0 ], [ 120.953174140879369, 13.502670335602227, 0.0 ], [ 120.953266835973295, 13.502649403160094, 0.0 ], [ 120.953495008511936, 13.502705223002012, 0.0 ], [ 120.953801615360817, 13.502761042830649, 0.0 ], [ 120.954065439858397, 13.502768020308419, 0.0 ], [ 120.954293612396683, 13.502823840122412, 0.0 ], [ 120.954521784935096, 13.502851750024215, 0.0 ], [ 120.954643001596196, 13.502879659923146, 0.0 ], [ 120.954707175122635, 13.502977344542112, 0.0 ], [ 120.954856913351023, 13.502970367070876, 0.0 ], [ 120.954928217269284, 13.50320760098464, 0.0 ], [ 120.954963869228564, 13.503368082614397, 0.0 ], [ 120.954978130012236, 13.503507631768848, 0.0 ], [ 120.954978130012236, 13.503689045546162, 0.0 ], [ 120.954942478053027, 13.503884414073047, 0.0 ], [ 120.954871174134837, 13.504037917801906, 0.0 ], [ 120.954871174134837, 13.504240263473829, 0.0 ], [ 120.954856913351023, 13.504421676686867, 0.0 ], [ 120.954807000608099, 13.50456122521725, 0.0 ], [ 120.954757087865488, 13.504749615602115, 0.0 ], [ 120.95475708786546, 13.504889163938422, 0.0 ], [ 120.954707175122635, 13.505105463695898, 0.0 ], [ 120.954714305514358, 13.505272921436353, 0.0 ], [ 120.954764218257239, 13.505426424260635, 0.0 ], [ 120.95479273982437, 13.505607836560241, 0.0 ], [ 120.954849782959073, 13.505865999976557, 0.0 ], [ 120.954899695701997, 13.506026479795533, 0.0 ], [ 120.9548355221756, 13.506193936881408, 0.0 ], [ 120.954728566298172, 13.506354416476711, 0.0 ], [ 120.954650131987933, 13.506500941229184, 0.0 ], [ 120.954621610420759, 13.506668397977927, 0.0 ], [ 120.954557436894234, 13.506745148947804, 0.0 ], [ 120.954607349636959, 13.506919582877517, 0.0 ], [ 120.954707175122635, 13.507003311117696, 0.0 ], [ 120.954849782959045, 13.50698237906051, 0.0 ], [ 120.954913956485868, 13.507094016677854, 0.0 ], [ 120.955042303538804, 13.50718472220273, 0.0 ], [ 120.955199172158927, 13.507282405037026, 0.0 ], [ 120.955306128036383, 13.507296359724377, 0.0 ], [ 120.955348910387329, 13.507373110489761, 0.0 ], [ 120.955427344697227, 13.507477770583865, 0.0 ], [ 120.955705429978593, 13.50749870259733, 0.0 ], [ 120.955912211341669, 13.507435906551791, 0.0 ], [ 120.956104731921073, 13.507380087830779, 0.0 ], [ 120.956311513284277, 13.507170767508995, 0.0 ], [ 120.956411338769612, 13.507024243173051, 0.0 ], [ 120.956446990728864, 13.506787013102777, 0.0 ], [ 120.956482642688101, 13.506493963862308, 0.0 ], [ 120.956511164255403, 13.506277665379523, 0.0 ], [ 120.956639511308381, 13.506026479795532, 0.0 ], [ 120.956739336793703, 13.505838090431693, 0.0 ], [ 120.956889075022431, 13.505649700917388, 0.0 ], [ 120.957060204426071, 13.505489220841739, 0.0 ], [ 120.957195681870985, 13.505468288649951, 0.0 ], [ 120.957316898531872, 13.505572949590517, 0.0 ], [ 120.957587853421174, 13.505524107823929, 0.0 ], [ 120.957823156351864, 13.505426424260666, 0.0 ], [ 120.957987155363739, 13.505314785852823, 0.0 ], [ 120.958122632808482, 13.505168260362561, 0.0 ], [ 120.958265240645105, 13.505042667012811, 0.0 ], [ 120.958464891616288, 13.505035689602177, 0.0 ], [ 120.958678803371285, 13.505063599242108, 0.0 ], [ 120.958792889640463, 13.504958938075292, 0.0 ], [ 120.958971149436124, 13.504896141352964, 0.0 ], [ 120.959149409231813, 13.504951960662511, 0.0 ], [ 120.959484537647882, 13.505056621832372, 0.0 ], [ 120.959630486343386, 13.505010123147104, 0.0 ], [ 120.959791144496407, 13.504958938075275, 0.0 ], [ 120.959969404292323, 13.504903118767331, 0.0 ], [ 120.960133403304198, 13.505077554060742, 0.0 ], [ 120.960268880748913, 13.505140350734923, 0.0 ], [ 120.96032592388363, 13.505370605063407, 0.0 ], [ 120.960425749369065, 13.505552017406155, 0.0 ], [ 120.960447140544701, 13.505684587875768, 0.0 ], [ 120.960382967018305, 13.505796226108309, 0.0 ], [ 120.960254619965667, 13.506089276216581, 0.0 ], [ 120.960176185655229, 13.506221846384239, 0.0 ], [ 120.959926621941122, 13.506291620126227, 0.0 ], [ 120.959905281068473, 13.506307804370374, 0.0 ], [ 120.959641406268005, 13.506507918596364, 0.0 ], [ 120.959377581770354, 13.506724216867571, 0.0 ], [ 120.959120887664525, 13.50693353758618, 0.0 ], [ 120.958978279828116, 13.507128903422407, 0.0 ], [ 120.958906975909599, 13.507407997193072, 0.0 ], [ 120.958906975909599, 13.507596385301399, 0.0 ], [ 120.959042453354414, 13.507875478517832, 0.0 ], [ 120.959113757272803, 13.507889433170057, 0.0 ], [ 120.959227843541953, 13.507861523864898, 0.0 ], [ 120.959306277852221, 13.508008047679878, 0.0 ], [ 120.959413233729606, 13.50814759408558, 0.0 ], [ 120.95954158078257, 13.508147594085621, 0.0 ], [ 120.959712710186224, 13.508084798213082, 0.0 ], [ 120.959940882724865, 13.508112707491886, 0.0 ], [ 120.960161924871485, 13.508035956967587, 0.0 ], [ 120.9602418069517, 13.507896992967448, 0.0 ], [ 120.960290271924578, 13.507812682572863, 0.0 ], [ 120.960468531720267, 13.507589407966575, 0.0 ], [ 120.960532705246706, 13.507394042512274, 0.0 ], [ 120.96061113955659, 13.507296359724366, 0.0 ], [ 120.960839312095359, 13.50711494872508, 0.0 ], [ 120.961038963066372, 13.507038197875653, 0.0 ], [ 120.961103136593138, 13.507073084628519, 0.0 ], [ 120.961131658160198, 13.507100994027031, 0.0 ], [ 120.961188701294773, 13.50716379016178, 0.0 ], [ 120.961302787564023, 13.507135880770711, 0.0 ], [ 120.961466786576139, 13.507080061978465, 0.0 ], [ 120.961580872845644, 13.507073084628537, 0.0 ], [ 120.961723480682068, 13.507052152577611, 0.0 ], [ 120.961880349302191, 13.507066107278254, 0.0 ], [ 120.962115652232455, 13.507010288469541, 0.0 ], [ 120.96224399928542, 13.506856786677819, 0.0 ], [ 120.962472171824061, 13.506780035744001, 0.0 ], [ 120.962600518877025, 13.50661257907505, 0.0 ], [ 120.9627787786726, 13.506549782793236, 0.0 ], [ 120.963021211994828, 13.506549782793265, 0.0 ], [ 120.96321373257409, 13.506591646982882, 0.0 ], [ 120.963342079627054, 13.506549782793243, 0.0 ], [ 120.963456165896446, 13.506542805427738, 0.0 ], [ 120.963605904124606, 13.506661420615789, 0.0 ], [ 120.963734251177598, 13.506793990461018, 0.0 ], [ 120.963869728622285, 13.506926560231827, 0.0 ], [ 120.963883989405971, 13.507038197875683, 0.0 ], [ 120.963955293324389, 13.507191699549656, 0.0 ], [ 120.964026597242423, 13.507359155806883, 0.0 ], [ 120.9641406835118, 13.50751963460845, 0.0 ], [ 120.964226248213762, 13.50768709063283, 0.0 ], [ 120.964204857038226, 13.507826637228623, 0.0 ], [ 120.964226248213762, 13.50796618374217, 0.0 ], [ 120.964226248213762, 13.508252253835797, 0.0 ], [ 120.964204857038254, 13.508559255500934, 0.0 ], [ 120.964147813903878, 13.508775551888512, 0.0 ], [ 120.963962423716211, 13.508998825370325, 0.0 ], [ 120.963705729610282, 13.509180234918697, 0.0 ], [ 120.963356340410542, 13.509347689762333, 0.0 ], [ 120.963071124737453, 13.509431417139135, 0.0 ], [ 120.962814430631852, 13.509480258095344, 0.0 ], [ 120.962536345350486, 13.509515144486533, 0.0 ], [ 120.96236521594642, 13.509557008149113, 0.0 ], [ 120.962101391448968, 13.509745394538239, 0.0 ], [ 120.962022957138856, 13.509870985380529, 0.0 ], [ 120.961965914004381, 13.510031462470799, 0.0 ], [ 120.961830436559467, 13.510247757506205, 0.0 ], [ 120.96173774146574, 13.510422188841343, 0.0 ], [ 120.961545220886379, 13.510624529028645, 0.0 ], [ 120.961424004225236, 13.510680346980854, 0.0 ], [ 120.961302787564051, 13.510861755233512, 0.0 ], [ 120.961202962078602, 13.511050140579066, 0.0 ], [ 120.961160179727585, 13.511147821809836, 0.0 ], [ 120.961117397376611, 13.511412956375136, 0.0 ], [ 120.961074615025623, 13.511608318495405, 0.0 ], [ 120.961074615025623, 13.511692045068623, 0.0 ], [ 120.961103136593138, 13.511852520917801, 0.0 ], [ 120.961131658160198, 13.512047882673226, 0.0 ], [ 120.961127679153364, 13.512080328688114, 0.0 ], [ 120.961110266984861, 13.512222312675132, 0.0 ], [ 120.961024702282998, 13.512438605697923, 0.0 ], [ 120.96100331110749, 13.512599081038188, 0.0 ], [ 120.960989050323974, 13.512794442174174, 0.0 ], [ 120.960917746405599, 13.513024689019154, 0.0 ], [ 120.960939137580795, 13.513199118297679, 0.0 ], [ 120.961060354241908, 13.513331684462452, 0.0 ], [ 120.961231483645747, 13.513359593119386, 0.0 ], [ 120.961261193612117, 13.513464250552838, 0.0 ], [ 120.96134675831378, 13.513561930782087, 0.0 ], [ 120.961410931840192, 13.513673565280166, 0.0 ], [ 120.96148519336235, 13.513768589490899, 0.0 ], [ 120.961503626934245, 13.513792176876644, 0.0 ], [ 120.96159632202783, 13.513917765560461, 0.0 ], [ 120.961696147513408, 13.514043354177485, 0.0 ], [ 120.961795972998985, 13.514175919866892, 0.0 ], [ 120.961959972010959, 13.514371279694625, 0.0 ], [ 120.962066927888586, 13.514538730846221, 0.0 ], [ 120.962131101415153, 13.514657342006952, 0.0 ], [ 120.962252318076025, 13.514831770075373, 0.0 ], [ 120.96234501316998, 13.514964335320887, 0.0 ], [ 120.962523272965541, 13.515062014927899, 0.0 ], [ 120.962730054328773, 13.515110854715953, 0.0 ], [ 120.962851270989631, 13.515055037814244, 0.0 ], [ 120.96302953078532, 13.514915495502121, 0.0 ], [ 120.963129356270983, 13.51479688447183, 0.0 ], [ 120.963179269013708, 13.514664319131953, 0.0 ], [ 120.963207790581237, 13.514448028154128, 0.0 ], [ 120.963136486662975, 13.514273599800887, 0.0 ], [ 120.962965357259108, 13.514134057025741, 0.0 ], [ 120.96270866315318, 13.513980559877202, 0.0 ], [ 120.962544664141134, 13.513868925524777, 0.0 ], [ 120.96238066512899, 13.513729382509624, 0.0 ], [ 120.962416317088142, 13.51363170234964, 0.0 ], [ 120.962394925912676, 13.513520067831687, 0.0 ], [ 120.962287970035277, 13.513415410422869, 0.0 ], [ 120.962173883766127, 13.513261912805937, 0.0 ], [ 120.962116840631438, 13.513031666192887, 0.0 ], [ 120.96215249259059, 13.512871191147553, 0.0 ], [ 120.96223092690083, 13.5127246703584, 0.0 ], [ 120.962252318076025, 13.512578149478383, 0.0 ], [ 120.962280839643554, 13.512487446030443, 0.0 ], [ 120.962402056304427, 13.512396742547654, 0.0 ], [ 120.962516142573918, 13.512431628506663, 0.0 ], [ 120.962580316100116, 13.512438605697938, 0.0 ], [ 120.962722923936667, 13.512382788162819, 0.0 ], [ 120.962922574908134, 13.512452560079808, 0.0 ], [ 120.96302953078532, 13.512459537270169, 0.0 ], [ 120.963065182744486, 13.512424651315451, 0.0 ], [ 120.963150747446548, 13.5124665144607, 0.0 ], [ 120.963264833715584, 13.512508377598362, 0.0 ], [ 120.963386050376911, 13.51252233197596, 0.0 ], [ 120.963550049389028, 13.512452560079794, 0.0 ], [ 120.963735439576368, 13.512438605697952, 0.0 ], [ 120.963949351331266, 13.512382788162837, 0.0 ], [ 120.964084828775853, 13.512431628506665, 0.0 ], [ 120.96425595817982, 13.512431628506658, 0.0 ], [ 120.964598216987838, 13.512424651315429, 0.0 ], [ 120.964847780701717, 13.512543263540845, 0.0 ], [ 120.965047431672929, 13.512599081038157, 0.0 ], [ 120.965147257158634, 13.512633966967167, 0.0 ], [ 120.965282734603193, 13.51271071599297, 0.0 ], [ 120.965482385574418, 13.512724670358436, 0.0 ], [ 120.965589341451846, 13.512822350894639, 0.0 ], [ 120.965696297329259, 13.512829328074202, 0.0 ], [ 120.965810383598409, 13.512766533450263, 0.0 ], [ 120.965967252218789, 13.512654898522328, 0.0 ], [ 120.96611699044719, 13.512515354787345, 0.0 ], [ 120.966273859067314, 13.512396742547654, 0.0 ], [ 120.966295250242879, 13.512271153052478, 0.0 ], [ 120.966366554161382, 13.511873452542062, 0.0 ], [ 120.966395075728315, 13.511643204571129, 0.0 ], [ 120.966323771810394, 13.51147575136021, 0.0 ], [ 120.966444988471267, 13.511399001931695, 0.0 ], [ 120.966651769834115, 13.511217594092894, 0.0 ], [ 120.966808638454609, 13.511029208881636, 0.0 ], [ 120.966929855115708, 13.510945482072323, 0.0 ], [ 120.967193679613388, 13.51087570970879, 0.0 ], [ 120.967407591368229, 13.510917573129401, 0.0 ], [ 120.96760011194759, 13.510931527601308, 0.0 ], [ 120.967678546257829, 13.510805937324292, 0.0 ], [ 120.96774985017602, 13.510708255951798, 0.0 ], [ 120.967842545269704, 13.5107710511246, 0.0 ], [ 120.96776411095982, 13.510924550365498, 0.0 ], [ 120.967785502135257, 13.511050140579085, 0.0 ], [ 120.967928109971723, 13.511119912890704, 0.0 ], [ 120.968113500159276, 13.511210616865357, 0.0 ], [ 120.968256107995686, 13.51128038913, 0.0 ], [ 120.968320281522097, 13.511385047487479, 0.0 ], [ 120.968370194265177, 13.511524591892334, 0.0 ], [ 120.968455758966911, 13.511678090641871, 0.0 ], [ 120.968491410926077, 13.511803680453268, 0.0 ], [ 120.968534193277023, 13.511894384164714, 0.0 ], [ 120.968733844248405, 13.511817634872761, 0.0 ], [ 120.968869321693091, 13.511817634872809, 0.0 ], [ 120.968926364827567, 13.511908338578525, 0.0 ], [ 120.968833669733868, 13.511999042249387, 0.0 ], [ 120.968691061897403, 13.51203392826733, 0.0 ], [ 120.968669670721738, 13.512131609090094, 0.0 ], [ 120.968548454060738, 13.512131609090122, 0.0 ], [ 120.968441498183125, 13.512187426685045, 0.0 ], [ 120.968355933481334, 13.512396742547649, 0.0 ], [ 120.968448628575061, 13.512494423220115, 0.0 ], [ 120.968427237399624, 13.5125014004094, 0.0 ], [ 120.968263238387749, 13.512571172291036, 0.0 ], [ 120.968177673685545, 13.51275257908727, 0.0 ], [ 120.968092108983811, 13.512864213969106, 0.0 ], [ 120.968056457024545, 13.513101437917435, 0.0 ], [ 120.968070717808118, 13.513261912805955, 0.0 ], [ 120.968006544281849, 13.513345638791188, 0.0 ], [ 120.967842545269733, 13.513680542434638, 0.0 ], [ 120.967735589392305, 13.513952651294254, 0.0 ], [ 120.967578720772082, 13.51428755407405, 0.0 ], [ 120.967528808029101, 13.514280576937686, 0.0 ], [ 120.967329157057975, 13.514489890939352, 0.0 ], [ 120.967272113923528, 13.514748044618567, 0.0 ], [ 120.967336287449839, 13.514950381088109, 0.0 ], [ 120.967535938421065, 13.515117831827981, 0.0 ], [ 120.968049326632581, 13.515173648714718, 0.0 ], [ 120.968434367791602, 13.51506201492789, 0.0 ], [ 120.968719583464463, 13.514706181879001, 0.0 ], [ 120.968712453072968, 13.514601524997612, 0.0 ], [ 120.968798017774574, 13.514608502124402, 0.0 ], [ 120.968954886395053, 13.514427096758508, 0.0 ], [ 120.969190189325445, 13.514175919866936, 0.0 ], [ 120.969311405986303, 13.513882879821711, 0.0 ], [ 120.969496796173743, 13.513624725193843, 0.0 ], [ 120.969675055969503, 13.513540999307727, 0.0 ], [ 120.96984618537347, 13.513540999307736, 0.0 ], [ 120.970010184385444, 13.513554953624224, 0.0 ], [ 120.970124270654935, 13.513617748037797, 0.0 ], [ 120.970238356924014, 13.513687519588887, 0.0 ], [ 120.970359573585029, 13.513778222574187, 0.0 ], [ 120.970438007895183, 13.513854971226893, 0.0 ], [ 120.970480790246185, 13.513834039778732, 0.0 ], [ 120.970537833380661, 13.513757291119182, 0.0 ], [ 120.970580615731777, 13.513820085478766, 0.0 ], [ 120.970580615731777, 13.513980559877202, 0.0 ], [ 120.970609137299022, 13.51413405702572, 0.0 ], [ 120.97070183239282, 13.514182897006405, 0.0 ], [ 120.970780266703059, 13.514141034166327, 0.0 ], [ 120.970937135323155, 13.514092194176982, 0.0 ], [ 120.971186699037233, 13.514127079884826, 0.0 ], [ 120.971528957845052, 13.514287554074031, 0.0 ], [ 120.971771391167167, 13.514441051022319, 0.0 ], [ 120.97193539017907, 13.514699204755095, 0.0 ], [ 120.972042346056824, 13.514978289552948, 0.0 ], [ 120.972127910758573, 13.515334122190284, 0.0 ], [ 120.972156432325804, 13.515641114621916, 0.0 ], [ 120.97207086762397, 13.515969037913349, 0.0 ], [ 120.97189260782821, 13.516003923343016, 0.0 ], [ 120.971799912734411, 13.516206258732907, 0.0 ], [ 120.971728608816093, 13.516310914900917, 0.0 ], [ 120.971600261763257, 13.516436502241076, 0.0 ], [ 120.971507566669487, 13.51653418123704, 0.0 ], [ 120.971414871575789, 13.516569066582857, 0.0 ], [ 120.971165307861696, 13.516673722589562, 0.0 ], [ 120.970851570621321, 13.516910942698955, 0.0 ], [ 120.970730353960278, 13.517043506773682, 0.0 ], [ 120.970623398082751, 13.517127231413808, 0.0 ], [ 120.970573485340083, 13.517106300256605, 0.0 ], [ 120.970487920638007, 13.517078392043846, 0.0 ], [ 120.970459399070876, 13.517127231413809, 0.0 ], [ 120.97028826966681, 13.517176070773543, 0.0 ], [ 120.969874706940843, 13.51713420846583, 0.0 ], [ 120.969625143226963, 13.517329565838374, 0.0 ], [ 120.969489665782078, 13.517287703557805, 0.0 ], [ 120.969126015798764, 13.51745515263473, 0.0 ], [ 120.968626888370693, 13.517587716402931, 0.0 ], [ 120.968441498183125, 13.517713303061628, 0.0 ], [ 120.967985153106127, 13.517762142299908, 0.0 ], [ 120.96782709608722, 13.517728419969806, 0.0 ], [ 120.967773618148641, 13.517702256089757, 0.0 ], [ 120.967669633267747, 13.517702256089768, 0.0 ], [ 120.967577532373397, 13.517716791579103, 0.0 ], [ 120.967473547492574, 13.517719698676874, 0.0 ], [ 120.967396301581047, 13.517719698676842, 0.0 ], [ 120.967366591614919, 13.51774586255498, 0.0 ], [ 120.96730717168316, 13.517751676749747, 0.0 ], [ 120.967229925771576, 13.51771097738345, 0.0 ], [ 120.967152679860249, 13.517676092206669, 0.0 ], [ 120.967093259928191, 13.517597600540507, 0.0 ], [ 120.966995217040747, 13.517553994047962, 0.0 ], [ 120.966867464187104, 13.517548179848193, 0.0 ], [ 120.966816957245015, 13.517542365648556, 0.0 ], [ 120.966766450302927, 13.517510387547217, 0.0 ], [ 120.966674349408464, 13.517458059735761, 0.0 ], [ 120.966606016486693, 13.517452245533715, 0.0 ], [ 120.96657630652075, 13.517487130743548, 0.0 ], [ 120.966546596554792, 13.517472595240191, 0.0 ], [ 120.966519857585567, 13.517463873937629, 0.0 ], [ 120.966475292636659, 13.517469688139341, 0.0 ], [ 120.966472321639955, 13.517513294647507, 0.0 ], [ 120.966481234629782, 13.517545272748432, 0.0 ], [ 120.966463408650128, 13.517542365648557, 0.0 ], [ 120.966445582670588, 13.517501666246092, 0.0 ], [ 120.966439640677393, 13.517472595240152, 0.0 ], [ 120.96643072768741, 13.51743480292693, 0.0 ], [ 120.966359423769305, 13.517402824811004, 0.0 ], [ 120.966237612908884, 13.517434802926921, 0.0 ], [ 120.966201960949832, 13.517478409441553, 0.0 ], [ 120.96616630899041, 13.517443524230554, 0.0 ], [ 120.966083121085873, 13.517460966836714, 0.0 ], [ 120.966062324109743, 13.517495852045219, 0.0 ], [ 120.966014788164401, 13.517492944944721, 0.0 ], [ 120.965961310225538, 13.517513294647506, 0.0 ], [ 120.965949426239121, 13.517536551448707, 0.0 ], [ 120.965931600259594, 13.517513294647484, 0.0 ], [ 120.96589297730381, 13.517490037844167, 0.0 ], [ 120.965794934416223, 13.517402824811002, 0.0 ], [ 120.965670152559184, 13.517327240156206, 0.0 ], [ 120.965613703623873, 13.517353404077937, 0.0 ], [ 120.965589935651138, 13.517388289302406, 0.0 ], [ 120.965536457712446, 13.517365032486564, 0.0 ], [ 120.965488921766934, 13.517335961463756, 0.0 ], [ 120.965376023896184, 13.517312704642769, 0.0 ], [ 120.965343342933622, 13.517335961463774, 0.0 ], [ 120.965301748981233, 13.517335961463781, 0.0 ], [ 120.965263126025846, 13.517286540716523, 0.0 ], [ 120.965141315165269, 13.517234212855289, 0.0 ], [ 120.965022475301424, 13.51719351339978, 0.0 ], [ 120.964915519424039, 13.517196420503984, 0.0 ], [ 120.964865012482051, 13.517219677336344, 0.0 ], [ 120.964790737567, 13.517187699191105, 0.0 ], [ 120.964627332754262, 13.517173163669199, 0.0 ], [ 120.964475811928097, 13.517141185517639, 0.0 ], [ 120.964351030070802, 13.517144092622457, 0.0 ], [ 120.964226248213919, 13.517135371307896, 0.0 ], [ 120.964092553367252, 13.517013272868525, 0.0 ], [ 120.963941032540859, 13.516926059658568, 0.0 ], [ 120.963825163673619, 13.516931873873572, 0.0 ], [ 120.96367661384393, 13.517007458655378, 0.0 ], [ 120.963536977003741, 13.517091764729543, 0.0 ], [ 120.96341516614342, 13.517129557097924, 0.0 ], [ 120.963317123255777, 13.517155721041595, 0.0 ], [ 120.963207196381958, 13.517196420503982, 0.0 ], [ 120.963132921466766, 13.517277819407212, 0.0 ], [ 120.963014081603177, 13.517452245533754, 0.0 ], [ 120.962921980708671, 13.517620857333243, 0.0 ], [ 120.962927922701667, 13.517693534795857, 0.0 ], [ 120.962883357752915, 13.517760398041482, 0.0 ], [ 120.962770459882265, 13.518033665022164, 0.0 ], [ 120.962630823042304, 13.518205183496866, 0.0 ], [ 120.962494157198833, 13.518504613754809, 0.0 ], [ 120.96249015282352, 13.518514164459539, 0.0 ], [ 120.962446621253221, 13.518617990160944, 0.0 ], [ 120.962428795273823, 13.518754623192917, 0.0 ], [ 120.962396114311133, 13.518966840298329, 0.0 ], [ 120.962396114311133, 13.51915870765345, 0.0 ], [ 120.962342636372682, 13.519379645626048, 0.0 ], [ 120.962241622488378, 13.519708145123305, 0.0 ], [ 120.962220825512162, 13.519783729013241, 0.0 ], [ 120.962167347573413, 13.519838963379245, 0.0 ], [ 120.9621198116279, 13.519949432072087, 0.0 ], [ 120.962161405580218, 13.520025015884888, 0.0 ], [ 120.962229738501918, 13.520016294677017, 0.0 ], [ 120.962226767505328, 13.520068621919567, 0.0 ], [ 120.962179231559816, 13.520216882377172, 0.0 ], [ 120.9621198116279, 13.520222696510908, 0.0 ], [ 120.961953435818472, 13.520612243140857, 0.0 ], [ 120.961882131900296, 13.520987253839644, 0.0 ], [ 120.961852421934196, 13.521196561876446, 0.0 ], [ 120.961733582070352, 13.521234353585685, 0.0 ], [ 120.961724669080652, 13.521286680557349, 0.0 ], [ 120.961691988118091, 13.521420404987834, 0.0 ], [ 120.961680104131872, 13.521507616531999, 0.0 ], [ 120.961715756090911, 13.521545408191026, 0.0 ], [ 120.961718727087529, 13.521647154935437, 0.0 ], [ 120.961697930111384, 13.521696574766773, 0.0 ], [ 120.961614742206635, 13.52171692410616, 0.0 ], [ 120.961593945230518, 13.521780879161057, 0.0 ], [ 120.961582061244073, 13.521908789218752, 0.0 ], [ 120.961584318349978, 13.52200817267029, 0.0 ], [ 120.961585032240535, 13.522039606251315, 0.0 ], [ 120.961585032240563, 13.522129724609375, 0.0 ], [ 120.961588003237139, 13.522187865467114, 0.0 ], [ 120.961582061244073, 13.522214028848435, 0.0 ], [ 120.961570177257769, 13.522275076726851, 0.0 ], [ 120.961570177257769, 13.522327403467099, 0.0 ], [ 120.96159394523049, 13.522394265395965, 0.0 ], [ 120.96159394523049, 13.522455313227706, 0.0 ], [ 120.961573148254473, 13.522516361043522, 0.0 ], [ 120.961531554302013, 13.522571594767834, 0.0 ], [ 120.961534525298461, 13.522626828479435, 0.0 ], [ 120.961576119250836, 13.522661712921989, 0.0 ], [ 120.961567206261122, 13.522719853648274, 0.0 ], [ 120.961519670315667, 13.522807064710772, 0.0 ], [ 120.961522641312158, 13.522920439043695, 0.0 ], [ 120.961516699319034, 13.523051255513842, 0.0 ], [ 120.961492931346072, 13.52312974536094, 0.0 ], [ 120.961498873339281, 13.523196607061962, 0.0 ], [ 120.961478076363136, 13.523263468743888, 0.0 ], [ 120.961388946465263, 13.523371028800904, 0.0 ], [ 120.961249309625458, 13.523498937994182, 0.0 ], [ 120.961145324744507, 13.523586148767906, 0.0 ], [ 120.961074020826146, 13.5236006838935, 0.0 ], [ 120.961044310860203, 13.523626847117797, 0.0 ], [ 120.961047281856906, 13.523673359509251, 0.0 ], [ 120.960990832921496, 13.523746035102269, 0.0 ], [ 120.960981919931825, 13.523841966850705, 0.0 ], [ 120.960984890928302, 13.523949526643365, 0.0 ], [ 120.961005687904517, 13.52405417936753, 0.0 ], [ 120.961032426873786, 13.524153018008477, 0.0 ], [ 120.961005687904517, 13.524173367135385, 0.0 ], [ 120.960961122955652, 13.524208251348867, 0.0 ], [ 120.960961122955652, 13.524257670642079, 0.0 ], [ 120.960984890928273, 13.524321625006259, 0.0 ], [ 120.961011629897868, 13.524379765322387, 0.0 ], [ 120.961029455877252, 13.524437905624, 0.0 ], [ 120.961053223850058, 13.524516395008671, 0.0 ], [ 120.96105322385003, 13.524562907223963, 0.0 ], [ 120.961065107836447, 13.524621047480352, 0.0 ], [ 120.961088875809097, 13.524644303578878, 0.0 ], [ 120.961103730792118, 13.524690815769143, 0.0 ], [ 120.961124527768234, 13.524760584037089, 0.0 ], [ 120.961154237734206, 13.524810003214416, 0.0 ], [ 120.961198802683185, 13.524865236400318, 0.0 ], [ 120.961273077598051, 13.524937911625322, 0.0 ], [ 120.961341410520035, 13.524987330765269, 0.0 ], [ 120.961415685434645, 13.52502512186533, 0.0 ], [ 120.9614632213801, 13.525028028872775, 0.0 ], [ 120.96147807636315, 13.52506581996635, 0.0 ], [ 120.96152264131203, 13.525115239079561, 0.0 ], [ 120.96162068419973, 13.525170472193775, 0.0 ], [ 120.961816769974874, 13.52518500722174, 0.0 ], [ 120.961873218910441, 13.525208263264499, 0.0 ], [ 120.96204850770944, 13.525254775343138, 0.0 ], [ 120.962200028535761, 13.525339078462228, 0.0 ], [ 120.962375317334889, 13.52543210255871, 0.0 ], [ 120.962669445997733, 13.525571638634156, 0.0 ], [ 120.962734807922971, 13.52562687164132, 0.0 ], [ 120.962847705793592, 13.525653034640024, 0.0 ], [ 120.962951690674316, 13.525705360628889, 0.0 ], [ 120.963230964354338, 13.525763500602935, 0.0 ], [ 120.963296326279348, 13.525839082547751, 0.0 ], [ 120.963430021126086, 13.525876873510935, 0.0 ], [ 120.963528064013587, 13.525929199450127, 0.0 ], [ 120.963635019890958, 13.525978618381892, 0.0 ], [ 120.963771685734443, 13.526004781341584, 0.0 ], [ 120.963840018656057, 13.526065828236128, 0.0 ], [ 120.963851902642602, 13.52611815413316, 0.0 ], [ 120.963911322574546, 13.526161759038544, 0.0 ], [ 120.963958858520002, 13.526167573025345, 0.0 ], [ 120.96400342346891, 13.526199549949865, 0.0 ], [ 120.963982626492736, 13.526234433862728, 0.0 ], [ 120.964030162438249, 13.526266410778318, 0.0 ], [ 120.964071756390624, 13.526286759722304, 0.0 ], [ 120.964107408349818, 13.52631873663076, 0.0 ], [ 120.964146031305475, 13.526333271587752, 0.0 ], [ 120.964192824847487, 13.526340550417991, 0.0 ], [ 120.964249867982119, 13.526298689740985, 0.0 ], [ 120.964385345426876, 13.526375434310081, 0.0 ], [ 120.964542214047313, 13.526424271750129, 0.0 ], [ 120.964727604234753, 13.526459155629535, 0.0 ], [ 120.964905864030484, 13.526494039503845, 0.0 ], [ 120.965084123826372, 13.526535900146365, 0.0 ], [ 120.965233862054504, 13.526570784009204, 0.0 ], [ 120.965404991458357, 13.526654505259202, 0.0 ], [ 120.965583251254216, 13.52674520324641, 0.0 ], [ 120.965740119874454, 13.526780087078205, 0.0 ], [ 120.965896988494492, 13.526766133546126, 0.0 ], [ 120.965989683588518, 13.526682412335871, 0.0 ], [ 120.966096639465775, 13.526633574949464, 0.0 ] ] ], [ [ [ 120.955241530818284, 13.528709856930034, 0.0 ], [ 120.955207266579933, 13.528687014104458, 0.0 ], [ 120.955188230891849, 13.528694628379702, 0.0 ], [ 120.955188230891849, 13.528725085480556, 0.0 ], [ 120.955192038029409, 13.528751735443858, 0.0 ], [ 120.955207266579933, 13.52877838540712, 0.0 ], [ 120.955222495130457, 13.528805035370244, 0.0 ], [ 120.955245337955958, 13.528827878196008, 0.0 ], [ 120.955252952231262, 13.528801228232778, 0.0 ], [ 120.95526056650634, 13.528774578269408, 0.0 ], [ 120.95526056650634, 13.528736506893337, 0.0 ], [ 120.955241530818284, 13.528709856930034, 0.0 ] ] ], [ [ [ 120.951601708870328, 13.531248631794552, 0.0 ], [ 120.951592201681208, 13.531202120901433, 0.0 ], [ 120.951558926519326, 13.531118401270707, 0.0 ], [ 120.951501883384722, 13.531067239259306, 0.0 ], [ 120.951440086655538, 13.531002123955989, 0.0 ], [ 120.951402057899017, 13.530969566297744, 0.0 ], [ 120.951359275548157, 13.530941659729642, 0.0 ], [ 120.951345014764428, 13.530890497679971, 0.0 ], [ 120.951373536331786, 13.530857940006159, 0.0 ], [ 120.951397304304407, 13.530834684522098, 0.0 ], [ 120.951368782737148, 13.530788173547066, 0.0 ], [ 120.951354521953562, 13.530755615858968, 0.0 ], [ 120.951368782737148, 13.530662593868591, 0.0 ], [ 120.951440086655538, 13.530527711916852, 0.0 ], [ 120.951520897762961, 13.530388178781889, 0.0 ], [ 120.951634984032196, 13.530304458861094, 0.0 ], [ 120.951696780761182, 13.53026724999804, 0.0 ], [ 120.951768084679543, 13.530248645564166, 0.0 ], [ 120.951844142192499, 13.53023004112886, 0.0 ], [ 120.951920199705214, 13.530174227814204, 0.0 ], [ 120.951991503623617, 13.530164925593672, 0.0 ], [ 120.952077068325437, 13.530146321151841, 0.0 ], [ 120.952181647405624, 13.530081205593566, 0.0 ], [ 120.952267212107458, 13.530011438904049, 0.0 ], [ 120.952466863078797, 13.529899812157547, 0.0 ], [ 120.952666514049966, 13.529797487593507, 0.0 ], [ 120.952771093130053, 13.529797487593525, 0.0 ], [ 120.952866165021163, 13.529769580886498, 0.0 ], [ 120.953032540830492, 13.529755627531742, 0.0 ], [ 120.953179902261567, 13.529746325294775, 0.0 ], [ 120.953298742125412, 13.529746325294775, 0.0 ], [ 120.953398567610975, 13.529737023057425, 0.0 ], [ 120.953436596367467, 13.529764929768227, 0.0 ], [ 120.953479378718342, 13.529788185358081, 0.0 ], [ 120.95351265388031, 13.529718418581579, 0.0 ], [ 120.953526914663939, 13.529662605145507, 0.0 ], [ 120.953579204204033, 13.529602140574685, 0.0 ], [ 120.953560189825822, 13.529550978233416, 0.0 ], [ 120.953526914663939, 13.529467258014709, 0.0 ], [ 120.953564943420403, 13.529346328757077, 0.0 ], [ 120.953607725771434, 13.529257957337391, 0.0 ], [ 120.953750333607999, 13.529099818924225, 0.0 ], [ 120.9539167094173, 13.529006796278559, 0.0 ], [ 120.954121113982978, 13.528895169055108, 0.0 ], [ 120.954330272143295, 13.528783541778916, 0.0 ], [ 120.954501401547233, 13.528685867868562, 0.0 ], [ 120.954663023762066, 13.528634705327924, 0.0 ], [ 120.95480087800388, 13.528578891634705, 0.0 ], [ 120.954910210678747, 13.528560287067275, 0.0 ], [ 120.955057572109808, 13.528541682498373, 0.0 ], [ 120.955152644000876, 13.528550984783001, 0.0 ], [ 120.955190672757226, 13.528523077928128, 0.0 ], [ 120.955147890406252, 13.528467264208219, 0.0 ], [ 120.955114615244412, 13.528374241312262, 0.0 ], [ 120.955114615244412, 13.528295171821886, 0.0 ], [ 120.955128876028141, 13.52821145115599, 0.0 ], [ 120.955195426351864, 13.528090521252636, 0.0 ], [ 120.955271483864607, 13.52798354474789, 0.0 ], [ 120.9553237734047, 13.527881219349796, 0.0 ], [ 120.955357048566682, 13.527792847379509, 0.0 ], [ 120.955347541377463, 13.527685870739152, 0.0 ], [ 120.955361802161093, 13.527625405660183, 0.0 ], [ 120.955437859674063, 13.527504475455395, 0.0 ], [ 120.955647017834224, 13.527350987029243, 0.0 ], [ 120.955784872076322, 13.527244010187877, 0.0 ], [ 120.955922726318249, 13.527155637978026, 0.0 ], [ 120.956074841343963, 13.527081219249199, 0.0 ], [ 120.956312521071595, 13.526937032895164, 0.0 ], [ 120.956474143286442, 13.526806799983209, 0.0 ], [ 120.956650026284763, 13.526695171715659, 0.0 ], [ 120.956773619743103, 13.526550985124826, 0.0 ], [ 120.956925734768802, 13.526360286594906, 0.0 ], [ 120.957077849794487, 13.526150983152196, 0.0 ], [ 120.957196689658176, 13.525950981910785, 0.0 ], [ 120.957315529522148, 13.525802143667297, 0.0 ], [ 120.957396340629529, 13.525699817320174, 0.0 ], [ 120.957448630169594, 13.525588188527184, 0.0 ], [ 120.957553209249738, 13.525439350054089, 0.0 ], [ 120.957600745195194, 13.525374233192514, 0.0 ], [ 120.957567470033339, 13.52527190665932, 0.0 ], [ 120.957600745195194, 13.52517888249954, 0.0 ], [ 120.957624513168042, 13.525076555881279, 0.0 ], [ 120.957648281140777, 13.524978880431501, 0.0 ], [ 120.957705324275295, 13.524885856155812, 0.0 ], [ 120.957681556302546, 13.524797483059903, 0.0 ], [ 120.957605498789675, 13.524718412367035, 0.0 ], [ 120.957591238006074, 13.524597480667682, 0.0 ], [ 120.957619759573461, 13.524509107463423, 0.0 ], [ 120.957657788329797, 13.52443003667363, 0.0 ], [ 120.957629266762552, 13.524332360955354, 0.0 ], [ 120.957600745195194, 13.524262592560257, 0.0 ], [ 120.95763402035719, 13.524113753248491, 0.0 ], [ 120.957695817086275, 13.523988170005662, 0.0 ], [ 120.957752860220879, 13.523843981755514, 0.0 ], [ 120.957824164139112, 13.523704444655092, 0.0 ], [ 120.957857439301023, 13.523625373594758, 0.0 ], [ 120.957923989624689, 13.523476533879684, 0.0 ], [ 120.957976279164939, 13.523304437841771, 0.0 ], [ 120.958085611839522, 13.523071875428258, 0.0 ], [ 120.958232973270611, 13.52281605650788, 0.0 ], [ 120.958370827512695, 13.522574191091069, 0.0 ], [ 120.958513435349289, 13.52232767416025, 0.0 ], [ 120.95865604318584, 13.522034644265078, 0.0 ], [ 120.958784390238776, 13.521750916558426, 0.0 ], [ 120.958917490886122, 13.521416024398921, 0.0 ], [ 120.959022069966338, 13.521113690789765, 0.0 ], [ 120.959145663424664, 13.520820659382712, 0.0 ], [ 120.959302532044987, 13.520527627610489, 0.0 ], [ 120.959435632692461, 13.520271805923741, 0.0 ], [ 120.95955447255615, 13.520146220630364, 0.0 ], [ 120.959796905878378, 13.519871793274319, 0.0 ], [ 120.959891977769416, 13.519760161716038, 0.0 ], [ 120.959944267309496, 13.519681089330071, 0.0 ], [ 120.959991803255008, 13.519569457681156, 0.0 ], [ 120.959991803255008, 13.519485733909807, 0.0 ], [ 120.960053599984249, 13.519383404815381, 0.0 ], [ 120.960096382335095, 13.51931363495277, 0.0 ], [ 120.960148671875331, 13.519215957110303, 0.0 ], [ 120.960196207820914, 13.51909502258259, 0.0 ], [ 120.960200961415325, 13.519001995980494, 0.0 ], [ 120.960120150307972, 13.51890896934175, 0.0 ], [ 120.9600298320115, 13.51883454800417, 0.0 ], [ 120.959958528093154, 13.518774080650111, 0.0 ], [ 120.959906238553174, 13.518708961943736, 0.0 ], [ 120.959830181040189, 13.518606632511492, 0.0 ], [ 120.959763630716594, 13.518504303034769, 0.0 ], [ 120.959649544447259, 13.518411276199281, 0.0 ], [ 120.959611515690938, 13.518318249326871, 0.0 ], [ 120.959540211772648, 13.518211268378304, 0.0 ], [ 120.959440386286943, 13.518048471189084, 0.0 ], [ 120.959398554654868, 13.517888464699306, 0.0 ], [ 120.959307285639497, 13.517646594217277, 0.0 ], [ 120.959250242504865, 13.517427050026239, 0.0 ], [ 120.959219819499708, 13.517174015789156, 0.0 ], [ 120.959193199370262, 13.516999124319273, 0.0 ], [ 120.95915789511885, 13.51680952915696, 0.0 ], [ 120.959141877696396, 13.516669689600249, 0.0 ], [ 120.959054411556636, 13.516584104245704, 0.0 ], [ 120.958985959795129, 13.51653200879737, 0.0 ], [ 120.958856662023251, 13.516535729901156, 0.0 ], [ 120.958795816012909, 13.516539451005018, 0.0 ], [ 120.958719758500081, 13.516479913337358, 0.0 ], [ 120.958639898111585, 13.51646875002305, 0.0 ], [ 120.95855623484745, 13.516491076651086, 0.0 ], [ 120.958457360080757, 13.516569219833073, 0.0 ], [ 120.958354682438468, 13.516636199682621, 0.0 ], [ 120.958274822050001, 13.516721785018214, 0.0 ], [ 120.95823299041794, 13.516796207023852, 0.0 ], [ 120.958206370288508, 13.516904118890251, 0.0 ], [ 120.958183553034516, 13.516997146321522, 0.0 ], [ 120.958156932905069, 13.51710133700106, 0.0 ], [ 120.958134115651234, 13.517205527634314, 0.0 ], [ 120.958115101272995, 13.517283670579015, 0.0 ], [ 120.958069466765309, 13.517376697860348, 0.0 ], [ 120.958023832257624, 13.517473446193902, 0.0 ], [ 120.957943971869156, 13.517555310137435, 0.0 ], [ 120.95787171723191, 13.517581357749794, 0.0 ], [ 120.957731010833143, 13.517622289706337, 0.0 ], [ 120.957567487180626, 13.517652058397411, 0.0 ], [ 120.957464809538109, 13.517685548170524, 0.0 ], [ 120.957312694512552, 13.517745085533157, 0.0 ], [ 120.957191002491996, 13.517867881296086, 0.0 ], [ 120.957187199616271, 13.517938581857612, 0.0 ], [ 120.957156776611285, 13.518079982917337, 0.0 ], [ 120.957156776611257, 13.518236268200022, 0.0 ], [ 120.957149170859907, 13.518437206268171, 0.0 ], [ 120.95716438236245, 13.518645586305807, 0.0 ], [ 120.95716438236245, 13.518831639755049, 0.0 ], [ 120.957183396740703, 13.519028856250523, 0.0 ], [ 120.957168185238174, 13.519200025150418, 0.0 ], [ 120.957118747854878, 13.519508873067799, 0.0 ], [ 120.957031281715203, 13.51969120478053, 0.0 ], [ 120.956943815575443, 13.51992191001041, 0.0 ], [ 120.95681832067919, 13.52007819406988, 0.0 ], [ 120.956734657415041, 13.520241920116218, 0.0 ], [ 120.956673811404841, 13.520204709661144, 0.0 ], [ 120.95659775389197, 13.520171220246528, 0.0 ], [ 120.956445638866157, 13.520152615014116, 0.0 ], [ 120.956377187104735, 13.520193546523558, 0.0 ], [ 120.956346764099564, 13.520260525341467, 0.0 ], [ 120.956316341094407, 13.520264246386445, 0.0 ], [ 120.956263100835557, 13.52030145683203, 0.0 ], [ 120.956255495084108, 13.520353551446039, 0.0 ], [ 120.956232677830243, 13.520450298555724, 0.0 ], [ 120.956232677830258, 13.520528440423126, 0.0 ], [ 120.956289720964975, 13.520602861224846, 0.0 ], [ 120.956274509462347, 13.520617745382435, 0.0 ], [ 120.956236480705968, 13.520647513694744, 0.0 ], [ 120.956221269203439, 13.520707050307809, 0.0 ], [ 120.956240283581593, 13.520751702757885, 0.0 ], [ 120.956221269203439, 13.520770307942946, 0.0 ], [ 120.956122394436761, 13.520751702757922, 0.0 ], [ 120.956076759929076, 13.520762865869115, 0.0 ], [ 120.955974082286659, 13.52080007623584, 0.0 ], [ 120.955882813271273, 13.520829844525174, 0.0 ], [ 120.955837178763588, 13.520870775916547, 0.0 ], [ 120.955731822736055, 13.520914850944271, 0.0 ], [ 120.955561732993445, 13.520986006894663, 0.0 ], [ 120.955500243981845, 13.521139682578111, 0.0 ], [ 120.95534622751849, 13.521139682578125, 0.0 ], [ 120.955222183055113, 13.52112805536445, 0.0 ], [ 120.955072420472234, 13.521323873541203, 0.0 ], [ 120.95490129106841, 13.521351781250331, 0.0 ], [ 120.954734595148651, 13.521332034388477, 0.0 ], [ 120.954650301275905, 13.521446667436456, 0.0 ], [ 120.954482917608672, 13.521514607581524, 0.0 ], [ 120.954103023831536, 13.521596247612431, 0.0 ], [ 120.953925853466131, 13.521530390510145, 0.0 ], [ 120.953726202494934, 13.521496901284126, 0.0 ], [ 120.953475212702529, 13.521558298194803, 0.0 ], [ 120.953252744477609, 13.521580624340123, 0.0 ], [ 120.953053093506441, 13.52164202122867, 0.0 ], [ 120.952910485669875, 13.521692255034786, 0.0 ], [ 120.952807808027487, 13.521781559552421, 0.0 ], [ 120.952733651952514, 13.521954586958879, 0.0 ], [ 120.952585339802425, 13.522110869668317, 0.0 ], [ 120.952383453653567, 13.52220095999256, 0.0 ], [ 120.952243080994705, 13.522189010984025, 0.0 ], [ 120.952083360217685, 13.522378782642898, 0.0 ], [ 120.951963569635041, 13.522378782642919, 0.0 ], [ 120.951746805723417, 13.522691347394254, 0.0 ], [ 120.951490111617517, 13.52290902617224, 0.0 ], [ 120.951016653600206, 13.523204845727109, 0.0 ], [ 120.950771368121366, 13.523282986679453, 0.0 ], [ 120.950651577538508, 13.523266242191907, 0.0 ], [ 120.950566012836646, 13.523165775241232, 0.0 ], [ 120.950457630880834, 13.523216008721867, 0.0 ], [ 120.950469039507766, 13.523199264229568, 0.0 ], [ 120.95033784029809, 13.523042982243135, 0.0 ], [ 120.950172415207675, 13.522886700152984, 0.0 ], [ 120.950012694430754, 13.522802977561922, 0.0 ], [ 120.949892903848053, 13.522802977561923, 0.0 ], [ 120.949795930519144, 13.522892281658061, 0.0 ], [ 120.949636209742252, 13.522864374131654, 0.0 ], [ 120.949408037203696, 13.522892281658089, 0.0 ], [ 120.949373811322801, 13.522719254941068, 0.0 ], [ 120.949271133680526, 13.522685765884574, 0.0 ], [ 120.949196977605467, 13.522696928903855, 0.0 ], [ 120.949105708590082, 13.522680184374567, 0.0 ], [ 120.949094299963164, 13.522786233040225, 0.0 ], [ 120.949191273292072, 13.522825303588984, 0.0 ], [ 120.949162751724714, 13.522970422714149, 0.0 ], [ 120.949003030947821, 13.523104378750084, 0.0 ], [ 120.948274192683797, 13.524034682325681, 0.0 ], [ 120.94822665673837, 13.524057938482105, 0.0 ], [ 120.948126831252651, 13.524071892175021, 0.0 ], [ 120.94805552733439, 13.524104450788222, 0.0 ], [ 120.94804126655076, 13.524146311855828, 0.0 ], [ 120.948074541712629, 13.524192824144578, 0.0 ], [ 120.948093556090882, 13.524248638878799, 0.0 ], [ 120.948098309685363, 13.524369570757509, 0.0 ], [ 120.948036512956165, 13.524490502574038, 0.0 ], [ 120.947955701848912, 13.524537014794587, 0.0 ], [ 120.947927180281553, 13.52456027090154, 0.0 ], [ 120.947851122768711, 13.524578875785304, 0.0 ], [ 120.947813094012218, 13.524620736768501, 0.0 ], [ 120.94777981885035, 13.524704458712627, 0.0 ], [ 120.947694254148402, 13.524741668455917, 0.0 ], [ 120.94759918225742, 13.524769575759638, 0.0 ], [ 120.947518371150082, 13.524825390357124, 0.0 ], [ 120.94747083520447, 13.524867251296445, 0.0 ], [ 120.947413792069852, 13.524950973152748, 0.0 ], [ 120.947404284880733, 13.525020741343532, 0.0 ], [ 120.947409038475243, 13.525099811934766, 0.0 ], [ 120.947423299259, 13.525164928872474, 0.0 ], [ 120.947413792069852, 13.525230045792005, 0.0 ], [ 120.947366256124269, 13.525169580081551, 0.0 ], [ 120.947347241746129, 13.525127719195972, 0.0 ], [ 120.947299705800646, 13.525071904670339, 0.0 ], [ 120.947252169855091, 13.525025392555602, 0.0 ], [ 120.947247416260424, 13.524978880431496, 0.0 ], [ 120.947218894693179, 13.52493701951199, 0.0 ], [ 120.947233155476937, 13.524871902511439, 0.0 ], [ 120.947233155476923, 13.524830041572926, 0.0 ], [ 120.947195126720487, 13.524825390357123, 0.0 ], [ 120.947157097963952, 13.524839344004267, 0.0 ], [ 120.94712382280207, 13.524797483060039, 0.0 ], [ 120.947090547640201, 13.524737017238378, 0.0 ], [ 120.947047765289355, 13.524685853838847, 0.0 ], [ 120.947014490127501, 13.524690505057411, 0.0 ], [ 120.947004982938381, 13.524727714803017, 0.0 ], [ 120.947038258100235, 13.524792831843463, 0.0 ], [ 120.947052518883964, 13.524839344004281, 0.0 ], [ 120.947085794045734, 13.524862600081319, 0.0 ], [ 120.947114315613078, 13.524885856155828, 0.0 ], [ 120.947128576396736, 13.524937019511977, 0.0 ], [ 120.947128576396707, 13.524964926792528, 0.0 ], [ 120.947123822802098, 13.525034694979302, 0.0 ], [ 120.947176112342348, 13.525067253459341, 0.0 ], [ 120.947214141098542, 13.525099811934789, 0.0 ], [ 120.947275937827897, 13.525146324034965, 0.0 ], [ 120.947280691422449, 13.525188184917178, 0.0 ], [ 120.947247416260424, 13.525230045792007, 0.0 ], [ 120.947252169855062, 13.525271906659327, 0.0 ], [ 120.947247416260424, 13.525318418725393, 0.0 ], [ 120.947256923449672, 13.52536958198748, 0.0 ], [ 120.947261677044182, 13.525420745238286, 0.0 ], [ 120.947271184233145, 13.525467257274984, 0.0 ], [ 120.947290198611412, 13.525518420504611, 0.0 ], [ 120.947290198611412, 13.525564932521991, 0.0 ], [ 120.947294952206036, 13.525597490928643, 0.0 ], [ 120.947318720178785, 13.525667258927818, 0.0 ], [ 120.947313966584247, 13.525709119717254, 0.0 ], [ 120.947337734557024, 13.525727724510206, 0.0 ], [ 120.947394777691756, 13.525704468518807, 0.0 ], [ 120.947399531286223, 13.525681212525116, 0.0 ], [ 120.947451820826331, 13.525662607728435, 0.0 ], [ 120.947485095988213, 13.525630049330802, 0.0 ], [ 120.947494603177205, 13.525597490928696, 0.0 ], [ 120.947494603177205, 13.525560281320621, 0.0 ], [ 120.947489849582595, 13.525518420504611, 0.0 ], [ 120.94755639990629, 13.52550446689777, 0.0 ], [ 120.947589675068286, 13.525518420504646, 0.0 ], [ 120.947613443041178, 13.525564932522004, 0.0 ], [ 120.9476514717974, 13.525569583723177, 0.0 ], [ 120.947718022121151, 13.525574234924269, 0.0 ], [ 120.947775065255755, 13.52557888612534, 0.0 ], [ 120.947822601201338, 13.525611444530075, 0.0 ], [ 120.947846369174087, 13.525578886125363, 0.0 ], [ 120.947879644335941, 13.525630049330839, 0.0 ], [ 120.947927180281582, 13.525648654130071, 0.0 ], [ 120.947969962632428, 13.525634700530711, 0.0 ], [ 120.948012744983387, 13.525606793329739, 0.0 ], [ 120.94805552733439, 13.525606793329757, 0.0 ], [ 120.948174367198234, 13.525685863723997, 0.0 ], [ 120.948288453467441, 13.525853306824057, 0.0 ], [ 120.948402539736648, 13.526057959340212, 0.0 ], [ 120.948568915545962, 13.52633703066604, 0.0 ], [ 120.948683001815297, 13.526588194576137, 0.0 ], [ 120.948835116840868, 13.52689982349917, 0.0 ], [ 120.949010999839459, 13.527174242656592, 0.0 ], [ 120.94915836127052, 13.527411452178855, 0.0 ], [ 120.949338997863464, 13.527583545211769, 0.0 ], [ 120.949576677591125, 13.527834707790728, 0.0 ], [ 120.949686010265722, 13.528011451666851, 0.0 ], [ 120.949766821373075, 13.528281218379531, 0.0 ], [ 120.949852386075193, 13.52849982221313, 0.0 ], [ 120.949966472344371, 13.528746332675022, 0.0 ], [ 120.950085312208088, 13.528937029270095, 0.0 ], [ 120.950185137693822, 13.529118423448962, 0.0 ], [ 120.950265948801146, 13.529248655080735, 0.0 ], [ 120.950365774286851, 13.529378886640352, 0.0 ], [ 120.950427571015865, 13.529453304642059, 0.0 ], [ 120.950489367745078, 13.529541675988456, 0.0 ], [ 120.950532150096066, 13.529644000663808, 0.0 ], [ 120.950536903690576, 13.529732371938668, 0.0 ], [ 120.950413310232236, 13.529755627531724, 0.0 ], [ 120.950337252719251, 13.529871905462635, 0.0 ], [ 120.950284963179286, 13.529955625537342, 0.0 ], [ 120.950299223962929, 13.530057950032715, 0.0 ], [ 120.95030873115202, 13.530109112263656, 0.0 ], [ 120.950361020691986, 13.530099810040673, 0.0 ], [ 120.950389542259373, 13.530146321151825, 0.0 ], [ 120.950427571015865, 13.530155623373009, 0.0 ], [ 120.950503628528708, 13.530141670041086, 0.0 ], [ 120.950565425257949, 13.530123065597309, 0.0 ], [ 120.950617714797914, 13.530081205593554, 0.0 ], [ 120.950674757932518, 13.530118414486164, 0.0 ], [ 120.950712786689024, 13.530146321151852, 0.0 ], [ 120.950736554661759, 13.530178878924252, 0.0 ], [ 120.950736554661759, 13.5302346922378, 0.0 ], [ 120.950750815445389, 13.530290505538229, 0.0 ], [ 120.95076032263448, 13.530332365504769, 0.0 ], [ 120.950689018716247, 13.530346318825163, 0.0 ], [ 120.950612961203404, 13.530360272144971, 0.0 ], [ 120.950574932446941, 13.530430038731112, 0.0 ], [ 120.950570178852431, 13.530495154192634, 0.0 ], [ 120.950560671663311, 13.530560269636274, 0.0 ], [ 120.950532150095952, 13.530583525147604, 0.0 ], [ 120.950456092583096, 13.530602129554808, 0.0 ], [ 120.950460846177705, 13.530685849369521, 0.0 ], [ 120.950532150095952, 13.530769569154444, 0.0 ], [ 120.950555918068673, 13.530797475742709, 0.0 ], [ 120.950546410879682, 13.530843986715976, 0.0 ], [ 120.950570178852431, 13.530899799871598, 0.0 ], [ 120.950631975581643, 13.530937008634741, 0.0 ], [ 120.950679511527156, 13.530955613014125, 0.0 ], [ 120.950708033094514, 13.530992821768443, 0.0 ], [ 120.950779337012747, 13.53103003051681, 0.0 ], [ 120.950860148120086, 13.531039332702978, 0.0 ], [ 120.950898176876564, 13.53110909908764, 0.0 ], [ 120.950969480794797, 13.531123052362025, 0.0 ], [ 120.951050291902135, 13.531150958908334, 0.0 ], [ 120.951083567064003, 13.531230027438504, 0.0 ], [ 120.951121595820496, 13.5312439807057, 0.0 ], [ 120.951183392549609, 13.531234678527639, 0.0 ], [ 120.951221421306073, 13.531239329616763, 0.0 ], [ 120.951259450062608, 13.531323049204605, 0.0 ], [ 120.951287971629824, 13.531425373104714, 0.0 ], [ 120.951354521953547, 13.531471883953614, 0.0 ], [ 120.95145434743911, 13.531504441542454, 0.0 ], [ 120.95153040495201, 13.531490488290739, 0.0 ], [ 120.951596955275718, 13.531416070933791, 0.0 ], [ 120.951611216059348, 13.531341653553339, 0.0 ], [ 120.951601708870328, 13.531248631794552, 0.0 ] ] ] ] } }
]
}
