{
"type": "FeatureCollection",
"name": "sablayan_muniboundary",
"crs": { "type": "name", "properties": { "name": "urn:ogc:def:crs:OGC:1.3:CRS84" } },
"features": [
{ "type": "Feature", "properties": { "ID": 172230, "ID2": 3191222, "Barangay": "San Agustin", "LandUseCat": null }, "geometry": { "type": "MultiPolygon", "coordinates": [ [ [ [ 120.744463671351596, 12.85863961848327 ], [ 120.744514416616482, 12.85867293838076 ], [ 120.744586722875866, 12.858669511905338 ], [ 120.744608484443646, 12.858743713205536 ], [ 120.744583443145871, 12.858797091167023 ], [ 120.744548593588235, 12.858855779952924 ], [ 120.74462429568041, 12.859070392813868 ], [ 120.744637386272174, 12.859184820152974 ], [ 120.744591490941858, 12.859249849330858 ], [ 120.744618457648627, 12.859329610819398 ], [ 120.744551917639981, 12.859525121021505 ], [ 120.744564082829484, 12.859602938986356 ], [ 120.744682379973213, 12.859615819502368 ], [ 120.74475589290887, 12.859629312569382 ], [ 120.744759623863089, 12.859632951738762 ], [ 120.744786550062145, 12.859691897134244 ], [ 120.74479259100822, 12.859800034186296 ], [ 120.744783285244722, 12.859879221748603 ], [ 120.74480344744812, 12.859958039491367 ], [ 120.744814847738965, 12.859972859839003 ], [ 120.744815019480768, 12.859980441155354 ], [ 120.744968762199449, 12.860216008083363 ], [ 120.745062307051924, 12.860274669248618 ], [ 120.745207677187778, 12.860390158497665 ], [ 120.745308368471228, 12.860433221111556 ], [ 120.745463908343638, 12.860481932596743 ], [ 120.745478080128279, 12.860565723368994 ], [ 120.745558430278663, 12.860544826278637 ], [ 120.745545835168883, 12.860416669229712 ], [ 120.745671771325988, 12.860440536677892 ], [ 120.74588083072851, 12.860527600077145 ], [ 120.745896382191688, 12.860643993336 ], [ 120.745938065216322, 12.860728916334844 ], [ 120.746018290248358, 12.860624486929085 ], [ 120.746030529092337, 12.860617993479263 ], [ 120.746140173599073, 12.860572678074249 ], [ 120.746200534472351, 12.860617994249639 ], [ 120.746243288158126, 12.860476382592678 ], [ 120.746249328615193, 12.860463563166133 ], [ 120.746423613184049, 12.860455657792023 ], [ 120.746346306654814, 12.860630989459747 ], [ 120.746310100650973, 12.860748808171216 ], [ 120.746408301475299, 12.860794330397063 ], [ 120.74651861181249, 12.860787904847506 ], [ 120.746597210400083, 12.860728657427577 ], [ 120.746528438824654, 12.860629874229641 ], [ 120.746599257669359, 12.860531934875857 ], [ 120.746603935336807, 12.860467433026805 ], [ 120.746591914685141, 12.860467432866917 ], [ 120.746500616945823, 12.860384755827358 ], [ 120.746505363111964, 12.860302507040352 ], [ 120.746648638436398, 12.860327374060228 ], [ 120.746681833440746, 12.860262956206352 ], [ 120.746785115258191, 12.860240717505468 ], [ 120.746914529485693, 12.860221186889081 ], [ 120.747245009905669, 12.860235822026061 ], [ 120.747475266185333, 12.860294480400876 ], [ 120.747497394763542, 12.860306615244429 ], [ 120.747553945283101, 12.860403075506838 ], [ 120.747620162866255, 12.860468159350534 ], [ 120.747674957431471, 12.860416050325098 ], [ 120.747674312728321, 12.86035146464136 ], [ 120.747733926930408, 12.86035146704881 ], [ 120.747797851107762, 12.860390144793714 ], [ 120.747888161637505, 12.860345043650668 ], [ 120.74804420098441, 12.860346035158136 ], [ 120.74822824494214, 12.860369498096079 ], [ 120.748284834060883, 12.860425807901526 ], [ 120.748420230345602, 12.860389417042995 ], [ 120.748509265903962, 12.860371603897192 ], [ 120.748522546141245, 12.860378240470171 ], [ 120.748634862583359, 12.86043125888424 ], [ 120.748753694486538, 12.860457204991722 ], [ 120.748882730392069, 12.860470215609153 ], [ 120.748894811782463, 12.860470214530633 ], [ 120.74898705083065, 12.860406334046896 ], [ 120.749237849791527, 12.860320823998114 ], [ 120.749410280107412, 12.860283147128266 ], [ 120.749552932511264, 12.860189662025363 ], [ 120.749702406918956, 12.860098378115978 ], [ 120.7498687544375, 12.85996399456141 ], [ 120.749919838009376, 12.859793738969195 ], [ 120.749997213812847, 12.859692391564495 ], [ 120.750027991726569, 12.859617141590798 ], [ 120.750215861199791, 12.859557557974929 ], [ 120.75061265946546, 12.85957336217882 ], [ 120.750666403520697, 12.859576235617055 ], [ 120.750863171953455, 12.859553380136319 ], [ 120.751132517044212, 12.859575168931125 ], [ 120.751386530634718, 12.859614816260526 ], [ 120.751694435939882, 12.8596213363569 ], [ 120.751939557378705, 12.859646652823205 ], [ 120.752328168455094, 12.859562301028104 ], [ 120.752794598269915, 12.859391680456048 ], [ 120.752974125785244, 12.859313587315444 ], [ 120.753210817256601, 12.859131183667355 ], [ 120.753363034245368, 12.858956270257407 ], [ 120.753475626601372, 12.858758080754194 ], [ 120.753533410419152, 12.858604682025678 ], [ 120.753537264330291, 12.858481240686523 ], [ 120.753487183242186, 12.858313032307658 ], [ 120.753406186762533, 12.858186199641668 ], [ 120.753273623306313, 12.858124629651535 ], [ 120.753126216911809, 12.858115675014934 ], [ 120.752994994347091, 12.858065717578587 ], [ 120.752886252071278, 12.857991053209624 ], [ 120.752818645535243, 12.857838747333465 ], [ 120.75277373881633, 12.857704521436128 ], [ 120.752748060377201, 12.857554624338905 ], [ 120.75270714186189, 12.857362625771398 ], [ 120.752692180393737, 12.857242291736322 ], [ 120.752607849488953, 12.857139586911996 ], [ 120.752508065569899, 12.857091154566888 ], [ 120.752316525705126, 12.85705843867094 ], [ 120.7519709774906, 12.85710858107892 ], [ 120.751766840586455, 12.857127559519601 ], [ 120.751381726153667, 12.857129059933781 ], [ 120.751145042707975, 12.857140269436222 ], [ 120.750888071916918, 12.857086118874465 ], [ 120.750631553249903, 12.857030829707346 ], [ 120.750405070570594, 12.856964529325106 ], [ 120.750129167881198, 12.856887028245865 ], [ 120.749929578330097, 12.856843108166027 ], [ 120.749703276708203, 12.85677861784715 ], [ 120.749510650174429, 12.856651153685542 ], [ 120.749301655586393, 12.856561500671571 ], [ 120.74907477461457, 12.856471628940598 ], [ 120.748928822976367, 12.856441152343953 ], [ 120.748661483207755, 12.856437236910889 ], [ 120.748446340842222, 12.856396551130015 ], [ 120.748275445636523, 12.856303920677208 ], [ 120.748171179079364, 12.856158660281819 ], [ 120.748004360757761, 12.856140147403021 ], [ 120.747867865268745, 12.856095775899865 ], [ 120.747681556921265, 12.856093605373264 ], [ 120.747489118925202, 12.856098965240736 ], [ 120.74736906090385, 12.856148205716231 ], [ 120.747237010033061, 12.856171159188396 ], [ 120.747128898651084, 12.856116510960478 ], [ 120.747045679248487, 12.856043151958003 ], [ 120.747003001884366, 12.855958201912138 ], [ 120.7470088686091, 12.855857030974059 ], [ 120.746943970989321, 12.855769450602214 ], [ 120.746849032391921, 12.855681500223351 ], [ 120.746841569408133, 12.855681464800369 ], [ 120.746739911468907, 12.85563356044565 ], [ 120.746584025634121, 12.855550820845732 ], [ 120.7464081389667, 12.855499398008309 ], [ 120.746175735540831, 12.855446086359882 ], [ 120.746102329316926, 12.855427744520622 ], [ 120.746004219783828, 12.855431419764695 ], [ 120.745969466263887, 12.855490156032349 ], [ 120.745888249049841, 12.855515745204384 ], [ 120.745847032754071, 12.855526748388078 ], [ 120.745742926641228, 12.855636514108008 ], [ 120.745686080593202, 12.855717343325477 ], [ 120.745614466760856, 12.855790642255149 ], [ 120.745569241428996, 12.855849177036783 ], [ 120.745509166263517, 12.855893065931641 ], [ 120.745456563952004, 12.855973282385799 ], [ 120.74542282351608, 12.856027886827365 ], [ 120.745336632903104, 12.856057326380242 ], [ 120.745261427597413, 12.856046815613277 ], [ 120.745197500669192, 12.85604695112054 ], [ 120.745096794450802, 12.856166902925871 ], [ 120.745023448055363, 12.85642506033016 ], [ 120.744978910358881, 12.856541081484622 ], [ 120.744960003601676, 12.856660773428679 ], [ 120.744959712086583, 12.856842344062304 ], [ 120.744875107670438, 12.856953396024789 ], [ 120.744855752522938, 12.857037933770524 ], [ 120.744871305768569, 12.857088496079436 ], [ 120.744817827014174, 12.857177289542463 ], [ 120.744795156240656, 12.857287209407579 ], [ 120.744815100322612, 12.857409763632591 ], [ 120.744774537409512, 12.85757112418565 ], [ 120.744733901586827, 12.857783749361893 ], [ 120.744741744564351, 12.857955788111957 ], [ 120.744736499254813, 12.858081098547689 ], [ 120.744721432669621, 12.858179134064773 ], [ 120.744699361078503, 12.858234915837352 ], [ 120.744666749249291, 12.858270346077143 ], [ 120.744619682449951, 12.858245915061287 ], [ 120.74455077628312, 12.858306264548091 ], [ 120.744590630670814, 12.858355398331073 ], [ 120.744655835425462, 12.8583373787265 ], [ 120.744699250916881, 12.858351209143704 ], [ 120.744699185614252, 12.858421638269794 ], [ 120.744670196063751, 12.858481678565461 ], [ 120.744626760629487, 12.85849959140657 ], [ 120.744572450430368, 12.858485896722248 ], [ 120.744532598071856, 12.858450944194146 ], [ 120.744478201180428, 12.85843770597525 ], [ 120.744460040498325, 12.85850931419632 ], [ 120.744463671351596, 12.85863961848327 ] ] ], [ [ [ 120.75880517389065, 12.83976952595291 ], [ 120.758842917516532, 12.83978634892337 ], [ 120.758904385793997, 12.839796863466772 ], [ 120.758979873137548, 12.839812635198344 ], [ 120.759056438862117, 12.839830509781775 ], [ 120.759117907117954, 12.839845230018176 ], [ 120.759188002540483, 12.839853641754502 ], [ 120.759251627617715, 12.839861002034896 ], [ 120.759318487870289, 12.839868362331089 ], [ 120.759385348106676, 12.839878876897755 ], [ 120.759440885205024, 12.839894122813735 ], [ 120.759501275047484, 12.839913048734761 ], [ 120.759565978392232, 12.839944591755428 ], [ 120.759641465622366, 12.839982443364317 ], [ 120.759708325707436, 12.840022397770731 ], [ 120.759783812861897, 12.840074969286672 ], [ 120.759936944397523, 12.840093895653077 ], [ 120.75999302068368, 12.840110718692562 ], [ 120.760051792897926, 12.840137530257982 ], [ 120.760092771688335, 12.840156456064639 ], [ 120.760139142421437, 12.840178536163487 ], [ 120.760193061902413, 12.840199564875533 ], [ 120.76025560850141, 12.840223747894896 ], [ 120.760323007866148, 12.84024740522495 ], [ 120.760386093663769, 12.840271062531404 ], [ 120.76043138602671, 12.84028893692753 ], [ 120.760517657201675, 12.840321531429506 ], [ 120.760567263115533, 12.840342560108242 ], [ 120.760614712218796, 12.840368845882171 ], [ 120.76066323971385, 12.840395131658683 ], [ 120.760702061661263, 12.840425623069519 ], [ 120.760739805238529, 12.840451908786708 ], [ 120.760780783985666, 12.840479245938237 ], [ 120.760815292376748, 12.840507634475674 ], [ 120.760834703320754, 12.840528662989419 ], [ 120.760865976541922, 12.840556000084549 ], [ 120.760918817577064, 12.840587542965865 ], [ 120.760965188288552, 12.840613828708831 ], [ 120.761033126776212, 12.840651680179652 ], [ 120.761112927584264, 12.84068742886314 ], [ 120.761188414873857, 12.840713714739772 ], [ 120.76124880475416, 12.84072528065915 ], [ 120.761327527327182, 12.84073053814881 ], [ 120.761431052932807, 12.840731590081205 ], [ 120.761562077542365, 12.84073001359973 ], [ 120.761689327783387, 12.840727911389564 ], [ 120.761818734818803, 12.840723706350007 ], [ 120.761993434363077, 12.840708987333942 ], [ 120.762144409320612, 12.840687959678609 ], [ 120.762323422583378, 12.840643800913476 ], [ 120.762420478103166, 12.840593333211588 ], [ 120.762477093950039, 12.840539185326623 ], [ 120.762557973620133, 12.840483460418573 ], [ 120.762656107634385, 12.840413015685435 ], [ 120.762742379268801, 12.840356239354529 ], [ 120.762837277978008, 12.840311028693 ], [ 120.763025996934402, 12.840234275827562 ], [ 120.763198743337583, 12.840162781637437 ], [ 120.763277509819815, 12.840135456051554 ], [ 120.76343824079035, 12.840080490617735 ], [ 120.763534998806861, 12.840049227994129 ], [ 120.763651993399748, 12.840023722618421 ], [ 120.763789499553994, 12.839993503836785 ], [ 120.763951258402486, 12.839977733290759 ], [ 120.76420036699615, 12.839959860329676 ], [ 120.764367990642413, 12.839936563826727 ], [ 120.764531860278026, 12.840093543225878 ], [ 120.764607770372393, 12.840233488837082 ], [ 120.764643583824579, 12.840386739988643 ], [ 120.764662994584796, 12.840443516835812 ], [ 120.764712600250107, 12.840512910870819 ], [ 120.764785930448127, 12.840599127733432 ], [ 120.764874358185196, 12.840674830439131 ], [ 120.76500807834465, 12.840756841865641 ], [ 120.765141798514961, 12.840836750426307 ], [ 120.765232383176098, 12.840885116169508 ], [ 120.765310027168269, 12.840927173324385 ], [ 120.765413552455144, 12.840990258979444 ], [ 120.765512764228902, 12.841042830410624 ], [ 120.765622759855646, 12.84110801890554 ], [ 120.765741382592353, 12.841177938807885 ], [ 120.765830888829257, 12.841232612987575 ], [ 120.765943041207152, 12.84130410994964 ], [ 120.766077839812496, 12.841375607003497 ], [ 120.766212638309696, 12.841468132376118 ], [ 120.766324790714606, 12.841534372188102 ], [ 120.766458510857902, 12.841619537583146 ], [ 120.766523214154034, 12.841660543135005 ], [ 120.766603014848712, 12.841718371409341 ], [ 120.766725951149809, 12.841788816871111 ], [ 120.766843495437982, 12.841869776438971 ], [ 120.766920061005948, 12.841918141914084 ], [ 120.76700417528393, 12.841972815906127 ], [ 120.767102308595668, 12.84203905551575 ], [ 120.767242499078833, 12.842126323600196 ], [ 120.767372984025101, 12.842215694433888 ], [ 120.76746033343521, 12.842278779685577 ], [ 120.767562780308651, 12.842346070649164 ], [ 120.767652286599628, 12.842390230444545 ], [ 120.767724538605876, 12.842437544385323 ], [ 120.767820515188077, 12.842493269735783 ], [ 120.767915413362289, 12.842552149305732 ], [ 120.768023252200067, 12.842618388810775 ], [ 120.768145110071558, 12.842696193897561 ], [ 120.768242165040135, 12.84275297060759 ], [ 120.768344611956849, 12.84281185015409 ], [ 120.768459999558729, 12.842873883984002 ], [ 120.768586170981123, 12.842954843245195 ], [ 120.768738223719879, 12.843052625173573 ], [ 120.768827729935154, 12.843111504585817 ], [ 120.768917236145029, 12.843171435394064 ], [ 120.76900997751946, 12.843233469023103 ], [ 120.769127521813004, 12.843313376716592 ], [ 120.769228890262184, 12.843386975851326 ], [ 120.769310847729585, 12.84344690655653 ], [ 120.769396040350699, 12.843511042896946 ], [ 120.769481232955613, 12.843578333445294 ], [ 120.769638677496403, 12.843706605978625 ], [ 120.769745437877503, 12.843785462061096 ], [ 120.769816611432461, 12.843844341210922 ], [ 120.769900725656356, 12.843909528851304 ], [ 120.769999937246297, 12.843997847489861 ], [ 120.770119638182805, 12.844105091505453 ], [ 120.770210222681683, 12.844184998788355 ], [ 120.770345020930122, 12.84432588775975 ], [ 120.770452859535311, 12.844437337194622 ], [ 120.770595206531638, 12.844577174658053 ], [ 120.770704123517817, 12.84469072679371 ], [ 120.770794707951808, 12.844783250727273 ], [ 120.770872351695203, 12.844873671757336 ], [ 120.770974798325227, 12.844988275129177 ], [ 120.771031952738255, 12.84505661654506 ], [ 120.771090185489044, 12.845135471963632 ], [ 120.771133320814272, 12.845202761868761 ], [ 120.771179691347342, 12.845263743365773 ], [ 120.771227140153215, 12.845347855669404 ], [ 120.771278902466676, 12.845443533369592 ], [ 120.771332821634061, 12.84552554284522 ], [ 120.771385662371756, 12.845614912085786 ], [ 120.77146222753403, 12.845742131780078 ], [ 120.771528990467843, 12.84587828340211 ], [ 120.771609965767126, 12.846022330197604 ], [ 120.771700549908942, 12.846171629097963 ], [ 120.771760939129507, 12.846311465190384 ], [ 120.771842896147874, 12.846458661084151 ], [ 120.77192053959368, 12.846606908265731 ], [ 120.772006810038519, 12.846781440271014 ], [ 120.772120040021008, 12.847005913496396 ], [ 120.772197683460064, 12.847155474596489 ], [ 120.772249984920649, 12.847260614145316 ], [ 120.77232601072329, 12.847419637614061 ], [ 120.772381008109235, 12.847535290981186 ], [ 120.772480219212127, 12.847718233531921 ], [ 120.772558941038781, 12.847868582755924 ], [ 120.772618251953986, 12.847991595665192 ], [ 120.772695895421322, 12.848135636386246 ], [ 120.772787557781683, 12.848318578462402 ], [ 120.772873828339996, 12.848471030139763 ], [ 120.772983823198345, 12.848685513665922 ], [ 120.773036663881797, 12.848785395645676 ], [ 120.773108915411797, 12.84892523034207 ], [ 120.773225380577543, 12.849148124590869 ], [ 120.773401695813618, 12.849501916192969 ], [ 120.773509533931573, 12.84970798776893 ], [ 120.773699329024325, 12.850069664006348 ], [ 120.773789913003526, 12.8502505019084 ], [ 120.773958140357877, 12.850593252441373 ], [ 120.774076762317762, 12.850814042465142 ], [ 120.774175973517799, 12.850978057840715 ], [ 120.774408903935282, 12.851407020492728 ], [ 120.774683351984521, 12.851923772291975 ], [ 120.774721095182869, 12.852023652909232 ], [ 120.774766376327293, 12.852131954720837 ], [ 120.774830011524557, 12.8522623149477 ], [ 120.774894771268663, 12.85241898751168 ], [ 120.774970201038542, 12.852537774887667 ], [ 120.775043531068249, 12.85265658009947 ], [ 120.775096371784016, 12.852750152281994 ], [ 120.775132169630794, 12.852818025574633 ], [ 120.775167544775783, 12.852918371730235 ], [ 120.775210680019569, 12.853001430080866 ], [ 120.775255972079378, 12.853078180204852 ], [ 120.775293715348027, 12.853164392579817 ], [ 120.775332536938066, 12.853264272709003 ], [ 120.775382142380963, 12.853376769257135 ], [ 120.775423120841197, 12.853459827445473 ], [ 120.775478118259286, 12.853569169833936 ], [ 120.775521253275656, 12.853696385334155 ], [ 120.775577329080093, 12.853806778990227 ], [ 120.775640953627033, 12.853917172635208 ], [ 120.77569810779616, 12.854032823021283 ], [ 120.775759575413332, 12.854171603378958 ], [ 120.775822121557638, 12.854284099584754 ], [ 120.775880354091441, 12.854405006621082 ], [ 120.775920254127328, 12.854494372638412 ], [ 120.775963389322314, 12.854586892726019 ], [ 120.776024857123531, 12.85468992648641 ], [ 120.776067992269788, 12.854791908752503 ], [ 120.776125146325199, 12.854929637308675 ], [ 120.776194162614445, 12.855082084887641 ], [ 120.776365624953783, 12.855461626387237 ], [ 120.776477270520587, 12.855706327526439 ], [ 120.776546083214527, 12.855872396056618 ], [ 120.776597476409989, 12.856000973788525 ], [ 120.776657865602772, 12.856146061185971 ], [ 120.776704982550271, 12.85626263325817 ], [ 120.776742602402891, 12.856359048852392 ], [ 120.776777565536918, 12.856447800620607 ], [ 120.776810995243622, 12.856532960463348 ], [ 120.776850895236151, 12.856630736551008 ], [ 120.776885403372546, 12.8567085368653 ], [ 120.776925303424576, 12.85679474800445 ], [ 120.776960889941961, 12.856874650978133 ], [ 120.776991083894643, 12.856946148006989 ], [ 120.777026670985279, 12.857040764932909 ], [ 120.777067649391199, 12.857134335422819 ], [ 120.777106471018882, 12.857226854516197 ], [ 120.77713990080143, 12.857297295185896 ], [ 120.777167938700856, 12.857353016903595 ], [ 120.777205681953021, 12.857442381860903 ], [ 120.777253130682524, 12.857541208981422 ], [ 120.777287638873062, 12.857608495520237 ], [ 120.777305971278878, 12.857657909025932 ], [ 120.777329695584072, 12.857718887386707 ], [ 120.777364203704195, 12.857799841409436 ], [ 120.777400868532069, 12.857895514291336 ], [ 120.777442925313466, 12.857992238511237 ], [ 120.777489295499549, 12.858120503133533 ], [ 120.777531891311625, 12.858249293344901 ], [ 120.777572869614573, 12.858362838962819 ], [ 120.777605220804887, 12.858472179103671 ], [ 120.777656982960664, 12.858598340817064 ], [ 120.777695804620834, 12.858684551301852 ], [ 120.777736783075355, 12.858768659078763 ], [ 120.777764820817666, 12.858854869451568 ], [ 120.7777950153544, 12.858938977117916 ], [ 120.777820896421417, 12.859004160552242 ], [ 120.77784030714858, 12.859067241251074 ], [ 120.777879128722091, 12.859170273060389 ], [ 120.77792873423509, 12.859269099511337 ], [ 120.777989123503389, 12.85939946623439 ], [ 120.778032258524846, 12.859525627438913 ], [ 120.778066766455339, 12.859643377810707 ], [ 120.778127155658652, 12.859786360422468 ], [ 120.7781697515194, 12.859905687721664 ], [ 120.778211808078609, 12.860045516075633 ], [ 120.778258178194108, 12.860187447050208 ], [ 120.778313175422241, 12.860333583339113 ], [ 120.778364937496647, 12.860475514177523 ], [ 120.778400523948875, 12.860568032023318 ], [ 120.77842370899036, 12.860642151382853 ], [ 120.778453903440337, 12.860743079830394 ], [ 120.778488411424888, 12.860850316273474 ], [ 120.778516449058785, 12.860957552638629 ], [ 120.77856174078785, 12.861098431757336 ], [ 120.778617816456418, 12.861235105513824 ], [ 120.778678205486287, 12.861411729890525 ], [ 120.778717026907955, 12.861544198059365 ], [ 120.778747221401204, 12.861636715484432 ], [ 120.778779572602176, 12.861743951534931 ], [ 120.778824864407028, 12.861870111571564 ], [ 120.778873930596703, 12.861993643236048 ], [ 120.778917065596275, 12.862124008458229 ], [ 120.778960200628376, 12.86224806563326 ], [ 120.778987160011269, 12.86232796682809 ], [ 120.779007649059693, 12.862404713977591 ], [ 120.779030294685796, 12.862521411610887 ], [ 120.779048626966883, 12.862595004705172 ], [ 120.779074508033844, 12.862660187189912 ], [ 120.779097153909106, 12.862728523625419 ], [ 120.779130583631868, 12.862810527354485 ], [ 120.77916724847033, 12.862904095671931 ], [ 120.779207148316175, 12.863030255098526 ], [ 120.779229794001864, 12.863135387852955 ], [ 120.779253518149758, 12.863226853333432 ], [ 120.779265380210163, 12.863275214375205 ], [ 120.779280477337537, 12.863344601931075 ], [ 120.779297731281005, 12.863407681528189 ], [ 120.779314985235288, 12.863468658459832 ], [ 120.77934410136919, 12.863554867223408 ], [ 120.779374295921926, 12.863635819342246 ], [ 120.779407725682546, 12.863710463508365 ], [ 120.779429293155218, 12.863780902299474 ], [ 120.779442233591126, 12.863832417209673 ], [ 120.779457330664286, 12.863912317841107 ], [ 120.779476741293749, 12.863994321113717 ], [ 120.779492916829184, 12.864060554509111 ], [ 120.779508014021545, 12.864117325983086 ], [ 120.779529581510474, 12.864184610694563 ], [ 120.779566246392207, 12.864269767928151 ], [ 120.779602911214354, 12.864366489664567 ], [ 120.779624478600311, 12.864453749402866 ], [ 120.779650359439557, 12.864563086857766 ], [ 120.779682710667501, 12.864665065058704 ], [ 120.779705356293448, 12.864781761640675 ], [ 120.779729080343728, 12.864892150260761 ], [ 120.779760892302534, 12.865008321123407 ], [ 120.779799713669789, 12.865151300571164 ], [ 120.779823437649597, 12.865275356153049 ], [ 120.779866033314931, 12.865432528241493 ], [ 120.779900541320941, 12.86553555741585 ], [ 120.779936127637441, 12.865654356288408 ], [ 120.779966321967947, 12.865778411653631 ], [ 120.780002986470237, 12.865937160369159 ], [ 120.780027788933921, 12.86604334323015 ], [ 120.780051513184631, 12.866114832690673 ], [ 120.780080629302134, 12.866204194484995 ], [ 120.7800903344055, 12.866286196960282 ], [ 120.780105431516489, 12.86635873762147 ], [ 120.78012807738088, 12.866429175674352 ], [ 120.780150723293957, 12.866490151898368 ], [ 120.780181996173354, 12.866583718816724 ], [ 120.780214347395699, 12.866686747507554 ], [ 120.780236993092046, 12.866789776107913 ], [ 120.7802574821132, 12.866871778445285 ], [ 120.780276892813006, 12.86694011371754 ], [ 120.780291989994467, 12.866998987159882 ], [ 120.780304930479076, 12.867041039620931 ], [ 120.780324341097597, 12.867125144489783 ], [ 120.780344830183779, 12.867194531007565 ], [ 120.78036316247011, 12.867267071422123 ], [ 120.780378259602756, 12.867335406565276 ], [ 120.780400905429161, 12.867413203501915 ], [ 120.780426786425451, 12.867492051738434 ], [ 120.780447275473676, 12.867568797308166 ], [ 120.780468842805305, 12.867666569004859 ], [ 120.780492567061358, 12.867737006695828 ], [ 120.780515212882278, 12.867815854814495 ], [ 120.780535701914246, 12.867895754203927 ], [ 120.78056373948813, 12.868014551921203 ], [ 120.780592855535062, 12.868117580008272 ], [ 120.780615501285496, 12.868210094971774 ], [ 120.780641382102914, 12.868323636007231 ], [ 120.780660792743063, 12.868403535229547 ], [ 120.780687751968486, 12.868513922271825 ], [ 120.780709319473488, 12.86857805189387 ], [ 120.780729808668013, 12.868626411946853 ], [ 120.780745984317107, 12.868670566757119 ], [ 120.780763238347163, 12.868716824170601 ], [ 120.780784805879236, 12.868775697228015 ], [ 120.780803138268496, 12.868828262441564 ], [ 120.78081931381459, 12.868892391956475 ], [ 120.78083225411487, 12.868970188361986 ], [ 120.78084950789551, 12.869064805586923 ], [ 120.780863526598409, 12.86914049934226 ], [ 120.780877545290451, 12.869218295676159 ], [ 120.78088832885588, 12.869286630266274 ], [ 120.780909896247024, 12.869372836992911 ], [ 120.780922836639434, 12.8694327611533 ], [ 120.780934698612953, 12.869497941791748 ], [ 120.780942247008468, 12.86956522499035 ], [ 120.78095518734122, 12.869636713393506 ], [ 120.780965970890435, 12.869708201765574 ], [ 120.780973519242593, 12.869783895294585 ], [ 120.780978910870772, 12.869848024511578 ], [ 120.780979988883118, 12.869921615370739 ], [ 120.780989694002514, 12.870000462738332 ], [ 120.780991850374079, 12.87008036134076 ], [ 120.780996163518338, 12.870162362521933 ], [ 120.781000476592126, 12.870258030529161 ], [ 120.781008024808742, 12.870360006291564 ], [ 120.781018808173542, 12.870467238505956 ], [ 120.781036601017192, 12.870587611896708 ], [ 120.781049540851157, 12.870755819098965 ], [ 120.781062480836837, 12.870894589967126 ], [ 120.781077577551912, 12.871043873699941 ], [ 120.781103458033002, 12.871222593583623 ], [ 120.781125024827659, 12.871424441731609 ], [ 120.781163845869088, 12.871630494965189 ], [ 120.781213450806689, 12.871840753241852 ], [ 120.781239331309351, 12.872015267401641 ], [ 120.781293249846613, 12.872219217648398 ], [ 120.781361725677826, 12.872616078941164 ], [ 120.781353636511227, 12.87285419517109 ], [ 120.781364958613608, 12.873050259889206 ], [ 120.781396230608749, 12.87331518363362 ], [ 120.781410248915606, 12.873467619768487 ], [ 120.781427502739447, 12.873553825036257 ], [ 120.781464167436383, 12.873674722679851 ], [ 120.781500832117089, 12.873798774109661 ], [ 120.781526712869095, 12.873924927986504 ], [ 120.781559063451155, 12.874152004734103 ], [ 120.781604354387454, 12.874446363191531 ], [ 120.781605960784205, 12.874533103904424 ], [ 120.781605970171796, 12.874795913151688 ], [ 120.781610282979599, 12.874943091954492 ], [ 120.781627536282727, 12.875130219223166 ], [ 120.781704098861198, 12.875757830539788 ], [ 120.781717068781489, 12.876014359997633 ], [ 120.781780278009094, 12.876432520113484 ], [ 120.781823793085792, 12.877165482108783 ], [ 120.781802221637179, 12.877865625098456 ], [ 120.781825858130688, 12.87817492925214 ], [ 120.781841041083013, 12.878380744338751 ], [ 120.781849667132207, 12.878590996749729 ], [ 120.781869076600074, 12.87889796498682 ], [ 120.781864762154015, 12.879068269045614 ], [ 120.78184750713676, 12.879213342714721 ], [ 120.781836722481032, 12.879356313815615 ], [ 120.781823780911566, 12.879524515005061 ], [ 120.781819466139893, 12.879757894036191 ], [ 120.781828092199845, 12.879966042780376 ], [ 120.781843189055351, 12.880087988478863 ], [ 120.781845345035876, 12.880243574198865 ], [ 120.781873382299736, 12.880422287533694 ], [ 120.781877695096341, 12.880571565538377 ], [ 120.781890634549683, 12.8808133536967 ], [ 120.781877692459133, 12.881082474019172 ], [ 120.781886318855385, 12.881225444149941 ], [ 120.781918669870834, 12.881368414317002 ], [ 120.781935923412163, 12.881509281829151 ], [ 120.781935922511352, 12.881683789128141 ], [ 120.781966116450107, 12.881883526398953 ], [ 120.781974742574974, 12.882079058416304 ], [ 120.781983368992869, 12.882217822993645 ], [ 120.78195317278562, 12.882457506858435 ], [ 120.781963955314097, 12.882726625532596 ], [ 120.781970424850712, 12.882884312122147 ], [ 120.781961797021751, 12.883018871196422 ], [ 120.781938071241086, 12.883243836941073 ], [ 120.781918658875611, 12.883498237249489 ], [ 120.781912187178889, 12.883758944802189 ], [ 120.781931597427658, 12.883914528328091 ], [ 120.781935910321735, 12.884044881959236 ], [ 120.781926743239836, 12.884190478405614 ], [ 120.781919193770051, 12.88433134420753 ], [ 120.781914879405022, 12.884485876023302 ], [ 120.781912722122087, 12.884582589766948 ], [ 120.781906251027749, 12.884726609060683 ], [ 120.781897622883861, 12.884922138772955 ], [ 120.781888994957129, 12.885075618968587 ], [ 120.781878210431358, 12.885193357116398 ], [ 120.78185772005385, 12.885374169144658 ], [ 120.781851248704328, 12.885567595897843 ], [ 120.781851247738075, 12.885754715145881 ], [ 120.78183830624414, 12.885908194809831 ], [ 120.781823207999224, 12.88605536698865 ], [ 120.781815658654196, 12.886172053462335 ], [ 120.781818893286655, 12.886277176414939 ], [ 120.781827519764022, 12.886404375152026 ], [ 120.781836146105647, 12.886557854525039 ], [ 120.781842615696277, 12.886705026429262 ], [ 120.781841536549905, 12.886851146982734 ], [ 120.781825359657972, 12.887047726224649 ], [ 120.781814574909504, 12.887208563683609 ], [ 120.7817983980664, 12.887395681625081 ], [ 120.781786534828413, 12.887575440882419 ], [ 120.781781142131138, 12.887718407237266 ], [ 120.781780063201822, 12.887822478296618 ], [ 120.781794081632583, 12.887950727497685 ], [ 120.781789767631111, 12.888034825231651 ], [ 120.781804864453619, 12.88816307432932 ], [ 120.781832902080666, 12.88827135023176 ], [ 120.781852312747191, 12.88834598699202 ], [ 120.781864174269472, 12.888498413971258 ], [ 120.781874957530263, 12.888625611590758 ], [ 120.781871721665382, 12.888759116388375 ], [ 120.781880348115422, 12.888891569955602 ], [ 120.78188466070516, 12.889080789175987 ], [ 120.781872797331289, 12.889286827637662 ], [ 120.7818469154453, 12.889380385760841 ], [ 120.781828582296328, 12.88947499510232 ], [ 120.781813484414997, 12.889551733763017 ], [ 120.781812405518266, 12.889649496770517 ], [ 120.781837208132785, 12.889726235576111 ], [ 120.7818469131809, 12.889818742497763 ], [ 120.781851226313606, 12.889902839647181 ], [ 120.781859852817917, 12.890024780475457 ], [ 120.781859852459533, 12.890094160550969 ], [ 120.781863087037507, 12.890209793983525 ], [ 120.781864164810202, 12.89032963220051 ], [ 120.781855537035185, 12.890453675158327 ], [ 120.781849066255489, 12.890536720829587 ], [ 120.781847987391217, 12.89062817618726 ], [ 120.781840438160017, 12.89072278511081 ], [ 120.781827496649456, 12.890879415358985 ], [ 120.781789752491875, 12.890965614361892 ], [ 120.78177141939176, 12.891050762222537 ], [ 120.78175200789984, 12.891135910048867 ], [ 120.78173043965694, 12.891214750585085 ], [ 120.781708871082742, 12.891357714781336 ], [ 120.781697008094298, 12.891489115664591 ], [ 120.781692693929742, 12.891604748415256 ], [ 120.78167220328028, 12.891838116108941 ], [ 120.781650634456213, 12.892029435383513 ], [ 120.781638771321127, 12.892189218432447 ], [ 120.781624751635988, 12.892303799607598 ], [ 120.781615045474496, 12.892426790378476 ], [ 120.781599947549637, 12.892511937758162 ], [ 120.781595633564322, 12.892592880352048 ], [ 120.78159455469455, 12.892685386160741 ], [ 120.781571908233673, 12.892730587740276 ], [ 120.781547644209525, 12.892771058895185 ], [ 120.781545486578636, 12.892935046323759 ], [ 120.781547642851606, 12.893033859226804 ], [ 120.780982022281862, 12.893823832548998 ], [ 120.780904377704459, 12.893895313579661 ], [ 120.780766342600828, 12.89408032352422 ], [ 120.78066766908772, 12.89420909455675 ], [ 120.780598112266702, 12.894315790565635 ], [ 120.780525320178, 12.894440356826285 ], [ 120.780468704058308, 12.894547052800913 ], [ 120.780429881193825, 12.894694219783144 ], [ 120.780399685243452, 12.894832978189768 ], [ 120.7803651761444, 12.894992758322548 ], [ 120.78033929378563, 12.89517776801358 ], [ 120.780326352149956, 12.895358572868201 ], [ 120.780313410622895, 12.895518353786294 ], [ 120.780334978197672, 12.895568811024738 ], [ 120.780495376180042, 12.895968011171984 ], [ 120.780467078840843, 12.896023450998612 ], [ 120.780399409157823, 12.896139344136065 ], [ 120.780354385615226, 12.896272056327819 ], [ 120.780288602814963, 12.896446553010355 ], [ 120.780205565447417, 12.896678864692522 ], [ 120.780158115155217, 12.896882794353257 ], [ 120.780126841011338, 12.897034164735238 ], [ 120.780097723830266, 12.897150845983944 ], [ 120.780081547133221, 12.897309574558655 ], [ 120.78007076248737, 12.897450432962385 ], [ 120.780057821210121, 12.897561858188698 ], [ 120.780055663986474, 12.897647003885536 ], [ 120.780053506599842, 12.897763684982547 ], [ 120.780038408685698, 12.897846728185195 ], [ 120.780035173124574, 12.897921361977497 ], [ 120.780045956498995, 12.898026480033399 ], [ 120.780059975211756, 12.898100062678434 ], [ 120.78007507221848, 12.898192566531776 ], [ 120.780085855668943, 12.898282967972024 ], [ 120.780098795979043, 12.898358652893091 ], [ 120.780127911763742, 12.898512125038151 ], [ 120.780161341213258, 12.898646675921727 ], [ 120.778776136540415, 12.900665446688098 ], [ 120.77874270584104, 12.900772665707427 ], [ 120.778725450849819, 12.900912470961323 ], [ 120.778707117488622, 12.901048071463327 ], [ 120.778700646708614, 12.901131113618595 ], [ 120.778704959743152, 12.901234127960871 ], [ 120.778717899982482, 12.901323477146736 ], [ 120.778734075462381, 12.901400212329587 ], [ 120.778755642710948, 12.901513738298599 ], [ 120.778783680244942, 12.901639878224008 ], [ 120.778810100416806, 12.901722394764336 ], [ 120.778870489617091, 12.901865353364791 ], [ 120.778941662822078, 12.901991493327563 ], [ 120.778999895369253, 12.90210922386129 ], [ 120.779062441374762, 12.902247977603201 ], [ 120.779124987434642, 12.902376219653121 ], [ 120.779196160830594, 12.902517076902635 ], [ 120.779234982058668, 12.902634805801487 ], [ 120.779284587428108, 12.902760945268884 ], [ 120.779318556277104, 12.902856075391327 ], [ 120.779328261580247, 12.902899172975673 ], [ 120.779330418097459, 12.902950679788027 ], [ 120.779321790593613, 12.903022158554254 ], [ 120.779312084757834, 12.903082074550836 ], [ 120.779291595047752, 12.903133581212805 ], [ 120.779270026782825, 12.903216622600521 ], [ 120.779229586631942, 12.903305445233695 ], [ 120.779149784792622, 12.903469425371071 ], [ 120.779074296455121, 12.903646019296927 ], [ 120.779024689694182, 12.903788976250423 ], [ 120.77901174855802, 12.903873068618665 ], [ 120.778977239651553, 12.903944546992442 ], [ 120.778947044420931, 12.90399500227374 ], [ 120.778927632966742, 12.904072787614229 ], [ 120.77890822142551, 12.904167391394985 ], [ 120.778899593747752, 12.904272506729367 ], [ 120.778893122929574, 12.904362905886327 ], [ 120.778893122636049, 12.904419668151181 ], [ 120.778888808525323, 12.904524783400998 ], [ 120.778890964732639, 12.904636205551055 ], [ 120.778895277756106, 12.904741320752779 ], [ 120.778886650089191, 12.904844333543613 ], [ 120.778880179216642, 12.904945244001308 ], [ 120.7788650812969, 12.905029335969981 ], [ 120.778867237656399, 12.905111325696206 ], [ 120.778878021041393, 12.905214338431227 ], [ 120.778886647186155, 12.90540564762696 ], [ 120.778912527751487, 12.905567524616897 ], [ 120.778916840524857, 12.905720992215109 ], [ 120.778886645054996, 12.905817697612736 ], [ 120.778862919990146, 12.905903891538435 ], [ 120.77883488119511, 12.906021619800903 ], [ 120.778811155999747, 12.906133041155124 ], [ 120.778789587566195, 12.906248667051443 ], [ 120.778778803137385, 12.906347474631247 ], [ 120.778763705271956, 12.906421054683337 ], [ 120.778744293741568, 12.906513555287363 ], [ 120.778729195810882, 12.906599749016117 ], [ 120.778716254565907, 12.906704863306485 ], [ 120.778718410675239, 12.906835205055785 ], [ 120.77872056667583, 12.90698656958088 ], [ 120.778722722502465, 12.907171570540251 ], [ 120.778720565066422, 12.907297707461478 ], [ 120.778727034862442, 12.907404923835799 ], [ 120.778731347646541, 12.907556288026704 ], [ 120.778739974041272, 12.907699243034404 ], [ 120.778746443848163, 12.907804356959142 ], [ 120.778746443152144, 12.907938902677076 ], [ 120.77874428590097, 12.908029300529904 ], [ 120.778737814865167, 12.908161743820164 ], [ 120.778731343796736, 12.908300493860043 ], [ 120.778722716151407, 12.908399300639662 ], [ 120.778716245257002, 12.908504414205611 ], [ 120.778714087788273, 12.908636857265625 ], [ 120.778690362679825, 12.90873145929795 ], [ 120.778660167090223, 12.908851288486771 ], [ 120.778638598787055, 12.908941685913016 ], [ 120.778612716960339, 12.909023674216611 ], [ 120.778584678154274, 12.909143503276084 ], [ 120.778573893681852, 12.90925071877288 ], [ 120.778556638847874, 12.909360036455796 ], [ 120.778526443301786, 12.909471456289864 ], [ 120.77850487491159, 12.909578671592286 ], [ 120.778487620099398, 12.909683784608605 ], [ 120.778487619490321, 12.90980151123062 ], [ 120.778483305205341, 12.90994026037106 ], [ 120.778483304487452, 12.910079009455949 ], [ 120.778476833299294, 12.910240883258759 ], [ 120.778468205425455, 12.910383836645266 ], [ 120.778461734389538, 12.910516278687986 ], [ 120.778446636284684, 12.910636107096318 ], [ 120.778433715706683, 12.910760168988643 ], [ 120.778435851072558, 12.910886275094979 ], [ 120.778441563760936, 12.911006162364876 ], [ 120.77843218119844, 12.91117654014556 ], [ 120.778439783968764, 12.91134684008834 ], [ 120.778433690960327, 12.911529563211873 ], [ 120.778420749290902, 12.911716662978314 ], [ 120.778412121427849, 12.911857513277415 ], [ 120.778414277515154, 12.911992056824362 ], [ 120.77841427673188, 12.912143418216003 ], [ 120.778418589570109, 12.912284268339032 ], [ 120.778414275263245, 12.912427220578243 ], [ 120.778409961119564, 12.912538639173841 ], [ 120.778405646954127, 12.912654262193032 ], [ 120.778407802878206, 12.912820338841305 ], [ 120.778407802138389, 12.912963290795359 ], [ 120.778414271542516, 12.913146185120127 ], [ 120.778414270400134, 12.913366919432869 ], [ 120.778422896653026, 12.913537200098162 ], [ 120.778431523069131, 12.913675947229089 ], [ 120.778414268191483, 12.913793671884639 ], [ 120.778397013248579, 12.91392400984062 ], [ 120.778386228699773, 12.91404593886138 ], [ 120.778373287378329, 12.914165765587994 ], [ 120.778356032631194, 12.914258263336562 ], [ 120.77834740494211, 12.914365476649833 ], [ 120.778340933895095, 12.914500018803492 ], [ 120.778330149248376, 12.914640867523007 ], [ 120.778321521417794, 12.914775409517624 ], [ 120.778308579824269, 12.914947791332958 ], [ 120.778293481599519, 12.915090741994687 ], [ 120.778293480739904, 12.915256817012846 ], [ 120.778293479814948, 12.915435505200225 ], [ 120.778306420015696, 12.915532207053976 ], [ 120.778308576200729, 12.915647828720179 ], [ 120.778297791695408, 12.915761348057938 ], [ 120.778282693655584, 12.915868560693996 ], [ 120.778261125145505, 12.915998897546105 ], [ 120.778246027268906, 12.916074576964601 ], [ 120.77824818351921, 12.916177585138273 ], [ 120.778256810076641, 12.916289002125994 ], [ 120.778258966359587, 12.916385703595678 ], [ 120.778250338637775, 12.916499222608889 ], [ 120.778243867764743, 12.916600128361084 ], [ 120.778226613028451, 12.916690523005725 ], [ 120.77822445571168, 12.91679353090394 ], [ 120.778217984925689, 12.916877618929169 ], [ 120.778215827685059, 12.916965911348285 ], [ 120.778213670509757, 12.917041590538316 ], [ 120.778217983587112, 12.917136189528511 ], [ 120.778211512692323, 12.917241299419501 ], [ 120.778200727947464, 12.917401066364372 ], [ 120.778185629744343, 12.917539811231354 ], [ 120.778166218115643, 12.91765122747184 ], [ 120.778159747144656, 12.917771052501477 ], [ 120.778148962650107, 12.917882468681798 ], [ 120.778127394205171, 12.918000191333688 ], [ 120.778110139392638, 12.918105300807387 ], [ 120.778079943889736, 12.918208307982505 ], [ 120.778064845795413, 12.918326030513054 ], [ 120.778045434155786, 12.918439548590786 ], [ 120.778034649639466, 12.918555168846892 ], [ 120.77801739471802, 12.918681299946968 ], [ 120.777987199084507, 12.918809533103699 ], [ 120.777954846612985, 12.918948277102357 ], [ 120.777939748322723, 12.919103838569269 ], [ 120.777931120415758, 12.919253093428336 ], [ 120.777924182866755, 12.919391187366775 ], [ 120.77790955105641, 12.919547398500198 ], [ 120.777892295808385, 12.919736594417797 ], [ 120.777870726666748, 12.919988855425505 ], [ 120.777864255608549, 12.920125496724257 ], [ 120.77784484393618, 12.920245320502412 ], [ 120.777818961706373, 12.920405085450527 ], [ 120.777799550012219, 12.92052911343529 ], [ 120.777767197464428, 12.92068257166251 ], [ 120.777732688187513, 12.920825518945634 ], [ 120.777704649141441, 12.920991590011273 ], [ 120.777670139766542, 12.92115345660409 ], [ 120.777633473651633, 12.921306914426152 ], [ 120.777594650600747, 12.921489802416584 ], [ 120.777555827626074, 12.92165797514757 ], [ 120.777523475208852, 12.921786206765136 ], [ 120.777467397737198, 12.921998524532022 ], [ 120.777439358658427, 12.922170901287236 ], [ 120.777391908168497, 12.922412648934662 ], [ 120.777348771332711, 12.922637579149308 ], [ 120.77730779147646, 12.922824670456476 ], [ 120.777232302909297, 12.923045395840397 ], [ 120.777165441574326, 12.923247201745694 ], [ 120.777100736979335, 12.923457416081554 ], [ 120.777007993795422, 12.923745409413925 ], [ 120.776908780086615, 12.924067036633158 ], [ 120.776833291671863, 12.924258330975103 ], [ 120.77677505729676, 12.924493770136793 ], [ 120.776714665648086, 12.924823805122346 ], [ 120.776671529019055, 12.925008792647851 ], [ 120.776632705652176, 12.925252639721023 ], [ 120.776589568380587, 12.925561652510407 ], [ 120.776544275076873, 12.92572561821328 ], [ 120.776506896755762, 12.925857410359738 ], [ 120.776468786444255, 12.925958953780521 ], [ 120.776432120492501, 12.926080876796805 ], [ 120.776352318303594, 12.926312109888798 ], [ 120.776259575391762, 12.926547546941473 ], [ 120.776156048387932, 12.926816617599169 ], [ 120.776048763765999, 12.927172703989726 ], [ 120.775985659351875, 12.927422025830289 ], [ 120.775910170250825, 12.927745750540296 ], [ 120.775705272797808, 12.928328033195189 ], [ 120.77555213884672, 12.928775780327534 ], [ 120.775433514194603, 12.929076379985402 ], [ 120.7752652832271, 12.929433735615303 ], [ 120.775099209053948, 12.929788988651836 ], [ 120.774948232452687, 12.930127424542242 ], [ 120.774780001419785, 12.930497391185726 ], [ 120.774663533518421, 12.930804295032045 ], [ 120.774503929652255, 12.931167954472743 ], [ 120.774363737012166, 12.931497980234795 ], [ 120.774182565234355, 12.931876353080879 ], [ 120.774001674779853, 12.932205345696074 ], [ 120.773710225293556, 12.932715077157768 ], [ 120.773485918368024, 12.932992548824638 ], [ 120.773293963576819, 12.933196448126633 ], [ 120.773061030312476, 12.933320468690635 ], [ 120.772966131542901, 12.933377223901763 ], [ 120.77291868156432, 12.933520163850135 ], [ 120.772821625379294, 12.933698838482169 ], [ 120.772657707586418, 12.934131861532759 ], [ 120.772629667875066, 12.934426149029621 ], [ 120.771638616488147, 12.936230750323542 ], [ 120.771596557972487, 12.936469331324012 ], [ 120.771577145929086, 12.936660616437962 ], [ 120.771508127145225, 12.936990635288286 ], [ 120.771416461856404, 12.937374255320512 ], [ 120.771291366973145, 12.937651722299202 ], [ 120.771200780844353, 12.937887148662075 ], [ 120.771174897959824, 12.93817302365211 ], [ 120.771175221227153, 12.938356319486726 ], [ 120.771205226485037, 12.938584698502302 ], [ 120.771289164814746, 12.938700904151499 ], [ 120.771352386584127, 12.938903339054241 ], [ 120.77137705844352, 12.93908389300999 ], [ 120.771332892265733, 12.939258905994755 ], [ 120.771155310349428, 12.939599927560147 ], [ 120.771118765777231, 12.939830572677019 ], [ 120.771066214813501, 12.940162239454072 ], [ 120.771050115965664, 12.940569753943128 ], [ 120.770983916181848, 12.941100178246256 ], [ 120.770896463990965, 12.942326030902761 ], [ 120.770932050505209, 12.94301866848186 ], [ 120.770835177394915, 12.943410154100025 ], [ 120.770768316396925, 12.943546782271534 ], [ 120.770731650499116, 12.943658186814282 ], [ 120.770727336430497, 12.943754877646432 ], [ 120.770723022351007, 12.943853670414914 ], [ 120.770703610754083, 12.943958768987839 ], [ 120.770649690609858, 12.94406596931629 ], [ 120.770615181299334, 12.94421520911486 ], [ 120.770593612657166, 12.944370754797172 ], [ 120.770589298294155, 12.944524198500361 ], [ 120.770584984127396, 12.944639806702188 ], [ 120.77059145395458, 12.944740701140153 ], [ 120.770606550654136, 12.9448920427474 ], [ 120.770625960539107, 12.945116953006684 ], [ 120.770636743486222, 12.945304027713879 ], [ 120.770651840349331, 12.945423839572133 ], [ 120.770664780527042, 12.945524733725005 ], [ 120.770684190902671, 12.945655055292155 ], [ 120.770699253764477, 12.945767082228262 ], [ 120.770705757538366, 12.945886270743886 ], [ 120.770703600056905, 12.946020795925508 ], [ 120.770703599162658, 12.946193156222144 ], [ 120.770694971199745, 12.946352904640245 ], [ 120.770679872624527, 12.946563099752529 ], [ 120.770675557846914, 12.946796416181677 ], [ 120.770671243701855, 12.946907819433429 ], [ 120.770675556341885, 12.947086484977946 ], [ 120.770673398740342, 12.947244130910496 ], [ 120.770669084377161, 12.947397572844684 ], [ 120.770669083417388, 12.947582543843794 ], [ 120.770666925597723, 12.947782228280239 ], [ 120.770660454494561, 12.947927262114542 ], [ 120.770653983271444, 12.948095417184236 ], [ 120.770643198110434, 12.948335037954672 ], [ 120.770632413298401, 12.948507396596861 ], [ 120.770623563570439, 12.948625119162728 ], [ 120.770613000992313, 12.948749118860619 ], [ 120.770600059527638, 12.948896254031174 ], [ 120.770593588566229, 12.949013962124456 ], [ 120.770582803983217, 12.949142179786984 ], [ 120.770561235406262, 12.949285110826343 ], [ 120.770539666927448, 12.949409124441571 ], [ 120.770520255155816, 12.949547851486965 ], [ 120.770498686524263, 12.949701291916417 ], [ 120.770479274763488, 12.949837916875792 ], [ 120.770464176635201, 12.94996193024817 ], [ 120.770440451198326, 12.950119574253854 ], [ 120.770422301748084, 12.950265679031022 ], [ 120.77039515734802, 12.950388619769205 ], [ 120.770356334491893, 12.950533651924863 ], [ 120.770315354677692, 12.950712314643429 ], [ 120.770265747631186, 12.950909894420397 ], [ 120.770239865596167, 12.951031805292045 ], [ 120.770218297117282, 12.951155818037838 ], [ 120.77019457194217, 12.951263015420947 ], [ 120.77016221952384, 12.95139123181834 ], [ 120.770136337379725, 12.951534161545887 ], [ 120.770106141406728, 12.951727536953163 ], [ 120.770086729231267, 12.951944033226816 ], [ 120.770075944680855, 12.952065943667787 ], [ 120.770045748926023, 12.952217280599969 ], [ 120.770018788286393, 12.952380177917181 ], [ 120.76997349475235, 12.952588265893885 ], [ 120.769887221753038, 12.952907754082691 ], [ 120.769803105460866, 12.953241955135423 ], [ 120.769729773860959, 12.953426921429292 ], [ 120.769690950753741, 12.953620295324127 ], [ 120.769647814188559, 12.953792650148168 ], [ 120.769615460984511, 12.954072201199475 ], [ 120.769604675550127, 12.954364363356097 ], [ 120.769587420168918, 12.954578755465334 ], [ 120.769548596799723, 12.95482257362235 ], [ 120.769488205289775, 12.95512524404494 ], [ 120.76945800940382, 12.955301801646725 ], [ 120.76942350021271, 12.95542791407814 ], [ 120.769410558900475, 12.95554561905276 ], [ 120.769388990366835, 12.955680138921764 ], [ 120.769363108353474, 12.955797843712535 ], [ 120.769298404040285, 12.955953381948349 ], [ 120.769268208547189, 12.95605427162169 ], [ 120.769238012944911, 12.956176179953877 ], [ 120.769216444585865, 12.95627706958004 ], [ 120.769194875855788, 12.956449422673176 ], [ 120.769181934543482, 12.95656712716497 ], [ 120.769179777290674, 12.956657507400831 ], [ 120.76914958164474, 12.956787822896711 ], [ 120.769115072475429, 12.956909730848228 ], [ 120.769076249870025, 12.957006416365296 ], [ 120.769046054398743, 12.957103101887917 ], [ 120.769002918160808, 12.957212398475471 ], [ 120.768971644161326, 12.957335357165332 ], [ 120.768964094660433, 12.957481436361576 ], [ 120.7689479181237, 12.957608598709623 ], [ 120.768926349742799, 12.957713691469268 ], [ 120.768904781318227, 12.957827191608473 ], [ 120.768891840169616, 12.957913367622721 ], [ 120.768883212533424, 12.958010052900899 ], [ 120.768876741648057, 12.958113043713007 ], [ 120.768868114044636, 12.958203423355437 ], [ 120.768855172950538, 12.958279089979019 ], [ 120.768839910962924, 12.958364327685064 ], [ 120.768822261266422, 12.958447221708239 ], [ 120.768792767674753, 12.958522429598151 ], [ 120.768781832100217, 12.958574996961264 ], [ 120.768746787585286, 12.958702263390144 ], [ 120.768714763880354, 12.958816756836891 ], [ 120.768675355294974, 12.958948670829354 ], [ 120.768650198007819, 12.959050173251295 ], [ 120.768611494850191, 12.959208999781302 ], [ 120.768590288695123, 12.959316196079682 ], [ 120.768562969394125, 12.959412012703945 ], [ 120.768539198064843, 12.95951970584386 ], [ 120.768506928863815, 12.959678833442664 ], [ 120.768438176709481, 12.959908622376229 ], [ 120.76838463178764, 12.960100397041494 ], [ 120.768354180057074, 12.960258961585208 ], [ 120.768324978082447, 12.960389927539174 ], [ 120.768288458728065, 12.960580199058143 ], [ 120.768264508462039, 12.96076055305369 ], [ 120.768240565897145, 12.960838330586192 ], [ 120.768204737774425, 12.961037525158742 ], [ 120.76819996917483, 12.96116341741096 ], [ 120.768158454332735, 12.961301799114832 ], [ 120.768128979943498, 12.961489623080743 ], [ 120.768084751130914, 12.961755939355443 ], [ 120.768054233240434, 12.962003471045184 ], [ 120.767998088738096, 12.962344999543035 ], [ 120.767949899898127, 12.96263125574435 ], [ 120.767912921559372, 12.962836129635757 ], [ 120.767846585853519, 12.963160049609012 ], [ 120.767805274390952, 12.963483662172997 ], [ 120.767775353461118, 12.963658495702918 ], [ 120.767732599761885, 12.963821908884153 ], [ 120.767671486956814, 12.964037045149528 ], [ 120.767619518148535, 12.964244488426752 ], [ 120.767598287958123, 12.964449792902554 ], [ 120.767483674429684, 12.964772866683937 ], [ 120.767387447251352, 12.964923999472029 ], [ 120.767249411533911, 12.965226657225335 ], [ 120.767117846177939, 12.965527212851953 ], [ 120.767040200660958, 12.965779427247382 ], [ 120.766997063942284, 12.965981198674536 ], [ 120.766945299958465, 12.966208191318339 ], [ 120.766906476741227, 12.96642257311988 ], [ 120.766854712735565, 12.966653768923887 ], [ 120.766828830284936, 12.966855539728275 ], [ 120.766785693631704, 12.967044699614448 ], [ 120.766754419085714, 12.967272742278544 ], [ 120.766674616588517, 12.967562786823896 ], [ 120.766629322955097, 12.96778977805714 ], [ 120.76656461836842, 12.967997853056431 ], [ 120.76650854047881, 12.96828999864263 ], [ 120.766478344035065, 12.96857373695452 ], [ 120.766445989901044, 12.969031921182927 ], [ 120.766402852668719, 12.969332472654761 ], [ 120.766353244616099, 12.969723399233189 ], [ 120.766264814624122, 12.970082798718494 ], [ 120.766215207336131, 12.970326601634397 ], [ 120.766154815901132, 12.97061454096831 ], [ 120.766098738448292, 12.970822613647988 ], [ 120.76600815142136, 12.97123035162212 ], [ 120.765943445905762, 12.971617071663376 ], [ 120.765880897392165, 12.971961756386339 ], [ 120.765820506197414, 12.972203455672032 ], [ 120.765742860800131, 12.97243254424134 ], [ 120.765663058564698, 12.972672141241889 ], [ 120.765581099239768, 12.972970586392906 ], [ 120.765507767114457, 12.973256420875472 ], [ 120.765406395765396, 12.973741918514017 ], [ 120.765320122206774, 12.974168567185542 ], [ 120.765270514448559, 12.97450273986156 ], [ 120.76521659335279, 12.974792776105398 ], [ 120.765141207346005, 12.975088634405315 ], [ 120.765101308065084, 12.975334063065848 ], [ 120.765067770831962, 12.975650272639703 ], [ 120.765033260306751, 12.976032782554258 ], [ 120.765003064299393, 12.976232444028163 ], [ 120.764929731605406, 12.976627563035979 ], [ 120.764852085748785, 12.976944918711835 ], [ 120.764680616251752, 12.977946373241663 ], [ 120.764590027409312, 12.978702978590652 ], [ 120.764542576641801, 12.97899721332108 ], [ 120.764508066990686, 12.979211584119966 ], [ 120.76447787116895, 12.979375514587071 ], [ 120.764443361474065, 12.979598291747902 ], [ 120.764413165455494, 12.97980005202842 ], [ 120.764372185421053, 12.980020727107929 ], [ 120.764332283958694, 12.980206724495964 ], [ 120.764479757270749, 12.980205967929987 ], [ 120.804754216750339, 12.981189293134882 ], [ 120.810694769804343, 12.98131846297051 ], [ 120.813724831741425, 12.981391025501654 ], [ 120.816432571066642, 12.981455839371574 ], [ 120.819760147485226, 12.981535451431325 ], [ 120.823788673972444, 12.981631776784386 ], [ 120.82678557367413, 12.981703394677767 ], [ 120.828596012481981, 12.981746642617136 ], [ 120.831824680078796, 12.981823738108472 ], [ 120.837687410552718, 12.981963628535304 ], [ 120.842215828351598, 12.98207159062563 ], [ 120.846182071121149, 12.982166085203628 ], [ 120.850868310055063, 12.982277655629478 ], [ 120.904656081620359, 12.983555169103889 ], [ 120.915691942464676, 13.018189335531281 ], [ 120.966022794081383, 13.176047440259921 ], [ 120.966389358606861, 13.177343015601181 ], [ 120.968900482930593, 13.176423888292913 ], [ 120.970457335125786, 13.175850810763089 ], [ 120.973078052947145, 13.17487856097007 ], [ 120.977146467749179, 13.173345639229847 ], [ 120.978306420427629, 13.17290337177937 ], [ 120.979176112526076, 13.172570194349627 ], [ 120.985099455350309, 13.170252924029681 ], [ 120.988696138722048, 13.168805245747047 ], [ 120.989955566804142, 13.168288362242881 ], [ 120.990417072048189, 13.168097995117112 ], [ 120.992417652208658, 13.16726494582613 ], [ 120.993848712543112, 13.166661909710893 ], [ 120.995558005618406, 13.16592967577318 ], [ 120.996701800730207, 13.165431133185846 ], [ 121.00036507327323, 13.163795581736382 ], [ 121.00124649190758, 13.163393605806299 ], [ 121.003188876288803, 13.162496161518781 ], [ 121.004031327116024, 13.162102803058675 ], [ 121.006052762082035, 13.161147391025512 ], [ 121.0107385813386, 13.158883264979432 ], [ 121.01226041103358, 13.158134089095029 ], [ 121.014505955342628, 13.157020019443296 ], [ 121.018639363564944, 13.154942803980486 ], [ 121.020970183547973, 13.153760771649734 ], [ 121.023447066203701, 13.152499925105245 ], [ 121.024870999947566, 13.15177353928852 ], [ 121.025543682796425, 13.151430402258573 ], [ 121.027836944810943, 13.150259455589691 ], [ 121.031247865920079, 13.148520720965683 ], [ 121.035809574427716, 13.146212339347402 ], [ 121.038607117483835, 13.144812997911798 ], [ 121.042323362804396, 13.142978966662369 ], [ 121.048697101839878, 13.139959642465314 ], [ 121.050840667897205, 13.138945311562576 ], [ 121.054260029258998, 13.137330814979595 ], [ 121.057046012128495, 13.136016559038517 ], [ 121.060597489927019, 13.134342241333826 ], [ 121.062585942497606, 13.133405704504419 ], [ 121.066154487632758, 13.131725070226162 ], [ 121.068530713622422, 13.130606950380221 ], [ 121.072329999470654, 13.128819293431581 ], [ 121.07664665945768, 13.126788138204056 ], [ 121.080007558105649, 13.125206408099363 ], [ 121.081830365900032, 13.124347989842823 ], [ 121.084355363033751, 13.123159097538593 ], [ 121.090246387971348, 13.120381890384053 ], [ 121.091692176103109, 13.119699548141668 ], [ 121.096135016259339, 13.117601122476938 ], [ 121.098450462739564, 13.116505519799047 ], [ 121.101506748176718, 13.115058115945105 ], [ 121.104097194006442, 13.113829048796125 ], [ 121.108336400144751, 13.111814497475883 ], [ 121.110670509614224, 13.110702761690357 ], [ 121.113781478880711, 13.109218220466779 ], [ 121.116686783616103, 13.107829744365507 ], [ 121.121961255710588, 13.105298912733298 ], [ 121.126207159929749, 13.103253501436109 ], [ 121.128034318646471, 13.102370674441959 ], [ 121.132539085956466, 13.100187272637468 ], [ 121.135754542319887, 13.098622508970058 ], [ 121.138907674870595, 13.097082950790432 ], [ 121.142684735299866, 13.095233409224614 ], [ 121.149598788208934, 13.091834070622733 ], [ 121.155297289042679, 13.089018728044742 ], [ 121.159111043526977, 13.087129842665775 ], [ 121.161234951302163, 13.086075153292203 ], [ 121.165183227170544, 13.084111720648311 ], [ 121.170812074743665, 13.081306566988241 ], [ 121.173382747229269, 13.080022611696064 ], [ 121.175138640628802, 13.079145469573104 ], [ 121.177642634088443, 13.077892565701752 ], [ 121.179733594301069, 13.076845802312047 ], [ 121.183890226384591, 13.074762324750257 ], [ 121.185416011886247, 13.073996406994699 ], [ 121.191579777717834, 13.070901491268607 ], [ 121.204472525516607, 13.064400387149483 ], [ 121.207000845864656, 13.06317848220983 ], [ 121.238744743695349, 13.047791266291849 ], [ 121.244159961831386, 13.045206018488756 ], [ 121.244649793258759, 13.044959277856552 ], [ 121.244636100614741, 13.043458722676757 ], [ 121.244587008179991, 13.008619682443085 ], [ 121.244627026231115, 12.941534934231907 ], [ 121.244640778440086, 12.930773112731398 ], [ 121.244660727349824, 12.908975293137752 ], [ 121.244718883722101, 12.853610286595375 ], [ 121.244773803173089, 12.799695300993541 ], [ 121.24486040637936, 12.715942556577842 ], [ 121.244860395346095, 12.715942556570123 ], [ 121.244905693560369, 12.672165908608591 ], [ 121.244905694039957, 12.672165908607985 ], [ 121.245001075678161, 12.637250894826295 ], [ 120.991915758023879, 12.63752807669294 ], [ 121.000924312110698, 12.657812789308133 ], [ 121.001587219217996, 12.672362319232048 ], [ 120.917734203156996, 12.672378381576648 ], [ 120.917824945518461, 12.661195768742717 ], [ 120.897578036640709, 12.661036582515594 ], [ 120.895234569525812, 12.664389619474667 ], [ 120.892223412617398, 12.672378003645147 ], [ 120.892499669603339, 12.670611241683313 ], [ 120.890004014478038, 12.670228605011825 ], [ 120.888738358137999, 12.670559047194251 ], [ 120.88736575542552, 12.668854617822536 ], [ 120.885066160376255, 12.673828705980469 ], [ 120.881428202189753, 12.672377099864061 ], [ 120.881377766761034, 12.672572687281518 ], [ 120.88129026355432, 12.672817434014506 ], [ 120.881230608419841, 12.672975560422239 ], [ 120.881176237412305, 12.673174135496465 ], [ 120.881123122095076, 12.673500413997031 ], [ 120.881059882302793, 12.673685939143324 ], [ 120.881010250169922, 12.673805270285694 ], [ 120.880931307234917, 12.673979536025417 ], [ 120.880831321084187, 12.67418499899604 ], [ 120.880713373083495, 12.674372601950097 ], [ 120.880570564460982, 12.674654211184407 ], [ 120.880477913572008, 12.674772882387932 ], [ 120.880402518117265, 12.674860419008152 ], [ 120.880270012071335, 12.674979359333543 ], [ 120.880079915616932, 12.675101349711964 ], [ 120.879945345932597, 12.675127586552582 ], [ 120.879731649452239, 12.675218453194608 ], [ 120.879556871045267, 12.675434133443567 ], [ 120.879448897725268, 12.675653751358071 ], [ 120.879334332067231, 12.67591879539993 ], [ 120.879286128005916, 12.676048714711664 ], [ 120.879243624896958, 12.676211297241402 ], [ 120.879176127696482, 12.676332431365433 ], [ 120.879061225683344, 12.676426885581483 ], [ 120.878961638547295, 12.67651852217786 ], [ 120.878906877513984, 12.676618692907919 ], [ 120.878858219783737, 12.676715716532064 ], [ 120.878851745917373, 12.676800476001338 ], [ 120.878862917011745, 12.676948664518605 ], [ 120.878853338446518, 12.677067531728875 ], [ 120.878821266739266, 12.677176157300956 ], [ 120.878784876998935, 12.677307035882142 ], [ 120.878728901091819, 12.677407264187313 ], [ 120.878678059572906, 12.677503184811798 ], [ 120.878595193579272, 12.677598824270984 ], [ 120.87851368508862, 12.677773110833519 ], [ 120.878415262455249, 12.677954417894208 ], [ 120.878335202995714, 12.678078715927214 ], [ 120.878263401859385, 12.678168650403061 ], [ 120.878180682180925, 12.678246468788219 ], [ 120.878136367905881, 12.67828681897651 ], [ 120.878074327658709, 12.67837904862418 ], [ 120.878038875767956, 12.678448221002961 ], [ 120.877964798576116, 12.678461350517615 ], [ 120.877894567962159, 12.678479025215825 ], [ 120.87769996148262, 12.678562227119844 ], [ 120.877576528955274, 12.678677295283322 ], [ 120.87752484061663, 12.678761713568052 ], [ 120.877412514537937, 12.678757465564741 ], [ 120.877278025570448, 12.678789326189364 ], [ 120.877088085905669, 12.678841088323638 ], [ 120.876951660793921, 12.678924590590196 ], [ 120.876760747886237, 12.679013387356271 ], [ 120.876637930512203, 12.6791538219959 ], [ 120.876501906568222, 12.679237036484171 ], [ 120.876397846439019, 12.679273444041849 ], [ 120.876313574710196, 12.679360886946187 ], [ 120.876206553559101, 12.679457311123167 ], [ 120.876096624843782, 12.679605757656008 ], [ 120.875976483625479, 12.679740956129026 ], [ 120.875885675819092, 12.679917595208519 ], [ 120.875835140248171, 12.679956518859647 ], [ 120.875816337535682, 12.679982582700339 ], [ 120.87579923865475, 12.680068722519357 ], [ 120.875753186486932, 12.68017248748396 ], [ 120.875679067914689, 12.68024726788113 ], [ 120.875584014946455, 12.680324540580946 ], [ 120.875486541040743, 12.680360589287934 ], [ 120.87539153007819, 12.680381233827415 ], [ 120.875311644248725, 12.680422176622928 ], [ 120.875164288362214, 12.680470699903127 ], [ 120.875045430425473, 12.680504017036759 ], [ 120.874971505319508, 12.680516678392214 ], [ 120.874844721161111, 12.680521178350997 ], [ 120.874759847357879, 12.680533825822032 ], [ 120.874626925809835, 12.680551497855063 ], [ 120.874509585996236, 12.680587720193776 ], [ 120.874384064171167, 12.680626588010947 ], [ 120.874261101433078, 12.680676026503509 ], [ 120.874140896135984, 12.680743841848232 ], [ 120.874001210584893, 12.6807932121307 ], [ 120.873990431959243, 12.680795808170043 ], [ 120.873879905181539, 12.680832288616772 ], [ 120.873774383978258, 12.680861009241227 ], [ 120.873668775428527, 12.680900300616821 ], [ 120.873531952540404, 12.680941214796773 ], [ 120.873379028477885, 12.680970357617293 ], [ 120.873207236869845, 12.680980661862474 ], [ 120.873083101064481, 12.681050158762217 ], [ 120.872970001864132, 12.681119011294799 ], [ 120.8728075347383, 12.681201980517777 ], [ 120.872704273350834, 12.681275952678176 ], [ 120.872653092534719, 12.681307470000444 ], [ 120.87259526818454, 12.681369318664609 ], [ 120.872508834595436, 12.681425677035884 ], [ 120.872419085974656, 12.681513640057863 ], [ 120.872334624555052, 12.68157832185547 ], [ 120.872249522767589, 12.68164857419475 ], [ 120.872139767998874, 12.681732089590456 ], [ 120.872030016833918, 12.681828567392246 ], [ 120.87192050752553, 12.681878171168936 ], [ 120.87182431538767, 12.681937884612873 ], [ 120.871723416574099, 12.681984302746702 ], [ 120.871555052407103, 12.682051321410512 ], [ 120.871381499281981, 12.682100378497939 ], [ 120.871161484012333, 12.682164990661288 ], [ 120.871052236109804, 12.682190977660557 ], [ 120.870951983690105, 12.682235744005185 ], [ 120.870848361101466, 12.682263899070442 ], [ 120.870748999428741, 12.682303156011148 ], [ 120.870608301774311, 12.682342631980818 ], [ 120.870474351544118, 12.682389099165635 ], [ 120.870342798020573, 12.682426835548331 ], [ 120.870173565456909, 12.68246322676805 ], [ 120.87004178910847, 12.682500541960623 ], [ 120.869947758472406, 12.682529759939881 ], [ 120.869813629318841, 12.682588437635372 ], [ 120.869776779290873, 12.682634733085896 ], [ 120.869684434596223, 12.682683049162133 ], [ 120.869568212334784, 12.682729980119662 ], [ 120.869470911601397, 12.68278939664688 ], [ 120.869345684446756, 12.682885571360353 ], [ 120.86924833849902, 12.682932765791096 ], [ 120.869168379310722, 12.682993796711905 ], [ 120.869024749663424, 12.683120767312458 ], [ 120.868777115815277, 12.683284130874267 ], [ 120.868685966361909, 12.683374210510483 ], [ 120.868586467235914, 12.683476659860634 ], [ 120.868474011385331, 12.683590869495292 ], [ 120.868410533166312, 12.683679102425483 ], [ 120.868368780480665, 12.683742484087489 ], [ 120.868309949035066, 12.683818667984907 ], [ 120.868233515967333, 12.683897355584216 ], [ 120.868171815494605, 12.683975156317622 ], [ 120.868102080989459, 12.684062841121866 ], [ 120.868060770400845, 12.684139592446886 ], [ 120.867999316266022, 12.684203551684297 ], [ 120.867952295298068, 12.684273126879603 ], [ 120.867906925821075, 12.684330743585601 ], [ 120.867847065223486, 12.684404075576511 ], [ 120.867790979494032, 12.684452012455733 ], [ 120.867750819488791, 12.684497097675406 ], [ 120.867703992606749, 12.684560441884807 ], [ 120.867668189938939, 12.684622558033915 ], [ 120.867613616742162, 12.684692438266969 ], [ 120.867574328178648, 12.684742336126176 ], [ 120.867532877771026, 12.684810334477499 ], [ 120.867497940889976, 12.684849075117206 ], [ 120.867475104284821, 12.684896907827786 ], [ 120.867446017535102, 12.684939045436106 ], [ 120.867425287355189, 12.685005606924019 ], [ 120.867383375914812, 12.685104957378254 ], [ 120.867365514821458, 12.68515385202153 ], [ 120.867338997762133, 12.685185400691836 ], [ 120.867291065011244, 12.685244979420498 ], [ 120.867276149492895, 12.685295952567651 ], [ 120.867249683625147, 12.685343337770924 ], [ 120.867211061376395, 12.685410415744357 ], [ 120.867162524117873, 12.685467555111781 ], [ 120.867119840159546, 12.685514902501241 ], [ 120.867078674726955, 12.685589867739127 ], [ 120.867031750012046, 12.685658738998105 ], [ 120.866974273133735, 12.685772572105812 ], [ 120.866925249289835, 12.685831950532402 ], [ 120.866880366947882, 12.685908824333092 ], [ 120.866823418375958, 12.685999210640233 ], [ 120.866762782059709, 12.686087215817363 ], [ 120.866698345508624, 12.686203958210852 ], [ 120.866647610319518, 12.686269104656313 ], [ 120.866563869158099, 12.686350597606415 ], [ 120.866516139170059, 12.686469593908232 ], [ 120.866470835169949, 12.686545589423678 ], [ 120.866410111725415, 12.686641168063648 ], [ 120.866336976928082, 12.686769323231996 ], [ 120.866294616091523, 12.686857829029318 ], [ 120.866242872016073, 12.686910356392556 ], [ 120.866183623372009, 12.686983375226484 ], [ 120.866147093216554, 12.687046530627279 ], [ 120.866106042377979, 12.687088579326108 ], [ 120.866093839114001, 12.687129000786168 ], [ 120.866075410694933, 12.687177158601925 ], [ 120.866008201013983, 12.687284378331011 ], [ 120.865944618464965, 12.687368337632863 ], [ 120.86589060184761, 12.687427714716748 ], [ 120.865833801372332, 12.68749506201188 ], [ 120.865782836718566, 12.687558320226774 ], [ 120.865725768617423, 12.687625584245703 ], [ 120.865664986457347, 12.687673493664688 ], [ 120.865584391648298, 12.687752366020172 ], [ 120.8654990395315, 12.687824084908231 ], [ 120.865418326751168, 12.687899267366175 ], [ 120.865324833543838, 12.687986668269842 ], [ 120.865239619756792, 12.688050626799637 ], [ 120.865158194854416, 12.688093303501351 ], [ 120.865078347161841, 12.688151841714602 ], [ 120.864988206601339, 12.688206673855632 ], [ 120.864884410718403, 12.688257296966119 ], [ 120.864818042073864, 12.688301953845835 ], [ 120.864769659709111, 12.68832510620371 ], [ 120.86470090065545, 12.68837196038085 ], [ 120.864627900184743, 12.688419032376888 ], [ 120.864567606112587, 12.68849745640288 ], [ 120.864510803191493, 12.688548872611589 ], [ 120.864473937188919, 12.688604364444195 ], [ 120.864441129823163, 12.688659774946549 ], [ 120.864374069528836, 12.688742644988922 ], [ 120.864339636322939, 12.688780074636162 ], [ 120.864301472057164, 12.688805659062224 ], [ 120.864277113129788, 12.688852917984077 ], [ 120.864248803475988, 12.68889621619345 ], [ 120.86419451941309, 12.688927819818874 ], [ 120.864170257617488, 12.688963266714749 ], [ 120.864141976347724, 12.689000688705855 ], [ 120.864091627333863, 12.689010817217996 ], [ 120.864057262967677, 12.689044414021332 ], [ 120.864024899580244, 12.689081929472245 ], [ 120.863988703628578, 12.689100529246566 ], [ 120.863953481278372, 12.689148393696962 ], [ 120.863885119761406, 12.689241908336751 ], [ 120.863851924906214, 12.689293461284946 ], [ 120.863839109699441, 12.689327135466643 ], [ 120.86382252976297, 12.689354770612804 ], [ 120.8637863393689, 12.689376339921381 ], [ 120.863758312627567, 12.689388067684819 ], [ 120.863724059824946, 12.68941161969075 ], [ 120.863691201018483, 12.689464678797568 ], [ 120.863650688440188, 12.689515588906838 ], [ 120.863595757640979, 12.689620967606288 ], [ 120.863559240878132, 12.689694800205592 ], [ 120.863526677520113, 12.689779880246611 ], [ 120.863492748717889, 12.689872960018016 ], [ 120.863458770566268, 12.689950089640041 ], [ 120.863423377586557, 12.69003885707772 ], [ 120.86340961808844, 12.690100923552022 ], [ 120.863397820087542, 12.690174844583129 ], [ 120.86337804159777, 12.690241117722456 ], [ 120.863364206270958, 12.690342808715817 ], [ 120.863344349503393, 12.690458595775 ], [ 120.863327077479596, 12.690548784343873 ], [ 120.86331300026275, 12.690627132031725 ], [ 120.863306958928646, 12.690760648733843 ], [ 120.863290833082942, 12.690835319627793 ], [ 120.863282758986841, 12.690935645842544 ], [ 120.863270637857639, 12.691032157726836 ], [ 120.8632585020693, 12.691158321311725 ], [ 120.863254573534192, 12.691245022620333 ], [ 120.863256574996257, 12.691349433438866 ], [ 120.863240536732491, 12.691477378514959 ], [ 120.863242541067777, 12.691573954300093 ], [ 120.863252563241403, 12.69166456150065 ], [ 120.863272579979025, 12.691760893587796 ], [ 120.863284800221777, 12.691868883760563 ], [ 120.863296696827746, 12.691998810062193 ], [ 120.863298675705735, 12.692122630843027 ], [ 120.863316479913991, 12.692240452578405 ], [ 120.863316478072221, 12.692362153185071 ], [ 120.863325440671858, 12.692450790210323 ], [ 120.863337428707482, 12.692558871769634 ], [ 120.863339381633594, 12.692633434334144 ], [ 120.863335331621343, 12.692727469718283 ], [ 120.863335325925704, 12.692737261342515 ], [ 120.863341266227181, 12.692813570766798 ], [ 120.86333324563428, 12.692883992891492 ], [ 120.863355116371551, 12.692948204932883 ], [ 120.863372928932478, 12.693027815473922 ], [ 120.863380760737982, 12.69309451621206 ], [ 120.863413711679513, 12.693181108124245 ], [ 120.863444670026325, 12.693327210251969 ], [ 120.863460312718573, 12.693453217321984 ], [ 120.863470180906234, 12.693532624983865 ], [ 120.863477049943455, 12.693622554839427 ], [ 120.86347723057726, 12.693701826332099 ], [ 120.863487146490101, 12.693794852395088 ], [ 120.86348738262194, 12.693895575103584 ], [ 120.863485854358544, 12.693964308304537 ], [ 120.863505392635531, 12.6940345411879 ], [ 120.863524877405553, 12.694118122278848 ], [ 120.863526908730634, 12.694197401616632 ], [ 120.863523114252502, 12.694247645771812 ], [ 120.863527209301537, 12.694359937516658 ], [ 120.863523439103773, 12.694425856510207 ], [ 120.863501681875874, 12.694536162150023 ], [ 120.863503693926702, 12.694597626571507 ], [ 120.863498327677689, 12.694668868411503 ], [ 120.863506840391182, 12.694736557367698 ], [ 120.863503244528701, 12.694793519972457 ], [ 120.863494978311635, 12.694868479165455 ], [ 120.863492043752913, 12.694943595219232 ], [ 120.863501035955423, 12.695014648504818 ], [ 120.863501420949859, 12.695083598901968 ], [ 120.863494814097564, 12.695140235819384 ], [ 120.863483038310974, 12.695207702240753 ], [ 120.863476461320317, 12.695278935948119 ], [ 120.863451878099823, 12.695384371920339 ], [ 120.86342878565884, 12.695488767496974 ], [ 120.863420761460034, 12.695559351203489 ], [ 120.863404313030458, 12.695651451211075 ], [ 120.863397966186852, 12.695729770152811 ], [ 120.863400228976957, 12.695817151081716 ], [ 120.863390457834626, 12.695901377030715 ], [ 120.863380748788117, 12.695989587801664 ], [ 120.863371059124688, 12.696065679838881 ], [ 120.863345741640813, 12.696153489624775 ], [ 120.863322308246325, 12.696242460018134 ], [ 120.863288544720234, 12.696344522093593 ], [ 120.863257172864465, 12.696425531046145 ], [ 120.863211100807973, 12.696551537649176 ], [ 120.863183594107596, 12.696592413462925 ], [ 120.863166613662514, 12.696635286327037 ], [ 120.863137574535472, 12.696703457921405 ], [ 120.863111841524798, 12.696766574304334 ], [ 120.863066681214022, 12.696844675786929 ], [ 120.863047638118019, 12.696915889480792 ], [ 120.863020262411453, 12.696969614275826 ], [ 120.863001502813333, 12.697021835160267 ], [ 120.862978500943839, 12.69707063640228 ], [ 120.862969018463701, 12.697128580133835 ], [ 120.862946886385714, 12.697201012533846 ], [ 120.862930375149276, 12.697244507271529 ], [ 120.862881476162755, 12.697290123180984 ], [ 120.862864873452622, 12.697339153955824 ], [ 120.862836349114531, 12.697392316840903 ], [ 120.862804458997275, 12.697456852864143 ], [ 120.862769261381715, 12.697512068216126 ], [ 120.862738927794055, 12.69756762187485 ], [ 120.862716850635195, 12.697628932829863 ], [ 120.862697452812426, 12.697670850250921 ], [ 120.862673905717756, 12.697749252608288 ], [ 120.862623577327057, 12.697846050024518 ], [ 120.862597173784692, 12.697889271693697 ], [ 120.862574871366348, 12.697922828423279 ], [ 120.862544117497265, 12.697970505317789 ], [ 120.862501798922082, 12.698048678812006 ], [ 120.86246455695786, 12.698101140635696 ], [ 120.862431289945988, 12.698153923679403 ], [ 120.862403477331441, 12.698218202976406 ], [ 120.862364344784879, 12.698315141097421 ], [ 120.862326403138383, 12.698425376068139 ], [ 120.862307112897653, 12.698502349112113 ], [ 120.862306279013978, 12.698573399420129 ], [ 120.862300909130227, 12.698630908887468 ], [ 120.862299819533845, 12.698697079962031 ], [ 120.862292847615294, 12.698754964542685 ], [ 120.862287213851062, 12.698815744264817 ], [ 120.862281559760959, 12.698863891158123 ], [ 120.862274639501209, 12.698927910430879 ], [ 120.862269098340775, 12.698989342549009 ], [ 120.862260744511076, 12.699059258373934 ], [ 120.862257882904231, 12.699105491856677 ], [ 120.862247909490748, 12.699188183910209 ], [ 120.862225145254953, 12.699315960856335 ], [ 120.862210178189301, 12.699368385634118 ], [ 120.862196132428394, 12.699431123448946 ], [ 120.862184941551305, 12.699488412121683 ], [ 120.862169490312041, 12.699545872152335 ], [ 120.86214123525717, 12.69959946663548 ], [ 120.86210691236127, 12.699650268337191 ], [ 120.86204688451113, 12.699718220337852 ], [ 120.862012694033098, 12.699775185828234 ], [ 120.861972802191659, 12.699829377245953 ], [ 120.861922853133237, 12.699924002984039 ], [ 120.861880059624653, 12.70002542870956 ], [ 120.861840074591044, 12.700125759733149 ], [ 120.861808570976493, 12.700191679886418 ], [ 120.86178173324781, 12.700245355018819 ], [ 120.861710960923531, 12.700351427437514 ], [ 120.861674036444498, 12.700395633012031 ], [ 120.861617077989948, 12.700496704400219 ], [ 120.8615606930924, 12.700622151035532 ], [ 120.861548215904534, 12.700676667965348 ], [ 120.861553939843162, 12.700727658354609 ], [ 120.861549865678569, 12.700791024068227 ], [ 120.8615471559376, 12.700840793735155 ], [ 120.861550107956361, 12.70090320803288 ], [ 120.86153751152888, 12.700964506501483 ], [ 120.861530441123449, 12.701016705578391 ], [ 120.861526092492198, 12.701078761536991 ], [ 120.861504663685864, 12.701159036998538 ], [ 120.861461747721748, 12.70125339854102 ], [ 120.861409820066086, 12.701343666898538 ], [ 120.861380285201719, 12.701405566979464 ], [ 120.861357319579113, 12.701458051760088 ], [ 120.861336172538046, 12.701517798320319 ], [ 120.861318069669295, 12.701600584717077 ], [ 120.861299030558044, 12.701669842317884 ], [ 120.861282565929571, 12.70172219558528 ], [ 120.861274836688565, 12.701769832282721 ], [ 120.861267322266201, 12.701824529310302 ], [ 120.861262590705195, 12.701895046192885 ], [ 120.861239193928341, 12.701985490759064 ], [ 120.86122336334472, 12.702049566860254 ], [ 120.861194815458802, 12.702101038809372 ], [ 120.861163047656646, 12.702154997101086 ], [ 120.861138039282409, 12.702243635097732 ], [ 120.861111363688423, 12.702337152215248 ], [ 120.86109052326394, 12.702433108906082 ], [ 120.861066348520168, 12.702515241267944 ], [ 120.861051343476618, 12.70257216468011 ], [ 120.861051332609918, 12.702572174966583 ], [ 120.861007162370115, 12.702659176052435 ], [ 120.860981320522797, 12.702723418107894 ], [ 120.860942141038166, 12.702803110726711 ], [ 120.860909765930842, 12.702866011064943 ], [ 120.86088045424512, 12.702917770445023 ], [ 120.860848916572351, 12.70297433070535 ], [ 120.860816266705342, 12.703023484997139 ], [ 120.860779588133198, 12.703079594997952 ], [ 120.860738741503454, 12.703149529208428 ], [ 120.860711232465363, 12.70321295794122 ], [ 120.860689047833773, 12.703262460253132 ], [ 120.860642876814325, 12.703343068054171 ], [ 120.860607865378881, 12.703410562651227 ], [ 120.860587016180872, 12.703463161305047 ], [ 120.860567018570862, 12.703515463923592 ], [ 120.860554421266315, 12.703545645080421 ], [ 120.860538675956164, 12.703574826614203 ], [ 120.860526325853101, 12.703600498629253 ], [ 120.860493525237288, 12.703647302006878 ], [ 120.860452795075176, 12.703719381767273 ], [ 120.860428185714781, 12.703792623580648 ], [ 120.860393063441137, 12.703853878201706 ], [ 120.86036119873863, 12.703938696497465 ], [ 120.860336791783539, 12.704008996487003 ], [ 120.860316789948612, 12.70403950532442 ], [ 120.860287549745451, 12.704097040716837 ], [ 120.860254742055844, 12.704147415061689 ], [ 120.860236416440813, 12.704185243466867 ], [ 120.860208954088534, 12.704234629994907 ], [ 120.86017179516962, 12.704303219338378 ], [ 120.860133960336029, 12.704374391801478 ], [ 120.86012521812583, 12.704390238853993 ], [ 120.860098959541887, 12.704442282671424 ], [ 120.860079093710127, 12.70447082773793 ], [ 120.860067671999502, 12.704514085419456 ], [ 120.860040190215173, 12.704581337249854 ], [ 120.860030033525675, 12.704632704660249 ], [ 120.860018932937834, 12.704687864506877 ], [ 120.860007262266137, 12.704748243487641 ], [ 120.859993924417211, 12.704805166407864 ], [ 120.859983087368846, 12.704860462957132 ], [ 120.859971416681574, 12.704923891340808 ], [ 120.859959746052354, 12.704975935120666 ], [ 120.859943907397735, 12.70503550082781 ], [ 120.859920983108054, 12.705106247772683 ], [ 120.8598945546034, 12.70515196960401 ], [ 120.859883053966485, 12.70519630774881 ], [ 120.859882220165858, 12.705236153765851 ], [ 120.859873883967765, 12.705280065659279 ], [ 120.85985471078763, 12.705366263043844 ], [ 120.859845540656195, 12.705476042764358 ], [ 120.859828867820326, 12.705650063843292 ], [ 120.859825532978562, 12.705738700727521 ], [ 120.859815191466538, 12.705835495887207 ], [ 120.859814881215442, 12.705929546998536 ], [ 120.859814542104999, 12.7060323393006 ], [ 120.859805031551488, 12.706134876265025 ], [ 120.859790519392334, 12.706227829317921 ], [ 120.859757174608248, 12.70640184980001 ], [ 120.859735500511405, 12.706512442191602 ], [ 120.859730498279831, 12.706639298208559 ], [ 120.859733241050392, 12.706761399417907 ], [ 120.8597610807862, 12.706893483382512 ], [ 120.859782804346622, 12.706981240800912 ], [ 120.859816035778138, 12.707082685005812 ], [ 120.859841824972094, 12.707183876103764 ], [ 120.859882292712044, 12.707310079601703 ], [ 120.85990433070269, 12.707385667635396 ], [ 120.85993366981036, 12.707452094754631 ], [ 120.859966714881736, 12.70752386235568 ], [ 120.860004820107505, 12.707610352568013 ], [ 120.8600522291744, 12.707725338851679 ], [ 120.860081547902382, 12.707816860973622 ], [ 120.860100016003543, 12.707906599353599 ], [ 120.860107479707878, 12.707958676893957 ], [ 120.860120617799851, 12.708064700753688 ], [ 120.860146332159985, 12.708238900639463 ], [ 120.860152135394557, 12.708334039848301 ], [ 120.860162516871171, 12.70844016551057 ], [ 120.860154870861052, 12.708533517220859 ], [ 120.860149041480554, 12.708626774587314 ], [ 120.860140815552896, 12.708715758247969 ], [ 120.860121104878971, 12.708805231491164 ], [ 120.860094179473435, 12.708916343956139 ], [ 120.860056392638384, 12.709029442272863 ], [ 120.860029335879801, 12.709128442028776 ], [ 120.859988483053243, 12.709256798546853 ], [ 120.859952822141324, 12.709352474104714 ], [ 120.859908911777708, 12.709479414482482 ], [ 120.859787253456687, 12.709800026518607 ], [ 120.859744937475796, 12.709914538935026 ], [ 120.859662810635371, 12.710092267689737 ], [ 120.859607976240383, 12.710231392949588 ], [ 120.859521738112491, 12.710400587861203 ], [ 120.859495688767083, 12.71046559880366 ], [ 120.859448929367332, 12.710581973731326 ], [ 120.859407616595007, 12.710674778264719 ], [ 120.859364459807693, 12.710793748572005 ], [ 120.859291360166196, 12.710951998890417 ], [ 120.859262287150599, 12.71101640315897 ], [ 120.859241636639055, 12.71107742847507 ], [ 120.859211024899651, 12.711138306862725 ], [ 120.859180416297633, 12.711204021122866 ], [ 120.859156528127528, 12.711269616222825 ], [ 120.859123920729999, 12.711335910552148 ], [ 120.859050083083588, 12.711494777368554 ], [ 120.859001445382091, 12.711620543256393 ], [ 120.858924580437673, 12.711795995125318 ], [ 120.858861500225515, 12.711927801706365 ], [ 120.85881524818447, 12.712025977305224 ], [ 120.858739621849097, 12.712199176377023 ], [ 120.858669765351621, 12.712347695516357 ], [ 120.858592997855851, 12.712549001570803 ], [ 120.858519927121591, 12.71270895345133 ], [ 120.858380767414815, 12.712982206558648 ], [ 120.858283275942554, 12.713179551319694 ], [ 120.858210738004061, 12.713302470808365 ], [ 120.85811548269217, 12.713465475691807 ], [ 120.857989932981411, 12.713649647334131 ], [ 120.857852550580063, 12.713845817691743 ], [ 120.857580863471853, 12.714209493232643 ], [ 120.857335460239256, 12.714554222637526 ], [ 120.857224859960155, 12.71467281654378 ], [ 120.857058675489057, 12.714884026928491 ], [ 120.856895431961135, 12.715079833146582 ], [ 120.856781295119319, 12.715231281363721 ], [ 120.856644037959285, 12.715382864080423 ], [ 120.856492143042104, 12.715566453311014 ], [ 120.856356471203128, 12.71573337923048 ], [ 120.856155654803189, 12.71597767957579 ], [ 120.85600264378732, 12.716126101262486 ], [ 120.855773615524654, 12.716406819258932 ], [ 120.855642231671993, 12.716528139039847 ], [ 120.855545904835324, 12.716616958782726 ], [ 120.855451057564238, 12.716704327315114 ], [ 120.855318573646855, 12.716827813025985 ], [ 120.855229778059524, 12.716929390544937 ], [ 120.855159129176144, 12.716997980597901 ], [ 120.8550709121875, 12.717073567587653 ], [ 120.85487948842399, 12.717268494691714 ], [ 120.854622662750828, 12.717503099118764 ], [ 120.854364077991619, 12.717721157173441 ], [ 120.854028097414329, 12.717981287226147 ], [ 120.853815500282565, 12.718147551940815 ], [ 120.853633473488799, 12.718282733563415 ], [ 120.853475746224504, 12.718397212402397 ], [ 120.853223401842385, 12.71857574542177 ], [ 120.853049544120481, 12.718696630634239 ], [ 120.852806157242313, 12.718865474540797 ], [ 120.852601054245198, 12.719012056148106 ], [ 120.852361213602123, 12.719152172361357 ], [ 120.852184255357727, 12.719277706916277 ], [ 120.85186428961093, 12.719456750524081 ], [ 120.851645175310139, 12.71958671383838 ], [ 120.851293588325788, 12.71980104703016 ], [ 120.850971606095541, 12.719968206577629 ], [ 120.850619122807032, 12.720144083711752 ], [ 120.850330479859977, 12.720308454235095 ], [ 120.850045967544489, 12.720461661728276 ], [ 120.84977492279431, 12.720591848893848 ], [ 120.849545633047811, 12.720715999541149 ], [ 120.849247684995433, 12.720873983245461 ], [ 120.848970354359906, 12.72102326586621 ], [ 120.848755347647682, 12.721141631325509 ], [ 120.848337535802244, 12.721355985830868 ], [ 120.848092929816659, 12.721469961239491 ], [ 120.847746751913746, 12.721648404827874 ], [ 120.847574350091918, 12.721744129117416 ], [ 120.8472384980209, 12.721922194060753 ], [ 120.846969892179317, 12.722061398726348 ], [ 120.846851291979448, 12.722134756636258 ], [ 120.846680628753205, 12.722232394571716 ], [ 120.84647611902264, 12.722330002677724 ], [ 120.846330905216576, 12.722406928850191 ], [ 120.846235614243867, 12.722463039987982 ], [ 120.846135409480667, 12.722528838668655 ], [ 120.84594230844553, 12.722638045342389 ], [ 120.845748812868251, 12.722750116426354 ], [ 120.845641325964877, 12.722806943977496 ], [ 120.845506640080728, 12.722884990076697 ], [ 120.845339597802791, 12.72296188489107 ], [ 120.845116320307895, 12.723078719743462 ], [ 120.844874084697537, 12.723222118723566 ], [ 120.844669687243623, 12.7233052958627 ], [ 120.844474540915257, 12.723401221707768 ], [ 120.844348900176854, 12.723463336437559 ], [ 120.844135147004906, 12.723560404705063 ], [ 120.844047106146093, 12.723606717542625 ], [ 120.843917909487075, 12.723661703737754 ], [ 120.843768628651617, 12.723739710771422 ], [ 120.843548031546774, 12.723862655452473 ], [ 120.843443967215492, 12.723916081443843 ], [ 120.843277120301011, 12.724015076610195 ], [ 120.843119075997066, 12.724100993709607 ], [ 120.842970922175112, 12.72418393720551 ], [ 120.842833051549491, 12.724260582716012 ], [ 120.842656284693831, 12.724366896951414 ], [ 120.842521372688495, 12.724436511782812 ], [ 120.842388963482705, 12.724516384949816 ], [ 120.842237471576823, 12.724587625323327 ], [ 120.842142507635629, 12.724644781443814 ], [ 120.842058713948333, 12.724685833145196 ], [ 120.841952100819199, 12.724730579284877 ], [ 120.84184234121102, 12.724782412523508 ], [ 120.84176768224583, 12.724818702343514 ], [ 120.841669534899992, 12.724851954508011 ], [ 120.841526098206415, 12.724911544483181 ], [ 120.841418376243865, 12.724970481902032 ], [ 120.841279975834411, 12.725033345828823 ], [ 120.84118764879662, 12.725092217659776 ], [ 120.84098809985403, 12.725200706267072 ], [ 120.840905435725176, 12.7252572176341 ], [ 120.840819405955457, 12.725311353446372 ], [ 120.84076302285186, 12.725349098726028 ], [ 120.840688569938266, 12.725399529621809 ], [ 120.840593106065825, 12.72544714130404 ], [ 120.840509975064293, 12.72549307510608 ], [ 120.84041010480712, 12.725540048304794 ], [ 120.840289012182097, 12.725616154964863 ], [ 120.840226022208512, 12.725679450463815 ], [ 120.840134909031107, 12.725760059544445 ], [ 120.840081171815427, 12.725794888733626 ], [ 120.840014788013022, 12.725755678214345 ], [ 120.839966310721096, 12.725707621534204 ], [ 120.839859418464044, 12.725644122375542 ], [ 120.839773448857571, 12.725632228194707 ], [ 120.839747603028741, 12.725628667641628 ], [ 120.83964674774478, 12.725630762462467 ], [ 120.839484749081777, 12.725683188630049 ], [ 120.839355146041385, 12.725737682948459 ], [ 120.839206879896238, 12.725847220318393 ], [ 120.839089485975194, 12.725934992073345 ], [ 120.838981962319465, 12.726039992145546 ], [ 120.838854626052765, 12.726145127338251 ], [ 120.838710706312682, 12.726274352419869 ], [ 120.838542240781322, 12.726425366656157 ], [ 120.83834287898766, 12.72657971636305 ], [ 120.83815804456421, 12.726733481452015 ], [ 120.837984093128682, 12.726875141063974 ], [ 120.837815809450348, 12.727008605437476 ], [ 120.837716754113956, 12.727085830889356 ], [ 120.837595769976261, 12.727166897194113 ], [ 120.837481779779949, 12.727247657619062 ], [ 120.837333615077426, 12.727328939658795 ], [ 120.837119582802316, 12.727447995859343 ], [ 120.836870718240121, 12.727568744734471 ], [ 120.83662516055341, 12.727686230277325 ], [ 120.836389046487099, 12.727788850638785 ], [ 120.836215239782263, 12.727861524296175 ], [ 120.836006998115337, 12.727946095876066 ], [ 120.835854282915136, 12.728012125155173 ], [ 120.835598286961059, 12.728080750703624 ], [ 120.835266507057312, 12.728162457719353 ], [ 120.834954856504837, 12.728223665805173 ], [ 120.834742172275668, 12.72824165050994 ], [ 120.834482450617784, 12.728269350221028 ], [ 120.834323046164712, 12.728285314435547 ], [ 120.834124765839789, 12.728294639060303 ], [ 120.833871192743374, 12.728313293655633 ], [ 120.833701967317452, 12.728319519882961 ], [ 120.833363528561122, 12.728335473896854 ], [ 120.83311628860757, 12.728344395625451 ], [ 120.832892769953361, 12.728341553143348 ], [ 120.832642623557035, 12.728341550701741 ], [ 120.832434697815273, 12.728335310119844 ], [ 120.832203827521496, 12.728325013878061 ], [ 120.831893887076134, 12.728295923134741 ], [ 120.831554420704279, 12.728279781784938 ], [ 120.831352945849403, 12.728254718275364 ], [ 120.831083589070147, 12.728225876072496 ], [ 120.830931112301144, 12.728194279592355 ], [ 120.830685870383704, 12.728130037860518 ], [ 120.830509803006336, 12.72806554398904 ], [ 120.830288759421052, 12.727988171482343 ], [ 120.830089776571924, 12.727891232292087 ], [ 120.829831511238424, 12.727771364064743 ], [ 120.829640639039425, 12.727696771195514 ], [ 120.829390289572217, 12.72758430250177 ], [ 120.829204496439289, 12.727468474206439 ], [ 120.829009296298025, 12.727347732308735 ], [ 120.828950603408771, 12.727319172905835 ], [ 120.828492494537642, 12.727129000155497 ], [ 120.828105376412793, 12.726931227489741 ], [ 120.827972001439178, 12.726811698966978 ], [ 120.827810284288958, 12.726665743999408 ], [ 120.827608554501012, 12.726512470708178 ], [ 120.827365144938597, 12.726340495441894 ], [ 120.827075053984174, 12.72615632307431 ], [ 120.826841647484713, 12.726005082113399 ], [ 120.826644919158724, 12.725875795427834 ], [ 120.826389005591778, 12.725712357412547 ], [ 120.826117253624531, 12.725558676641672 ], [ 120.825783815640179, 12.725367693617368 ], [ 120.82532242080498, 12.725108204436498 ], [ 120.825018158630513, 12.724936634479933 ], [ 120.824763078636082, 12.72477807459275 ], [ 120.824439643885398, 12.724574385997824 ], [ 120.824067860574814, 12.724353214861914 ], [ 120.823656064514566, 12.72414667955946 ], [ 120.823373695125412, 12.724025325409336 ], [ 120.822952509722398, 12.72387021396942 ], [ 120.82263741058685, 12.723736859990614 ], [ 120.822299612336948, 12.723597881372143 ], [ 120.821927187057128, 12.723452262664784 ], [ 120.821505387604262, 12.723289635399814 ], [ 120.821163613352169, 12.723156280984975 ], [ 120.820698466926018, 12.72297576451912 ], [ 120.820123285774386, 12.722769633857007 ], [ 120.819662913871369, 12.722593027875847 ], [ 120.819053782474597, 12.722346395183949 ], [ 120.818295210545159, 12.722013008248615 ], [ 120.817885081431228, 12.72185525890432 ], [ 120.817493291294227, 12.721730034802775 ], [ 120.817123174606564, 12.721621073377801 ], [ 120.816813076740615, 12.721549516266228 ], [ 120.816342928282751, 12.721456816914506 ], [ 120.81597281131323, 12.72140314837209 ], [ 120.815495994001751, 12.721325085319883 ], [ 120.815089198829924, 12.721255153915299 ], [ 120.814280609880157, 12.721152695196674 ], [ 120.813868812983202, 12.721110410250377 ], [ 120.813161922774782, 12.721035598511669 ], [ 120.812496712320225, 12.720983554697741 ], [ 120.81195320696078, 12.720955905483192 ], [ 120.811551413199737, 12.720920125624053 ], [ 120.811051689080372, 12.720871826619053 ], [ 120.809812321273867, 12.720755077454703 ], [ 120.809305702943192, 12.720700568368034 ], [ 120.808383744633716, 12.720620876644286 ], [ 120.807580157079514, 12.720555821907169 ], [ 120.80701831251217, 12.720541182717229 ], [ 120.806361437742893, 12.720546058300494 ], [ 120.805793757801396, 12.720569229858445 ], [ 120.805306520142935, 12.720565974925323 ], [ 120.804814697599454, 12.720582235207733 ], [ 120.804352927033705, 12.720635267048625 ], [ 120.803902741672886, 12.720657039126777 ], [ 120.803450931630408, 12.72070745125064 ], [ 120.802987451100236, 12.720782257335697 ], [ 120.802653196693669, 12.72086928954864 ], [ 120.802300565831544, 12.720982284907311 ], [ 120.801970460461334, 12.721140031156036 ], [ 120.801667030191112, 12.721301029968068 ], [ 120.801186876901411, 12.721535209685358 ], [ 120.800913456311321, 12.721662056876481 ], [ 120.800650544088086, 12.721754829268949 ], [ 120.800228780909507, 12.721914613470235 ], [ 120.799961486313293, 12.722011291907569 ], [ 120.799378800760692, 12.722203187725306 ], [ 120.798863636739597, 12.722367030774885 ], [ 120.798473512583882, 12.722480460352049 ], [ 120.798071718066751, 12.722593483256972 ], [ 120.797514040222907, 12.722827254836755 ], [ 120.797178933219428, 12.72299475743988 ], [ 120.796700447017898, 12.723250076887643 ], [ 120.796405352780283, 12.723399690639932 ], [ 120.796131931958797, 12.723572071919929 ], [ 120.795831835838669, 12.723780230438322 ], [ 120.79553674100454, 12.724046933729488 ], [ 120.795264986731567, 12.724346161769912 ], [ 120.794908204961601, 12.72475597358908 ], [ 120.794573096690598, 12.725172289814164 ], [ 120.794289671324975, 12.725614625411415 ], [ 120.794086271673123, 12.725985406294519 ], [ 120.793941224120033, 12.726300895002431 ], [ 120.793811181601725, 12.726561091528502 ], [ 120.793622787150326, 12.726844054716921 ], [ 120.793471071323765, 12.727060342420526 ], [ 120.793296014190176, 12.727390465679623 ], [ 120.793074274915, 12.727855564836842 ], [ 120.792932562132719, 12.72809624505226 ], [ 120.792709156400491, 12.728416609408407 ], [ 120.792482416320141, 12.728728842255876 ], [ 120.792253087054377, 12.729109038568248 ], [ 120.79209228929551, 12.729405345936868 ], [ 120.791880552931929, 12.729920853960218 ], [ 120.791624562048469, 12.73034988508892 ], [ 120.791438822110749, 12.730661929290829 ], [ 120.791176473117545, 12.730985227168825 ], [ 120.790803968013734, 12.731340341131856 ], [ 120.790477083805825, 12.731609577330156 ], [ 120.789939927058285, 12.732110526607183 ], [ 120.789369743877714, 12.732614644021314 ], [ 120.788949608740282, 12.733017937407817 ], [ 120.788659515242443, 12.733333416653997 ], [ 120.788241046943398, 12.733806634869064 ], [ 120.788151017812467, 12.733926972086746 ], [ 120.788070991775541, 12.734061944946985 ], [ 120.787995967231694, 12.734214805766557 ], [ 120.787944283547191, 12.734341647705195 ], [ 120.787910939237307, 12.734422956605796 ], [ 120.787869258920452, 12.734510770161291 ], [ 120.787820909874256, 12.734588826573997 ], [ 120.787774227973074, 12.734676640047446 ], [ 120.787729213366163, 12.734744939351875 ], [ 120.787670861242574, 12.7348051076796 ], [ 120.787634182700685, 12.734855519030219 ], [ 120.787574164861709, 12.734941703580741 ], [ 120.787539151819644, 12.735008379272939 ], [ 120.78749913873898, 12.73508806175014 ], [ 120.787462459948344, 12.735187258332932 ], [ 120.787424113946329, 12.735289707219676 ], [ 120.787385767886306, 12.735403539288425 ], [ 120.787347421685325, 12.735545016262684 ], [ 120.787312410056245, 12.735650717367534 ], [ 120.78727823206809, 12.735747881026777 ], [ 120.787235717983833, 12.735869030642272 ], [ 120.787202373561968, 12.735972292363586 ], [ 120.787119845787501, 12.736292647460072 ], [ 120.787029816225342, 12.736497544233051 ], [ 120.786944788293127, 12.736693496949567 ], [ 120.786904774557314, 12.736901645974569 ], [ 120.786852256651343, 12.737150855399584 ], [ 120.786824747019253, 12.737330952811062 ], [ 120.786837249999309, 12.737523246500078 ], [ 120.786883930565295, 12.737697245911589 ], [ 120.786943489481786, 12.737831305795126 ], [ 120.787017304516709, 12.738016786810045 ], [ 120.787060650767799, 12.738176150454231 ], [ 120.787087324988264, 12.73835177547503 ], [ 120.787110665063892, 12.738479428789683 ], [ 120.787159012973873, 12.738624156781308 ], [ 120.787210695356279, 12.738752623174703 ], [ 120.787275714989917, 12.738941257201189 ], [ 120.787314059540506, 12.739123386352723 ], [ 120.78733406497355, 12.739300636834084 ], [ 120.787360739036345, 12.739507157897291 ], [ 120.787407418971767, 12.739804743110877 ], [ 120.787469103353018, 12.740162495391449 ], [ 120.787510781994399, 12.740403164824196 ], [ 120.78753255932574, 12.740672393325568 ], [ 120.787507444780204, 12.740956865778283 ], [ 120.787577464653978, 12.741408932390669 ], [ 120.787654153406223, 12.741841484628916 ], [ 120.787750848860611, 12.742202486468296 ], [ 120.787914230645143, 12.742849686627416 ], [ 120.788033909713619, 12.743141535605242 ], [ 120.788106233814091, 12.743406729623425 ], [ 120.788219106516195, 12.74370003461034 ], [ 120.788371190986496, 12.744045460341079 ], [ 120.788546865212979, 12.744368352473595 ], [ 120.788619746079334, 12.744556413905084 ], [ 120.788762415345801, 12.744861533019103 ], [ 120.788821704849752, 12.74503807234424 ], [ 120.788868512499278, 12.745144604629097 ], [ 120.78888411397206, 12.745226786124535 ], [ 120.78888099200482, 12.745299836157235 ], [ 120.788912197351607, 12.745357668022024 ], [ 120.788943403098884, 12.745400281184315 ], [ 120.788968365245722, 12.745537250312196 ], [ 120.788980845886385, 12.745634650472658 ], [ 120.789050381627817, 12.745875029363974 ], [ 120.789075344882448, 12.746024174467076 ], [ 120.789097187996362, 12.74611244376638 ], [ 120.789119030427159, 12.746237238204102 ], [ 120.789122148958668, 12.746358988334915 ], [ 120.789147423604291, 12.746556832095784 ], [ 120.789163248941122, 12.746648099095385 ], [ 120.789188556839619, 12.746727139658136 ], [ 120.789191405540564, 12.746867114119848 ], [ 120.789218132439089, 12.747069570236871 ], [ 120.789283694556161, 12.747351974065316 ], [ 120.789355613010173, 12.747574871132565 ], [ 120.789458195554147, 12.747843800209679 ], [ 120.789523001423788, 12.74800368741009 ], [ 120.789637364587477, 12.748275122878033 ], [ 120.78972504235351, 12.748487065015953 ], [ 120.78982803986861, 12.748747332204855 ], [ 120.789923751100787, 12.748947962182912 ], [ 120.790040315872488, 12.749261895487031 ], [ 120.790106757019473, 12.749408030207972 ], [ 120.790186846533885, 12.74961109785851 ], [ 120.790303045893509, 12.74989309204827 ], [ 120.790408404357805, 12.750180864758846 ], [ 120.790475371897571, 12.750365709687573 ], [ 120.790520038490698, 12.750487894802582 ], [ 120.790550810501799, 12.750642380978396 ], [ 120.790628787135432, 12.750926005922771 ], [ 120.790656641984796, 12.751095396417426 ], [ 120.790705444533685, 12.751357264570357 ], [ 120.790753598443871, 12.75153525556974 ], [ 120.790776077107537, 12.751728641495758 ], [ 120.790806678757107, 12.751886939082306 ], [ 120.790847840354715, 12.752082766430878 ], [ 120.790871912899476, 12.752308571205113 ], [ 120.790899367192836, 12.752530351329433 ], [ 120.790936864797104, 12.752766774683318 ], [ 120.790983474979214, 12.753042084216194 ], [ 120.791001183490181, 12.753203675066457 ], [ 120.791023724798151, 12.753356905851076 ], [ 120.791038218743253, 12.753539046691438 ], [ 120.791044663550906, 12.753615382456145 ], [ 120.791058679407215, 12.753685807162709 ], [ 120.791086849454899, 12.753826583731403 ], [ 120.791106644417624, 12.753967122533284 ], [ 120.791104264905883, 12.754126327507114 ], [ 120.79108840956485, 12.754302500055296 ], [ 120.791088985352303, 12.754456461949349 ], [ 120.791101005743002, 12.754658445789799 ], [ 120.791090619255272, 12.7548060489842 ], [ 120.791085723797238, 12.754961310895657 ], [ 120.791094160881102, 12.755162153101656 ], [ 120.791097444816941, 12.755351308090185 ], [ 120.791083576325306, 12.755509340947064 ], [ 120.791067273026357, 12.755742540282249 ], [ 120.791052344397869, 12.755916464368466 ], [ 120.791023319416439, 12.756055061599895 ], [ 120.7910092877637, 12.756174164478976 ], [ 120.791007004094979, 12.756283697739917 ], [ 120.790987831462772, 12.756432730402096 ], [ 120.790962517477979, 12.756584435802976 ], [ 120.79093995348201, 12.756720536623437 ], [ 120.790934091403358, 12.756854168743812 ], [ 120.790929418118338, 12.756948477298316 ], [ 120.790929416149751, 12.757074029672539 ], [ 120.790929414059804, 12.75718889635746 ], [ 120.790923876153286, 12.757351837448244 ], [ 120.790918337302642, 12.757498783543268 ], [ 120.790929406481027, 12.757618979002689 ], [ 120.790932170781829, 12.757771225534272 ], [ 120.790922153851042, 12.757889317833941 ], [ 120.790925329073474, 12.758033234663445 ], [ 120.790901983737797, 12.75826992677611 ], [ 120.790884446150429, 12.758405807624408 ], [ 120.790880013443001, 12.75857115953419 ], [ 120.790864553126724, 12.758749905298645 ], [ 120.790881588372429, 12.758913330487205 ], [ 120.790868000166853, 12.759064107017624 ], [ 120.790842991505954, 12.759208822884057 ], [ 120.790807979668173, 12.75935516463942 ], [ 120.790797975718519, 12.759508010513215 ], [ 120.79080964541707, 12.759638092134603 ], [ 120.790824649571604, 12.759755165558834 ], [ 120.790847989625149, 12.759886873128139 ], [ 120.790864660949467, 12.760008824495754 ], [ 120.790880029207599, 12.760136308895884 ], [ 120.79087563827602, 12.760276368824405 ], [ 120.790857323638107, 12.760434737347282 ], [ 120.790824172603223, 12.760559367890504 ], [ 120.790785283529871, 12.76065263897009 ], [ 120.790740128029, 12.76074613473412 ], [ 120.790687006437508, 12.760839880380114 ], [ 120.79061965925402, 12.760915021659661 ], [ 120.790564144101879, 12.760985650691449 ], [ 120.79052746547228, 12.761053129936306 ], [ 120.790497455742283, 12.761097032055689 ], [ 120.790462354534412, 12.761145052266114 ], [ 120.790428266810764, 12.761165324115378 ], [ 120.790409927572824, 12.76118402313149 ], [ 120.790392421886594, 12.761211665200079 ], [ 120.790389920924085, 12.761244998370408 ], [ 120.790399923855787, 12.761291339666291 ], [ 120.79039325463215, 12.761378331073495 ], [ 120.790369913496193, 12.761458411837186 ], [ 120.790341570412423, 12.761609630343468 ], [ 120.790334900852159, 12.761762474871556 ], [ 120.79032823120879, 12.761931579351707 ], [ 120.79032989802127, 12.762006375550762 ], [ 120.790329897580776, 12.76209255374321 ], [ 120.790306556097832, 12.762240519890247 ], [ 120.79025403891022, 12.76234864876829 ], [ 120.790180681651051, 12.762483606512761 ], [ 120.790092319780371, 12.76259092211027 ], [ 120.789982284286367, 12.762716123548929 ], [ 120.789903925816944, 12.762777911130579 ], [ 120.789817231448509, 12.762825064668691 ], [ 120.789717199513717, 12.762873844130675 ], [ 120.789580489003399, 12.762979533326806 ], [ 120.789507132101647, 12.763044572863217 ], [ 120.789440443879172, 12.763129124376798 ], [ 120.789400590447983, 12.763219727268099 ], [ 120.789310401532774, 12.763355137175267 ], [ 120.789211150489734, 12.763517558561944 ], [ 120.789119265118487, 12.763632240923625 ], [ 120.788956537479962, 12.76373968301359 ], [ 120.788786482858427, 12.763887647474306 ], [ 120.788668111374108, 12.764016100211913 ], [ 120.788598333785501, 12.764101834256278 ], [ 120.788572911356539, 12.764149402691851 ], [ 120.788541403575209, 12.764211218431045 ], [ 120.78851639528817, 12.764282761846001 ], [ 120.788486685294046, 12.764369643345697 ], [ 120.788453041047916, 12.7644469863972 ], [ 120.788418029617219, 12.764513651732852 ], [ 120.788372239968666, 12.764585074591484 ], [ 120.788304659582082, 12.764668526463877 ], [ 120.78825214245272, 12.764765272400837 ], [ 120.788203793285291, 12.764866896277942 ], [ 120.788168781846295, 12.764935187487971 ], [ 120.788132936805781, 12.765004291667795 ], [ 120.788106183759922, 12.76505736104 ], [ 120.788072083731691, 12.76509534649114 ], [ 120.78803290447209, 12.765131117944682 ], [ 120.787996223744983, 12.765160118968367 ], [ 120.787957046807293, 12.765190465973427 ], [ 120.787896194024157, 12.765224611323525 ], [ 120.787837008352668, 12.76527501650671 ], [ 120.787772586507657, 12.765343046948219 ], [ 120.787708329703563, 12.765399577717304 ], [ 120.787461218454084, 12.765562351958323 ], [ 120.787328421718072, 12.765619460987567 ], [ 120.787228744514366, 12.765670410780841 ], [ 120.787035020440655, 12.765759928900941 ], [ 120.786878879316362, 12.765826284652654 ], [ 120.786872073130127, 12.765829580554627 ], [ 120.786803877433073, 12.765869258977352 ], [ 120.786757788339472, 12.76591073062945 ], [ 120.786647284468287, 12.76599543782911 ], [ 120.78659063149037, 12.766050185282118 ], [ 120.786535849880551, 12.766133806127113 ], [ 120.786528958173392, 12.766138780242411 ], [ 120.786442460149871, 12.766190160938692 ], [ 120.786348027990513, 12.766302448548853 ], [ 120.786267529046228, 12.766454437490125 ], [ 120.786187312312236, 12.766611156292264 ], [ 120.786103951676751, 12.766786761045083 ], [ 120.786037262589801, 12.767040412404022 ], [ 120.786002250818299, 12.767173741862663 ], [ 120.785970573236781, 12.767346094540212 ], [ 120.785978908503893, 12.767484301957293 ], [ 120.785978907971824, 12.767588363931731 ], [ 120.785993911868331, 12.767755838655852 ], [ 120.785997245567813, 12.767890793892196 ], [ 120.786012249780185, 12.767996481738654 ], [ 120.786027254125585, 12.768076154104206 ], [ 120.78605392875113, 12.768172086145292 ], [ 120.786077269028695, 12.768259888315194 ], [ 120.786085604686562, 12.768321674969229 ], [ 120.786088938785056, 12.768378583694755 ], [ 120.786098941596066, 12.768448500140536 ], [ 120.786105610050853, 12.76851191270233 ], [ 120.786109777707253, 12.768576544707152 ], [ 120.786114778892397, 12.768654590879473 ], [ 120.786122697567606, 12.768752351814284 ], [ 120.78612644841489, 12.768819016205718 ], [ 120.786127698509546, 12.768877957258686 ], [ 120.786126864595204, 12.768939946961398 ], [ 120.786116861077502, 12.769008237194496 ], [ 120.786111859135687, 12.76907815339222 ], [ 120.786118527573805, 12.769144817712121 ], [ 120.786126863248256, 12.769203352234639 ], [ 120.786138533320482, 12.769260260802776 ], [ 120.786156872155146, 12.769320421304723 ], [ 120.786168542268982, 12.769369200063831 ], [ 120.786173543603795, 12.769417978780659 ], [ 120.78617187620948, 12.769457001719411 ], [ 120.786176877610799, 12.769492772773486 ], [ 120.786193549150909, 12.769572444675715 ], [ 120.786208553554459, 12.769640734861166 ], [ 120.786226892172877, 12.769743170084224 ], [ 120.786250232575128, 12.769806582403421 ], [ 120.786266904175505, 12.769874466045527 ], [ 120.78628190861852, 12.769935032873109 ], [ 120.786294412244487, 12.770000477531436 ], [ 120.786301914288273, 12.770065515660141 ], [ 120.786316085123531, 12.770128114877471 ], [ 120.78633108953953, 12.770193965985955 ], [ 120.78634692752793, 12.770264694933831 ], [ 120.786355759174441, 12.770344315061985 ], [ 120.786371422042151, 12.770478261577065 ], [ 120.786371933865141, 12.770574438495313 ], [ 120.786376935100137, 12.770642728360798 ], [ 120.786386937998401, 12.770695571726653 ], [ 120.786396107315923, 12.770745163181942 ], [ 120.786402775907803, 12.770781747035684 ], [ 120.78641527958986, 12.770836216331928 ], [ 120.786431951300401, 12.770882555902967 ], [ 120.786446955766266, 12.770938651136287 ], [ 120.78644695539208, 12.77101181871676 ], [ 120.786455291053983, 12.771072791725405 ], [ 120.786479465086799, 12.771129699934303 ], [ 120.78651530935403, 12.771211810332181 ], [ 120.786539483233014, 12.771298798478393 ], [ 120.786552820504156, 12.771354893611125 ], [ 120.786566157679587, 12.771429687080165 ], [ 120.786578661374136, 12.771481717322333 ], [ 120.786589497699239, 12.771567892338732 ], [ 120.786581995019318, 12.77162723919314 ], [ 120.786575325849441, 12.77170365842454 ], [ 120.786564488542993, 12.771809344549622 ], [ 120.786550316822058, 12.771919908434578 ], [ 120.786530310010988, 12.772012586907897 ], [ 120.786521973654658, 12.772087380075508 ], [ 120.786507802075107, 12.772170302885069 ], [ 120.786492796952231, 12.772242657066037 ], [ 120.786481126401853, 12.772279240612669 ], [ 120.786462786885338, 12.772352407714692 ], [ 120.786454450599678, 12.772413380317774 ], [ 120.786441112733911, 12.772473539913188 ], [ 120.786420272508437, 12.772530447584881 ], [ 120.786409435463952, 12.772584916389254 ], [ 120.786408601567146, 12.772643450069971 ], [ 120.786391095552361, 12.772735315322825 ], [ 120.786377757407976, 12.772849943642271 ], [ 120.786350248266217, 12.772933679102724 ], [ 120.786310235159732, 12.773018227440348 ], [ 120.786261052444587, 12.773110092400859 ], [ 120.786220205861312, 12.773171064660893 ], [ 120.786155184908338, 12.773240979411366 ], [ 120.786101000692184, 12.773316584955046 ], [ 120.786045149243819, 12.773399507155881 ], [ 120.785989297716441, 12.77349787566499 ], [ 120.785936780541149, 12.773603560834308 ], [ 120.785851752639843, 12.773792981110503 ], [ 120.785803403268446, 12.773934436577765 ], [ 120.785770059011583, 12.774005164236501 ], [ 120.785744217172734, 12.774067762280879 ], [ 120.785718375300576, 12.774136864013391 ], [ 120.785696701556702, 12.774178325013423 ], [ 120.785670859830134, 12.774218973023435 ], [ 120.785650019662839, 12.774264498826817 ], [ 120.785624177932107, 12.774305959785368 ], [ 120.785599169715539, 12.77436367998607 ], [ 120.785575828672947, 12.774425464991928 ], [ 120.785559156374021, 12.774494160190912 ], [ 120.785535815239925, 12.774573830319396 ], [ 120.785505805227018, 12.774673011459958 ], [ 120.785479129634751, 12.774766095371168 ], [ 120.785447452504087, 12.774850236656437 ], [ 120.785404104758456, 12.774983561954407 ], [ 120.785365758630348, 12.775110383528235 ], [ 120.785360756513754, 12.775214442338376 ], [ 120.785332575412596, 12.775386165783409 ], [ 120.785305582633811, 12.775462655857215 ], [ 120.785264202441766, 12.775572918432994 ], [ 120.785243968577817, 12.775683806950251 ], [ 120.785205025848711, 12.775801062572159 ], [ 120.785201805182638, 12.775807967392808 ], [ 120.785176597361556, 12.775936574814827 ], [ 120.785174984710963, 12.775943497554028 ], [ 120.785173315423862, 12.775946972669587 ], [ 120.78509998842091, 12.776034921866668 ], [ 120.785025068204234, 12.776084319089826 ], [ 120.784985348542847, 12.776103866112502 ], [ 120.784886444610478, 12.776202726647361 ], [ 120.784820878160886, 12.776315322192572 ], [ 120.784746214996986, 12.776472987432209 ], [ 120.784724444243182, 12.776557265074064 ], [ 120.784689528920126, 12.77668678237254 ], [ 120.784684020832472, 12.776775197150348 ], [ 120.784670837319837, 12.77685506141497 ], [ 120.784642240210502, 12.77692635720501 ], [ 120.784607661333112, 12.776985103226616 ], [ 120.784547059061254, 12.777141835885143 ], [ 120.784503391059033, 12.777277314369567 ], [ 120.784483384222867, 12.777374868593098 ], [ 120.784453374101716, 12.777495185390602 ], [ 120.784435034526879, 12.777579732308663 ], [ 120.78440835874531, 12.777709804442621 ], [ 120.784375498072947, 12.777843078583722 ], [ 120.784323094057285, 12.777997195864456 ], [ 120.784292944411206, 12.778062174124099 ], [ 120.784267639609638, 12.778106663147922 ], [ 120.784242176803417, 12.778171995793388 ], [ 120.784219129343754, 12.778256512768202 ], [ 120.784205791544466, 12.778303663780097 ], [ 120.784189715013184, 12.778340192359302 ], [ 120.784170363278548, 12.77837743876529 ], [ 120.78416452790141, 12.778415647350799 ], [ 120.784159105449206, 12.778467946943756 ], [ 120.784145771444599, 12.778516452936342 ], [ 120.784134844111762, 12.778557638370268 ], [ 120.78412342706288, 12.778631432356592 ], [ 120.784112020032651, 12.778697262348434 ], [ 120.784089311608994, 12.7787633437209 ], [ 120.78407144475554, 12.778845637536097 ], [ 120.784057119994401, 12.778927654303855 ], [ 120.784040996469855, 12.778977299241092 ], [ 120.784026443755764, 12.779043270826973 ], [ 120.784008603800658, 12.779136910365883 ], [ 120.783997220399186, 12.779203286903774 ], [ 120.783978214452461, 12.779282452006475 ], [ 120.783959041192787, 12.779384070190094 ], [ 120.783949871218127, 12.779462925900548 ], [ 120.783939468591726, 12.779544891227246 ], [ 120.783919604478882, 12.779609546581465 ], [ 120.783896337421183, 12.779733235438941 ], [ 120.783884666549895, 12.779806734298619 ], [ 120.783877986923144, 12.779813241836189 ], [ 120.783861251329157, 12.779882032452225 ], [ 120.7838495055571, 12.779964135443016 ], [ 120.783828162897777, 12.780069382145108 ], [ 120.78381732579075, 12.780136043479073 ], [ 120.783806488637964, 12.780211647172974 ], [ 120.783783980851453, 12.780340092086243 ], [ 120.783775969587495, 12.780408099757292 ], [ 120.783772580212883, 12.780464299061196 ], [ 120.783772587629301, 12.780470907776667 ], [ 120.783760614795668, 12.780513951420897 ], [ 120.783767515975413, 12.780538661754747 ], [ 120.783771007832115, 12.780568297682958 ], [ 120.783766250300417, 12.780610799186322 ], [ 120.783761555861673, 12.780657974268705 ], [ 120.783754803175043, 12.780685592474558 ], [ 120.783754811022675, 12.780750417998819 ], [ 120.783743132237632, 12.780797778370523 ], [ 120.783741464876442, 12.780830296020651 ], [ 120.783734795847806, 12.780879072467481 ], [ 120.783731423956581, 12.780924509388607 ], [ 120.783720624155734, 12.780983941797064 ], [ 120.783714788716082, 12.781034344099812 ], [ 120.783703118186438, 12.781066861670187 ], [ 120.783693948398934, 12.781109134534994 ], [ 120.783690613847213, 12.781140839196423 ], [ 120.783690088872774, 12.781162985956724 ], [ 120.783683111175407, 12.78119855792175 ], [ 120.78365893663937, 12.781240017750433 ], [ 120.783651351248608, 12.781263984592101 ], [ 120.783583064709362, 12.781289280688403 ], [ 120.783575071969238, 12.781298548499246 ], [ 120.783580914456877, 12.781326922515502 ], [ 120.783594727800818, 12.781349771437641 ], [ 120.783604544783643, 12.781376306531545 ], [ 120.783620245488194, 12.781417983472888 ], [ 120.783625086180521, 12.781475895254715 ], [ 120.783636019321534, 12.781507634607415 ], [ 120.783622578259866, 12.781547608789008 ], [ 120.783627258174889, 12.781584703956339 ], [ 120.783623923514966, 12.781637544967989 ], [ 120.783616420843131, 12.781695263579785 ], [ 120.783612342321447, 12.781802367412894 ], [ 120.783602012658335, 12.781900469594376 ], [ 120.783590577510253, 12.782049704443082 ], [ 120.783594745205832, 12.782106610080959 ], [ 120.783601159592919, 12.782192192143981 ], [ 120.783586750373175, 12.782247789585178 ], [ 120.783567235398095, 12.782320412364292 ], [ 120.783557830244533, 12.78238714696387 ], [ 120.783546198363808, 12.782468184692704 ], [ 120.783543716378091, 12.782551924336817 ], [ 120.783538461050341, 12.782626930791475 ], [ 120.783532222435767, 12.782686233401279 ], [ 120.783542121098833, 12.782748367806153 ], [ 120.783536773296944, 12.782803303437296 ], [ 120.783525552841155, 12.782845568662916 ], [ 120.783517494393564, 12.782899105541288 ], [ 120.783522217827411, 12.782967508854995 ], [ 120.783514715047417, 12.78304636345481 ], [ 120.783511380220943, 12.783131721522624 ], [ 120.783510546144981, 12.783225208911032 ], [ 120.783517214657607, 12.783277236695204 ], [ 120.783510732828177, 12.783334752641684 ], [ 120.783504710093567, 12.783395111967877 ], [ 120.783491372227644, 12.783455268948074 ], [ 120.783490538230737, 12.783533310495757 ], [ 120.783492204884425, 12.783638991733607 ], [ 120.7834856000933, 12.783712660554453 ], [ 120.783475179727418, 12.783793975653628 ], [ 120.783458145654421, 12.783927596195747 ], [ 120.783438064757263, 12.784063931408937 ], [ 120.783435100373211, 12.784151536978218 ], [ 120.783409278303637, 12.784247323492437 ], [ 120.783391959785121, 12.784346212719695 ], [ 120.783363061996326, 12.784470229668617 ], [ 120.78332381325616, 12.784607597958592 ], [ 120.78329380300157, 12.78475392503262 ], [ 120.783270461750718, 12.784856353922454 ], [ 120.783254047990667, 12.784962101597069 ], [ 120.783233782284213, 12.785087225314616 ], [ 120.783225673542546, 12.785197478656853 ], [ 120.783215442134789, 12.785283953651527 ], [ 120.783214200205563, 12.785330411653636 ], [ 120.783220049554217, 12.785382975952833 ], [ 120.78322589630362, 12.78543825966686 ], [ 120.783223156745592, 12.785524861369595 ], [ 120.783238038310131, 12.785625096891852 ], [ 120.783264584025517, 12.785747384686948 ], [ 120.783267520602053, 12.785758484883516 ], [ 120.783279308961895, 12.785824922454694 ], [ 120.783279335891692, 12.785835962585674 ], [ 120.783285327401146, 12.78591324553957 ], [ 120.783296663518072, 12.785957334874826 ], [ 120.783293251458602, 12.786028963295351 ], [ 120.783290461544382, 12.786134274303988 ], [ 120.783307133025644, 12.786225321894904 ], [ 120.783329806639145, 12.786296189962295 ], [ 120.783335474603689, 12.786368396624859 ], [ 120.783350479048337, 12.786428553036432 ], [ 120.783381039492539, 12.786503429909063 ], [ 120.783403828514224, 12.786578131157881 ], [ 120.783444545403498, 12.786656017063105 ], [ 120.783467181148609, 12.786727709240058 ], [ 120.783495087529801, 12.786797821462239 ], [ 120.783512194790589, 12.786848021951663 ], [ 120.783563877369815, 12.786937443614407 ], [ 120.783630564701681, 12.787026865319511 ], [ 120.783698919103401, 12.787140674635049 ], [ 120.783768940666562, 12.787260987273237 ], [ 120.783853966957466, 12.787386177449966 ], [ 120.783947542361901, 12.787484909431365 ], [ 120.784014016820365, 12.787548762247214 ], [ 120.784122384112422, 12.787620299712056 ], [ 120.784264095515908, 12.787649565513172 ], [ 120.784367461440198, 12.787678831121726 ], [ 120.784530846350407, 12.787712974538543 ], [ 120.784675785946902, 12.787767560587103 ], [ 120.78490683498751, 12.787888624762783 ], [ 120.785008203504589, 12.787949620410517 ], [ 120.785072357281393, 12.788005629975007 ], [ 120.785110724722657, 12.788068204113674 ], [ 120.78516535131611, 12.788088101553807 ], [ 120.78523250815941, 12.788113677358313 ], [ 120.785319318228275, 12.788205696240585 ], [ 120.785431470254011, 12.788346616418391 ], [ 120.78550048684464, 12.788441264223719 ], [ 120.78555224908024, 12.788552738114353 ], [ 120.785634206237376, 12.788725844872015 ], [ 120.785663832641887, 12.788794252570302 ], [ 120.785744557938045, 12.788920975639114 ], [ 120.785826250055877, 12.789003893395083 ], [ 120.785896271893733, 12.789070552769239 ], [ 120.785976803390795, 12.789121344665654 ], [ 120.78605802584822, 12.789162561223955 ], [ 120.786116341100552, 12.789168103621472 ], [ 120.786169691340746, 12.789166478055606 ], [ 120.786219707191421, 12.789164852473283 ], [ 120.786276391821161, 12.789163226923861 ], [ 120.786339745146535, 12.789177859698446 ], [ 120.786360500340507, 12.789215798887492 ], [ 120.786379911032029, 12.789286258523385 ], [ 120.786405792004345, 12.789370389419494 ], [ 120.786448927283232, 12.789447158934044 ], [ 120.786503924877351, 12.78952287685 ], [ 120.786574019924345, 12.78960490461853 ], [ 120.786632252785452, 12.78966274473917 ], [ 120.786709896645121, 12.789731101271835 ], [ 120.78674871846988, 12.789785786369686 ], [ 120.786806951212469, 12.789866762361907 ], [ 120.786833910748967, 12.789917240843259 ], [ 120.786874349959405, 12.79001136210281 ], [ 120.786917485189761, 12.790097596105189 ], [ 120.786969247511465, 12.790192243168885 ], [ 120.787018853060317, 12.790284786925209 ], [ 120.787057674637254, 12.790387846896484 ], [ 120.787105123380968, 12.790484597089641 ], [ 120.78714825843889, 12.790604483069792 ], [ 120.787171982616755, 12.790690716773724 ], [ 120.787175756252623, 12.790834264100241 ], [ 120.78718276501543, 12.790987276010494 ], [ 120.787182764250318, 12.791136607098638 ], [ 120.787171979631836, 12.791273318527502 ], [ 120.787161194937937, 12.791424752644911 ], [ 120.787130999148445, 12.791584599577398 ], [ 120.787098646769323, 12.791706587911809 ], [ 120.787042569716604, 12.791839092311786 ], [ 120.786975708519591, 12.792015764775892 ], [ 120.78689159304291, 12.792194540276453 ], [ 120.786822574857524, 12.792411174111001 ], [ 120.786747086073404, 12.792676182282333 ], [ 120.786675911363005, 12.792842337939613 ], [ 120.786650028957425, 12.793037939048842 ], [ 120.786630617215209, 12.793172546167826 ], [ 120.786615519115657, 12.793292430583511 ], [ 120.786624145668085, 12.793406005353756 ], [ 120.786604734076732, 12.793511166997218 ], [ 120.786583165766459, 12.793603709185064 ], [ 120.786578851444787, 12.793750935471127 ], [ 120.786574537252463, 12.793872922896568 ], [ 120.786546498375799, 12.794007529527478 ], [ 120.786562301451937, 12.794135107933803 ], [ 120.786581385553205, 12.794231176794741 ], [ 120.786586830106017, 12.794261602185022 ], [ 120.786601030987114, 12.794316660105702 ], [ 120.786608794710503, 12.794391337283296 ], [ 120.786594382145026, 12.794447321155904 ], [ 120.78659147239479, 12.794474479331704 ], [ 120.786593862216833, 12.794509693598778 ], [ 120.786603968004485, 12.794546901134115 ], [ 120.786605218210994, 12.794583887961755 ], [ 120.786607161781035, 12.794632949177101 ], [ 120.78662808424474, 12.794708301381863 ], [ 120.786636174992537, 12.794798916337369 ], [ 120.786645157044092, 12.794893705449113 ], [ 120.786653148259077, 12.794935262731798 ], [ 120.786656482381929, 12.794987288085816 ], [ 120.78666993481319, 12.795038483932268 ], [ 120.786675405350223, 12.795113411528948 ], [ 120.78668815811865, 12.795175270329512 ], [ 120.786698161105875, 12.795210631318033 ], [ 120.786713582453118, 12.795250463250733 ], [ 120.786716499862678, 12.795285824193734 ], [ 120.786711162174186, 12.795322317733108 ], [ 120.786691773419264, 12.795413318987421 ], [ 120.786680651643081, 12.795491109643834 ], [ 120.78668892396287, 12.795587636433746 ], [ 120.786699100314962, 12.795705459727682 ], [ 120.786710284766173, 12.795836995887189 ], [ 120.786749346784717, 12.795933946754579 ], [ 120.786760480142931, 12.796059720129668 ], [ 120.786748015753602, 12.796148167396877 ], [ 120.786771579093383, 12.79621783176721 ], [ 120.78675988788693, 12.796280008277744 ], [ 120.78675981658732, 12.796285214699349 ], [ 120.786753044581687, 12.796379528183298 ], [ 120.786740514707304, 12.796485720633438 ], [ 120.786729976224777, 12.796639416342446 ], [ 120.786745002659913, 12.796767698324011 ], [ 120.786746199262723, 12.796892405311391 ], [ 120.786762153538461, 12.796986758634509 ], [ 120.786766981489535, 12.7970736092095 ], [ 120.786743581613877, 12.797268670306094 ], [ 120.786710341553217, 12.797403044977813 ], [ 120.786714635617159, 12.797581182269953 ], [ 120.786731889053087, 12.797674563508185 ], [ 120.786690983656612, 12.797757561832373 ], [ 120.786684512518718, 12.797911095276579 ], [ 120.786667257452052, 12.798066731770458 ], [ 120.786656472703811, 12.798228677785353 ], [ 120.786639217863552, 12.798340147011313 ], [ 120.786684279039179, 12.798403706799839 ], [ 120.786662636854984, 12.798543893922291 ], [ 120.786647710984042, 12.798620906167276 ], [ 120.786645209821046, 12.798693252829937 ], [ 120.786661881243376, 12.798795676259395 ], [ 120.786661880455753, 12.798949311202069 ], [ 120.786649362720681, 12.799065743980776 ], [ 120.786616031356274, 12.79919195644845 ], [ 120.786619365189395, 12.799300476223943 ], [ 120.786636869988186, 12.799445982131225 ], [ 120.786668546371558, 12.79950776127 ], [ 120.78666622604193, 12.799641381573069 ], [ 120.78664830585798, 12.799735314994873 ], [ 120.786666877651442, 12.799805275622656 ], [ 120.786702721954953, 12.7998800607751 ], [ 120.786709774538778, 12.79995778315992 ], [ 120.786664529750723, 12.800065202425355 ], [ 120.786664474763867, 12.800180585778456 ], [ 120.786695272748617, 12.800296508240539 ], [ 120.786704027634045, 12.800446313334902 ], [ 120.786721600246977, 12.800583431754729 ], [ 120.786747978782103, 12.800737758557167 ], [ 120.78674273049343, 12.800872380488661 ], [ 120.786738416149774, 12.801023808875513 ], [ 120.78673625870826, 12.801152102306169 ], [ 120.786731943997907, 12.801375038273505 ], [ 120.786714688855497, 12.801545394801471 ], [ 120.786706060739661, 12.801736782915372 ], [ 120.786686648953832, 12.801879798050416 ], [ 120.786658609904194, 12.802048051020904 ], [ 120.786643511825801, 12.802163724893626 ], [ 120.786621943428912, 12.80227308919754 ], [ 120.786604688674771, 12.802367731352298 ], [ 120.786574493057202, 12.802493920801194 ], [ 120.786542140440304, 12.802662173340551 ], [ 120.786505474256188, 12.802830425746288 ], [ 120.786466651234591, 12.803009193805034 ], [ 120.786427828407113, 12.803150104968445 ], [ 120.786376603963333, 12.803312573307005 ], [ 120.786311899560005, 12.803487134593725 ], [ 120.786259057676872, 12.803620684395685 ], [ 120.786199745556161, 12.803732151030209 ], [ 120.786123179091135, 12.803858339567061 ], [ 120.786032593468022, 12.803997146853201 ], [ 120.785932302243168, 12.80415067603473 ], [ 120.785872990154814, 12.804255833000751 ], [ 120.785819070181859, 12.804330494361668 ], [ 120.785741425405959, 12.804440909020149 ], [ 120.785664859027236, 12.804550272064464 ], [ 120.785518196836321, 12.80472693522996 ], [ 120.78536937802366, 12.804872051168948 ], [ 120.785276635670897, 12.80500034219374 ], [ 120.785203304419014, 12.805119169130403 ], [ 120.785145610039734, 12.805200665411803 ], [ 120.785046397497979, 12.805297409198577 ], [ 120.784932087427848, 12.80540256541445 ], [ 120.784815620628066, 12.805497205904096 ], [ 120.78470131059035, 12.805596052636007 ], [ 120.784574059861839, 12.805692796132474 ], [ 120.784470533774467, 12.805785333445089 ], [ 120.784386418814989, 12.805863148900752 ], [ 120.78434112599264, 12.805934655132075 ], [ 120.784285049176788, 12.806020883200352 ], [ 120.784252696915829, 12.806119730131797 ], [ 120.784220344568482, 12.806235402050838 ], [ 120.784185835329737, 12.806372105177827 ], [ 120.784140542270052, 12.806489880043207 ], [ 120.784106033246999, 12.806584520529471 ], [ 120.784082308292994, 12.806649717288463 ], [ 120.784041328811284, 12.80676538892163 ], [ 120.784028387483943, 12.806887370008665 ], [ 120.784045640846486, 12.807064032345838 ], [ 120.784075834996926, 12.80722386966389 ], [ 120.784123283221859, 12.807421563098552 ], [ 120.784164261182369, 12.807602431412203 ], [ 120.784224650529666, 12.807718103108982 ], [ 120.784300137167932, 12.807871630892404 ], [ 120.784384250595295, 12.808092458241228 ], [ 120.784448953250816, 12.808258604411682 ], [ 120.784509342069356, 12.808477328194678 ], [ 120.784571888070744, 12.808618236801944 ], [ 120.784649531255127, 12.808818032398749 ], [ 120.784725017601957, 12.809028343351294 ], [ 120.784770309151057, 12.80920500432628 ], [ 120.784789719502001, 12.809341706108928 ], [ 120.784841481499015, 12.809499438988039 ], [ 120.784891075976049, 12.809648769587861 ], [ 120.784927740628149, 12.809779161919199 ], [ 120.784983816095277, 12.809955822421152 ], [ 120.785014010342607, 12.810096730041835 ], [ 120.785048518254314, 12.810218709750927 ], [ 120.785082487048271, 12.810325441966576 ], [ 120.785094348883277, 12.81041797814825 ], [ 120.785108367307586, 12.810548369969618 ], [ 120.785116993967151, 12.810640906053427 ], [ 120.785120228646164, 12.810737648257927 ], [ 120.785129933659732, 12.810837545092019 ], [ 120.785129922880728, 12.810837555320974 ], [ 120.785132089763479, 12.810970039726332 ], [ 120.785128854221185, 12.811041544716373 ], [ 120.785129932294637, 12.811103585813427 ], [ 120.785129931992458, 12.811162472259246 ], [ 120.785127774858111, 12.811230822570234 ], [ 120.785125617648305, 12.811313894463979 ], [ 120.785118068387703, 12.811414842526787 ], [ 120.785114832802179, 12.81149475972807 ], [ 120.785106205371022, 12.811552594497879 ], [ 120.785097577999224, 12.811598862295636 ], [ 120.78507708818276, 12.811671418563362 ], [ 120.785009148814169, 12.811804963953477 ], [ 120.78494120971007, 12.811886983792167 ], [ 120.784856016531435, 12.811931148069334 ], [ 120.784788077702501, 12.811959539321135 ], [ 120.784713518520107, 12.811982719805755 ], [ 120.784583453325425, 12.811945039869402 ], [ 120.784486608162922, 12.811940232961852 ], [ 120.784387085126639, 12.811951189682231 ], [ 120.78434162343369, 12.811972155596409 ], [ 120.784322212100719, 12.812026835583483 ], [ 120.784318976536824, 12.812102546432117 ], [ 120.784326524944845, 12.812167741917964 ], [ 120.78436966040087, 12.812209803701963 ], [ 120.784432206920059, 12.812249762496872 ], [ 120.784458088091142, 12.812294978798358 ], [ 120.784462401318379, 12.812361225756964 ], [ 120.784454852284384, 12.812418008794882 ], [ 120.784448381626049, 12.812477946439531 ], [ 120.784432205387532, 12.812548399399844 ], [ 120.784432204950448, 12.812633573944607 ], [ 120.784432204426977, 12.812735573052914 ], [ 120.784400930832831, 12.812780788984643 ], [ 120.784405244157199, 12.812828108157417 ], [ 120.784436247728394, 12.81286570074133 ], [ 120.784437865070572, 12.812913545652965 ], [ 120.78443624720498, 12.812967699755649 ], [ 120.784426821224557, 12.813129363091498 ], [ 120.784421428952527, 12.813190352107329 ], [ 120.78442358550943, 12.81323451658781 ], [ 120.784419271499715, 12.813320742413817 ], [ 120.784399859864436, 12.813434308022956 ], [ 120.784386918693301, 12.813525791406425 ], [ 120.78437829110014, 12.813615171711367 ], [ 120.784371820441706, 12.813675109071163 ], [ 120.784367506296988, 12.813787623062611 ], [ 120.784367506005566, 12.813844405816312 ], [ 120.784293634388987, 12.814190885124637 ], [ 120.784252654809805, 12.814325480842696 ], [ 120.784183636849605, 12.814497931419723 ], [ 120.784058542202857, 12.814731370270778 ], [ 120.783955015607987, 12.814922747901395 ], [ 120.783866586552207, 12.81510361019042 ], [ 120.783840704468986, 12.815236102442277 ], [ 120.783821292768906, 12.815362285500381 ], [ 120.783793253999178, 12.815475850146381 ], [ 120.783765215186307, 12.815597826941591 ], [ 120.783737176394993, 12.815715597579596 ], [ 120.783713450933362, 12.815879635237955 ], [ 120.783698352908402, 12.815984787527411 ], [ 120.78367247094387, 12.816094145811528 ], [ 120.783653059168145, 12.816235049753434 ], [ 120.783633647208916, 12.816411705354758 ], [ 120.783618549151512, 12.816523166549173 ], [ 120.783618548428137, 12.816664070347018 ], [ 120.783601293468394, 12.816798664860634 ], [ 120.783584038476249, 12.816939568419018 ], [ 120.783566783430075, 12.817090987086813 ], [ 120.783534430607276, 12.817299187563686 ], [ 120.783515018475185, 12.817509490966543 ], [ 120.783504233445086, 12.817726103333406 ], [ 120.783493448328556, 12.817959539757315 ], [ 120.783482663730283, 12.818092030581264 ], [ 120.783463252267623, 12.818171945583911 ], [ 120.783454624614947, 12.818272890892731 ], [ 120.783456780653452, 12.818417999775271 ], [ 120.783452466697526, 12.81849370869738 ], [ 120.783413644420122, 12.818527356917389 ], [ 120.783370508359567, 12.818603065614612 ], [ 120.783364037674019, 12.818668259348465 ], [ 120.783368350906429, 12.818733453118755 ], [ 120.783420113334671, 12.81880705920006 ], [ 120.7834265831887, 12.818903798284033 ], [ 120.783413641407279, 12.81911410037873 ], [ 120.783400160421792, 12.8193259795593 ], [ 120.783398002990253, 12.819452160653356 ], [ 120.783395845412898, 12.819606732409779 ], [ 120.783392609654342, 12.819720295264229 ], [ 120.783395844381531, 12.81980757041439 ], [ 120.783377511380834, 12.819873815284867 ], [ 120.783335453938818, 12.819905360290324 ], [ 120.783327904953239, 12.819952678065778 ], [ 120.783339767101026, 12.819984223328039 ], [ 120.78337319703607, 12.820025232252126 ], [ 120.783371040063471, 12.820062034967984 ], [ 120.783366726129103, 12.82013353737139 ], [ 120.783361333867731, 12.820192421679264 ], [ 120.783345855028628, 12.820227083513313 ], [ 120.783284767769459, 12.820247099598861 ], [ 120.783256729339783, 12.820294417208759 ], [ 120.783265356247313, 12.820338580475386 ], [ 120.783307413354578, 12.820372228848854 ], [ 120.783343000192005, 12.820390104610913 ], [ 120.783349470386156, 12.820420598286812 ], [ 120.783350009422747, 12.82045161768205 ], [ 120.783356479211918, 12.820560974186201 ], [ 120.783345694753947, 12.820666124542054 ], [ 120.783330596750375, 12.820767068818883 ], [ 120.783313341876848, 12.820884837092468 ], [ 120.783285302761328, 12.821065695397738 ], [ 120.783283144865237, 12.821282304747774 ], [ 120.783257262101245, 12.821547282807565 ], [ 120.783233536347652, 12.821768097633642 ], [ 120.783211967809635, 12.82190479239487 ], [ 120.783186085747673, 12.822033075075382 ], [ 120.78316236051252, 12.822152945720017 ], [ 120.783132164883355, 12.822281228252713 ], [ 120.783110596345324, 12.82241792273528 ], [ 120.78308471440215, 12.822523072240784 ], [ 120.78306098918857, 12.822638736669584 ], [ 120.783039420682954, 12.822769121987568 ], [ 120.783020009187751, 12.822855344473986 ], [ 120.782993048971605, 12.822937360916011 ], [ 120.782952069510912, 12.82304881909343 ], [ 120.782911090190638, 12.823132938390202 ], [ 120.782861483422721, 12.823278044215364 ], [ 120.782816190297552, 12.823408429084795 ], [ 120.782773054074866, 12.823515681075095 ], [ 120.782721290707016, 12.823625035960035 ], [ 120.782660900085929, 12.823757523556939 ], [ 120.782604823021259, 12.823892114086235 ], [ 120.782531491298954, 12.824102411714867 ], [ 120.782458159760267, 12.82427695855149 ], [ 120.782384828372884, 12.824422063599682 ], [ 120.782320124227837, 12.82454613885448 ], [ 120.782231695247262, 12.824712273413033 ], [ 120.782065621355287, 12.825015100656461 ], [ 120.781942683891359, 12.825170719884346 ], [ 120.781905478874762, 12.825267982048988 ], [ 120.78190116489705, 12.825347894848182 ], [ 120.781887145458043, 12.825415189765907 ], [ 120.781834303736147, 12.82551718343497 ], [ 120.781707052370095, 12.825737994265848 ], [ 120.781603525688311, 12.825946187238909 ], [ 120.781515096648278, 12.826123887165187 ], [ 120.781430981137632, 12.826308947349505 ], [ 120.781354414401903, 12.826487698557834 ], [ 120.781285396587009, 12.826631750873611 ], [ 120.781230398113948, 12.826727435167644 ], [ 120.781174321362556, 12.826801038377861 ], [ 120.78111069589562, 12.826869384139462 ], [ 120.781055697503618, 12.826949296179292 ], [ 120.780975895813995, 12.827084936361123 ], [ 120.780877761372096, 12.827238451478777 ], [ 120.780797420429849, 12.827385131998199 ], [ 120.780693893802081, 12.82758280885882 ], [ 120.780663698345634, 12.827677441439326 ], [ 120.780648600147373, 12.827816235970785 ], [ 120.780631345424879, 12.82790455968583 ], [ 120.78059683600145, 12.828077001131284 ], [ 120.780529974824262, 12.828249442298477 ], [ 120.780465270517041, 12.828405059814093 ], [ 120.78042429102382, 12.828522824396028 ], [ 120.780331008931583, 12.828756776133414 ], [ 120.7802576775549, 12.828899775659167 ], [ 120.78015091581652, 12.829084833689615 ], [ 120.780114249831001, 12.829214164124682 ], [ 120.780081897304612, 12.82936452386606 ], [ 120.780062485509362, 12.829509100513576 ], [ 120.780039838709001, 12.829620555870758 ], [ 120.780006408050113, 12.829720444998998 ], [ 120.779979447920297, 12.829785635751636 ], [ 120.779948174207107, 12.829853980862516 ], [ 120.77991029187271, 12.829963852244955 ], [ 120.779891018604587, 12.830016957676643 ], [ 120.779878077713946, 12.830053758877948 ], [ 120.779862980028923, 12.83009266299217 ], [ 120.779844647157759, 12.83013367001301 ], [ 120.779802589650913, 12.830177831302159 ], [ 120.779767002386777, 12.83024302189356 ], [ 120.779697899578963, 12.830309027249809 ], [ 120.779451383430285, 12.830511583151688 ], [ 120.779278331150763, 12.830626188755039 ], [ 120.77917924483809, 12.830715410849525 ], [ 120.779081964751441, 12.830751788673441 ], [ 120.77896683279738, 12.830803447544483 ], [ 120.778874090622438, 12.830897027142766 ], [ 120.778739291010908, 12.831021098857446 ], [ 120.778610961669045, 12.831160942443736 ], [ 120.778485867664713, 12.831269242183248 ], [ 120.778392047119581, 12.83135861576617 ], [ 120.778287442553889, 12.831467966980696 ], [ 120.778214111517627, 12.831544723093749 ], [ 120.778064214394064, 12.831674051703601 ], [ 120.777930493304055, 12.831772888062503 ], [ 120.777823732106086, 12.831852798288409 ], [ 120.777688984864895, 12.831953825445327 ], [ 120.777553054777812, 12.832045213529298 ], [ 120.777415020066684, 12.832154564279838 ], [ 120.777288847746249, 12.832248143209929 ], [ 120.777170224179201, 12.832339619232393 ], [ 120.777046208447814, 12.832471050470655 ], [ 120.776957779559083, 12.832619305079668 ], [ 120.776927584199882, 12.832695009601192 ], [ 120.776834842008796, 12.832791742855258 ], [ 120.776778765408707, 12.832835903608279 ], [ 120.776652593012699, 12.83294420262115 ], [ 120.776585406024722, 12.833008706840253 ], [ 120.776505931107806, 12.833065118910968 ], [ 120.776414267330139, 12.833157646221363 ], [ 120.77637005296954, 12.833215475837783 ], [ 120.776325838452195, 12.833303797523481 ], [ 120.776305348689363, 12.833365833026962 ], [ 120.776288093939741, 12.833459412045396 ], [ 120.776280544754044, 12.833545630926828 ], [ 120.776274073922337, 12.833639209931754 ], [ 120.776243878509092, 12.83372542863945 ], [ 120.776208291153083, 12.833808492944065 ], [ 120.776161919927844, 12.833882094130258 ], [ 120.776118783796903, 12.833971467035449 ], [ 120.776077804373855, 12.83407556018965 ], [ 120.776022805781892, 12.834194373494505 ], [ 120.775962415333652, 12.834293209225782 ], [ 120.775902024917869, 12.834385736239092 ], [ 120.775837320945726, 12.834476160304673 ], [ 120.775730559520838, 12.834600230392265 ], [ 120.775629190168431, 12.83470222009683 ], [ 120.77550409598588, 12.834845215985927 ], [ 120.775411353816452, 12.834937742635947 ], [ 120.775306749342704, 12.835029217749348 ], [ 120.775195674502058, 12.83512384712782 ], [ 120.775038228668564, 12.835246865201983 ], [ 120.774910977859193, 12.835359368941006 ], [ 120.774779413520534, 12.835464512514251 ], [ 120.774637065139672, 12.835593839145453 ], [ 120.774439718685727, 12.835741039933275 ], [ 120.774280116144411, 12.835849337529382 ], [ 120.774119435281577, 12.835943966353591 ], [ 120.773954440932641, 12.836022823525987 ], [ 120.773807779303567, 12.836090114931158 ], [ 120.773624452299714, 12.836167920527876 ], [ 120.773462693109977, 12.836249931962262 ], [ 120.773308482646527, 12.836335097722438 ], [ 120.773134861017439, 12.83644234355528 ], [ 120.773014080872429, 12.836493863410976 ], [ 120.772913789998398, 12.83657902935542 ], [ 120.772804872049562, 12.836652629420961 ], [ 120.772703502870186, 12.836720972318519 ], [ 120.77258487946014, 12.836781955056583 ], [ 120.772415571560416, 12.836857657636182 ], [ 120.772281850778839, 12.836896560110565 ], [ 120.772171854719289, 12.836915485414002 ], [ 120.772076956177159, 12.836928102175397 ], [ 120.77198097925951, 12.836937564623261 ], [ 120.771870983318863, 12.836933358335273 ], [ 120.771764222569814, 12.836925997755511 ], [ 120.77165961865299, 12.836909174262559 ], [ 120.771567955410575, 12.836897608012741 ], [ 120.771433156512913, 12.836882887240614 ], [ 120.771278946525271, 12.836875526424514 ], [ 120.771154931453609, 12.836878680118986 ], [ 120.770958664137694, 12.836880782019687 ], [ 120.770818473232495, 12.836875524145198 ], [ 120.770717104415382, 12.836873420771186 ], [ 120.77058230549612, 12.836862905742404 ], [ 120.770452898589852, 12.83684187637747 ], [ 120.770318099751691, 12.836815589802267 ], [ 120.770212417551221, 12.836777737566862 ], [ 120.770046345572894, 12.836708341924181 ], [ 120.769938506707732, 12.836647358047356 ], [ 120.769809100087912, 12.836570602488507 ], [ 120.769685085448671, 12.836489641182013 ], [ 120.769599892794844, 12.836431811678198 ], [ 120.769492053983697, 12.836360313351774 ], [ 120.769378823159641, 12.836299329363886 ], [ 120.769266670786791, 12.836226779539629 ], [ 120.769182556611185, 12.836152126954923 ], [ 120.769083345091076, 12.836050136845893 ], [ 120.769000309420733, 12.835953403975516 ], [ 120.768924822460434, 12.835862979747507 ], [ 120.768831002623656, 12.835814613022128 ], [ 120.768732869144088, 12.835780966436323 ], [ 120.768660617045768, 12.835751525737447 ], [ 120.768559248412458, 12.835713673363314 ], [ 120.768428763276546, 12.835661100663005 ], [ 120.768307983731617, 12.8355959107024 ], [ 120.768202301666264, 12.835531772241337 ], [ 120.768149460760554, 12.835474994119416 ], [ 120.768098776735656, 12.835399290034724 ], [ 120.768065346887497, 12.835341460536414 ], [ 120.768047014464912, 12.835295196969808 ], [ 120.768037309171177, 12.83524998488031 ], [ 120.768043779727222, 12.835210030078214 ], [ 120.768049171988736, 12.835151149285158 ], [ 120.76805157820084, 12.835108211434193 ], [ 120.768014359724916, 12.835054986068425 ], [ 120.767919185507338, 12.834909089934726 ], [ 120.767812406738642, 12.834751358752579 ], [ 120.767699028259315, 12.834590863708511 ], [ 120.767630186226882, 12.83446200419306 ], [ 120.7675039653666, 12.834186796289387 ], [ 120.767413312098029, 12.833862805201065 ], [ 120.767336962340266, 12.833525661126584 ], [ 120.767289923625867, 12.833355350884275 ], [ 120.767243348191897, 12.833132233592623 ], [ 120.76730167309772, 12.83303770349745 ], [ 120.767381659073081, 12.83289368701481 ], [ 120.767342837368545, 12.832815879305663 ], [ 120.767259801870935, 12.832685498677129 ], [ 120.76719941273042, 12.832529883191334 ], [ 120.767148728953913, 12.832405811303557 ], [ 120.767089418151144, 12.832260710204446 ], [ 120.76703118561052, 12.832140843970274 ], [ 120.766949228434399, 12.832024131930838 ], [ 120.766832762904784, 12.83187167012961 ], [ 120.766726002793192, 12.831740237436733 ], [ 120.766645123944016, 12.831636142713423 ], [ 120.766535128678655, 12.831500504047154 ], [ 120.766472582511426, 12.831392203479192 ], [ 120.766499542635543, 12.831328064602509 ], [ 120.766541600131262, 12.831286006434434 ], [ 120.76655993287801, 12.831269183172699 ], [ 120.766565324993607, 12.831238690870245 ], [ 120.766572873935928, 12.831199786896091 ], [ 120.766580422943093, 12.831148265395429 ], [ 120.766572874422039, 12.831105155491649 ], [ 120.766565325846983, 12.831072560184545 ], [ 120.766559934233698, 12.831005266684324 ], [ 120.766562091676249, 12.830876988461208 ], [ 120.766569641347715, 12.830696137107005 ], [ 120.766585817526959, 12.830637255310553 ], [ 120.766576112530174, 12.830534211945547 ], [ 120.766565328882379, 12.830481638755023 ], [ 120.766546996594641, 12.830409087717008 ], [ 120.766517518300432, 12.830353917083102 ], [ 120.766498469493598, 12.830306044066505 ], [ 120.766472659785606, 12.830276088180122 ], [ 120.766457490908167, 12.83024716189602 ], [ 120.766430641200429, 12.830194709414952 ], [ 120.766357740372769, 12.830109945334939 ], [ 120.766301664269932, 12.830057371831723 ], [ 120.766217550040054, 12.829993232065272 ], [ 120.766157160488916, 12.829917526282742 ], [ 120.766067654219142, 12.829869158435669 ], [ 120.765974912811799, 12.829813430303874 ], [ 120.765910209488254, 12.829777680149332 ], [ 120.765816389548704, 12.829749290107204 ], [ 120.765707472145749, 12.829716694123038 ], [ 120.765647082497395, 12.829659914651204 ], [ 120.76561688761916, 12.82964203957434 ], [ 120.765536008343261, 12.829621009846175 ], [ 120.765393121364184, 12.829634152469735 ], [ 120.765246460102929, 12.829629945878724 ], [ 120.76505450626793, 12.829648871324039 ], [ 120.764729058725294, 12.829744759154218 ], [ 120.764591764037434, 12.829778167983735 ], [ 120.764523482599856, 12.829765627631781 ], [ 120.764468158977479, 12.829738501222822 ], [ 120.764408480391381, 12.829705195897322 ], [ 120.764345388875881, 12.829686879644528 ], [ 120.764243246212288, 12.829697960943902 ], [ 120.764083953661242, 12.829648866523767 ], [ 120.764001995993581, 12.829627836790872 ], [ 120.763809503170663, 12.829606280776286 ], [ 120.763757740402767, 12.8295989202546 ], [ 120.763723231795481, 12.829612589148601 ], [ 120.763709212502448, 12.829651493336174 ], [ 120.763704898638338, 12.829709323955912 ], [ 120.763625097192644, 12.829797646696472 ], [ 120.7635366685371, 12.829900689877691 ], [ 120.763438626139461, 12.830078289224687 ], [ 120.763364908794884, 12.830197032643891 ], [ 120.76336465804232, 12.830201773505154 ], [ 120.763324911680002, 12.830274021309737 ], [ 120.763341268389652, 12.830342957130419 ], [ 120.763340982568749, 12.830347850501663 ], [ 120.763339110482278, 12.830423996236725 ], [ 120.763299675662623, 12.830477277860675 ], [ 120.763289597248658, 12.830551523638695 ], [ 120.763295363925394, 12.830651899820211 ], [ 120.763334402568887, 12.830761771927261 ], [ 120.763414412652423, 12.830866639293591 ], [ 120.763515178896526, 12.831009120405927 ], [ 120.763624794266491, 12.831103114892775 ], [ 120.763676662654092, 12.83117231628643 ], [ 120.763734915480981, 12.831286442089118 ], [ 120.763708516851892, 12.831349650475595 ], [ 120.763635617835618, 12.831385168080892 ], [ 120.763603089707388, 12.831563043187112 ], [ 120.763517922499133, 12.831788976336387 ], [ 120.763529482644543, 12.831845716247869 ], [ 120.763582132809944, 12.831869586267043 ], [ 120.763641605751104, 12.831911038277719 ], [ 120.763648390364182, 12.83192607697263 ], [ 120.76362672380705, 12.831971882105764 ], [ 120.763553336431954, 12.832036995689634 ], [ 120.763539122719962, 12.832094275671508 ], [ 120.763561195827819, 12.832170235519627 ], [ 120.763560995213169, 12.832174761336125 ], [ 120.763490134494162, 12.83218673519511 ], [ 120.76340501851368, 12.83215570516284 ], [ 120.763322894809264, 12.832213478957677 ], [ 120.763296178100319, 12.832290010874674 ], [ 120.763269251645426, 12.832398728946014 ], [ 120.763238149598081, 12.832553007840852 ], [ 120.763233107240069, 12.832617103608403 ], [ 120.763253346194219, 12.833112105919099 ], [ 120.763341484222224, 12.833536678803384 ], [ 120.763502415796609, 12.83404302946345 ], [ 120.76371880098938, 12.834513782783286 ], [ 120.763954894034157, 12.834688495877675 ], [ 120.764042409703407, 12.834685865354068 ], [ 120.764135151461659, 12.834673248469294 ], [ 120.764167502334601, 12.834844634159616 ], [ 120.764103876857405, 12.83491508062399 ], [ 120.764024884166261, 12.835011024508873 ], [ 120.763970964158375, 12.835092511132437 ], [ 120.763922166453398, 12.835185300769467 ], [ 120.763857462346735, 12.835302010616104 ], [ 120.763778739114414, 12.835425028992416 ], [ 120.763691388699229, 12.83555751024069 ], [ 120.763585705440022, 12.835725740322557 ], [ 120.763517766109345, 12.835851912866117 ], [ 120.763433650977589, 12.835963365107665 ], [ 120.763340908760171, 12.836065354301725 ], [ 120.763275126456151, 12.83614421192696 ], [ 120.763200717055753, 12.836215709412718 ], [ 120.7631230725124, 12.836280898230575 ], [ 120.763033565686442, 12.836340829781109 ], [ 120.762953764408124, 12.836396555612925 ], [ 120.762884747107108, 12.836440715668697 ], [ 120.762824356994372, 12.836474361381642 ], [ 120.762762888662749, 12.836474361077487 ], [ 120.762711125884195, 12.836469103632318 ], [ 120.762602207773838, 12.836574246853319 ], [ 120.762508387380791, 12.836634178312567 ], [ 120.762424272524541, 12.836692006931795 ], [ 120.762366039141369, 12.836736166989018 ], [ 120.762325060080755, 12.836769812758472 ], [ 120.76225819950929, 12.836824487122888 ], [ 120.762211289247944, 12.836867070058645 ], [ 120.762137958185306, 12.8369490817025 ], [ 120.762036588839024, 12.837050019018577 ], [ 120.76195463070701, 12.837119413339177 ], [ 120.761883456503597, 12.837186704824338 ], [ 120.761782087200601, 12.837279230569706 ], [ 120.76170875622438, 12.837344419133116 ], [ 120.761592289371634, 12.837449561950654 ], [ 120.761471508994944, 12.837546293236503 ], [ 120.761281711284866, 12.83769349291819 ], [ 120.761178185284805, 12.837769195548791 ], [ 120.76108975679125, 12.837840692503006 ], [ 120.760979760451335, 12.837914292193725 ], [ 120.76088701846632, 12.837971069044226 ], [ 120.760811530803863, 12.838017331654065 ], [ 120.760714475219345, 12.838080417046509 ], [ 120.760572127125954, 12.83815401650695 ], [ 120.760438406166784, 12.838227615988513 ], [ 120.760298214792172, 12.83831383257807 ], [ 120.760199002413302, 12.838379020745098 ], [ 120.760093319662118, 12.838448414581386 ], [ 120.760011361573362, 12.838509397081786 ], [ 120.759873327057946, 12.838580893579978 ], [ 120.759750390016663, 12.838654492989914 ], [ 120.759623139365047, 12.838736503783759 ], [ 120.759530397272059, 12.838814309009626 ], [ 120.759495888324423, 12.838894217354913 ], [ 120.759485103952741, 12.838982537210793 ], [ 120.759482946466804, 12.839119222712796 ], [ 120.759480788786263, 12.83929375947948 ], [ 120.759480787781257, 12.839489324640265 ], [ 120.759476473457653, 12.839636524101946 ], [ 120.759446278152808, 12.839701712267466 ], [ 120.75939020159646, 12.839737460413561 ], [ 120.759299616643617, 12.839745871358321 ], [ 120.759155112188253, 12.83973745925017 ], [ 120.758976099228306, 12.839722738425774 ], [ 120.75886394661282, 12.839697503688447 ], [ 120.758808409341569, 12.839715903338469 ], [ 120.758794390102494, 12.839744291721933 ], [ 120.75880517389065, 12.83976952595291 ] ], [ [ 120.801698655474652, 12.898981062744468 ], [ 120.801698656352613, 12.89898106265931 ], [ 120.801383298647949, 12.899305541434488 ], [ 120.801383296023246, 12.89930554331707 ], [ 120.801698655474652, 12.898981062744468 ] ] ], [ [ [ 120.748241867689345, 12.843116422778914 ], [ 120.748320410240026, 12.843226488435088 ], [ 120.748459832689505, 12.843435335880105 ], [ 120.748533831880636, 12.843565609706527 ], [ 120.74857247499223, 12.843694211951568 ], [ 120.748644003738704, 12.843802224131505 ], [ 120.748706706349225, 12.843882483600028 ], [ 120.748760193269746, 12.843912837021783 ], [ 120.748854606423635, 12.843998613007336 ], [ 120.748923501512678, 12.844047469341231 ], [ 120.748932655211021, 12.84414164671677 ], [ 120.749017404429125, 12.844252852013904 ], [ 120.749099115540133, 12.844318425187955 ], [ 120.749271634420111, 12.844492297048081 ], [ 120.749482218956231, 12.844671461806795 ], [ 120.749632474351401, 12.84476292177224 ], [ 120.749787530848721, 12.844863778662972 ], [ 120.749985740846867, 12.845031646217771 ], [ 120.750142298481975, 12.845130923502888 ], [ 120.750295904116697, 12.845265499617048 ], [ 120.750568921333112, 12.84536718831729 ], [ 120.750819259009873, 12.845445584697321 ], [ 120.751156471024785, 12.845410746575284 ], [ 120.751483387563269, 12.84537774067371 ], [ 120.751698517632008, 12.845283029839745 ], [ 120.751803978607541, 12.845167938765769 ], [ 120.751921586691481, 12.845107741564219 ], [ 120.752055895393809, 12.845013531239474 ], [ 120.75213409610258, 12.844906699246913 ], [ 120.752157552261949, 12.844883788154927 ], [ 120.752239305196781, 12.844744738252899 ], [ 120.752323311515937, 12.844657770688467 ], [ 120.752401341982875, 12.844645659455805 ], [ 120.752411198081703, 12.84455226689116 ], [ 120.752355191121893, 12.84449776084821 ], [ 120.752422697510042, 12.844399100364633 ], [ 120.752481402410396, 12.84430771057864 ], [ 120.752547938709611, 12.844139288435228 ], [ 120.752552471189674, 12.844130216814639 ], [ 120.752570189215248, 12.844025322321578 ], [ 120.752650023372468, 12.843930249773074 ], [ 120.752658375055375, 12.843912164950783 ], [ 120.752680128653495, 12.84388057168343 ], [ 120.75275310032535, 12.843864281719302 ], [ 120.752809420032833, 12.843909742091656 ], [ 120.752865622923366, 12.843792916111516 ], [ 120.752924069921875, 12.843700719815187 ], [ 120.752945005651398, 12.843627009592916 ], [ 120.752956522924265, 12.843562587304634 ], [ 120.753043263386459, 12.843480464962614 ], [ 120.753090777889199, 12.843389103845212 ], [ 120.753119877684895, 12.843320740097145 ], [ 120.753159945468724, 12.843257393848511 ], [ 120.753169407908103, 12.843180418432162 ], [ 120.753239510715034, 12.843103855489268 ], [ 120.753295044327331, 12.843023137710329 ], [ 120.753354789886203, 12.842969594192278 ], [ 120.753423348388694, 12.842874258253625 ], [ 120.753462065083738, 12.842808279429685 ], [ 120.753510373242122, 12.842741428487894 ], [ 120.753528754801735, 12.84269127985287 ], [ 120.75359936011823, 12.842605390026181 ], [ 120.753660944347914, 12.842528162784195 ], [ 120.753688598217266, 12.842471810802449 ], [ 120.75374377385215, 12.842406422783613 ], [ 120.753808179709722, 12.842314264472769 ], [ 120.753872892318853, 12.842269250464904 ], [ 120.753934323677015, 12.842194722190495 ], [ 120.753995364977982, 12.842094561337598 ], [ 120.754085487607497, 12.841983040825703 ], [ 120.754163375444264, 12.841868754969408 ], [ 120.754250122129562, 12.841745953416686 ], [ 120.754340222329276, 12.841637183144314 ], [ 120.75442760712518, 12.841498715340332 ], [ 120.75454397229403, 12.841353783548922 ], [ 120.75458961931723, 12.841220874076228 ], [ 120.754623122907688, 12.841126311220112 ], [ 120.754625006142149, 12.841041980517083 ], [ 120.754640032940671, 12.84095934017189 ], [ 120.754670653747198, 12.840909181326241 ], [ 120.754661097311867, 12.840850161972426 ], [ 120.754685499180141, 12.840791134037698 ], [ 120.754734204081302, 12.840726169671809 ], [ 120.754742771309054, 12.840664284459912 ], [ 120.754784732603625, 12.840564079304704 ], [ 120.754883308572289, 12.840472068224074 ], [ 120.755053495957867, 12.84036550232223 ], [ 120.755243970339265, 12.840229162950513 ], [ 120.755413798200806, 12.840130897769422 ], [ 120.755555370292626, 12.840037625694499 ], [ 120.755680808124225, 12.839964355906581 ], [ 120.755860048960812, 12.839824040956147 ], [ 120.755964625100589, 12.839684848404953 ], [ 120.756025934935806, 12.839607652770241 ], [ 120.756078566939152, 12.839507936133476 ], [ 120.756136290777533, 12.839415577040739 ], [ 120.756162800940629, 12.839337055392928 ], [ 120.756160887603784, 12.839263510733272 ], [ 120.75612140071371, 12.839197267976294 ], [ 120.756060380162197, 12.839162386378629 ], [ 120.756008289345203, 12.839156092707402 ], [ 120.755928495823966, 12.839202451756885 ], [ 120.755862058615193, 12.839240009159047 ], [ 120.755730932454497, 12.839233907654126 ], [ 120.755666007552023, 12.839223867896807 ], [ 120.755368579509863, 12.839027996948394 ], [ 120.755188171164761, 12.838856965427413 ], [ 120.755064372545533, 12.838695624659858 ], [ 120.754947105633562, 12.838538957233263 ], [ 120.754900280578696, 12.838478601158128 ], [ 120.754838010627566, 12.83844235515391 ], [ 120.75478032438015, 12.838414734238171 ], [ 120.75472687121696, 12.838382239084968 ], [ 120.754729190322578, 12.838319570743641 ], [ 120.75468549494731, 12.838281764330029 ], [ 120.75462346044776, 12.838292887618618 ], [ 120.754572895789295, 12.838290663914501 ], [ 120.754515399901024, 12.838277315276896 ], [ 120.754513094881247, 12.838275088835058 ], [ 120.75447400250134, 12.838270639530741 ], [ 120.754432571115089, 12.838257283715416 ], [ 120.754359023618989, 12.838261736838291 ], [ 120.754271704943449, 12.838268412952784 ], [ 120.754208262024036, 12.838290467318913 ], [ 120.754131658145894, 12.83831679171306 ], [ 120.754047615724843, 12.838329938369943 ], [ 120.753974826264326, 12.8383475787028 ], [ 120.753922912802821, 12.838374002205358 ], [ 120.753852261744285, 12.838380603951244 ], [ 120.753772568041157, 12.838389397952524 ], [ 120.753702649301943, 12.838413536798109 ], [ 120.753701148293899, 12.838433243371977 ], [ 120.753613771201898, 12.838476737182834 ], [ 120.753526858785179, 12.838520057336561 ], [ 120.75346686706267, 12.838548112605727 ], [ 120.753399606822072, 12.838543728859248 ], [ 120.753332470331557, 12.838552368695536 ], [ 120.753261227522415, 12.838573945736819 ], [ 120.753144451586735, 12.838589215701049 ], [ 120.753106235861239, 12.838604464412054 ], [ 120.753038315600662, 12.838611166503199 ], [ 120.752986530927629, 12.838630799167776 ], [ 120.752923357393058, 12.838650478886093 ], [ 120.752877245123059, 12.838713269394066 ], [ 120.752404373125941, 12.838956147681193 ], [ 120.752373591721167, 12.838907940088642 ], [ 120.75234837016211, 12.838935402984465 ], [ 120.752318449544489, 12.838958629505926 ], [ 120.752313781559664, 12.838990168273755 ], [ 120.752339086061866, 12.839011806848681 ], [ 120.75232983930222, 12.839039046847683 ], [ 120.752248904710001, 12.839034707362812 ], [ 120.752228019205361, 12.839044132667972 ], [ 120.752237302131761, 12.839086367261762 ], [ 120.752228948470943, 12.839153639424431 ], [ 120.75216192412995, 12.839200357458422 ], [ 120.752080022665524, 12.839263551846317 ], [ 120.752005853880249, 12.839344694032354 ], [ 120.751927999972608, 12.83945606019741 ], [ 120.751788648930273, 12.839598226531823 ], [ 120.751660813062941, 12.839742245814543 ], [ 120.751600934311611, 12.839801288989054 ], [ 120.751559299143054, 12.839860091229076 ], [ 120.751487348980859, 12.839901934230241 ], [ 120.751421957434474, 12.839959558458359 ], [ 120.751342215047003, 12.840017701231831 ], [ 120.751240810012888, 12.84010589360954 ], [ 120.75118945746415, 12.840204430777327 ], [ 120.751154931980111, 12.840254956107222 ], [ 120.751113314493779, 12.8402598013325 ], [ 120.751069048329057, 12.840304219811998 ], [ 120.750970442552827, 12.840415890458537 ], [ 120.750887728336423, 12.840472811852678 ], [ 120.750816077528583, 12.84056109393115 ], [ 120.750731892473752, 12.840654825985082 ], [ 120.750652270346365, 12.840748880580064 ], [ 120.750573683904193, 12.840824002320392 ], [ 120.750465866225952, 12.840944572388867 ], [ 120.750367594318618, 12.841089666416186 ], [ 120.750275921861544, 12.84119015672554 ], [ 120.75022437244786, 12.841262169803709 ], [ 120.750143244839634, 12.84134957013689 ], [ 120.750035779965884, 12.84151779805986 ], [ 120.749963851268774, 12.841603129420829 ], [ 120.749869212266688, 12.841695222771916 ], [ 120.749813389070255, 12.841767231650227 ], [ 120.749762959298721, 12.841858228964671 ], [ 120.749688230943335, 12.841967141763579 ], [ 120.749629783645162, 12.84207029695623 ], [ 120.749568937407261, 12.842182467513981 ], [ 120.749476182699667, 12.842330444364928 ], [ 120.749378169506898, 12.8424620029552 ], [ 120.74932155936915, 12.842583284835566 ], [ 120.749231200704642, 12.84270018328275 ], [ 120.74914775937728, 12.842737947550184 ], [ 120.748973254938051, 12.842751582029944 ], [ 120.748781623245222, 12.84270565834545 ], [ 120.748595336844701, 12.842661537032761 ], [ 120.748469160946897, 12.842650412021849 ], [ 120.748380170508824, 12.842663760142386 ], [ 120.748256634722296, 12.842760300233747 ], [ 120.748197449919573, 12.842960424360305 ], [ 120.748241867689345, 12.843116422778914 ] ] ] ] } }
]
}
